timestamp_s,tag_detected,object_detected,cm_per_px,object_x_px,object_y_px,instant_cm_s,average_cm_s,distance_total_cm,valid,reason
1777335759.564152,False,False,0.00000000,-1,-1,0.000000,0.000000,0.000000,False,Sin AprilTag: medicion congelada
1777335759.689504,False,False,0.00000000,-1,-1,0.000000,0.000000,0.000000,False,Sin AprilTag: medicion congelada
1777335759.738991,False,False,0.00000000,-1,-1,0.000000,0.000000,0.000000,False,Sin AprilTag: medicion congelada
1777335759.800766,False,False,0.00000000,-1,-1,0.000000,0.000000,0.000000,False,Sin AprilTag: medicion congelada
1777335759.856655,False,False,0.00000000,-1,-1,0.000000,0.000000,0.000000,False,Sin AprilTag: medicion congelada
1777335759.907154,False,False,0.00000000,-1,-1,0.000000,0.000000,0.000000,False,Sin AprilTag: medicion congelada
1777335759.957916,False,False,0.00000000,-1,-1,0.000000,0.000000,0.000000,False,Sin AprilTag: medicion congelada
1777335760.023708,False,False,0.00000000,-1,-1,0.000000,0.000000,0.000000,False,Sin AprilTag: medicion congelada
1777335760.090804,False,False,0.00000000,-1,-1,0.000000,0.000000,0.000000,False,Sin AprilTag: medicion congelada
1777335760.156857,False,False,0.00000000,-1,-1,0.000000,0.000000,0.000000,False,Sin AprilTag: medicion congelada
1777335760.225430,False,False,0.00000000,-1,-1,0.000000,0.000000,0.000000,False,Sin AprilTag: medicion congelada
1777335760.291382,False,False,0.00000000,-1,-1,0.000000,0.000000,0.000000,False,Sin AprilTag: medicion congelada
1777335760.373399,False,False,0.00000000,-1,-1,0.000000,0.000000,0.000000,False,Sin AprilTag: medicion congelada
1777335760.423273,False,False,0.00000000,-1,-1,0.000000,0.000000,0.000000,False,Sin AprilTag: medicion congelada
1777335760.585192,False,False,0.00000000,-1,-1,0.000000,0.000000,0.000000,False,Sin AprilTag: medicion congelada
1777335760.635596,False,False,0.00000000,-1,-1,0.000000,0.000000,0.000000,False,Sin AprilTag: medicion congelada
1777335760.685537,False,False,0.00000000,-1,-1,0.000000,0.000000,0.000000,False,Sin AprilTag: medicion congelada
1777335760.737803,False,False,0.00000000,-1,-1,0.000000,0.000000,0.000000,False,Sin AprilTag: medicion congelada
1777335760.790655,False,False,0.00000000,-1,-1,0.000000,0.000000,0.000000,False,Sin AprilTag: medicion congelada
1777335760.862474,False,False,0.00000000,-1,-1,0.000000,0.000000,0.000000,False,Sin AprilTag: medicion congelada
1777335760.927001,False,False,0.00000000,-1,-1,0.000000,0.000000,0.000000,False,Sin AprilTag: medicion congelada
1777335760.978019,False,False,0.00000000,-1,-1,0.000000,0.000000,0.000000,False,Sin AprilTag: medicion congelada
1777335761.031515,False,False,0.00000000,-1,-1,0.000000,0.000000,0.000000,False,Sin AprilTag: medicion congelada
1777335761.080405,False,False,0.00000000,-1,-1,0.000000,0.000000,0.000000,False,Sin AprilTag: medicion congelada
1777335761.134566,False,False,0.00000000,-1,-1,0.000000,0.000000,0.000000,False,Sin AprilTag: medicion congelada
1777335761.183459,False,False,0.00000000,-1,-1,0.000000,0.000000,0.000000,False,Sin AprilTag: medicion congelada
1777335761.216175,False,False,0.00000000,-1,-1,0.000000,0.000000,0.000000,False,Sin AprilTag: medicion congelada
1777335761.266647,False,False,0.00000000,-1,-1,0.000000,0.000000,0.000000,False,Sin AprilTag: medicion congelada
1777335761.317497,False,False,0.00000000,-1,-1,0.000000,0.000000,0.000000,False,Sin AprilTag: medicion congelada
1777335761.378355,False,False,0.00000000,-1,-1,0.000000,0.000000,0.000000,False,Sin AprilTag: medicion congelada
1777335761.443764,False,False,0.00000000,-1,-1,0.000000,0.000000,0.000000,False,Sin AprilTag: medicion congelada
1777335761.494088,False,False,0.00000000,-1,-1,0.000000,0.000000,0.000000,False,Sin AprilTag: medicion congelada
1777335761.528397,False,False,0.00000000,-1,-1,0.000000,0.000000,0.000000,False,Sin AprilTag: medicion congelada
1777335761.562641,False,False,0.00000000,-1,-1,0.000000,0.000000,0.000000,False,Sin AprilTag: medicion congelada
1777335761.597457,False,False,0.00000000,-1,-1,0.000000,0.000000,0.000000,False,Sin AprilTag: medicion congelada
1777335761.648336,False,False,0.00000000,-1,-1,0.000000,0.000000,0.000000,False,Sin AprilTag: medicion congelada
1777335761.715873,False,False,0.00000000,-1,-1,0.000000,0.000000,0.000000,False,Sin AprilTag: medicion congelada
1777335761.783222,False,False,0.00000000,-1,-1,0.000000,0.000000,0.000000,False,Sin AprilTag: medicion congelada
1777335761.848570,False,False,0.00000000,-1,-1,0.000000,0.000000,0.000000,False,Sin AprilTag: medicion congelada
1777335761.915870,False,False,0.00000000,-1,-1,0.000000,0.000000,0.000000,False,Sin AprilTag: medicion congelada
1777335761.982283,False,False,0.00000000,-1,-1,0.000000,0.000000,0.000000,False,Sin AprilTag: medicion congelada
1777335762.049692,False,False,0.00000000,-1,-1,0.000000,0.000000,0.000000,False,Sin AprilTag: medicion congelada
1777335762.116670,False,False,0.00000000,-1,-1,0.000000,0.000000,0.000000,False,Sin AprilTag: medicion congelada
1777335762.197666,False,False,0.00000000,-1,-1,0.000000,0.000000,0.000000,False,Sin AprilTag: medicion congelada
1777335762.264700,False,False,0.00000000,-1,-1,0.000000,0.000000,0.000000,False,Sin AprilTag: medicion congelada
1777335762.345317,False,False,0.00000000,-1,-1,0.000000,0.000000,0.000000,False,Sin AprilTag: medicion congelada
1777335762.395969,False,False,0.00000000,-1,-1,0.000000,0.000000,0.000000,False,Sin AprilTag: medicion congelada
1777335762.444632,False,False,0.00000000,-1,-1,0.000000,0.000000,0.000000,False,Sin AprilTag: medicion congelada
1777335762.494521,False,False,0.00000000,-1,-1,0.000000,0.000000,0.000000,False,Sin AprilTag: medicion congelada
1777335762.544425,False,True,0.00000000,629,430,0.000000,0.000000,0.000000,False,Sin AprilTag: medicion congelada
1777335762.594229,False,True,0.00000000,593,388,0.000000,0.000000,0.000000,False,Sin AprilTag: medicion congelada
1777335762.644298,False,True,0.00000000,567,380,0.000000,0.000000,0.000000,False,Sin AprilTag: medicion congelada
1777335762.694645,False,True,0.00000000,567,380,0.000000,0.000000,0.000000,False,Sin AprilTag: medicion congelada
1777335762.729155,False,True,0.00000000,543,392,0.000000,0.000000,0.000000,False,Sin AprilTag: medicion congelada
1777335762.779049,False,True,0.00000000,543,392,0.000000,0.000000,0.000000,False,Sin AprilTag: medicion congelada
1777335762.829164,False,True,0.00000000,467,412,0.000000,0.000000,0.000000,False,Sin AprilTag: medicion congelada
1777335762.879162,False,True,0.00000000,455,411,0.000000,0.000000,0.000000,False,Sin AprilTag: medicion congelada
1777335762.928772,False,True,0.00000000,455,411,0.000000,0.000000,0.000000,False,Sin AprilTag: medicion congelada
1777335762.978602,False,True,0.00000000,443,410,0.000000,0.000000,0.000000,False,Sin AprilTag: medicion congelada
1777335763.028700,False,True,0.00000000,443,410,0.000000,0.000000,0.000000,False,Sin AprilTag: medicion congelada
1777335763.078455,False,True,0.00000000,433,404,0.000000,0.000000,0.000000,False,Sin AprilTag: medicion congelada
1777335763.128796,False,True,0.00000000,426,402,0.000000,0.000000,0.000000,False,Sin AprilTag: medicion congelada
1777335763.179329,False,True,0.00000000,422,399,0.000000,0.000000,0.000000,False,Sin AprilTag: medicion congelada
1777335763.213429,False,True,0.00000000,422,399,0.000000,0.000000,0.000000,False,Sin AprilTag: medicion congelada
1777335763.263523,False,True,0.00000000,419,396,0.000000,0.000000,0.000000,False,Sin AprilTag: medicion congelada
1777335763.312684,False,True,0.00000000,419,393,0.000000,0.000000,0.000000,False,Sin AprilTag: medicion congelada
1777335763.363029,False,True,0.00000000,419,393,0.000000,0.000000,0.000000,False,Sin AprilTag: medicion congelada
1777335763.412873,False,True,0.00000000,413,387,0.000000,0.000000,0.000000,False,Sin AprilTag: medicion congelada
1777335763.471627,False,True,0.00000000,412,385,0.000000,0.000000,0.000000,False,Sin AprilTag: medicion congelada
1777335763.534753,False,True,0.00000000,414,380,0.000000,0.000000,0.000000,False,Sin AprilTag: medicion congelada
1777335763.584759,False,True,0.00000000,414,380,0.000000,0.000000,0.000000,False,Sin AprilTag: medicion congelada
1777335763.637871,False,True,0.00000000,415,377,0.000000,0.000000,0.000000,False,Sin AprilTag: medicion congelada
1777335763.687944,False,True,0.00000000,415,377,0.000000,0.000000,0.000000,False,Sin AprilTag: medicion congelada
1777335763.738391,False,True,0.00000000,424,383,0.000000,0.000000,0.000000,False,Sin AprilTag: medicion congelada
1777335763.788570,False,True,0.00000000,433,386,0.000000,0.000000,0.000000,False,Sin AprilTag: medicion congelada
1777335763.841267,False,True,0.00000000,446,388,0.000000,0.000000,0.000000,False,Sin AprilTag: medicion congelada
1777335763.891489,False,True,0.00000000,446,388,0.000000,0.000000,0.000000,False,Sin AprilTag: medicion congelada
1777335763.940557,False,True,0.00000000,450,389,0.000000,0.000000,0.000000,False,Sin AprilTag: medicion congelada
1777335763.990542,False,True,0.00000000,450,389,0.000000,0.000000,0.000000,False,Sin AprilTag: medicion congelada
1777335764.024339,False,True,0.00000000,457,385,0.000000,0.000000,0.000000,False,Sin AprilTag: medicion congelada
1777335764.080016,False,True,0.00000000,449,385,0.000000,0.000000,0.000000,False,Sin AprilTag: medicion congelada
1777335764.114645,False,True,0.00000000,449,385,0.000000,0.000000,0.000000,False,Sin AprilTag: medicion congelada
1777335764.415031,False,True,0.00000000,446,385,0.000000,0.000000,0.000000,False,Sin AprilTag: medicion congelada
1777335764.554902,False,True,0.00000000,422,394,0.000000,0.000000,0.000000,False,Sin AprilTag: medicion congelada
1777335764.603964,False,True,0.00000000,404,396,0.000000,0.000000,0.000000,False,Sin AprilTag: medicion congelada
1777335764.653378,False,True,0.00000000,380,400,0.000000,0.000000,0.000000,False,Sin AprilTag: medicion congelada
1777335764.703732,False,True,0.00000000,375,401,0.000000,0.000000,0.000000,False,Sin AprilTag: medicion congelada
1777335764.753945,False,True,0.00000000,360,400,0.000000,0.000000,0.000000,False,Sin AprilTag: medicion congelada
1777335764.788348,False,True,0.00000000,360,400,0.000000,0.000000,0.000000,False,Sin AprilTag: medicion congelada
1777335764.838294,False,True,0.00000000,356,396,0.000000,0.000000,0.000000,False,Sin AprilTag: medicion congelada
1777335764.890862,False,True,0.00000000,356,396,0.000000,0.000000,0.000000,False,Sin AprilTag: medicion congelada
1777335764.941795,False,True,0.00000000,337,397,0.000000,0.000000,0.000000,False,Sin AprilTag: medicion congelada
1777335764.992047,False,True,0.00000000,331,397,0.000000,0.000000,0.000000,False,Sin AprilTag: medicion congelada
1777335765.042088,False,True,0.00000000,327,397,0.000000,0.000000,0.000000,False,Sin AprilTag: medicion congelada
1777335765.092526,False,True,0.00000000,327,397,0.000000,0.000000,0.000000,False,Sin AprilTag: medicion congelada
1777335765.142912,False,True,0.00000000,321,395,0.000000,0.000000,0.000000,False,Sin AprilTag: medicion congelada
1777335765.192186,False,True,0.00000000,321,395,0.000000,0.000000,0.000000,False,Sin AprilTag: medicion congelada
1777335765.242610,False,True,0.00000000,313,391,0.000000,0.000000,0.000000,False,Sin AprilTag: medicion congelada
1777335765.293607,False,True,0.00000000,310,384,0.000000,0.000000,0.000000,False,Sin AprilTag: medicion congelada
1777335765.343723,False,True,0.00000000,310,384,0.000000,0.000000,0.000000,False,Sin AprilTag: medicion congelada
1777335765.393880,False,True,0.00000000,305,380,0.000000,0.000000,0.000000,False,Sin AprilTag: medicion congelada
1777335765.458683,False,True,0.00000000,299,370,0.000000,0.000000,0.000000,False,Sin AprilTag: medicion congelada
1777335765.519933,False,True,0.00000000,296,366,0.000000,0.000000,0.000000,False,Sin AprilTag: medicion congelada
1777335765.569998,False,True,0.00000000,296,366,0.000000,0.000000,0.000000,False,Sin AprilTag: medicion congelada
1777335765.621214,False,True,0.00000000,294,363,0.000000,0.000000,0.000000,False,Sin AprilTag: medicion congelada
1777335765.671346,False,True,0.00000000,294,363,0.000000,0.000000,0.000000,False,Sin AprilTag: medicion congelada
1777335765.735464,False,True,0.00000000,293,359,0.000000,0.000000,0.000000,False,Sin AprilTag: medicion congelada
1777335765.801711,False,True,0.00000000,291,357,0.000000,0.000000,0.000000,False,Sin AprilTag: medicion congelada
1777335765.852823,False,True,0.00000000,291,357,0.000000,0.000000,0.000000,False,Sin AprilTag: medicion congelada
1777335765.918762,False,True,0.00000000,291,357,0.000000,0.000000,0.000000,False,Sin AprilTag: medicion congelada
1777335765.982983,False,True,0.00000000,292,358,0.000000,0.000000,0.000000,False,Sin AprilTag: medicion congelada
1777335766.036908,False,True,0.00000000,301,362,0.000000,0.000000,0.000000,False,Sin AprilTag: medicion congelada
1777335766.086758,False,True,0.00000000,297,362,0.000000,0.000000,0.000000,False,Sin AprilTag: medicion congelada
1777335766.137579,False,True,0.00000000,297,362,0.000000,0.000000,0.000000,False,Sin AprilTag: medicion congelada
1777335766.188295,False,True,0.00000000,297,363,0.000000,0.000000,0.000000,False,Sin AprilTag: medicion congelada
1777335766.254847,False,True,0.00000000,294,363,0.000000,0.000000,0.000000,False,Sin AprilTag: medicion congelada
1777335766.338123,False,True,0.00000000,293,364,0.000000,0.000000,0.000000,False,Sin AprilTag: medicion congelada
1777335766.420831,False,True,0.00000000,298,365,0.000000,0.000000,0.000000,False,Sin AprilTag: medicion congelada
1777335766.502863,False,True,0.00000000,298,365,0.000000,0.000000,0.000000,False,Sin AprilTag: medicion congelada
1777335766.553715,False,True,0.00000000,297,365,0.000000,0.000000,0.000000,False,Sin AprilTag: medicion congelada
1777335766.604551,False,True,0.00000000,298,366,0.000000,0.000000,0.000000,False,Sin AprilTag: medicion congelada
1777335766.656466,False,True,0.00000000,292,366,0.000000,0.000000,0.000000,False,Sin AprilTag: medicion congelada
1777335766.738935,False,True,0.00000000,292,366,0.000000,0.000000,0.000000,False,Sin AprilTag: medicion congelada
1777335766.822104,False,True,0.00000000,298,366,0.000000,0.000000,0.000000,False,Sin AprilTag: medicion congelada
1777335766.888981,False,True,0.00000000,303,365,0.000000,0.000000,0.000000,False,Sin AprilTag: medicion congelada
1777335766.971482,False,True,0.00000000,295,364,0.000000,0.000000,0.000000,False,Sin AprilTag: medicion congelada
1777335767.053175,False,True,0.00000000,303,362,0.000000,0.000000,0.000000,False,Sin AprilTag: medicion congelada
1777335767.137761,False,True,0.00000000,303,362,0.000000,0.000000,0.000000,False,Sin AprilTag: medicion congelada
1777335767.203533,False,True,0.00000000,289,358,0.000000,0.000000,0.000000,False,Sin AprilTag: medicion congelada
1777335767.253066,False,True,0.00000000,289,358,0.000000,0.000000,0.000000,False,Sin AprilTag: medicion congelada
1777335767.319379,False,True,0.00000000,291,358,0.000000,0.000000,0.000000,False,Sin AprilTag: medicion congelada
1777335767.388324,False,True,0.00000000,289,355,0.000000,0.000000,0.000000,False,Sin AprilTag: medicion congelada
1777335767.455472,False,True,0.00000000,292,350,0.000000,0.000000,0.000000,False,Sin AprilTag: medicion congelada
1777335767.537049,False,True,0.00000000,292,350,0.000000,0.000000,0.000000,False,Sin AprilTag: medicion congelada
1777335767.587848,False,True,0.00000000,292,342,0.000000,0.000000,0.000000,False,Sin AprilTag: medicion congelada
1777335767.686528,False,True,0.00000000,289,341,0.000000,0.000000,0.000000,False,Sin AprilTag: medicion congelada
1777335767.752342,False,True,0.00000000,294,342,0.000000,0.000000,0.000000,False,Sin AprilTag: medicion congelada
1777335767.834152,False,True,0.00000000,294,342,0.000000,0.000000,0.000000,False,Sin AprilTag: medicion congelada
1777335767.917336,False,True,0.00000000,296,341,0.000000,0.000000,0.000000,False,Sin AprilTag: medicion congelada
1777335767.983074,False,True,0.00000000,290,340,0.000000,0.000000,0.000000,False,Sin AprilTag: medicion congelada
1777335768.050167,False,True,0.00000000,298,339,0.000000,0.000000,0.000000,False,Sin AprilTag: medicion congelada
1777335768.116624,False,True,0.00000000,296,340,0.000000,0.000000,0.000000,False,Sin AprilTag: medicion congelada
1777335768.201493,False,True,0.00000000,293,341,0.000000,0.000000,0.000000,False,Sin AprilTag: medicion congelada
1777335768.266215,False,True,0.00000000,293,341,0.000000,0.000000,0.000000,False,Sin AprilTag: medicion congelada
1777335768.333732,False,True,0.00000000,294,341,0.000000,0.000000,0.000000,False,Sin AprilTag: medicion congelada
1777335768.430679,False,True,0.00000000,293,344,0.000000,0.000000,0.000000,False,Sin AprilTag: medicion congelada
1777335768.494917,False,True,0.00000000,294,345,0.000000,0.000000,0.000000,False,Sin AprilTag: medicion congelada
1777335768.547287,False,True,0.00000000,295,347,0.000000,0.000000,0.000000,False,Sin AprilTag: medicion congelada
1777335768.581936,False,True,0.00000000,295,347,0.000000,0.000000,0.000000,False,Sin AprilTag: medicion congelada
1777335768.648063,False,True,0.00000000,298,348,0.000000,0.000000,0.000000,False,Sin AprilTag: medicion congelada
1777335768.745903,False,True,0.00000000,295,348,0.000000,0.000000,0.000000,False,Sin AprilTag: medicion congelada
1777335768.813156,False,True,0.00000000,297,349,0.000000,0.000000,0.000000,False,Sin AprilTag: medicion congelada
1777335768.928144,False,True,0.00000000,298,350,0.000000,0.000000,0.000000,False,Sin AprilTag: medicion congelada
1777335768.979569,False,True,0.00000000,298,350,0.000000,0.000000,0.000000,False,Sin AprilTag: medicion congelada
1777335769.045692,False,True,0.00000000,297,348,0.000000,0.000000,0.000000,False,Sin AprilTag: medicion congelada
1777335769.096397,False,True,0.00000000,287,340,0.000000,0.000000,0.000000,False,Sin AprilTag: medicion congelada
1777335769.196265,False,True,0.00000000,274,328,0.000000,0.000000,0.000000,False,Sin AprilTag: medicion congelada
1777335769.311232,False,True,0.00000000,269,324,0.000000,0.000000,0.000000,False,Sin AprilTag: medicion congelada
1777335769.361687,False,True,0.00000000,268,326,0.000000,0.000000,0.000000,False,Sin AprilTag: medicion congelada
1777335769.411756,False,True,0.00000000,286,344,0.000000,0.000000,0.000000,False,Sin AprilTag: medicion congelada
1777335769.478903,False,True,0.00000000,286,344,0.000000,0.000000,0.000000,False,Sin AprilTag: medicion congelada
1777335769.595095,False,True,0.00000000,308,368,0.000000,0.000000,0.000000,False,Sin AprilTag: medicion congelada
1777335769.660225,False,True,0.00000000,377,413,0.000000,0.000000,0.000000,False,Sin AprilTag: medicion congelada
1777335769.711434,False,True,0.00000000,395,420,0.000000,0.000000,0.000000,False,Sin AprilTag: medicion congelada
1777335769.777910,False,True,0.00000000,395,420,0.000000,0.000000,0.000000,False,Sin AprilTag: medicion congelada
1777335769.843203,False,True,0.00000000,526,419,0.000000,0.000000,0.000000,False,Sin AprilTag: medicion congelada
1777335769.910247,False,True,0.00000000,526,419,0.000000,0.000000,0.000000,False,Sin AprilTag: medicion congelada
1777335769.992434,False,False,0.00000000,-1,-1,0.000000,0.000000,0.000000,False,Sin AprilTag: medicion congelada
1777335770.091397,False,False,0.00000000,-1,-1,0.000000,0.000000,0.000000,False,Sin AprilTag: medicion congelada
1777335770.158638,False,False,0.00000000,-1,-1,0.000000,0.000000,0.000000,False,Sin AprilTag: medicion congelada
1777335770.225184,False,False,0.00000000,-1,-1,0.000000,0.000000,0.000000,False,Sin AprilTag: medicion congelada
1777335770.306835,False,False,0.00000000,-1,-1,0.000000,0.000000,0.000000,False,Sin AprilTag: medicion congelada
1777335770.358989,False,False,0.00000000,-1,-1,0.000000,0.000000,0.000000,False,Sin AprilTag: medicion congelada
1777335770.442106,False,False,0.00000000,-1,-1,0.000000,0.000000,0.000000,False,Sin AprilTag: medicion congelada
1777335770.508295,False,False,0.00000000,-1,-1,0.000000,0.000000,0.000000,False,Sin AprilTag: medicion congelada
1777335770.575488,False,False,0.00000000,-1,-1,0.000000,0.000000,0.000000,False,Sin AprilTag: medicion congelada
1777335770.658618,False,False,0.00000000,-1,-1,0.000000,0.000000,0.000000,False,Sin AprilTag: medicion congelada
1777335770.772611,False,False,0.00000000,-1,-1,0.000000,0.000000,0.000000,False,Sin AprilTag: medicion congelada
1777335770.855759,False,False,0.00000000,-1,-1,0.000000,0.000000,0.000000,False,Sin AprilTag: medicion congelada
1777335770.952775,False,False,0.00000000,-1,-1,0.000000,0.000000,0.000000,False,Sin AprilTag: medicion congelada
1777335771.001098,False,False,0.00000000,-1,-1,0.000000,0.000000,0.000000,False,Sin AprilTag: medicion congelada
1777335771.051650,False,False,0.00000000,-1,-1,0.000000,0.000000,0.000000,False,Sin AprilTag: medicion congelada
1777335771.118225,False,False,0.00000000,-1,-1,0.000000,0.000000,0.000000,False,Sin AprilTag: medicion congelada
1777335771.201643,False,False,0.00000000,-1,-1,0.000000,0.000000,0.000000,False,Sin AprilTag: medicion congelada
1777335771.268152,False,False,0.00000000,-1,-1,0.000000,0.000000,0.000000,False,Sin AprilTag: medicion congelada
1777335771.335672,False,False,0.00000000,-1,-1,0.000000,0.000000,0.000000,False,Sin AprilTag: medicion congelada
1777335771.402207,False,False,0.00000000,-1,-1,0.000000,0.000000,0.000000,False,Sin AprilTag: medicion congelada
1777335771.468230,False,False,0.00000000,-1,-1,0.000000,0.000000,0.000000,False,Sin AprilTag: medicion congelada
1777335771.534652,False,False,0.00000000,-1,-1,0.000000,0.000000,0.000000,False,Sin AprilTag: medicion congelada
1777335771.601988,False,False,0.00000000,-1,-1,0.000000,0.000000,0.000000,False,Sin AprilTag: medicion congelada
1777335771.685229,False,False,0.00000000,-1,-1,0.000000,0.000000,0.000000,False,Sin AprilTag: medicion congelada
1777335771.767820,False,False,0.00000000,-1,-1,0.000000,0.000000,0.000000,False,Sin AprilTag: medicion congelada
1777335771.834177,False,False,0.00000000,-1,-1,0.000000,0.000000,0.000000,False,Sin AprilTag: medicion congelada
1777335771.901058,False,False,0.00000000,-1,-1,0.000000,0.000000,0.000000,False,Sin AprilTag: medicion congelada
1777335771.967026,False,False,0.00000000,-1,-1,0.000000,0.000000,0.000000,False,Sin AprilTag: medicion congelada
1777335772.064807,False,False,0.00000000,-1,-1,0.000000,0.000000,0.000000,False,Sin AprilTag: medicion congelada
1777335772.131602,False,False,0.00000000,-1,-1,0.000000,0.000000,0.000000,False,Sin AprilTag: medicion congelada
1777335772.214156,False,False,0.00000000,-1,-1,0.000000,0.000000,0.000000,False,Sin AprilTag: medicion congelada
1777335772.295297,False,False,0.00000000,-1,-1,0.000000,0.000000,0.000000,False,Sin AprilTag: medicion congelada
1777335772.377480,False,False,0.00000000,-1,-1,0.000000,0.000000,0.000000,False,Sin AprilTag: medicion congelada
1777335772.427579,False,False,0.00000000,-1,-1,0.000000,0.000000,0.000000,False,Sin AprilTag: medicion congelada
1777335772.494700,False,True,0.00000000,613,400,0.000000,0.000000,0.000000,False,Sin AprilTag: medicion congelada
1777335772.590420,False,True,0.00000000,578,385,0.000000,0.000000,0.000000,False,Sin AprilTag: medicion congelada
1777335772.639253,False,True,0.00000000,578,385,0.000000,0.000000,0.000000,False,Sin AprilTag: medicion congelada
1777335772.689274,False,True,0.00000000,559,349,0.000000,0.000000,0.000000,False,Sin AprilTag: medicion congelada
1777335772.723423,False,True,0.00000000,520,307,0.000000,0.000000,0.000000,False,Sin AprilTag: medicion congelada
1777335772.773970,False,True,0.00000000,513,298,0.000000,0.000000,0.000000,False,Sin AprilTag: medicion congelada
1777335772.855263,False,True,0.00000000,513,298,0.000000,0.000000,0.000000,False,Sin AprilTag: medicion congelada
1777335772.921857,False,True,0.00000000,506,297,0.000000,0.000000,0.000000,False,Sin AprilTag: medicion congelada
1777335772.988076,False,True,0.00000000,508,292,0.000000,0.000000,0.000000,False,Sin AprilTag: medicion congelada
1777335773.038794,False,True,0.00000000,509,293,0.000000,0.000000,0.000000,False,Sin AprilTag: medicion congelada
1777335773.105422,False,True,0.00000000,509,293,0.000000,0.000000,0.000000,False,Sin AprilTag: medicion congelada
1777335773.172855,False,True,0.00000000,504,290,0.000000,0.000000,0.000000,False,Sin AprilTag: medicion congelada
1777335773.286527,False,True,0.00000000,500,286,0.000000,0.000000,0.000000,False,Sin AprilTag: medicion congelada
1777335773.384362,False,True,0.00000000,499,287,0.000000,0.000000,0.000000,False,Sin AprilTag: medicion congelada
1777335773.446362,False,True,0.00000000,500,288,0.000000,0.000000,0.000000,False,Sin AprilTag: medicion congelada
1777335773.480578,False,True,0.00000000,500,288,0.000000,0.000000,0.000000,False,Sin AprilTag: medicion congelada
1777335773.531449,False,True,0.00000000,509,290,0.000000,0.000000,0.000000,False,Sin AprilTag: medicion congelada
1777335773.583071,False,True,0.00000000,500,293,0.000000,0.000000,0.000000,False,Sin AprilTag: medicion congelada
1777335773.650572,False,True,0.00000000,497,300,0.000000,0.000000,0.000000,False,Sin AprilTag: medicion congelada
1777335773.733927,False,True,0.00000000,483,314,0.000000,0.000000,0.000000,False,Sin AprilTag: medicion congelada
1777335773.816869,False,True,0.00000000,483,314,0.000000,0.000000,0.000000,False,Sin AprilTag: medicion congelada
1777335773.899336,False,True,0.00000000,475,323,0.000000,0.000000,0.000000,False,Sin AprilTag: medicion congelada
1777335773.982956,False,True,0.00000000,467,333,0.000000,0.000000,0.000000,False,Sin AprilTag: medicion congelada
1777335774.065680,False,True,0.00000000,462,335,0.000000,0.000000,0.000000,False,Sin AprilTag: medicion congelada
1777335774.147691,False,True,0.00000000,455,332,0.000000,0.000000,0.000000,False,Sin AprilTag: medicion congelada
1777335774.213461,False,True,0.00000000,463,331,0.000000,0.000000,0.000000,False,Sin AprilTag: medicion congelada
1777335774.279242,False,True,0.00000000,459,332,0.000000,0.000000,0.000000,False,Sin AprilTag: medicion congelada
1777335774.345679,False,True,0.00000000,454,329,0.000000,0.000000,0.000000,False,Sin AprilTag: medicion congelada
1777335774.394839,False,True,0.00000000,454,329,0.000000,0.000000,0.000000,False,Sin AprilTag: medicion congelada
1777335774.460207,False,True,0.00000000,454,330,0.000000,0.000000,0.000000,False,Sin AprilTag: medicion congelada
1777335774.543170,False,True,0.00000000,454,327,0.000000,0.000000,0.000000,False,Sin AprilTag: medicion congelada
1777335774.625453,False,True,0.00000000,454,327,0.000000,0.000000,0.000000,False,Sin AprilTag: medicion congelada
1777335774.725471,False,True,0.00000000,455,328,0.000000,0.000000,0.000000,False,Sin AprilTag: medicion congelada
1777335774.840525,False,True,0.00000000,459,328,0.000000,0.000000,0.000000,False,Sin AprilTag: medicion congelada
1777335774.922511,False,True,0.00000000,459,328,0.000000,0.000000,0.000000,False,Sin AprilTag: medicion congelada
1777335774.972286,False,True,0.00000000,471,324,0.000000,0.000000,0.000000,False,Sin AprilTag: medicion congelada
1777335775.022694,False,True,0.00000000,466,327,0.000000,0.000000,0.000000,False,Sin AprilTag: medicion congelada
1777335775.123260,False,True,0.00000000,469,328,0.000000,0.000000,0.000000,False,Sin AprilTag: medicion congelada
1777335775.190230,False,True,0.00000000,475,332,0.000000,0.000000,0.000000,False,Sin AprilTag: medicion congelada
1777335775.257180,False,True,0.00000000,475,332,0.000000,0.000000,0.000000,False,Sin AprilTag: medicion congelada
1777335775.340067,False,True,0.00000000,482,335,0.000000,0.000000,0.000000,False,Sin AprilTag: medicion congelada
1777335775.421896,False,True,0.00000000,510,344,0.000000,0.000000,0.000000,False,Sin AprilTag: medicion congelada
1777335775.486965,False,True,0.00000000,535,351,0.000000,0.000000,0.000000,False,Sin AprilTag: medicion congelada
1777335775.570677,False,True,0.00000000,582,389,0.000000,0.000000,0.000000,False,Sin AprilTag: medicion congelada
1777335775.668023,False,False,0.00000000,-1,-1,0.000000,0.000000,0.000000,False,Sin AprilTag: medicion congelada
1777335775.783962,False,False,0.00000000,-1,-1,0.000000,0.000000,0.000000,False,Sin AprilTag: medicion congelada
1777335775.867131,False,False,0.00000000,-1,-1,0.000000,0.000000,0.000000,False,Sin AprilTag: medicion congelada
1777335775.932400,False,False,0.00000000,-1,-1,0.000000,0.000000,0.000000,False,Sin AprilTag: medicion congelada
1777335775.983143,False,False,0.00000000,-1,-1,0.000000,0.000000,0.000000,False,Sin AprilTag: medicion congelada
1777335776.099133,False,False,0.00000000,-1,-1,0.000000,0.000000,0.000000,False,Sin AprilTag: medicion congelada
1777335776.166975,False,False,0.00000000,-1,-1,0.000000,0.000000,0.000000,False,Sin AprilTag: medicion congelada
1777335776.249061,False,False,0.00000000,-1,-1,0.000000,0.000000,0.000000,False,Sin AprilTag: medicion congelada
1777335776.344557,False,False,0.00000000,-1,-1,0.000000,0.000000,0.000000,False,Sin AprilTag: medicion congelada
1777335776.394239,False,False,0.00000000,-1,-1,0.000000,0.000000,0.000000,False,Sin AprilTag: medicion congelada
1777335776.443321,False,False,0.00000000,-1,-1,0.000000,0.000000,0.000000,False,Sin AprilTag: medicion congelada
1777335776.493080,False,False,0.00000000,-1,-1,0.000000,0.000000,0.000000,False,Sin AprilTag: medicion congelada
1777335776.548796,False,False,0.00000000,-1,-1,0.000000,0.000000,0.000000,False,Sin AprilTag: medicion congelada
1777335776.599592,False,False,0.00000000,-1,-1,0.000000,0.000000,0.000000,False,Sin AprilTag: medicion congelada
1777335776.666559,False,False,0.00000000,-1,-1,0.000000,0.000000,0.000000,False,Sin AprilTag: medicion congelada
1777335776.763082,False,False,0.00000000,-1,-1,0.000000,0.000000,0.000000,False,Sin AprilTag: medicion congelada
1777335776.862475,False,False,0.00000000,-1,-1,0.000000,0.000000,0.000000,False,Sin AprilTag: medicion congelada
1777335776.961294,False,False,0.00000000,-1,-1,0.000000,0.000000,0.000000,False,Sin AprilTag: medicion congelada
1777335777.043750,False,False,0.00000000,-1,-1,0.000000,0.000000,0.000000,False,Sin AprilTag: medicion congelada
1777335777.110881,False,False,0.00000000,-1,-1,0.000000,0.000000,0.000000,False,Sin AprilTag: medicion congelada
1777335777.178178,False,False,0.00000000,-1,-1,0.000000,0.000000,0.000000,False,Sin AprilTag: medicion congelada
1777335777.245453,False,False,0.00000000,-1,-1,0.000000,0.000000,0.000000,False,Sin AprilTag: medicion congelada
1777335777.328944,False,False,0.00000000,-1,-1,0.000000,0.000000,0.000000,False,Sin AprilTag: medicion congelada
1777335777.411235,False,False,0.00000000,-1,-1,0.000000,0.000000,0.000000,False,Sin AprilTag: medicion congelada
1777335777.493380,False,False,0.00000000,-1,-1,0.000000,0.000000,0.000000,False,Sin AprilTag: medicion congelada
1777335777.574437,False,False,0.00000000,-1,-1,0.000000,0.000000,0.000000,False,Sin AprilTag: medicion congelada
1777335777.641796,False,False,0.00000000,-1,-1,0.000000,0.000000,0.000000,False,Sin AprilTag: medicion congelada
1777335777.723812,False,False,0.00000000,-1,-1,0.000000,0.000000,0.000000,False,Sin AprilTag: medicion congelada
1777335777.807124,False,False,0.00000000,-1,-1,0.000000,0.000000,0.000000,False,Sin AprilTag: medicion congelada
1777335777.890428,False,False,0.00000000,-1,-1,0.000000,0.000000,0.000000,False,Sin AprilTag: medicion congelada
1777335777.957191,False,False,0.00000000,-1,-1,0.000000,0.000000,0.000000,False,Sin AprilTag: medicion congelada
1777335778.054747,False,False,0.00000000,-1,-1,0.000000,0.000000,0.000000,False,Sin AprilTag: medicion congelada
1777335778.104602,False,False,0.00000000,-1,-1,0.000000,0.000000,0.000000,False,Sin AprilTag: medicion congelada
1777335778.154909,False,False,0.00000000,-1,-1,0.000000,0.000000,0.000000,False,Sin AprilTag: medicion congelada
1777335778.253601,False,False,0.00000000,-1,-1,0.000000,0.000000,0.000000,False,Sin AprilTag: medicion congelada
1777335778.352357,False,False,0.00000000,-1,-1,0.000000,0.000000,0.000000,False,Sin AprilTag: medicion congelada
1777335778.416628,False,False,0.00000000,-1,-1,0.000000,0.000000,0.000000,False,Sin AprilTag: medicion congelada
1777335778.467505,False,False,0.00000000,-1,-1,0.000000,0.000000,0.000000,False,Sin AprilTag: medicion congelada
1777335778.517842,False,False,0.00000000,-1,-1,0.000000,0.000000,0.000000,False,Sin AprilTag: medicion congelada
1777335778.568542,False,False,0.00000000,-1,-1,0.000000,0.000000,0.000000,False,Sin AprilTag: medicion congelada
1777335778.618764,False,False,0.00000000,-1,-1,0.000000,0.000000,0.000000,False,Sin AprilTag: medicion congelada
1777335778.684961,False,False,0.00000000,-1,-1,0.000000,0.000000,0.000000,False,Sin AprilTag: medicion congelada
1777335778.766778,False,False,0.00000000,-1,-1,0.000000,0.000000,0.000000,False,Sin AprilTag: medicion congelada
1777335778.817634,False,False,0.00000000,-1,-1,0.000000,0.000000,0.000000,False,Sin AprilTag: medicion congelada
1777335778.867619,False,False,0.00000000,-1,-1,0.000000,0.000000,0.000000,False,Sin AprilTag: medicion congelada
1777335778.918094,False,False,0.00000000,-1,-1,0.000000,0.000000,0.000000,False,Sin AprilTag: medicion congelada
1777335778.984553,False,False,0.00000000,-1,-1,0.000000,0.000000,0.000000,False,Sin AprilTag: medicion congelada
1777335779.050653,False,False,0.00000000,-1,-1,0.000000,0.000000,0.000000,False,Sin AprilTag: medicion congelada
1777335779.100898,False,False,0.00000000,-1,-1,0.000000,0.000000,0.000000,False,Sin AprilTag: medicion congelada
1777335779.150938,True,False,0.21615515,-1,-1,0.000000,0.000000,0.000000,False,Sin objeto: medicion congelada
1777335779.200644,True,False,0.21615515,-1,-1,0.000000,0.000000,0.000000,False,Sin objeto: medicion congelada
1777335779.250884,False,False,0.00000000,-1,-1,0.000000,0.000000,0.000000,False,Sin AprilTag: medicion congelada
1777335779.312538,False,False,0.00000000,-1,-1,0.000000,0.000000,0.000000,False,Sin AprilTag: medicion congelada
1777335779.362065,False,False,0.00000000,-1,-1,0.000000,0.000000,0.000000,False,Sin AprilTag: medicion congelada
1777335779.412079,False,False,0.00000000,-1,-1,0.000000,0.000000,0.000000,False,Sin AprilTag: medicion congelada
1777335779.446266,False,False,0.00000000,-1,-1,0.000000,0.000000,0.000000,False,Sin AprilTag: medicion congelada
1777335779.480933,False,False,0.00000000,-1,-1,0.000000,0.000000,0.000000,False,Sin AprilTag: medicion congelada
1777335779.515274,False,False,0.00000000,-1,-1,0.000000,0.000000,0.000000,False,Sin AprilTag: medicion congelada
1777335779.549814,False,False,0.00000000,-1,-1,0.000000,0.000000,0.000000,False,Sin AprilTag: medicion congelada
1777335779.583895,False,False,0.00000000,-1,-1,0.000000,0.000000,0.000000,False,Sin AprilTag: medicion congelada
1777335779.635266,False,False,0.00000000,-1,-1,0.000000,0.000000,0.000000,False,Sin AprilTag: medicion congelada
1777335779.669295,False,False,0.00000000,-1,-1,0.000000,0.000000,0.000000,False,Sin AprilTag: medicion congelada
1777335779.719931,False,False,0.00000000,-1,-1,0.000000,0.000000,0.000000,False,Sin AprilTag: medicion congelada
1777335779.754928,False,False,0.00000000,-1,-1,0.000000,0.000000,0.000000,False,Sin AprilTag: medicion congelada
1777335779.804889,False,False,0.00000000,-1,-1,0.000000,0.000000,0.000000,False,Sin AprilTag: medicion congelada
1777335779.855118,False,False,0.00000000,-1,-1,0.000000,0.000000,0.000000,False,Sin AprilTag: medicion congelada
1777335779.889265,False,False,0.00000000,-1,-1,0.000000,0.000000,0.000000,False,Sin AprilTag: medicion congelada
1777335779.939467,False,False,0.00000000,-1,-1,0.000000,0.000000,0.000000,False,Sin AprilTag: medicion congelada
1777335779.973870,False,False,0.00000000,-1,-1,0.000000,0.000000,0.000000,False,Sin AprilTag: medicion congelada
1777335780.023515,False,False,0.00000000,-1,-1,0.000000,0.000000,0.000000,False,Sin AprilTag: medicion congelada
1777335780.089533,False,False,0.00000000,-1,-1,0.000000,0.000000,0.000000,False,Sin AprilTag: medicion congelada
1777335780.139627,False,False,0.00000000,-1,-1,0.000000,0.000000,0.000000,False,Sin AprilTag: medicion congelada
1777335780.189628,False,False,0.00000000,-1,-1,0.000000,0.000000,0.000000,False,Sin AprilTag: medicion congelada
1777335780.239012,False,False,0.00000000,-1,-1,0.000000,0.000000,0.000000,False,Sin AprilTag: medicion congelada
1777335780.312724,False,False,0.00000000,-1,-1,0.000000,0.000000,0.000000,False,Sin AprilTag: medicion congelada
1777335780.363116,False,False,0.00000000,-1,-1,0.000000,0.000000,0.000000,False,Sin AprilTag: medicion congelada
1777335780.413149,False,False,0.00000000,-1,-1,0.000000,0.000000,0.000000,False,Sin AprilTag: medicion congelada
1777335780.447712,False,False,0.00000000,-1,-1,0.000000,0.000000,0.000000,False,Sin AprilTag: medicion congelada
1777335780.498316,False,False,0.00000000,-1,-1,0.000000,0.000000,0.000000,False,Sin AprilTag: medicion congelada
1777335780.532158,False,False,0.00000000,-1,-1,0.000000,0.000000,0.000000,False,Sin AprilTag: medicion congelada
1777335780.582251,False,False,0.00000000,-1,-1,0.000000,0.000000,0.000000,False,Sin AprilTag: medicion congelada
1777335780.631989,False,False,0.00000000,-1,-1,0.000000,0.000000,0.000000,False,Sin AprilTag: medicion congelada
1777335780.682127,False,False,0.00000000,-1,-1,0.000000,0.000000,0.000000,False,Sin AprilTag: medicion congelada
1777335780.731812,False,False,0.00000000,-1,-1,0.000000,0.000000,0.000000,False,Sin AprilTag: medicion congelada
1777335780.782056,False,False,0.00000000,-1,-1,0.000000,0.000000,0.000000,False,Sin AprilTag: medicion congelada
1777335780.848296,True,False,0.34220726,-1,-1,0.000000,0.000000,0.000000,False,Sin objeto: medicion congelada
1777335780.897501,True,False,0.33782050,-1,-1,0.000000,0.000000,0.000000,False,Sin objeto: medicion congelada
1777335780.947670,True,False,0.33680123,-1,-1,0.000000,0.000000,0.000000,False,Sin objeto: medicion congelada
1777335780.982126,True,False,0.33624836,-1,-1,0.000000,0.000000,0.000000,False,Sin objeto: medicion congelada
1777335781.031982,True,False,0.33310169,-1,-1,0.000000,0.000000,0.000000,False,Sin objeto: medicion congelada
1777335781.098284,True,False,0.32851130,-1,-1,0.000000,0.000000,0.000000,False,Sin objeto: medicion congelada
1777335781.132510,True,False,0.32851130,-1,-1,0.000000,0.000000,0.000000,False,Sin objeto: medicion congelada
1777335781.167236,True,False,0.32613439,-1,-1,0.000000,0.000000,0.000000,False,Sin objeto: medicion congelada
1777335781.217607,True,False,0.32323820,-1,-1,0.000000,0.000000,0.000000,False,Sin objeto: medicion congelada
1777335781.267661,True,False,0.32102679,-1,-1,0.000000,0.000000,0.000000,False,Sin objeto: medicion congelada
1777335781.318807,True,False,0.31894443,-1,-1,0.000000,0.000000,0.000000,False,Sin objeto: medicion congelada
1777335781.369500,True,False,0.31711928,-1,-1,0.000000,0.000000,0.000000,False,Sin objeto: medicion congelada
1777335781.402677,True,False,0.31299878,-1,-1,0.000000,0.000000,0.000000,False,Sin objeto: medicion congelada
1777335781.437611,True,False,0.31079233,-1,-1,0.000000,0.000000,0.000000,False,Sin objeto: medicion congelada
1777335781.488394,True,False,0.30876087,-1,-1,0.000000,0.000000,0.000000,False,Sin objeto: medicion congelada
1777335781.580833,True,False,0.30714414,-1,-1,0.000000,0.000000,0.000000,False,Sin objeto: medicion congelada
1777335781.630986,True,False,0.30031761,-1,-1,0.000000,0.000000,0.000000,False,Sin objeto: medicion congelada
1777335781.682244,True,False,0.29824895,-1,-1,0.000000,0.000000,0.000000,False,Sin objeto: medicion congelada
1777335781.716576,True,False,0.29680307,-1,-1,0.000000,0.000000,0.000000,False,Sin objeto: medicion congelada
1777335781.751538,True,False,0.29680307,-1,-1,0.000000,0.000000,0.000000,False,Sin objeto: medicion congelada
1777335781.785837,True,False,0.29603000,-1,-1,0.000000,0.000000,0.000000,False,Sin objeto: medicion congelada
1777335781.820542,True,False,0.29588151,-1,-1,0.000000,0.000000,0.000000,False,Sin objeto: medicion congelada
1777335781.854775,True,False,0.29622288,-1,-1,0.000000,0.000000,0.000000,False,Sin objeto: medicion congelada
1777335781.904513,True,False,0.29684099,-1,-1,0.000000,0.000000,0.000000,False,Sin objeto: medicion congelada
1777335781.939176,True,False,0.29729460,-1,-1,0.000000,0.000000,0.000000,False,Sin objeto: medicion congelada
1777335781.974212,True,False,0.29683669,-1,-1,0.000000,0.000000,0.000000,False,Sin objeto: medicion congelada
1777335782.025225,True,False,0.29664367,-1,-1,0.000000,0.000000,0.000000,False,Sin objeto: medicion congelada
1777335782.076137,True,False,0.30184496,-1,-1,0.000000,0.000000,0.000000,False,Sin objeto: medicion congelada
1777335782.126621,True,False,0.31018766,-1,-1,0.000000,0.000000,0.000000,False,Sin objeto: medicion congelada
1777335782.176634,True,False,0.31464781,-1,-1,0.000000,0.000000,0.000000,False,Sin objeto: medicion congelada
1777335782.211238,False,False,0.00000000,-1,-1,0.000000,0.000000,0.000000,False,Sin AprilTag: medicion congelada
1777335782.260744,False,False,0.00000000,-1,-1,0.000000,0.000000,0.000000,False,Sin AprilTag: medicion congelada
1777335782.310147,False,False,0.00000000,-1,-1,0.000000,0.000000,0.000000,False,Sin AprilTag: medicion congelada
1777335782.344613,False,False,0.00000000,-1,-1,0.000000,0.000000,0.000000,False,Sin AprilTag: medicion congelada
1777335782.393611,False,False,0.00000000,-1,-1,0.000000,0.000000,0.000000,False,Sin AprilTag: medicion congelada
1777335782.444535,False,False,0.00000000,-1,-1,0.000000,0.000000,0.000000,False,Sin AprilTag: medicion congelada
1777335782.495135,False,False,0.00000000,-1,-1,0.000000,0.000000,0.000000,False,Sin AprilTag: medicion congelada
1777335782.545953,False,False,0.00000000,-1,-1,0.000000,0.000000,0.000000,False,Sin AprilTag: medicion congelada
1777335782.595684,False,False,0.00000000,-1,-1,0.000000,0.000000,0.000000,False,Sin AprilTag: medicion congelada
1777335782.646625,False,False,0.00000000,-1,-1,0.000000,0.000000,0.000000,False,Sin AprilTag: medicion congelada
1777335782.728236,False,False,0.00000000,-1,-1,0.000000,0.000000,0.000000,False,Sin AprilTag: medicion congelada
1777335782.783622,False,False,0.00000000,-1,-1,0.000000,0.000000,0.000000,False,Sin AprilTag: medicion congelada
1777335782.818581,False,False,0.00000000,-1,-1,0.000000,0.000000,0.000000,False,Sin AprilTag: medicion congelada
1777335782.853158,False,False,0.00000000,-1,-1,0.000000,0.000000,0.000000,False,Sin AprilTag: medicion congelada
1777335782.888129,False,False,0.00000000,-1,-1,0.000000,0.000000,0.000000,False,Sin AprilTag: medicion congelada
1777335782.954949,False,False,0.00000000,-1,-1,0.000000,0.000000,0.000000,False,Sin AprilTag: medicion congelada
1777335783.038741,False,False,0.00000000,-1,-1,0.000000,0.000000,0.000000,False,Sin AprilTag: medicion congelada
1777335783.103651,False,False,0.00000000,-1,-1,0.000000,0.000000,0.000000,False,Sin AprilTag: medicion congelada
1777335783.169850,False,False,0.00000000,-1,-1,0.000000,0.000000,0.000000,False,Sin AprilTag: medicion congelada
1777335783.253092,False,False,0.00000000,-1,-1,0.000000,0.000000,0.000000,False,Sin AprilTag: medicion congelada
1777335783.318408,False,False,0.00000000,-1,-1,0.000000,0.000000,0.000000,False,Sin AprilTag: medicion congelada
1777335783.366850,False,False,0.00000000,-1,-1,0.000000,0.000000,0.000000,False,Sin AprilTag: medicion congelada
1777335783.417471,False,False,0.00000000,-1,-1,0.000000,0.000000,0.000000,False,Sin AprilTag: medicion congelada
1777335783.502017,False,False,0.00000000,-1,-1,0.000000,0.000000,0.000000,False,Sin AprilTag: medicion congelada
1777335783.585486,False,False,0.00000000,-1,-1,0.000000,0.000000,0.000000,False,Sin AprilTag: medicion congelada
1777335783.651330,False,False,0.00000000,-1,-1,0.000000,0.000000,0.000000,False,Sin AprilTag: medicion congelada
1777335783.734683,False,False,0.00000000,-1,-1,0.000000,0.000000,0.000000,False,Sin AprilTag: medicion congelada
1777335783.817054,False,False,0.00000000,-1,-1,0.000000,0.000000,0.000000,False,Sin AprilTag: medicion congelada
1777335783.900323,False,False,0.00000000,-1,-1,0.000000,0.000000,0.000000,False,Sin AprilTag: medicion congelada
1777335783.982898,False,False,0.00000000,-1,-1,0.000000,0.000000,0.000000,False,Sin AprilTag: medicion congelada
1777335784.066241,False,False,0.00000000,-1,-1,0.000000,0.000000,0.000000,False,Sin AprilTag: medicion congelada
1777335784.148990,False,False,0.00000000,-1,-1,0.000000,0.000000,0.000000,False,Sin AprilTag: medicion congelada
1777335784.230579,False,False,0.00000000,-1,-1,0.000000,0.000000,0.000000,False,Sin AprilTag: medicion congelada
1777335784.281101,False,False,0.00000000,-1,-1,0.000000,0.000000,0.000000,False,Sin AprilTag: medicion congelada
1777335784.347350,False,False,0.00000000,-1,-1,0.000000,0.000000,0.000000,False,Sin AprilTag: medicion congelada
1777335784.413782,False,False,0.00000000,-1,-1,0.000000,0.000000,0.000000,False,Sin AprilTag: medicion congelada
1777335784.479993,False,False,0.00000000,-1,-1,0.000000,0.000000,0.000000,False,Sin AprilTag: medicion congelada
1777335784.546886,False,False,0.00000000,-1,-1,0.000000,0.000000,0.000000,False,Sin AprilTag: medicion congelada
1777335784.613378,False,False,0.00000000,-1,-1,0.000000,0.000000,0.000000,False,Sin AprilTag: medicion congelada
1777335784.696687,False,False,0.00000000,-1,-1,0.000000,0.000000,0.000000,False,Sin AprilTag: medicion congelada
1777335784.763207,False,False,0.00000000,-1,-1,0.000000,0.000000,0.000000,False,Sin AprilTag: medicion congelada
1777335784.829643,False,False,0.00000000,-1,-1,0.000000,0.000000,0.000000,False,Sin AprilTag: medicion congelada
1777335784.896915,False,False,0.00000000,-1,-1,0.000000,0.000000,0.000000,False,Sin AprilTag: medicion congelada
1777335784.963361,False,False,0.00000000,-1,-1,0.000000,0.000000,0.000000,False,Sin AprilTag: medicion congelada
1777335785.047169,False,False,0.00000000,-1,-1,0.000000,0.000000,0.000000,False,Sin AprilTag: medicion congelada
1777335785.129351,False,False,0.00000000,-1,-1,0.000000,0.000000,0.000000,False,Sin AprilTag: medicion congelada
1777335785.195939,False,False,0.00000000,-1,-1,0.000000,0.000000,0.000000,False,Sin AprilTag: medicion congelada
1777335785.287041,False,False,0.00000000,-1,-1,0.000000,0.000000,0.000000,False,Sin AprilTag: medicion congelada
1777335785.370112,False,False,0.00000000,-1,-1,0.000000,0.000000,0.000000,False,Sin AprilTag: medicion congelada
1777335785.436667,False,False,0.00000000,-1,-1,0.000000,0.000000,0.000000,False,Sin AprilTag: medicion congelada
1777335785.502854,False,False,0.00000000,-1,-1,0.000000,0.000000,0.000000,False,Sin AprilTag: medicion congelada
1777335785.602345,False,False,0.00000000,-1,-1,0.000000,0.000000,0.000000,False,Sin AprilTag: medicion congelada
1777335785.668605,False,False,0.00000000,-1,-1,0.000000,0.000000,0.000000,False,Sin AprilTag: medicion congelada
1777335785.751618,False,False,0.00000000,-1,-1,0.000000,0.000000,0.000000,False,Sin AprilTag: medicion congelada
1777335785.815791,False,False,0.00000000,-1,-1,0.000000,0.000000,0.000000,False,Sin AprilTag: medicion congelada
1777335785.850014,False,False,0.00000000,-1,-1,0.000000,0.000000,0.000000,False,Sin AprilTag: medicion congelada
1777335785.901564,False,False,0.00000000,-1,-1,0.000000,0.000000,0.000000,False,Sin AprilTag: medicion congelada
1777335785.969054,False,False,0.00000000,-1,-1,0.000000,0.000000,0.000000,False,Sin AprilTag: medicion congelada
1777335786.035099,False,False,0.00000000,-1,-1,0.000000,0.000000,0.000000,False,Sin AprilTag: medicion congelada
1777335786.102834,False,False,0.00000000,-1,-1,0.000000,0.000000,0.000000,False,Sin AprilTag: medicion congelada
1777335786.169594,False,False,0.00000000,-1,-1,0.000000,0.000000,0.000000,False,Sin AprilTag: medicion congelada
1777335786.236889,False,False,0.00000000,-1,-1,0.000000,0.000000,0.000000,False,Sin AprilTag: medicion congelada
1777335786.304191,False,False,0.00000000,-1,-1,0.000000,0.000000,0.000000,False,Sin AprilTag: medicion congelada
1777335786.371248,False,False,0.00000000,-1,-1,0.000000,0.000000,0.000000,False,Sin AprilTag: medicion congelada
1777335786.438015,False,False,0.00000000,-1,-1,0.000000,0.000000,0.000000,False,Sin AprilTag: medicion congelada
1777335786.504584,False,False,0.00000000,-1,-1,0.000000,0.000000,0.000000,False,Sin AprilTag: medicion congelada
1777335786.570234,False,False,0.00000000,-1,-1,0.000000,0.000000,0.000000,False,Sin AprilTag: medicion congelada
1777335786.636765,False,False,0.00000000,-1,-1,0.000000,0.000000,0.000000,False,Sin AprilTag: medicion congelada
1777335786.703737,False,False,0.00000000,-1,-1,0.000000,0.000000,0.000000,False,Sin AprilTag: medicion congelada
1777335786.770398,False,False,0.00000000,-1,-1,0.000000,0.000000,0.000000,False,Sin AprilTag: medicion congelada
1777335786.836310,False,False,0.00000000,-1,-1,0.000000,0.000000,0.000000,False,Sin AprilTag: medicion congelada
1777335786.904320,False,False,0.00000000,-1,-1,0.000000,0.000000,0.000000,False,Sin AprilTag: medicion congelada
1777335786.971617,False,False,0.00000000,-1,-1,0.000000,0.000000,0.000000,False,Sin AprilTag: medicion congelada
1777335787.038945,False,False,0.00000000,-1,-1,0.000000,0.000000,0.000000,False,Sin AprilTag: medicion congelada
1777335787.105532,False,False,0.00000000,-1,-1,0.000000,0.000000,0.000000,False,Sin AprilTag: medicion congelada
1777335787.172472,False,False,0.00000000,-1,-1,0.000000,0.000000,0.000000,False,Sin AprilTag: medicion congelada
1777335787.237324,False,False,0.00000000,-1,-1,0.000000,0.000000,0.000000,False,Sin AprilTag: medicion congelada
1777335787.287742,False,False,0.00000000,-1,-1,0.000000,0.000000,0.000000,False,Sin AprilTag: medicion congelada
1777335787.353809,False,False,0.00000000,-1,-1,0.000000,0.000000,0.000000,False,Sin AprilTag: medicion congelada
1777335787.411566,False,False,0.00000000,-1,-1,0.000000,0.000000,0.000000,False,Sin AprilTag: medicion congelada
1777335787.477893,False,False,0.00000000,-1,-1,0.000000,0.000000,0.000000,False,Sin AprilTag: medicion congelada
1777335787.545113,False,False,0.00000000,-1,-1,0.000000,0.000000,0.000000,False,Sin AprilTag: medicion congelada
1777335787.611119,False,False,0.00000000,-1,-1,0.000000,0.000000,0.000000,False,Sin AprilTag: medicion congelada
1777335787.678243,False,False,0.00000000,-1,-1,0.000000,0.000000,0.000000,False,Sin AprilTag: medicion congelada
1777335787.743479,True,False,0.14677908,-1,-1,0.000000,0.000000,0.000000,False,Sin objeto: medicion congelada
1777335787.794615,True,False,0.14603960,-1,-1,0.000000,0.000000,0.000000,False,Sin objeto: medicion congelada
1777335787.861612,False,False,0.00000000,-1,-1,0.000000,0.000000,0.000000,False,Sin AprilTag: medicion congelada
1777335787.928183,False,False,0.00000000,-1,-1,0.000000,0.000000,0.000000,False,Sin AprilTag: medicion congelada
1777335787.994730,False,False,0.00000000,-1,-1,0.000000,0.000000,0.000000,False,Sin AprilTag: medicion congelada
1777335788.076422,False,False,0.00000000,-1,-1,0.000000,0.000000,0.000000,False,Sin AprilTag: medicion congelada
1777335788.141969,False,False,0.00000000,-1,-1,0.000000,0.000000,0.000000,False,Sin AprilTag: medicion congelada
1777335788.192064,True,False,0.14255142,-1,-1,0.000000,0.000000,0.000000,False,Sin objeto: medicion congelada
1777335788.225565,False,False,0.00000000,-1,-1,0.000000,0.000000,0.000000,False,Sin AprilTag: medicion congelada
1777335788.259082,False,False,0.00000000,-1,-1,0.000000,0.000000,0.000000,False,Sin AprilTag: medicion congelada
1777335788.308830,False,False,0.00000000,-1,-1,0.000000,0.000000,0.000000,False,Sin AprilTag: medicion congelada
1777335788.359269,False,False,0.00000000,-1,-1,0.000000,0.000000,0.000000,False,Sin AprilTag: medicion congelada
1777335788.426270,False,False,0.00000000,-1,-1,0.000000,0.000000,0.000000,False,Sin AprilTag: medicion congelada
1777335788.477146,False,False,0.00000000,-1,-1,0.000000,0.000000,0.000000,False,Sin AprilTag: medicion congelada
1777335788.527445,False,False,0.00000000,-1,-1,0.000000,0.000000,0.000000,False,Sin AprilTag: medicion congelada
1777335788.578081,False,False,0.00000000,-1,-1,0.000000,0.000000,0.000000,False,Sin AprilTag: medicion congelada
1777335788.645601,False,False,0.00000000,-1,-1,0.000000,0.000000,0.000000,False,Sin AprilTag: medicion congelada
1777335788.711809,False,False,0.00000000,-1,-1,0.000000,0.000000,0.000000,False,Sin AprilTag: medicion congelada
1777335788.778436,False,False,0.00000000,-1,-1,0.000000,0.000000,0.000000,False,Sin AprilTag: medicion congelada
1777335788.846120,False,False,0.00000000,-1,-1,0.000000,0.000000,0.000000,False,Sin AprilTag: medicion congelada
1777335788.926555,True,False,0.14390553,-1,-1,0.000000,0.000000,0.000000,False,Sin objeto: medicion congelada
1777335788.960118,True,False,0.14391274,-1,-1,0.000000,0.000000,0.000000,False,Sin objeto: medicion congelada
1777335789.010915,True,False,0.14437971,-1,-1,0.000000,0.000000,0.000000,False,Sin objeto: medicion congelada
1777335789.077661,True,False,0.14483803,-1,-1,0.000000,0.000000,0.000000,False,Sin objeto: medicion congelada
1777335789.145409,True,False,0.14546988,-1,-1,0.000000,0.000000,0.000000,False,Sin objeto: medicion congelada
1777335789.210699,True,False,0.14779317,-1,-1,0.000000,0.000000,0.000000,False,Sin objeto: medicion congelada
1777335789.293521,True,False,0.14807486,-1,-1,0.000000,0.000000,0.000000,False,Sin objeto: medicion congelada
1777335789.375717,True,False,0.14825177,-1,-1,0.000000,0.000000,0.000000,False,Sin objeto: medicion congelada
1777335789.458674,True,False,0.14901970,-1,-1,0.000000,0.000000,0.000000,False,Sin objeto: medicion congelada
1777335789.525739,True,False,0.14898685,-1,-1,0.000000,0.000000,0.000000,False,Sin objeto: medicion congelada
1777335789.593787,True,False,0.14891375,-1,-1,0.000000,0.000000,0.000000,False,Sin objeto: medicion congelada
1777335789.660769,False,False,0.00000000,-1,-1,0.000000,0.000000,0.000000,False,Sin AprilTag: medicion congelada
1777335789.727100,True,False,0.14841521,-1,-1,0.000000,0.000000,0.000000,False,Sin objeto: medicion congelada
1777335789.810851,True,False,0.14836315,-1,-1,0.000000,0.000000,0.000000,False,Sin objeto: medicion congelada
1777335789.878259,True,False,0.14832046,-1,-1,0.000000,0.000000,0.000000,False,Sin objeto: medicion congelada
1777335789.944976,True,False,0.14860202,-1,-1,0.000000,0.000000,0.000000,False,Sin objeto: medicion congelada
1777335790.027762,True,False,0.14902136,-1,-1,0.000000,0.000000,0.000000,False,Sin objeto: medicion congelada
1777335790.094866,True,False,0.14938554,-1,-1,0.000000,0.000000,0.000000,False,Sin objeto: medicion congelada
1777335790.161803,True,False,0.15099771,-1,-1,0.000000,0.000000,0.000000,False,Sin objeto: medicion congelada
1777335790.213001,True,False,0.15214209,-1,-1,0.000000,0.000000,0.000000,False,Sin objeto: medicion congelada
1777335790.280263,True,False,0.15380266,-1,-1,0.000000,0.000000,0.000000,False,Sin objeto: medicion congelada
1777335790.347086,True,False,0.15816995,-1,-1,0.000000,0.000000,0.000000,False,Sin objeto: medicion congelada
1777335790.413621,True,False,0.15906049,-1,-1,0.000000,0.000000,0.000000,False,Sin objeto: medicion congelada
1777335790.479217,False,False,0.00000000,-1,-1,0.000000,0.000000,0.000000,False,Sin AprilTag: medicion congelada
1777335790.530403,False,False,0.00000000,-1,-1,0.000000,0.000000,0.000000,False,Sin AprilTag: medicion congelada
1777335790.564817,True,False,0.16190756,-1,-1,0.000000,0.000000,0.000000,False,Sin objeto: medicion congelada
1777335790.598739,False,False,0.00000000,-1,-1,0.000000,0.000000,0.000000,False,Sin AprilTag: medicion congelada
1777335790.632661,False,False,0.00000000,-1,-1,0.000000,0.000000,0.000000,False,Sin AprilTag: medicion congelada
1777335790.682581,False,False,0.00000000,-1,-1,0.000000,0.000000,0.000000,False,Sin AprilTag: medicion congelada
1777335790.733215,False,False,0.00000000,-1,-1,0.000000,0.000000,0.000000,False,Sin AprilTag: medicion congelada
1777335790.800006,False,False,0.00000000,-1,-1,0.000000,0.000000,0.000000,False,Sin AprilTag: medicion congelada
1777335790.866993,False,False,0.00000000,-1,-1,0.000000,0.000000,0.000000,False,Sin AprilTag: medicion congelada
1777335790.933535,False,False,0.00000000,-1,-1,0.000000,0.000000,0.000000,False,Sin AprilTag: medicion congelada
1777335790.999202,False,False,0.00000000,-1,-1,0.000000,0.000000,0.000000,False,Sin AprilTag: medicion congelada
1777335791.066265,False,False,0.00000000,-1,-1,0.000000,0.000000,0.000000,False,Sin AprilTag: medicion congelada
1777335791.131930,False,False,0.00000000,-1,-1,0.000000,0.000000,0.000000,False,Sin AprilTag: medicion congelada
1777335791.198698,False,False,0.00000000,-1,-1,0.000000,0.000000,0.000000,False,Sin AprilTag: medicion congelada
1777335791.265674,False,False,0.00000000,-1,-1,0.000000,0.000000,0.000000,False,Sin AprilTag: medicion congelada
1777335791.332040,True,False,0.16187137,-1,-1,0.000000,0.000000,0.000000,False,Sin objeto: medicion congelada
1777335791.399692,False,False,0.00000000,-1,-1,0.000000,0.000000,0.000000,False,Sin AprilTag: medicion congelada
1777335791.467874,False,False,0.00000000,-1,-1,0.000000,0.000000,0.000000,False,Sin AprilTag: medicion congelada
1777335791.533930,False,False,0.00000000,-1,-1,0.000000,0.000000,0.000000,False,Sin AprilTag: medicion congelada
1777335791.599388,False,False,0.00000000,-1,-1,0.000000,0.000000,0.000000,False,Sin AprilTag: medicion congelada
1777335791.667199,False,False,0.00000000,-1,-1,0.000000,0.000000,0.000000,False,Sin AprilTag: medicion congelada
1777335791.733931,False,False,0.00000000,-1,-1,0.000000,0.000000,0.000000,False,Sin AprilTag: medicion congelada
1777335791.800423,False,False,0.00000000,-1,-1,0.000000,0.000000,0.000000,False,Sin AprilTag: medicion congelada
1777335791.867274,False,False,0.00000000,-1,-1,0.000000,0.000000,0.000000,False,Sin AprilTag: medicion congelada
1777335791.934192,False,False,0.00000000,-1,-1,0.000000,0.000000,0.000000,False,Sin AprilTag: medicion congelada
1777335792.000242,False,False,0.00000000,-1,-1,0.000000,0.000000,0.000000,False,Sin AprilTag: medicion congelada
1777335792.034464,False,False,0.00000000,-1,-1,0.000000,0.000000,0.000000,False,Sin AprilTag: medicion congelada
1777335792.085904,False,False,0.00000000,-1,-1,0.000000,0.000000,0.000000,False,Sin AprilTag: medicion congelada
1777335792.150856,False,False,0.00000000,-1,-1,0.000000,0.000000,0.000000,False,Sin AprilTag: medicion congelada
1777335792.217768,False,False,0.00000000,-1,-1,0.000000,0.000000,0.000000,False,Sin AprilTag: medicion congelada
1777335792.283508,False,False,0.00000000,-1,-1,0.000000,0.000000,0.000000,False,Sin AprilTag: medicion congelada
1777335792.350900,False,False,0.00000000,-1,-1,0.000000,0.000000,0.000000,False,Sin AprilTag: medicion congelada
1777335792.417869,True,False,0.16424597,-1,-1,0.000000,0.000000,0.000000,False,Sin objeto: medicion congelada
1777335792.484968,True,False,0.16605282,-1,-1,0.000000,0.000000,0.000000,False,Sin objeto: medicion congelada
1777335792.550210,True,False,0.16260379,-1,-1,0.000000,0.000000,0.000000,False,Sin objeto: medicion congelada
1777335792.619806,True,False,0.16230226,-1,-1,0.000000,0.000000,0.000000,False,Sin objeto: medicion congelada
1777335792.685190,True,False,0.16178320,-1,-1,0.000000,0.000000,0.000000,False,Sin objeto: medicion congelada
1777335792.754285,True,False,0.15979252,-1,-1,0.000000,0.000000,0.000000,False,Sin objeto: medicion congelada
1777335792.803505,True,False,0.15950017,-1,-1,0.000000,0.000000,0.000000,False,Sin objeto: medicion congelada
1777335792.852978,True,False,0.15923898,-1,-1,0.000000,0.000000,0.000000,False,Sin objeto: medicion congelada
1777335792.901524,True,False,0.15899784,-1,-1,0.000000,0.000000,0.000000,False,Sin objeto: medicion congelada
1777335792.950565,True,False,0.15886907,-1,-1,0.000000,0.000000,0.000000,False,Sin objeto: medicion congelada
1777335792.998164,True,False,0.15880119,-1,-1,0.000000,0.000000,0.000000,False,Sin objeto: medicion congelada
1777335793.032200,True,False,0.15862796,-1,-1,0.000000,0.000000,0.000000,False,Sin objeto: medicion congelada
1777335793.065855,True,False,0.15881137,-1,-1,0.000000,0.000000,0.000000,False,Sin objeto: medicion congelada
1777335793.100052,True,False,0.15879445,-1,-1,0.000000,0.000000,0.000000,False,Sin objeto: medicion congelada
1777335793.134362,True,False,0.15895521,-1,-1,0.000000,0.000000,0.000000,False,Sin objeto: medicion congelada
1777335793.184548,True,False,0.15888100,-1,-1,0.000000,0.000000,0.000000,False,Sin objeto: medicion congelada
1777335793.219229,True,False,0.15903776,-1,-1,0.000000,0.000000,0.000000,False,Sin objeto: medicion congelada
1777335793.270024,True,False,0.15913777,-1,-1,0.000000,0.000000,0.000000,False,Sin objeto: medicion congelada
1777335793.321586,True,False,0.15923878,-1,-1,0.000000,0.000000,0.000000,False,Sin objeto: medicion congelada
1777335793.372950,True,False,0.15924712,-1,-1,0.000000,0.000000,0.000000,False,Sin objeto: medicion congelada
1777335793.438858,True,False,0.15944219,-1,-1,0.000000,0.000000,0.000000,False,Sin objeto: medicion congelada
1777335793.506596,True,False,0.15942573,-1,-1,0.000000,0.000000,0.000000,False,Sin objeto: medicion congelada
1777335793.571541,True,False,0.15942573,-1,-1,0.000000,0.000000,0.000000,False,Sin objeto: medicion congelada
1777335793.621970,True,False,0.15934730,-1,-1,0.000000,0.000000,0.000000,False,Sin objeto: medicion congelada
1777335793.673425,True,False,0.15928634,-1,-1,0.000000,0.000000,0.000000,False,Sin objeto: medicion congelada
1777335793.740246,True,False,0.15919899,-1,-1,0.000000,0.000000,0.000000,False,Sin objeto: medicion congelada
1777335793.807158,True,False,0.15912534,-1,-1,0.000000,0.000000,0.000000,False,Sin objeto: medicion congelada
1777335793.873419,True,False,0.15888851,-1,-1,0.000000,0.000000,0.000000,False,Sin objeto: medicion congelada
1777335793.923591,True,False,0.15895780,-1,-1,0.000000,0.000000,0.000000,False,Sin objeto: medicion congelada
1777335793.991324,True,False,0.15894027,-1,-1,0.000000,0.000000,0.000000,False,Sin objeto: medicion congelada
1777335794.058094,True,False,0.15895927,-1,-1,0.000000,0.000000,0.000000,False,Sin objeto: medicion congelada
1777335794.109199,True,False,0.15897939,-1,-1,0.000000,0.000000,0.000000,False,Sin objeto: medicion congelada
1777335794.176146,True,False,0.15876621,-1,-1,0.000000,0.000000,0.000000,False,Sin objeto: medicion congelada
1777335794.225709,True,False,0.15877108,-1,-1,0.000000,0.000000,0.000000,False,Sin objeto: medicion congelada
1777335794.277158,True,False,0.15887284,-1,-1,0.000000,0.000000,0.000000,False,Sin objeto: medicion congelada
1777335794.327205,True,False,0.15888947,-1,-1,0.000000,0.000000,0.000000,False,Sin objeto: medicion congelada
1777335794.377463,True,False,0.15873262,-1,-1,0.000000,0.000000,0.000000,False,Sin objeto: medicion congelada
1777335794.427331,True,False,0.15855652,-1,-1,0.000000,0.000000,0.000000,False,Sin objeto: medicion congelada
1777335794.461967,True,False,0.15845515,-1,-1,0.000000,0.000000,0.000000,False,Sin objeto: medicion congelada
1777335794.512230,True,False,0.15831587,-1,-1,0.000000,0.000000,0.000000,False,Sin objeto: medicion congelada
1777335794.561431,True,False,0.15820168,-1,-1,0.000000,0.000000,0.000000,False,Sin objeto: medicion congelada
1777335794.596453,True,False,0.15798326,-1,-1,0.000000,0.000000,0.000000,False,Sin objeto: medicion congelada
1777335794.629778,True,False,0.15790107,-1,-1,0.000000,0.000000,0.000000,False,Sin objeto: medicion congelada
1777335794.664012,True,False,0.15775489,-1,-1,0.000000,0.000000,0.000000,False,Sin objeto: medicion congelada
1777335794.698409,True,False,0.15787029,-1,-1,0.000000,0.000000,0.000000,False,Sin objeto: medicion congelada
1777335794.732813,True,False,0.15789241,-1,-1,0.000000,0.000000,0.000000,False,Sin objeto: medicion congelada
1777335794.767325,True,False,0.15769517,-1,-1,0.000000,0.000000,0.000000,False,Sin objeto: medicion congelada
1777335794.801172,True,False,0.15758974,-1,-1,0.000000,0.000000,0.000000,False,Sin objeto: medicion congelada
1777335794.835129,True,False,0.15732138,-1,-1,0.000000,0.000000,0.000000,False,Sin objeto: medicion congelada
1777335794.869756,True,False,0.15715830,-1,-1,0.000000,0.000000,0.000000,False,Sin objeto: medicion congelada
1777335794.904205,True,False,0.15696289,-1,-1,0.000000,0.000000,0.000000,False,Sin objeto: medicion congelada
1777335794.937956,True,False,0.15655302,-1,-1,0.000000,0.000000,0.000000,False,Sin objeto: medicion congelada
1777335794.972777,True,False,0.15600855,-1,-1,0.000000,0.000000,0.000000,False,Sin objeto: medicion congelada
1777335795.006398,True,False,0.15559567,-1,-1,0.000000,0.000000,0.000000,False,Sin objeto: medicion congelada
1777335795.040325,True,False,0.15471275,-1,-1,0.000000,0.000000,0.000000,False,Sin objeto: medicion congelada
1777335795.090672,True,False,0.15192649,-1,-1,0.000000,0.000000,0.000000,False,Sin objeto: medicion congelada
1777335795.124594,True,False,0.15126359,-1,-1,0.000000,0.000000,0.000000,False,Sin objeto: medicion congelada
1777335795.174987,True,False,0.15034077,-1,-1,0.000000,0.000000,0.000000,False,Sin objeto: medicion congelada
1777335795.210070,True,False,0.14981198,-1,-1,0.000000,0.000000,0.000000,False,Sin objeto: medicion congelada
1777335795.259664,True,False,0.14922853,-1,-1,0.000000,0.000000,0.000000,False,Sin objeto: medicion congelada
1777335795.294664,True,False,0.14878284,-1,-1,0.000000,0.000000,0.000000,False,Sin objeto: medicion congelada
1777335795.329569,True,False,0.14827720,-1,-1,0.000000,0.000000,0.000000,False,Sin objeto: medicion congelada
1777335795.363645,True,False,0.14765799,-1,-1,0.000000,0.000000,0.000000,False,Sin objeto: medicion congelada
1777335795.398468,True,False,0.14704357,-1,-1,0.000000,0.000000,0.000000,False,Sin objeto: medicion congelada
1777335795.432317,True,False,0.14643055,-1,-1,0.000000,0.000000,0.000000,False,Sin objeto: medicion congelada
1777335795.467046,True,False,0.14583030,-1,-1,0.000000,0.000000,0.000000,False,Sin objeto: medicion congelada
1777335795.501774,True,False,0.14510092,-1,-1,0.000000,0.000000,0.000000,False,Sin objeto: medicion congelada
1777335795.536067,True,False,0.14443530,-1,-1,0.000000,0.000000,0.000000,False,Sin objeto: medicion congelada
1777335795.569850,True,False,0.14383871,-1,-1,0.000000,0.000000,0.000000,False,Sin objeto: medicion congelada
1777335795.603918,True,False,0.14335428,-1,-1,0.000000,0.000000,0.000000,False,Sin objeto: medicion congelada
1777335795.637998,True,False,0.14276536,-1,-1,0.000000,0.000000,0.000000,False,Sin objeto: medicion congelada
1777335795.672631,True,False,0.14219739,-1,-1,0.000000,0.000000,0.000000,False,Sin objeto: medicion congelada
1777335795.706490,True,False,0.14152812,-1,-1,0.000000,0.000000,0.000000,False,Sin objeto: medicion congelada
1777335795.740545,True,False,0.14078602,-1,-1,0.000000,0.000000,0.000000,False,Sin objeto: medicion congelada
1777335795.773805,True,False,0.13995421,-1,-1,0.000000,0.000000,0.000000,False,Sin objeto: medicion congelada
1777335795.808163,True,False,0.13816737,-1,-1,0.000000,0.000000,0.000000,False,Sin objeto: medicion congelada
1777335795.842613,True,False,0.13726965,-1,-1,0.000000,0.000000,0.000000,False,Sin objeto: medicion congelada
1777335795.876779,True,False,0.13635193,-1,-1,0.000000,0.000000,0.000000,False,Sin objeto: medicion congelada
1777335795.910696,True,False,0.13556068,-1,-1,0.000000,0.000000,0.000000,False,Sin objeto: medicion congelada
1777335795.961595,True,False,0.13479798,-1,-1,0.000000,0.000000,0.000000,False,Sin objeto: medicion congelada
1777335796.011638,True,False,0.13411788,-1,-1,0.000000,0.000000,0.000000,False,Sin objeto: medicion congelada
1777335796.061537,True,False,0.13190616,-1,-1,0.000000,0.000000,0.000000,False,Sin objeto: medicion congelada
1777335796.111835,True,False,0.13121745,-1,-1,0.000000,0.000000,0.000000,False,Sin objeto: medicion congelada
1777335796.193117,True,False,0.13067033,-1,-1,0.000000,0.000000,0.000000,False,Sin objeto: medicion congelada
1777335796.242687,True,False,0.12944673,-1,-1,0.000000,0.000000,0.000000,False,Sin objeto: medicion congelada
1777335796.293285,True,False,0.12866131,-1,-1,0.000000,0.000000,0.000000,False,Sin objeto: medicion congelada
1777335796.344030,True,False,0.12550197,-1,-1,0.000000,0.000000,0.000000,False,Sin objeto: medicion congelada
1777335796.394214,True,False,0.12496949,-1,-1,0.000000,0.000000,0.000000,False,Sin objeto: medicion congelada
1777335796.444666,True,False,0.12438693,-1,-1,0.000000,0.000000,0.000000,False,Sin objeto: medicion congelada
1777335796.494539,True,False,0.12400881,-1,-1,0.000000,0.000000,0.000000,False,Sin objeto: medicion congelada
1777335796.545156,True,False,0.12353362,-1,-1,0.000000,0.000000,0.000000,False,Sin objeto: medicion congelada
1777335796.594799,True,False,0.12114299,-1,-1,0.000000,0.000000,0.000000,False,Sin objeto: medicion congelada
1777335796.631060,True,False,0.12032328,-1,-1,0.000000,0.000000,0.000000,False,Sin objeto: medicion congelada
1777335796.672022,True,False,0.11921595,-1,-1,0.000000,0.000000,0.000000,False,Sin objeto: medicion congelada
1777335796.722785,True,False,0.11826568,-1,-1,0.000000,0.000000,0.000000,False,Sin objeto: medicion congelada
1777335796.773953,True,False,0.11746885,-1,-1,0.000000,0.000000,0.000000,False,Sin objeto: medicion congelada
1777335796.824381,True,False,0.11660410,-1,-1,0.000000,0.000000,0.000000,False,Sin objeto: medicion congelada
1777335796.858199,True,False,0.11595339,-1,-1,0.000000,0.000000,0.000000,False,Sin objeto: medicion congelada
1777335796.908139,True,False,0.11549664,-1,-1,0.000000,0.000000,0.000000,False,Sin objeto: medicion congelada
1777335796.942140,True,False,0.11501011,-1,-1,0.000000,0.000000,0.000000,False,Sin objeto: medicion congelada
1777335796.991728,True,False,0.11318269,-1,-1,0.000000,0.000000,0.000000,False,Sin objeto: medicion congelada
1777335797.026323,True,False,0.11269568,-1,-1,0.000000,0.000000,0.000000,False,Sin objeto: medicion congelada
1777335797.061088,True,False,0.11249080,-1,-1,0.000000,0.000000,0.000000,False,Sin objeto: medicion congelada
1777335797.095385,True,False,0.11222571,-1,-1,0.000000,0.000000,0.000000,False,Sin objeto: medicion congelada
1777335797.146713,True,False,0.11215133,-1,-1,0.000000,0.000000,0.000000,False,Sin objeto: medicion congelada
1777335797.196723,True,False,0.11211832,-1,-1,0.000000,0.000000,0.000000,False,Sin objeto: medicion congelada
1777335797.246744,True,False,0.11148494,-1,-1,0.000000,0.000000,0.000000,False,Sin objeto: medicion congelada
1777335797.296080,True,False,0.11130128,-1,-1,0.000000,0.000000,0.000000,False,Sin objeto: medicion congelada
1777335797.330748,True,False,0.11110629,-1,-1,0.000000,0.000000,0.000000,False,Sin objeto: medicion congelada
1777335797.382617,True,False,0.11089225,-1,-1,0.000000,0.000000,0.000000,False,Sin objeto: medicion congelada
1777335797.450907,True,False,0.11030247,-1,-1,0.000000,0.000000,0.000000,False,Sin objeto: medicion congelada
1777335797.502318,True,False,0.11023768,-1,-1,0.000000,0.000000,0.000000,False,Sin objeto: medicion congelada
1777335797.553011,True,False,0.11019422,-1,-1,0.000000,0.000000,0.000000,False,Sin objeto: medicion congelada
1777335797.586912,True,False,0.11025562,-1,-1,0.000000,0.000000,0.000000,False,Sin objeto: medicion congelada
1777335797.636596,True,False,0.11040983,-1,-1,0.000000,0.000000,0.000000,False,Sin objeto: medicion congelada
1777335797.702946,True,False,0.11014086,-1,-1,0.000000,0.000000,0.000000,False,Sin objeto: medicion congelada
1777335797.752168,True,False,0.10973062,-1,-1,0.000000,0.000000,0.000000,False,Sin objeto: medicion congelada
1777335797.785702,True,False,0.10902624,-1,-1,0.000000,0.000000,0.000000,False,Sin objeto: medicion congelada
1777335797.820312,True,False,0.10856374,-1,-1,0.000000,0.000000,0.000000,False,Sin objeto: medicion congelada
1777335797.854228,True,False,0.10823453,-1,-1,0.000000,0.000000,0.000000,False,Sin objeto: medicion congelada
1777335797.904106,True,False,0.10794138,-1,-1,0.000000,0.000000,0.000000,False,Sin objeto: medicion congelada
1777335797.954468,True,False,0.10738022,-1,-1,0.000000,0.000000,0.000000,False,Sin objeto: medicion congelada
1777335797.988732,True,False,0.10680836,-1,-1,0.000000,0.000000,0.000000,False,Sin objeto: medicion congelada
1777335798.039666,True,False,0.10606980,-1,-1,0.000000,0.000000,0.000000,False,Sin objeto: medicion congelada
1777335798.089359,True,False,0.10399256,-1,-1,0.000000,0.000000,0.000000,False,Sin objeto: medicion congelada
1777335798.139868,True,False,0.10354084,-1,-1,0.000000,0.000000,0.000000,False,Sin objeto: medicion congelada
1777335798.189853,True,False,0.10288220,-1,-1,0.000000,0.000000,0.000000,False,Sin objeto: medicion congelada
1777335798.240879,True,False,0.10252028,-1,-1,0.000000,0.000000,0.000000,False,Sin objeto: medicion congelada
1777335798.290161,True,False,0.10217933,-1,-1,0.000000,0.000000,0.000000,False,Sin objeto: medicion congelada
1777335798.340377,True,False,0.10171480,-1,-1,0.000000,0.000000,0.000000,False,Sin objeto: medicion congelada
1777335798.390315,True,False,0.10112729,-1,-1,0.000000,0.000000,0.000000,False,Sin objeto: medicion congelada
1777335798.441284,True,False,0.09852920,-1,-1,0.000000,0.000000,0.000000,False,Sin objeto: medicion congelada
1777335798.491132,True,False,0.09793065,-1,-1,0.000000,0.000000,0.000000,False,Sin objeto: medicion congelada
1777335798.524128,True,False,0.09730469,-1,-1,0.000000,0.000000,0.000000,False,Sin objeto: medicion congelada
1777335798.575102,True,False,0.09684345,-1,-1,0.000000,0.000000,0.000000,False,Sin objeto: medicion congelada
1777335798.625290,True,False,0.09645708,-1,-1,0.000000,0.000000,0.000000,False,Sin objeto: medicion congelada
1777335798.692032,True,False,0.09618258,-1,-1,0.000000,0.000000,0.000000,False,Sin objeto: medicion congelada
1777335798.743030,True,False,0.09518803,-1,-1,0.000000,0.000000,0.000000,False,Sin objeto: medicion congelada
1777335798.777610,True,False,0.09505333,-1,-1,0.000000,0.000000,0.000000,False,Sin objeto: medicion congelada
1777335798.828814,True,False,0.09476587,-1,-1,0.000000,0.000000,0.000000,False,Sin objeto: medicion congelada
1777335798.862834,True,False,0.09464678,-1,-1,0.000000,0.000000,0.000000,False,Sin objeto: medicion congelada
1777335798.898486,True,False,0.09420125,-1,-1,0.000000,0.000000,0.000000,False,Sin objeto: medicion congelada
1777335798.965089,True,False,0.09407082,-1,-1,0.000000,0.000000,0.000000,False,Sin objeto: medicion congelada
1777335799.031668,True,False,0.09341713,-1,-1,0.000000,0.000000,0.000000,False,Sin objeto: medicion congelada
1777335799.098425,True,False,0.09344327,-1,-1,0.000000,0.000000,0.000000,False,Sin objeto: medicion congelada
1777335799.164399,True,False,0.09326180,-1,-1,0.000000,0.000000,0.000000,False,Sin objeto: medicion congelada
1777335799.215927,True,False,0.09337582,-1,-1,0.000000,0.000000,0.000000,False,Sin objeto: medicion congelada
1777335799.283051,True,False,0.09311462,-1,-1,0.000000,0.000000,0.000000,False,Sin objeto: medicion congelada
1777335799.350063,True,False,0.09291541,-1,-1,0.000000,0.000000,0.000000,False,Sin objeto: medicion congelada
1777335799.417428,True,False,0.09300355,-1,-1,0.000000,0.000000,0.000000,False,Sin objeto: medicion congelada
1777335799.501046,True,False,0.09331360,-1,-1,0.000000,0.000000,0.000000,False,Sin objeto: medicion congelada
1777335799.584541,True,False,0.09348348,-1,-1,0.000000,0.000000,0.000000,False,Sin objeto: medicion congelada
1777335799.666213,True,False,0.09512456,-1,-1,0.000000,0.000000,0.000000,False,Sin objeto: medicion congelada
1777335799.733479,True,False,0.09608873,-1,-1,0.000000,0.000000,0.000000,False,Sin objeto: medicion congelada
1777335799.830932,True,False,0.09977878,-1,-1,0.000000,0.000000,0.000000,False,Sin objeto: medicion congelada
1777335799.884384,True,False,0.10015466,-1,-1,0.000000,0.000000,0.000000,False,Sin objeto: medicion congelada
1777335799.967814,True,False,0.10004659,-1,-1,0.000000,0.000000,0.000000,False,Sin objeto: medicion congelada
1777335800.049299,True,False,0.09967938,-1,-1,0.000000,0.000000,0.000000,False,Sin objeto: medicion congelada
1777335800.097540,True,False,0.09950055,-1,-1,0.000000,0.000000,0.000000,False,Sin objeto: medicion congelada
1777335800.147765,True,False,0.09963309,-1,-1,0.000000,0.000000,0.000000,False,Sin objeto: medicion congelada
1777335800.213655,True,False,0.10037914,-1,-1,0.000000,0.000000,0.000000,False,Sin objeto: medicion congelada
1777335800.273286,True,False,0.10049465,-1,-1,0.000000,0.000000,0.000000,False,Sin objeto: medicion congelada
1777335800.339947,True,False,0.10057042,-1,-1,0.000000,0.000000,0.000000,False,Sin objeto: medicion congelada
1777335800.406197,True,False,0.10090481,-1,-1,0.000000,0.000000,0.000000,False,Sin objeto: medicion congelada
1777335800.457268,True,False,0.10099292,-1,-1,0.000000,0.000000,0.000000,False,Sin objeto: medicion congelada
1777335800.524420,True,False,0.10096009,-1,-1,0.000000,0.000000,0.000000,False,Sin objeto: medicion congelada
1777335800.608140,True,False,0.10096019,-1,-1,0.000000,0.000000,0.000000,False,Sin objeto: medicion congelada
1777335800.674675,True,False,0.10094153,-1,-1,0.000000,0.000000,0.000000,False,Sin objeto: medicion congelada
1777335800.741548,True,False,0.10099201,-1,-1,0.000000,0.000000,0.000000,False,Sin objeto: medicion congelada
1777335800.809019,True,False,0.10100375,-1,-1,0.000000,0.000000,0.000000,False,Sin objeto: medicion congelada
1777335800.859763,True,False,0.10092515,-1,-1,0.000000,0.000000,0.000000,False,Sin objeto: medicion congelada
1777335800.943123,True,False,0.10086897,-1,-1,0.000000,0.000000,0.000000,False,Sin objeto: medicion congelada
1777335801.009885,True,False,0.10086425,-1,-1,0.000000,0.000000,0.000000,False,Sin objeto: medicion congelada
1777335801.076774,True,False,0.10083563,-1,-1,0.000000,0.000000,0.000000,False,Sin objeto: medicion congelada
1777335801.141917,True,False,0.10078759,-1,-1,0.000000,0.000000,0.000000,False,Sin objeto: medicion congelada
1777335801.223958,True,False,0.10072190,-1,-1,0.000000,0.000000,0.000000,False,Sin objeto: medicion congelada
1777335801.274772,True,False,0.10068725,-1,-1,0.000000,0.000000,0.000000,False,Sin objeto: medicion congelada
1777335801.342738,True,False,0.10067570,-1,-1,0.000000,0.000000,0.000000,False,Sin objeto: medicion congelada
1777335801.408468,True,False,0.10049899,-1,-1,0.000000,0.000000,0.000000,False,Sin objeto: medicion congelada
1777335801.476042,True,False,0.10042742,-1,-1,0.000000,0.000000,0.000000,False,Sin objeto: medicion congelada
1777335801.542944,True,False,0.10047073,-1,-1,0.000000,0.000000,0.000000,False,Sin objeto: medicion congelada
1777335801.612064,True,False,0.10047189,-1,-1,0.000000,0.000000,0.000000,False,Sin objeto: medicion congelada
1777335801.694691,True,False,0.10045414,-1,-1,0.000000,0.000000,0.000000,False,Sin objeto: medicion congelada
1777335801.761419,True,False,0.10043935,-1,-1,0.000000,0.000000,0.000000,False,Sin objeto: medicion congelada
1777335801.827729,True,False,0.10048756,-1,-1,0.000000,0.000000,0.000000,False,Sin objeto: medicion congelada
1777335801.878498,True,False,0.10044749,-1,-1,0.000000,0.000000,0.000000,False,Sin objeto: medicion congelada
1777335801.944776,True,False,0.10056415,-1,-1,0.000000,0.000000,0.000000,False,Sin objeto: medicion congelada
1777335802.012049,True,False,0.10258373,-1,-1,0.000000,0.000000,0.000000,False,Sin objeto: medicion congelada
1777335802.078125,True,False,0.10371561,-1,-1,0.000000,0.000000,0.000000,False,Sin objeto: medicion congelada
1777335802.145843,True,False,0.10518873,-1,-1,0.000000,0.000000,0.000000,False,Sin objeto: medicion congelada
1777335802.226752,True,False,0.11314449,-1,-1,0.000000,0.000000,0.000000,False,Sin objeto: medicion congelada
1777335802.277628,True,False,0.11485518,-1,-1,0.000000,0.000000,0.000000,False,Sin objeto: medicion congelada
1777335802.328355,True,False,0.11679801,-1,-1,0.000000,0.000000,0.000000,False,Sin objeto: medicion congelada
1777335802.377878,True,False,0.11849563,-1,-1,0.000000,0.000000,0.000000,False,Sin objeto: medicion congelada
1777335802.428414,True,False,0.12005581,-1,-1,0.000000,0.000000,0.000000,False,Sin objeto: medicion congelada
1777335802.491975,True,False,0.12415241,-1,-1,0.000000,0.000000,0.000000,False,Sin objeto: medicion congelada
1777335802.526299,True,False,0.12554372,-1,-1,0.000000,0.000000,0.000000,False,Sin objeto: medicion congelada
1777335802.577601,True,False,0.12627915,-1,-1,0.000000,0.000000,0.000000,False,Sin objeto: medicion congelada
1777335802.646138,True,False,0.12814616,-1,-1,0.000000,0.000000,0.000000,False,Sin objeto: medicion congelada
1777335802.697020,True,False,0.12852418,-1,-1,0.000000,0.000000,0.000000,False,Sin objeto: medicion congelada
1777335802.763867,True,False,0.13008052,-1,-1,0.000000,0.000000,0.000000,False,Sin objeto: medicion congelada
1777335802.828783,True,False,0.13001226,-1,-1,0.000000,0.000000,0.000000,False,Sin objeto: medicion congelada
1777335802.879854,True,False,0.13036267,-1,-1,0.000000,0.000000,0.000000,False,Sin objeto: medicion congelada
1777335802.962214,False,False,0.00000000,-1,-1,0.000000,0.000000,0.000000,False,Sin AprilTag: medicion congelada
1777335803.029309,False,False,0.00000000,-1,-1,0.000000,0.000000,0.000000,False,Sin AprilTag: medicion congelada
1777335803.096639,False,False,0.00000000,-1,-1,0.000000,0.000000,0.000000,False,Sin AprilTag: medicion congelada
1777335803.164941,False,False,0.00000000,-1,-1,0.000000,0.000000,0.000000,False,Sin AprilTag: medicion congelada
1777335803.233275,True,False,0.13153228,-1,-1,0.000000,0.000000,0.000000,False,Sin objeto: medicion congelada
1777335803.299195,False,False,0.00000000,-1,-1,0.000000,0.000000,0.000000,False,Sin AprilTag: medicion congelada
1777335803.366475,False,False,0.00000000,-1,-1,0.000000,0.000000,0.000000,False,Sin AprilTag: medicion congelada
1777335803.433110,False,False,0.00000000,-1,-1,0.000000,0.000000,0.000000,False,Sin AprilTag: medicion congelada
1777335803.484673,False,False,0.00000000,-1,-1,0.000000,0.000000,0.000000,False,Sin AprilTag: medicion congelada
1777335803.552174,False,False,0.00000000,-1,-1,0.000000,0.000000,0.000000,False,Sin AprilTag: medicion congelada
1777335803.619306,False,False,0.00000000,-1,-1,0.000000,0.000000,0.000000,False,Sin AprilTag: medicion congelada
1777335803.686080,False,False,0.00000000,-1,-1,0.000000,0.000000,0.000000,False,Sin AprilTag: medicion congelada
1777335803.737432,False,False,0.00000000,-1,-1,0.000000,0.000000,0.000000,False,Sin AprilTag: medicion congelada
1777335803.804178,False,False,0.00000000,-1,-1,0.000000,0.000000,0.000000,False,Sin AprilTag: medicion congelada
1777335803.870839,False,False,0.00000000,-1,-1,0.000000,0.000000,0.000000,False,Sin AprilTag: medicion congelada
1777335803.936724,False,False,0.00000000,-1,-1,0.000000,0.000000,0.000000,False,Sin AprilTag: medicion congelada
1777335804.003179,False,False,0.00000000,-1,-1,0.000000,0.000000,0.000000,False,Sin AprilTag: medicion congelada
1777335804.053546,False,False,0.00000000,-1,-1,0.000000,0.000000,0.000000,False,Sin AprilTag: medicion congelada
1777335804.104025,False,False,0.00000000,-1,-1,0.000000,0.000000,0.000000,False,Sin AprilTag: medicion congelada
1777335804.154390,False,False,0.00000000,-1,-1,0.000000,0.000000,0.000000,False,Sin AprilTag: medicion congelada
1777335804.220940,False,False,0.00000000,-1,-1,0.000000,0.000000,0.000000,False,Sin AprilTag: medicion congelada
1777335804.287741,False,False,0.00000000,-1,-1,0.000000,0.000000,0.000000,False,Sin AprilTag: medicion congelada
1777335804.353278,False,False,0.00000000,-1,-1,0.000000,0.000000,0.000000,False,Sin AprilTag: medicion congelada
1777335804.388328,False,False,0.00000000,-1,-1,0.000000,0.000000,0.000000,False,Sin AprilTag: medicion congelada
1777335804.439364,False,False,0.00000000,-1,-1,0.000000,0.000000,0.000000,False,Sin AprilTag: medicion congelada
1777335804.506764,False,False,0.00000000,-1,-1,0.000000,0.000000,0.000000,False,Sin AprilTag: medicion congelada
1777335804.572919,False,False,0.00000000,-1,-1,0.000000,0.000000,0.000000,False,Sin AprilTag: medicion congelada
1777335804.641397,False,False,0.00000000,-1,-1,0.000000,0.000000,0.000000,False,Sin AprilTag: medicion congelada
1777335804.707080,False,False,0.00000000,-1,-1,0.000000,0.000000,0.000000,False,Sin AprilTag: medicion congelada
1777335804.774568,False,False,0.00000000,-1,-1,0.000000,0.000000,0.000000,False,Sin AprilTag: medicion congelada
1777335804.824656,False,False,0.00000000,-1,-1,0.000000,0.000000,0.000000,False,Sin AprilTag: medicion congelada
1777335804.891599,False,False,0.00000000,-1,-1,0.000000,0.000000,0.000000,False,Sin AprilTag: medicion congelada
1777335804.972372,False,False,0.00000000,-1,-1,0.000000,0.000000,0.000000,False,Sin AprilTag: medicion congelada
1777335805.022701,False,False,0.00000000,-1,-1,0.000000,0.000000,0.000000,False,Sin AprilTag: medicion congelada
1777335805.072675,False,False,0.00000000,-1,-1,0.000000,0.000000,0.000000,False,Sin AprilTag: medicion congelada
1777335805.122845,False,False,0.00000000,-1,-1,0.000000,0.000000,0.000000,False,Sin AprilTag: medicion congelada
1777335805.173718,False,False,0.00000000,-1,-1,0.000000,0.000000,0.000000,False,Sin AprilTag: medicion congelada
1777335805.223748,False,False,0.00000000,-1,-1,0.000000,0.000000,0.000000,False,Sin AprilTag: medicion congelada
1777335805.289806,False,False,0.00000000,-1,-1,0.000000,0.000000,0.000000,False,Sin AprilTag: medicion congelada
1777335805.355537,False,False,0.00000000,-1,-1,0.000000,0.000000,0.000000,False,Sin AprilTag: medicion congelada
1777335805.421731,False,False,0.00000000,-1,-1,0.000000,0.000000,0.000000,False,Sin AprilTag: medicion congelada
1777335805.487831,False,False,0.00000000,-1,-1,0.000000,0.000000,0.000000,False,Sin AprilTag: medicion congelada
1777335805.538502,False,False,0.00000000,-1,-1,0.000000,0.000000,0.000000,False,Sin AprilTag: medicion congelada
1777335805.604604,False,False,0.00000000,-1,-1,0.000000,0.000000,0.000000,False,Sin AprilTag: medicion congelada
1777335805.653361,False,False,0.00000000,-1,-1,0.000000,0.000000,0.000000,False,Sin AprilTag: medicion congelada
1777335805.702607,False,False,0.00000000,-1,-1,0.000000,0.000000,0.000000,False,Sin AprilTag: medicion congelada
1777335805.791167,False,False,0.00000000,-1,-1,0.000000,0.000000,0.000000,False,Sin AprilTag: medicion congelada
1777335805.825110,False,False,0.00000000,-1,-1,0.000000,0.000000,0.000000,False,Sin AprilTag: medicion congelada
1777335805.875576,False,False,0.00000000,-1,-1,0.000000,0.000000,0.000000,False,Sin AprilTag: medicion congelada
1777335805.927257,False,False,0.00000000,-1,-1,0.000000,0.000000,0.000000,False,Sin AprilTag: medicion congelada
1777335805.992595,False,False,0.00000000,-1,-1,0.000000,0.000000,0.000000,False,Sin AprilTag: medicion congelada
1777335806.060094,False,False,0.00000000,-1,-1,0.000000,0.000000,0.000000,False,Sin AprilTag: medicion congelada
1777335806.142801,False,False,0.00000000,-1,-1,0.000000,0.000000,0.000000,False,Sin AprilTag: medicion congelada
1777335806.209345,False,False,0.00000000,-1,-1,0.000000,0.000000,0.000000,False,Sin AprilTag: medicion congelada
1777335806.277528,False,False,0.00000000,-1,-1,0.000000,0.000000,0.000000,False,Sin AprilTag: medicion congelada
1777335806.344137,False,False,0.00000000,-1,-1,0.000000,0.000000,0.000000,False,Sin AprilTag: medicion congelada
1777335806.410521,False,False,0.00000000,-1,-1,0.000000,0.000000,0.000000,False,Sin AprilTag: medicion congelada
1777335806.477072,False,False,0.00000000,-1,-1,0.000000,0.000000,0.000000,False,Sin AprilTag: medicion congelada
1777335806.543178,False,False,0.00000000,-1,-1,0.000000,0.000000,0.000000,False,Sin AprilTag: medicion congelada
1777335806.609429,False,False,0.00000000,-1,-1,0.000000,0.000000,0.000000,False,Sin AprilTag: medicion congelada
1777335806.658432,False,False,0.00000000,-1,-1,0.000000,0.000000,0.000000,False,Sin AprilTag: medicion congelada
1777335806.783673,False,False,0.00000000,-1,-1,0.000000,0.000000,0.000000,False,Sin AprilTag: medicion congelada
1777335806.817269,False,False,0.00000000,-1,-1,0.000000,0.000000,0.000000,False,Sin AprilTag: medicion congelada
1777335806.850760,False,False,0.00000000,-1,-1,0.000000,0.000000,0.000000,False,Sin AprilTag: medicion congelada
1777335806.916672,False,False,0.00000000,-1,-1,0.000000,0.000000,0.000000,False,Sin AprilTag: medicion congelada
1777335806.982772,False,False,0.00000000,-1,-1,0.000000,0.000000,0.000000,False,Sin AprilTag: medicion congelada
1777335807.049129,False,False,0.00000000,-1,-1,0.000000,0.000000,0.000000,False,Sin AprilTag: medicion congelada
1777335807.116132,False,False,0.00000000,-1,-1,0.000000,0.000000,0.000000,False,Sin AprilTag: medicion congelada
1777335807.167081,False,False,0.00000000,-1,-1,0.000000,0.000000,0.000000,False,Sin AprilTag: medicion congelada
1777335807.217927,False,False,0.00000000,-1,-1,0.000000,0.000000,0.000000,False,Sin AprilTag: medicion congelada
1777335807.268768,False,False,0.00000000,-1,-1,0.000000,0.000000,0.000000,False,Sin AprilTag: medicion congelada
1777335807.329004,False,False,0.00000000,-1,-1,0.000000,0.000000,0.000000,False,Sin AprilTag: medicion congelada
1777335807.395467,False,False,0.00000000,-1,-1,0.000000,0.000000,0.000000,False,Sin AprilTag: medicion congelada
1777335807.445580,False,False,0.00000000,-1,-1,0.000000,0.000000,0.000000,False,Sin AprilTag: medicion congelada
1777335807.495802,False,False,0.00000000,-1,-1,0.000000,0.000000,0.000000,False,Sin AprilTag: medicion congelada
1777335807.547278,False,False,0.00000000,-1,-1,0.000000,0.000000,0.000000,False,Sin AprilTag: medicion congelada
1777335807.615461,False,False,0.00000000,-1,-1,0.000000,0.000000,0.000000,False,Sin AprilTag: medicion congelada
1777335807.681916,False,False,0.00000000,-1,-1,0.000000,0.000000,0.000000,False,Sin AprilTag: medicion congelada
1777335807.747785,False,False,0.00000000,-1,-1,0.000000,0.000000,0.000000,False,Sin AprilTag: medicion congelada
1777335807.807547,False,False,0.00000000,-1,-1,0.000000,0.000000,0.000000,False,Sin AprilTag: medicion congelada
1777335807.874436,False,False,0.00000000,-1,-1,0.000000,0.000000,0.000000,False,Sin AprilTag: medicion congelada
1777335807.941983,False,False,0.00000000,-1,-1,0.000000,0.000000,0.000000,False,Sin AprilTag: medicion congelada
1777335808.037600,False,False,0.00000000,-1,-1,0.000000,0.000000,0.000000,False,Sin AprilTag: medicion congelada
1777335808.086841,False,False,0.00000000,-1,-1,0.000000,0.000000,0.000000,False,Sin AprilTag: medicion congelada
1777335808.136145,False,False,0.00000000,-1,-1,0.000000,0.000000,0.000000,False,Sin AprilTag: medicion congelada
1777335808.201840,False,False,0.00000000,-1,-1,0.000000,0.000000,0.000000,False,Sin AprilTag: medicion congelada
1777335808.268961,False,False,0.00000000,-1,-1,0.000000,0.000000,0.000000,False,Sin AprilTag: medicion congelada
1777335808.351876,False,False,0.00000000,-1,-1,0.000000,0.000000,0.000000,False,Sin AprilTag: medicion congelada
1777335808.433499,False,False,0.00000000,-1,-1,0.000000,0.000000,0.000000,False,Sin AprilTag: medicion congelada
1777335808.500259,False,False,0.00000000,-1,-1,0.000000,0.000000,0.000000,False,Sin AprilTag: medicion congelada
1777335808.583814,False,False,0.00000000,-1,-1,0.000000,0.000000,0.000000,False,Sin AprilTag: medicion congelada
1777335808.666680,False,False,0.00000000,-1,-1,0.000000,0.000000,0.000000,False,Sin AprilTag: medicion congelada
1777335808.747999,False,False,0.00000000,-1,-1,0.000000,0.000000,0.000000,False,Sin AprilTag: medicion congelada
1777335808.813827,False,False,0.00000000,-1,-1,0.000000,0.000000,0.000000,False,Sin AprilTag: medicion congelada
1777335808.849414,False,False,0.00000000,-1,-1,0.000000,0.000000,0.000000,False,Sin AprilTag: medicion congelada
1777335808.884740,False,False,0.00000000,-1,-1,0.000000,0.000000,0.000000,False,Sin AprilTag: medicion congelada
1777335808.951924,False,False,0.00000000,-1,-1,0.000000,0.000000,0.000000,False,Sin AprilTag: medicion congelada
1777335809.049271,False,False,0.00000000,-1,-1,0.000000,0.000000,0.000000,False,Sin AprilTag: medicion congelada
1777335809.099362,False,False,0.00000000,-1,-1,0.000000,0.000000,0.000000,False,Sin AprilTag: medicion congelada
1777335809.149091,False,False,0.00000000,-1,-1,0.000000,0.000000,0.000000,False,Sin AprilTag: medicion congelada
1777335809.199017,False,False,0.00000000,-1,-1,0.000000,0.000000,0.000000,False,Sin AprilTag: medicion congelada
1777335809.246742,False,False,0.00000000,-1,-1,0.000000,0.000000,0.000000,False,Sin AprilTag: medicion congelada
1777335809.280849,False,False,0.00000000,-1,-1,0.000000,0.000000,0.000000,False,Sin AprilTag: medicion congelada
1777335809.315038,False,False,0.00000000,-1,-1,0.000000,0.000000,0.000000,False,Sin AprilTag: medicion congelada
1777335809.366241,False,False,0.00000000,-1,-1,0.000000,0.000000,0.000000,False,Sin AprilTag: medicion congelada
1777335809.417025,False,False,0.00000000,-1,-1,0.000000,0.000000,0.000000,False,Sin AprilTag: medicion congelada
1777335809.467623,False,False,0.00000000,-1,-1,0.000000,0.000000,0.000000,False,Sin AprilTag: medicion congelada
1777335809.519010,False,False,0.00000000,-1,-1,0.000000,0.000000,0.000000,False,Sin AprilTag: medicion congelada
1777335809.586430,False,False,0.00000000,-1,-1,0.000000,0.000000,0.000000,False,Sin AprilTag: medicion congelada
1777335809.652526,False,False,0.00000000,-1,-1,0.000000,0.000000,0.000000,False,Sin AprilTag: medicion congelada
1777335809.718114,False,False,0.00000000,-1,-1,0.000000,0.000000,0.000000,False,Sin AprilTag: medicion congelada
1777335809.752252,False,False,0.00000000,-1,-1,0.000000,0.000000,0.000000,False,Sin AprilTag: medicion congelada
1777335809.786334,False,False,0.00000000,-1,-1,0.000000,0.000000,0.000000,False,Sin AprilTag: medicion congelada
1777335809.837288,False,False,0.00000000,-1,-1,0.000000,0.000000,0.000000,False,Sin AprilTag: medicion congelada
1777335809.904907,False,False,0.00000000,-1,-1,0.000000,0.000000,0.000000,False,Sin AprilTag: medicion congelada
1777335809.971467,False,False,0.00000000,-1,-1,0.000000,0.000000,0.000000,False,Sin AprilTag: medicion congelada
1777335810.039120,False,False,0.00000000,-1,-1,0.000000,0.000000,0.000000,False,Sin AprilTag: medicion congelada
1777335810.098095,False,False,0.00000000,-1,-1,0.000000,0.000000,0.000000,False,Sin AprilTag: medicion congelada
1777335810.148906,False,False,0.00000000,-1,-1,0.000000,0.000000,0.000000,False,Sin AprilTag: medicion congelada
1777335810.199620,False,False,0.00000000,-1,-1,0.000000,0.000000,0.000000,False,Sin AprilTag: medicion congelada
1777335810.267512,False,False,0.00000000,-1,-1,0.000000,0.000000,0.000000,False,Sin AprilTag: medicion congelada
1777335810.332119,False,False,0.00000000,-1,-1,0.000000,0.000000,0.000000,False,Sin AprilTag: medicion congelada
1777335810.383433,False,False,0.00000000,-1,-1,0.000000,0.000000,0.000000,False,Sin AprilTag: medicion congelada
1777335810.430573,False,False,0.00000000,-1,-1,0.000000,0.000000,0.000000,False,Sin AprilTag: medicion congelada
1777335810.479862,False,False,0.00000000,-1,-1,0.000000,0.000000,0.000000,False,Sin AprilTag: medicion congelada
1777335810.514151,False,False,0.00000000,-1,-1,0.000000,0.000000,0.000000,False,Sin AprilTag: medicion congelada
1777335810.574942,False,False,0.00000000,-1,-1,0.000000,0.000000,0.000000,False,Sin AprilTag: medicion congelada
1777335810.623668,False,False,0.00000000,-1,-1,0.000000,0.000000,0.000000,False,Sin AprilTag: medicion congelada
1777335810.658123,False,False,0.00000000,-1,-1,0.000000,0.000000,0.000000,False,Sin AprilTag: medicion congelada
1777335810.692357,False,False,0.00000000,-1,-1,0.000000,0.000000,0.000000,False,Sin AprilTag: medicion congelada
1777335810.726363,False,False,0.00000000,-1,-1,0.000000,0.000000,0.000000,False,Sin AprilTag: medicion congelada
1777335810.761176,False,False,0.00000000,-1,-1,0.000000,0.000000,0.000000,False,Sin AprilTag: medicion congelada
1777335810.795247,False,False,0.00000000,-1,-1,0.000000,0.000000,0.000000,False,Sin AprilTag: medicion congelada
1777335810.829427,False,False,0.00000000,-1,-1,0.000000,0.000000,0.000000,False,Sin AprilTag: medicion congelada
1777335810.863633,False,False,0.00000000,-1,-1,0.000000,0.000000,0.000000,False,Sin AprilTag: medicion congelada
1777335810.898260,False,False,0.00000000,-1,-1,0.000000,0.000000,0.000000,False,Sin AprilTag: medicion congelada
1777335810.932911,False,False,0.00000000,-1,-1,0.000000,0.000000,0.000000,False,Sin AprilTag: medicion congelada
1777335810.966908,False,False,0.00000000,-1,-1,0.000000,0.000000,0.000000,False,Sin AprilTag: medicion congelada
1777335811.016489,False,False,0.00000000,-1,-1,0.000000,0.000000,0.000000,False,Sin AprilTag: medicion congelada
1777335811.050808,False,False,0.00000000,-1,-1,0.000000,0.000000,0.000000,False,Sin AprilTag: medicion congelada
1777335811.084748,False,False,0.00000000,-1,-1,0.000000,0.000000,0.000000,False,Sin AprilTag: medicion congelada
1777335811.134927,False,False,0.00000000,-1,-1,0.000000,0.000000,0.000000,False,Sin AprilTag: medicion congelada
1777335811.169066,False,False,0.00000000,-1,-1,0.000000,0.000000,0.000000,False,Sin AprilTag: medicion congelada
1777335811.203300,False,False,0.00000000,-1,-1,0.000000,0.000000,0.000000,False,Sin AprilTag: medicion congelada
1777335811.236586,False,False,0.00000000,-1,-1,0.000000,0.000000,0.000000,False,Sin AprilTag: medicion congelada
1777335811.271156,False,False,0.00000000,-1,-1,0.000000,0.000000,0.000000,False,Sin AprilTag: medicion congelada
1777335811.309260,False,False,0.00000000,-1,-1,0.000000,0.000000,0.000000,False,Sin AprilTag: medicion congelada
1777335811.343759,False,False,0.00000000,-1,-1,0.000000,0.000000,0.000000,False,Sin AprilTag: medicion congelada
1777335811.407238,True,False,0.10983438,-1,-1,0.000000,0.000000,0.000000,False,Sin objeto: medicion congelada
1777335811.471117,False,False,0.00000000,-1,-1,0.000000,0.000000,0.000000,False,Sin AprilTag: medicion congelada
1777335811.505243,False,False,0.00000000,-1,-1,0.000000,0.000000,0.000000,False,Sin AprilTag: medicion congelada
1777335811.555220,False,False,0.00000000,-1,-1,0.000000,0.000000,0.000000,False,Sin AprilTag: medicion congelada
1777335811.590290,False,False,0.00000000,-1,-1,0.000000,0.000000,0.000000,False,Sin AprilTag: medicion congelada
1777335811.624759,False,False,0.00000000,-1,-1,0.000000,0.000000,0.000000,False,Sin AprilTag: medicion congelada
1777335811.658406,False,False,0.00000000,-1,-1,0.000000,0.000000,0.000000,False,Sin AprilTag: medicion congelada
1777335811.692496,False,False,0.00000000,-1,-1,0.000000,0.000000,0.000000,False,Sin AprilTag: medicion congelada
1777335811.727360,False,False,0.00000000,-1,-1,0.000000,0.000000,0.000000,False,Sin AprilTag: medicion congelada
1777335811.761464,False,False,0.00000000,-1,-1,0.000000,0.000000,0.000000,False,Sin AprilTag: medicion congelada
1777335811.795331,False,False,0.00000000,-1,-1,0.000000,0.000000,0.000000,False,Sin AprilTag: medicion congelada
1777335811.829722,True,False,0.11296006,-1,-1,0.000000,0.000000,0.000000,False,Sin objeto: medicion congelada
1777335811.864181,True,False,0.11080404,-1,-1,0.000000,0.000000,0.000000,False,Sin objeto: medicion congelada
1777335811.897879,True,False,0.11080404,-1,-1,0.000000,0.000000,0.000000,False,Sin objeto: medicion congelada
1777335811.931997,False,False,0.00000000,-1,-1,0.000000,0.000000,0.000000,False,Sin AprilTag: medicion congelada
1777335811.966691,False,False,0.00000000,-1,-1,0.000000,0.000000,0.000000,False,Sin AprilTag: medicion congelada
1777335812.001240,False,False,0.00000000,-1,-1,0.000000,0.000000,0.000000,False,Sin AprilTag: medicion congelada
1777335812.051418,False,False,0.00000000,-1,-1,0.000000,0.000000,0.000000,False,Sin AprilTag: medicion congelada
1777335812.101286,False,False,0.00000000,-1,-1,0.000000,0.000000,0.000000,False,Sin AprilTag: medicion congelada
1777335812.135462,False,False,0.00000000,-1,-1,0.000000,0.000000,0.000000,False,Sin AprilTag: medicion congelada
1777335812.192497,False,False,0.00000000,-1,-1,0.000000,0.000000,0.000000,False,Sin AprilTag: medicion congelada
1777335812.228592,False,False,0.00000000,-1,-1,0.000000,0.000000,0.000000,False,Sin AprilTag: medicion congelada
1777335812.263304,False,False,0.00000000,-1,-1,0.000000,0.000000,0.000000,False,Sin AprilTag: medicion congelada
1777335812.297438,False,False,0.00000000,-1,-1,0.000000,0.000000,0.000000,False,Sin AprilTag: medicion congelada
1777335812.346789,False,False,0.00000000,-1,-1,0.000000,0.000000,0.000000,False,Sin AprilTag: medicion congelada
1777335812.395797,False,False,0.00000000,-1,-1,0.000000,0.000000,0.000000,False,Sin AprilTag: medicion congelada
1777335812.430766,True,False,0.11131732,-1,-1,0.000000,0.000000,0.000000,False,Sin objeto: medicion congelada
1777335812.464372,True,False,0.11348176,-1,-1,0.000000,0.000000,0.000000,False,Sin objeto: medicion congelada
1777335812.500010,True,False,0.11348176,-1,-1,0.000000,0.000000,0.000000,False,Sin objeto: medicion congelada
1777335812.549832,True,False,0.11032974,-1,-1,0.000000,0.000000,0.000000,False,Sin objeto: medicion congelada
1777335812.615426,True,False,0.10956988,-1,-1,0.000000,0.000000,0.000000,False,Sin objeto: medicion congelada
1777335812.676721,True,False,0.11164254,-1,-1,0.000000,0.000000,0.000000,False,Sin objeto: medicion congelada
1777335812.726837,True,False,0.11164254,-1,-1,0.000000,0.000000,0.000000,False,Sin objeto: medicion congelada
1777335812.775715,True,False,0.11472120,-1,-1,0.000000,0.000000,0.000000,False,Sin objeto: medicion congelada
1777335812.810657,True,False,0.11472120,-1,-1,0.000000,0.000000,0.000000,False,Sin objeto: medicion congelada
1777335812.861047,False,False,0.00000000,-1,-1,0.000000,0.000000,0.000000,False,Sin AprilTag: medicion congelada
1777335812.911371,False,False,0.00000000,-1,-1,0.000000,0.000000,0.000000,False,Sin AprilTag: medicion congelada
1777335812.960697,False,False,0.00000000,-1,-1,0.000000,0.000000,0.000000,False,Sin AprilTag: medicion congelada
1777335813.011045,False,False,0.00000000,-1,-1,0.000000,0.000000,0.000000,False,Sin AprilTag: medicion congelada
1777335813.045460,False,False,0.00000000,-1,-1,0.000000,0.000000,0.000000,False,Sin AprilTag: medicion congelada
1777335813.080692,False,False,0.00000000,-1,-1,0.000000,0.000000,0.000000,False,Sin AprilTag: medicion congelada
1777335813.130152,True,False,0.11499713,-1,-1,0.000000,0.000000,0.000000,False,Sin objeto: medicion congelada
1777335813.180920,True,False,0.11499713,-1,-1,0.000000,0.000000,0.000000,False,Sin objeto: medicion congelada
1777335813.232040,True,False,0.11349841,-1,-1,0.000000,0.000000,0.000000,False,Sin objeto: medicion congelada
1777335813.297945,False,False,0.00000000,-1,-1,0.000000,0.000000,0.000000,False,Sin AprilTag: medicion congelada
1777335813.349721,False,False,0.00000000,-1,-1,0.000000,0.000000,0.000000,False,Sin AprilTag: medicion congelada
1777335813.399845,True,False,0.10912520,-1,-1,0.000000,0.000000,0.000000,False,Sin objeto: medicion congelada
1777335813.465734,True,False,0.10877571,-1,-1,0.000000,0.000000,0.000000,False,Sin objeto: medicion congelada
1777335813.515336,True,False,0.10885525,-1,-1,0.000000,0.000000,0.000000,False,Sin objeto: medicion congelada
1777335813.567545,True,False,0.10885525,-1,-1,0.000000,0.000000,0.000000,False,Sin objeto: medicion congelada
1777335813.617280,True,False,0.10883247,-1,-1,0.000000,0.000000,0.000000,False,Sin objeto: medicion congelada
1777335813.667235,True,False,0.10913996,-1,-1,0.000000,0.000000,0.000000,False,Sin objeto: medicion congelada
1777335813.827990,True,False,0.10913996,-1,-1,0.000000,0.000000,0.000000,False,Sin objeto: medicion congelada
1777335813.862039,True,False,0.10928486,-1,-1,0.000000,0.000000,0.000000,False,Sin objeto: medicion congelada
1777335813.895594,True,False,0.10945311,-1,-1,0.000000,0.000000,0.000000,False,Sin objeto: medicion congelada
1777335813.946042,True,False,0.11002168,-1,-1,0.000000,0.000000,0.000000,False,Sin objeto: medicion congelada
1777335813.984492,True,False,0.11005577,-1,-1,0.000000,0.000000,0.000000,False,Sin objeto: medicion congelada
1777335814.034136,True,False,0.11005577,-1,-1,0.000000,0.000000,0.000000,False,Sin objeto: medicion congelada
1777335814.068147,True,False,0.10994348,-1,-1,0.000000,0.000000,0.000000,False,Sin objeto: medicion congelada
1777335814.102273,True,False,0.10994348,-1,-1,0.000000,0.000000,0.000000,False,Sin objeto: medicion congelada
1777335814.137720,True,False,0.11000325,-1,-1,0.000000,0.000000,0.000000,False,Sin objeto: medicion congelada
1777335814.188278,True,False,0.11000325,-1,-1,0.000000,0.000000,0.000000,False,Sin objeto: medicion congelada
1777335814.238769,True,False,0.11011039,-1,-1,0.000000,0.000000,0.000000,False,Sin objeto: medicion congelada
1777335814.305018,True,False,0.11060736,-1,-1,0.000000,0.000000,0.000000,False,Sin objeto: medicion congelada
1777335814.351251,True,False,0.11067976,-1,-1,0.000000,0.000000,0.000000,False,Sin objeto: medicion congelada
1777335814.385410,True,False,0.11067976,-1,-1,0.000000,0.000000,0.000000,False,Sin objeto: medicion congelada
1777335814.419668,True,False,0.11056634,-1,-1,0.000000,0.000000,0.000000,False,Sin objeto: medicion congelada
1777335814.469493,True,False,0.11056634,-1,-1,0.000000,0.000000,0.000000,False,Sin objeto: medicion congelada
1777335814.536121,True,False,0.11057088,-1,-1,0.000000,0.000000,0.000000,False,Sin objeto: medicion congelada
1777335814.619105,True,False,0.11090876,-1,-1,0.000000,0.000000,0.000000,False,Sin objeto: medicion congelada
1777335814.733924,True,False,0.11092158,-1,-1,0.000000,0.000000,0.000000,False,Sin objeto: medicion congelada
1777335814.784713,True,False,0.11093220,-1,-1,0.000000,0.000000,0.000000,False,Sin objeto: medicion congelada
1777335814.830792,True,False,0.11138651,-1,-1,0.000000,0.000000,0.000000,False,Sin objeto: medicion congelada
1777335814.881137,True,False,0.11138651,-1,-1,0.000000,0.000000,0.000000,False,Sin objeto: medicion congelada
1777335814.948816,True,False,0.11212644,-1,-1,0.000000,0.000000,0.000000,False,Sin objeto: medicion congelada
1777335815.016047,True,False,0.11271039,-1,-1,0.000000,0.000000,0.000000,False,Sin objeto: medicion congelada
1777335815.098943,True,False,0.11298878,-1,-1,0.000000,0.000000,0.000000,False,Sin objeto: medicion congelada
1777335815.180281,True,False,0.11298878,-1,-1,0.000000,0.000000,0.000000,False,Sin objeto: medicion congelada
1777335815.246333,True,False,0.11273452,-1,-1,0.000000,0.000000,0.000000,False,Sin objeto: medicion congelada
1777335815.313889,True,False,0.11269031,-1,-1,0.000000,0.000000,0.000000,False,Sin objeto: medicion congelada
1777335815.378838,True,False,0.11243700,-1,-1,0.000000,0.000000,0.000000,False,Sin objeto: medicion congelada
1777335815.428317,True,False,0.11245446,-1,-1,0.000000,0.000000,0.000000,False,Sin objeto: medicion congelada
1777335815.462971,True,False,0.11245446,-1,-1,0.000000,0.000000,0.000000,False,Sin objeto: medicion congelada
1777335815.530051,True,False,0.11264654,-1,-1,0.000000,0.000000,0.000000,False,Sin objeto: medicion congelada
1777335815.612540,True,False,0.11264654,-1,-1,0.000000,0.000000,0.000000,False,Sin objeto: medicion congelada
1777335815.696272,True,False,0.11206749,-1,-1,0.000000,0.000000,0.000000,False,Sin objeto: medicion congelada
1777335815.761402,True,False,0.11141965,-1,-1,0.000000,0.000000,0.000000,False,Sin objeto: medicion congelada
1777335815.797232,True,False,0.11086785,-1,-1,0.000000,0.000000,0.000000,False,Sin objeto: medicion congelada
1777335815.858278,False,False,0.00000000,-1,-1,0.000000,0.000000,0.000000,False,Sin AprilTag: medicion congelada
1777335815.925123,False,False,0.00000000,-1,-1,0.000000,0.000000,0.000000,False,Sin AprilTag: medicion congelada
1777335815.992030,False,False,0.00000000,-1,-1,0.000000,0.000000,0.000000,False,Sin AprilTag: medicion congelada
1777335816.042121,False,False,0.00000000,-1,-1,0.000000,0.000000,0.000000,False,Sin AprilTag: medicion congelada
1777335816.099493,False,False,0.00000000,-1,-1,0.000000,0.000000,0.000000,False,Sin AprilTag: medicion congelada
1777335816.166035,False,False,0.00000000,-1,-1,0.000000,0.000000,0.000000,False,Sin AprilTag: medicion congelada
1777335816.232768,False,False,0.00000000,-1,-1,0.000000,0.000000,0.000000,False,Sin AprilTag: medicion congelada
1777335816.316053,False,False,0.00000000,-1,-1,0.000000,0.000000,0.000000,False,Sin AprilTag: medicion congelada
1777335816.398251,False,False,0.00000000,-1,-1,0.000000,0.000000,0.000000,False,Sin AprilTag: medicion congelada
1777335816.464486,True,False,0.10996464,-1,-1,0.000000,0.000000,0.000000,False,Sin objeto: medicion congelada
1777335816.547243,True,False,0.10996464,-1,-1,0.000000,0.000000,0.000000,False,Sin objeto: medicion congelada
1777335816.614437,False,False,0.00000000,-1,-1,0.000000,0.000000,0.000000,False,Sin AprilTag: medicion congelada
1777335816.682360,False,False,0.00000000,-1,-1,0.000000,0.000000,0.000000,False,Sin AprilTag: medicion congelada
1777335816.763876,False,False,0.00000000,-1,-1,0.000000,0.000000,0.000000,False,Sin AprilTag: medicion congelada
1777335816.821828,False,False,0.00000000,-1,-1,0.000000,0.000000,0.000000,False,Sin AprilTag: medicion congelada
1777335816.904274,False,False,0.00000000,-1,-1,0.000000,0.000000,0.000000,False,Sin AprilTag: medicion congelada
1777335816.987840,False,False,0.00000000,-1,-1,0.000000,0.000000,0.000000,False,Sin AprilTag: medicion congelada
1777335817.070170,False,False,0.00000000,-1,-1,0.000000,0.000000,0.000000,False,Sin AprilTag: medicion congelada
1777335817.136783,False,False,0.00000000,-1,-1,0.000000,0.000000,0.000000,False,Sin AprilTag: medicion congelada
1777335817.202824,False,False,0.00000000,-1,-1,0.000000,0.000000,0.000000,False,Sin AprilTag: medicion congelada
1777335817.285599,False,False,0.00000000,-1,-1,0.000000,0.000000,0.000000,False,Sin AprilTag: medicion congelada
1777335817.351491,False,False,0.00000000,-1,-1,0.000000,0.000000,0.000000,False,Sin AprilTag: medicion congelada
1777335817.418059,False,False,0.00000000,-1,-1,0.000000,0.000000,0.000000,False,Sin AprilTag: medicion congelada
1777335817.484769,False,False,0.00000000,-1,-1,0.000000,0.000000,0.000000,False,Sin AprilTag: medicion congelada
1777335817.567702,True,False,0.10974081,-1,-1,0.000000,0.000000,0.000000,False,Sin objeto: medicion congelada
1777335817.650014,True,False,0.10987511,-1,-1,0.000000,0.000000,0.000000,False,Sin objeto: medicion congelada
1777335817.730637,True,False,0.11065265,-1,-1,0.000000,0.000000,0.000000,False,Sin objeto: medicion congelada
1777335817.797254,True,False,0.11065265,-1,-1,0.000000,0.000000,0.000000,False,Sin objeto: medicion congelada
1777335817.895925,True,False,0.11261817,-1,-1,0.000000,0.000000,0.000000,False,Sin objeto: medicion congelada
1777335817.945657,True,False,0.11261817,-1,-1,0.000000,0.000000,0.000000,False,Sin objeto: medicion congelada
1777335817.979951,True,False,0.11280549,-1,-1,0.000000,0.000000,0.000000,False,Sin objeto: medicion congelada
1777335818.031579,True,False,0.11280549,-1,-1,0.000000,0.000000,0.000000,False,Sin objeto: medicion congelada
1777335818.114371,False,False,0.00000000,-1,-1,0.000000,0.000000,0.000000,False,Sin AprilTag: medicion congelada
1777335818.180361,False,False,0.00000000,-1,-1,0.000000,0.000000,0.000000,False,Sin AprilTag: medicion congelada
1777335818.247636,True,False,0.11225649,-1,-1,0.000000,0.000000,0.000000,False,Sin objeto: medicion congelada
1777335818.313468,True,False,0.11203656,-1,-1,0.000000,0.000000,0.000000,False,Sin objeto: medicion congelada
1777335818.347976,True,False,0.11203656,-1,-1,0.000000,0.000000,0.000000,False,Sin objeto: medicion congelada
1777335818.399229,True,False,0.11207193,-1,-1,0.000000,0.000000,0.000000,False,Sin objeto: medicion congelada
1777335818.467087,True,False,0.11209814,-1,-1,0.000000,0.000000,0.000000,False,Sin objeto: medicion congelada
1777335818.533019,True,False,0.11209814,-1,-1,0.000000,0.000000,0.000000,False,Sin objeto: medicion congelada
1777335818.599199,True,False,0.11189465,-1,-1,0.000000,0.000000,0.000000,False,Sin objeto: medicion congelada
1777335818.667831,False,False,0.00000000,-1,-1,0.000000,0.000000,0.000000,False,Sin AprilTag: medicion congelada
1777335818.749140,True,False,0.11181090,-1,-1,0.000000,0.000000,0.000000,False,Sin objeto: medicion congelada
1777335818.814907,True,False,0.11183593,-1,-1,0.000000,0.000000,0.000000,False,Sin objeto: medicion congelada
1777335818.881484,True,False,0.11183593,-1,-1,0.000000,0.000000,0.000000,False,Sin objeto: medicion congelada
1777335818.964244,True,False,0.11202654,-1,-1,0.000000,0.000000,0.000000,False,Sin objeto: medicion congelada
1777335819.030973,False,False,0.00000000,-1,-1,0.000000,0.000000,0.000000,False,Sin AprilTag: medicion congelada
1777335819.081062,True,False,0.11215212,-1,-1,0.000000,0.000000,0.000000,False,Sin objeto: medicion congelada
1777335819.147433,True,False,0.11215212,-1,-1,0.000000,0.000000,0.000000,False,Sin objeto: medicion congelada
1777335819.215887,True,False,0.11194640,-1,-1,0.000000,0.000000,0.000000,False,Sin objeto: medicion congelada
1777335819.281958,True,False,0.11214833,-1,-1,0.000000,0.000000,0.000000,False,Sin objeto: medicion congelada
1777335819.365572,True,False,0.11212426,-1,-1,0.000000,0.000000,0.000000,False,Sin objeto: medicion congelada
1777335819.448932,True,False,0.11221127,-1,-1,0.000000,0.000000,0.000000,False,Sin objeto: medicion congelada
1777335819.530085,True,False,0.11265136,-1,-1,0.000000,0.000000,0.000000,False,Sin objeto: medicion congelada
1777335819.613231,True,False,0.11265136,-1,-1,0.000000,0.000000,0.000000,False,Sin objeto: medicion congelada
1777335819.664066,False,False,0.00000000,-1,-1,0.000000,0.000000,0.000000,False,Sin AprilTag: medicion congelada
1777335819.729581,False,False,0.00000000,-1,-1,0.000000,0.000000,0.000000,False,Sin AprilTag: medicion congelada
1777335819.780597,False,False,0.00000000,-1,-1,0.000000,0.000000,0.000000,False,Sin AprilTag: medicion congelada
1777335819.862563,False,False,0.00000000,-1,-1,0.000000,0.000000,0.000000,False,Sin AprilTag: medicion congelada
1777335819.895829,False,False,0.00000000,-1,-1,0.000000,0.000000,0.000000,False,Sin AprilTag: medicion congelada
1777335819.946252,False,False,0.00000000,-1,-1,0.000000,0.000000,0.000000,False,Sin AprilTag: medicion congelada
1777335820.012761,False,False,0.00000000,-1,-1,0.000000,0.000000,0.000000,False,Sin AprilTag: medicion congelada
1777335820.079952,False,False,0.00000000,-1,-1,0.000000,0.000000,0.000000,False,Sin AprilTag: medicion congelada
1777335820.146960,False,False,0.00000000,-1,-1,0.000000,0.000000,0.000000,False,Sin AprilTag: medicion congelada
1777335820.213370,False,False,0.00000000,-1,-1,0.000000,0.000000,0.000000,False,Sin AprilTag: medicion congelada
1777335820.294292,False,False,0.00000000,-1,-1,0.000000,0.000000,0.000000,False,Sin AprilTag: medicion congelada
1777335820.350077,False,False,0.00000000,-1,-1,0.000000,0.000000,0.000000,False,Sin AprilTag: medicion congelada
1777335820.384193,False,False,0.00000000,-1,-1,0.000000,0.000000,0.000000,False,Sin AprilTag: medicion congelada
1777335820.435536,False,False,0.00000000,-1,-1,0.000000,0.000000,0.000000,False,Sin AprilTag: medicion congelada
1777335820.502723,False,False,0.00000000,-1,-1,0.000000,0.000000,0.000000,False,Sin AprilTag: medicion congelada
1777335820.585348,False,False,0.00000000,-1,-1,0.000000,0.000000,0.000000,False,Sin AprilTag: medicion congelada
1777335820.667781,False,False,0.00000000,-1,-1,0.000000,0.000000,0.000000,False,Sin AprilTag: medicion congelada
1777335820.735015,False,False,0.00000000,-1,-1,0.000000,0.000000,0.000000,False,Sin AprilTag: medicion congelada
1777335820.800676,False,False,0.00000000,-1,-1,0.000000,0.000000,0.000000,False,Sin AprilTag: medicion congelada
1777335820.868027,True,False,0.11443100,-1,-1,0.000000,0.000000,0.000000,False,Sin objeto: medicion congelada
1777335820.949944,False,False,0.00000000,-1,-1,0.000000,0.000000,0.000000,False,Sin AprilTag: medicion congelada
1777335821.017274,False,False,0.00000000,-1,-1,0.000000,0.000000,0.000000,False,Sin AprilTag: medicion congelada
1777335821.083860,False,False,0.00000000,-1,-1,0.000000,0.000000,0.000000,False,Sin AprilTag: medicion congelada
1777335821.151183,False,False,0.00000000,-1,-1,0.000000,0.000000,0.000000,False,Sin AprilTag: medicion congelada
1777335821.218862,True,False,0.11343662,-1,-1,0.000000,0.000000,0.000000,False,Sin objeto: medicion congelada
1777335821.285044,True,False,0.11343662,-1,-1,0.000000,0.000000,0.000000,False,Sin objeto: medicion congelada
1777335821.351577,True,False,0.11247216,-1,-1,0.000000,0.000000,0.000000,False,Sin objeto: medicion congelada
1777335821.433088,True,False,0.11231175,-1,-1,0.000000,0.000000,0.000000,False,Sin objeto: medicion congelada
1777335821.483956,True,False,0.11170542,-1,-1,0.000000,0.000000,0.000000,False,Sin objeto: medicion congelada
1777335821.565820,True,False,0.11107303,-1,-1,0.000000,0.000000,0.000000,False,Sin objeto: medicion congelada
1777335821.615542,True,False,0.11107303,-1,-1,0.000000,0.000000,0.000000,False,Sin objeto: medicion congelada
1777335821.665532,True,False,0.11032740,-1,-1,0.000000,0.000000,0.000000,False,Sin objeto: medicion congelada
1777335821.732756,True,False,0.11035729,-1,-1,0.000000,0.000000,0.000000,False,Sin objeto: medicion congelada
1777335821.799417,True,False,0.11016504,-1,-1,0.000000,0.000000,0.000000,False,Sin objeto: medicion congelada
1777335821.868090,True,False,0.11016504,-1,-1,0.000000,0.000000,0.000000,False,Sin objeto: medicion congelada
1777335821.952221,True,False,0.10959359,-1,-1,0.000000,0.000000,0.000000,False,Sin objeto: medicion congelada
1777335822.035202,True,False,0.10957603,-1,-1,0.000000,0.000000,0.000000,False,Sin objeto: medicion congelada
1777335822.101934,True,False,0.10943516,-1,-1,0.000000,0.000000,0.000000,False,Sin objeto: medicion congelada
1777335822.169073,False,False,0.00000000,-1,-1,0.000000,0.000000,0.000000,False,Sin AprilTag: medicion congelada
1777335822.236207,False,False,0.00000000,-1,-1,0.000000,0.000000,0.000000,False,Sin AprilTag: medicion congelada
1777335822.303154,True,False,0.10926241,-1,-1,0.000000,0.000000,0.000000,False,Sin objeto: medicion congelada
1777335822.370774,True,False,0.10909939,-1,-1,0.000000,0.000000,0.000000,False,Sin objeto: medicion congelada
1777335822.437790,True,False,0.10900834,-1,-1,0.000000,0.000000,0.000000,False,Sin objeto: medicion congelada
1777335822.503757,True,False,0.10900834,-1,-1,0.000000,0.000000,0.000000,False,Sin objeto: medicion congelada
1777335822.586606,True,False,0.10923202,-1,-1,0.000000,0.000000,0.000000,False,Sin objeto: medicion congelada
1777335822.669465,True,False,0.10924464,-1,-1,0.000000,0.000000,0.000000,False,Sin objeto: medicion congelada
1777335822.734626,True,False,0.10891011,-1,-1,0.000000,0.000000,0.000000,False,Sin objeto: medicion congelada
1777335822.767142,True,False,0.10905094,-1,-1,0.000000,0.000000,0.000000,False,Sin objeto: medicion congelada
1777335822.801551,True,False,0.10905094,-1,-1,0.000000,0.000000,0.000000,False,Sin objeto: medicion congelada
1777335822.853121,True,False,0.10911446,-1,-1,0.000000,0.000000,0.000000,False,Sin objeto: medicion congelada
1777335822.918605,True,False,0.10911446,-1,-1,0.000000,0.000000,0.000000,False,Sin objeto: medicion congelada
1777335822.968138,True,False,0.10913166,-1,-1,0.000000,0.000000,0.000000,False,Sin objeto: medicion congelada
1777335823.001929,True,False,0.10926874,-1,-1,0.000000,0.000000,0.000000,False,Sin objeto: medicion congelada
1777335823.059113,True,False,0.10930903,-1,-1,0.000000,0.000000,0.000000,False,Sin objeto: medicion congelada
1777335823.125926,True,False,0.10930903,-1,-1,0.000000,0.000000,0.000000,False,Sin objeto: medicion congelada
1777335823.210461,True,False,0.10950366,-1,-1,0.000000,0.000000,0.000000,False,Sin objeto: medicion congelada
1777335823.293956,False,False,0.00000000,-1,-1,0.000000,0.000000,0.000000,False,Sin AprilTag: medicion congelada
1777335823.375359,True,False,0.11007525,-1,-1,0.000000,0.000000,0.000000,False,Sin objeto: medicion congelada
1777335823.457526,True,False,0.10994023,-1,-1,0.000000,0.000000,0.000000,False,Sin objeto: medicion congelada
1777335823.523990,True,False,0.10990943,-1,-1,0.000000,0.000000,0.000000,False,Sin objeto: medicion congelada
1777335823.589243,True,False,0.11007153,-1,-1,0.000000,0.000000,0.000000,False,Sin objeto: medicion congelada
1777335823.655686,True,False,0.11007153,-1,-1,0.000000,0.000000,0.000000,False,Sin objeto: medicion congelada
1777335823.721896,True,False,0.11054894,-1,-1,0.000000,0.000000,0.000000,False,Sin objeto: medicion congelada
1777335823.787555,True,False,0.11092285,-1,-1,0.000000,0.000000,0.000000,False,Sin objeto: medicion congelada
1777335823.838467,True,False,0.11141938,-1,-1,0.000000,0.000000,0.000000,False,Sin objeto: medicion congelada
1777335823.905015,True,False,0.11141938,-1,-1,0.000000,0.000000,0.000000,False,Sin objeto: medicion congelada
1777335823.971738,False,False,0.00000000,-1,-1,0.000000,0.000000,0.000000,False,Sin AprilTag: medicion congelada
1777335824.054668,True,False,0.11107587,-1,-1,0.000000,0.000000,0.000000,False,Sin objeto: medicion congelada
1777335824.137312,True,False,0.11159560,-1,-1,0.000000,0.000000,0.000000,False,Sin objeto: medicion congelada
1777335824.204861,True,False,0.11139374,-1,-1,0.000000,0.000000,0.000000,False,Sin objeto: medicion congelada
1777335824.272055,True,False,0.11139374,-1,-1,0.000000,0.000000,0.000000,False,Sin objeto: medicion congelada
1777335824.338944,True,False,0.11116520,-1,-1,0.000000,0.000000,0.000000,False,Sin objeto: medicion congelada
1777335824.405407,True,False,0.11141480,-1,-1,0.000000,0.000000,0.000000,False,Sin objeto: medicion congelada
1777335824.473435,True,False,0.11123354,-1,-1,0.000000,0.000000,0.000000,False,Sin objeto: medicion congelada
1777335824.539402,True,False,0.11123354,-1,-1,0.000000,0.000000,0.000000,False,Sin objeto: medicion congelada
1777335824.588892,True,False,0.11152089,-1,-1,0.000000,0.000000,0.000000,False,Sin objeto: medicion congelada
1777335824.634322,True,False,0.11149393,-1,-1,0.000000,0.000000,0.000000,False,Sin objeto: medicion congelada
1777335824.674731,True,False,0.11156093,-1,-1,0.000000,0.000000,0.000000,False,Sin objeto: medicion congelada
1777335824.716735,True,False,0.11156093,-1,-1,0.000000,0.000000,0.000000,False,Sin objeto: medicion congelada
1777335824.753869,True,False,0.11151352,-1,-1,0.000000,0.000000,0.000000,False,Sin objeto: medicion congelada
1777335824.788585,True,False,0.11151352,-1,-1,0.000000,0.000000,0.000000,False,Sin objeto: medicion congelada
1777335824.824328,True,False,0.11122306,-1,-1,0.000000,0.000000,0.000000,False,Sin objeto: medicion congelada
1777335824.874200,True,False,0.11122306,-1,-1,0.000000,0.000000,0.000000,False,Sin objeto: medicion congelada
1777335824.941992,True,False,0.11112689,-1,-1,0.000000,0.000000,0.000000,False,Sin objeto: medicion congelada
1777335825.007981,True,False,0.11125839,-1,-1,0.000000,0.000000,0.000000,False,Sin objeto: medicion congelada
1777335825.073034,True,False,0.11112810,-1,-1,0.000000,0.000000,0.000000,False,Sin objeto: medicion congelada
1777335825.121869,True,False,0.11112810,-1,-1,0.000000,0.000000,0.000000,False,Sin objeto: medicion congelada
1777335825.154696,True,False,0.11084451,-1,-1,0.000000,0.000000,0.000000,False,Sin objeto: medicion congelada
1777335825.215915,True,False,0.11097831,-1,-1,0.000000,0.000000,0.000000,False,Sin objeto: medicion congelada
1777335825.282450,True,False,0.11097831,-1,-1,0.000000,0.000000,0.000000,False,Sin objeto: medicion congelada
1777335825.316900,True,False,0.11119788,-1,-1,0.000000,0.000000,0.000000,False,Sin objeto: medicion congelada
1777335825.352127,True,False,0.11119788,-1,-1,0.000000,0.000000,0.000000,False,Sin objeto: medicion congelada
1777335825.389212,True,False,0.11115456,-1,-1,0.000000,0.000000,0.000000,False,Sin objeto: medicion congelada
1777335825.423660,True,False,0.11133884,-1,-1,0.000000,0.000000,0.000000,False,Sin objeto: medicion congelada
1777335825.458014,True,False,0.11133884,-1,-1,0.000000,0.000000,0.000000,False,Sin objeto: medicion congelada
1777335825.492406,True,False,0.11134380,-1,-1,0.000000,0.000000,0.000000,False,Sin objeto: medicion congelada
1777335825.526416,True,False,0.11134380,-1,-1,0.000000,0.000000,0.000000,False,Sin objeto: medicion congelada
1777335825.561095,True,False,0.11137164,-1,-1,0.000000,0.000000,0.000000,False,Sin objeto: medicion congelada
1777335825.594243,True,False,0.11137164,-1,-1,0.000000,0.000000,0.000000,False,Sin objeto: medicion congelada
1777335825.629457,True,False,0.11118859,-1,-1,0.000000,0.000000,0.000000,False,Sin objeto: medicion congelada
1777335825.663826,True,False,0.11091050,-1,-1,0.000000,0.000000,0.000000,False,Sin objeto: medicion congelada
1777335825.698038,True,False,0.11091050,-1,-1,0.000000,0.000000,0.000000,False,Sin objeto: medicion congelada
1777335825.731392,False,False,0.00000000,-1,-1,0.000000,0.000000,0.000000,False,Sin AprilTag: medicion congelada
1777335825.771870,False,False,0.00000000,-1,-1,0.000000,0.000000,0.000000,False,Sin AprilTag: medicion congelada
1777335825.805247,False,False,0.00000000,-1,-1,0.000000,0.000000,0.000000,False,Sin AprilTag: medicion congelada
1777335825.856583,False,False,0.00000000,-1,-1,0.000000,0.000000,0.000000,False,Sin AprilTag: medicion congelada
1777335825.923464,False,False,0.00000000,-1,-1,0.000000,0.000000,0.000000,False,Sin AprilTag: medicion congelada
1777335825.990432,False,False,0.00000000,-1,-1,0.000000,0.000000,0.000000,False,Sin AprilTag: medicion congelada
1777335826.056077,True,False,0.11155029,-1,-1,0.000000,0.000000,0.000000,False,Sin objeto: medicion congelada
1777335826.116482,True,False,0.11182950,-1,-1,0.000000,0.000000,0.000000,False,Sin objeto: medicion congelada
1777335826.199914,True,False,0.11182950,-1,-1,0.000000,0.000000,0.000000,False,Sin objeto: medicion congelada
1777335826.266857,True,False,0.11183508,-1,-1,0.000000,0.000000,0.000000,False,Sin objeto: medicion congelada
1777335826.332587,False,False,0.00000000,-1,-1,0.000000,0.000000,0.000000,False,Sin AprilTag: medicion congelada
1777335826.382483,False,False,0.00000000,-1,-1,0.000000,0.000000,0.000000,False,Sin AprilTag: medicion congelada
1777335826.431645,False,False,0.00000000,-1,-1,0.000000,0.000000,0.000000,False,Sin AprilTag: medicion congelada
1777335826.465156,True,False,0.11224190,-1,-1,0.000000,0.000000,0.000000,False,Sin objeto: medicion congelada
1777335826.526627,False,False,0.00000000,-1,-1,0.000000,0.000000,0.000000,False,Sin AprilTag: medicion congelada
1777335826.590687,False,False,0.00000000,-1,-1,0.000000,0.000000,0.000000,False,Sin AprilTag: medicion congelada
1777335826.624852,False,False,0.00000000,-1,-1,0.000000,0.000000,0.000000,False,Sin AprilTag: medicion congelada
1777335826.658954,True,False,0.11232775,-1,-1,0.000000,0.000000,0.000000,False,Sin objeto: medicion congelada
1777335826.692711,True,False,0.11232775,-1,-1,0.000000,0.000000,0.000000,False,Sin objeto: medicion congelada
1777335826.726936,True,False,0.11234765,-1,-1,0.000000,0.000000,0.000000,False,Sin objeto: medicion congelada
1777335826.761195,True,False,0.11234765,-1,-1,0.000000,0.000000,0.000000,False,Sin objeto: medicion congelada
1777335826.794656,True,False,0.11244988,-1,-1,0.000000,0.000000,0.000000,False,Sin objeto: medicion congelada
1777335826.830663,False,False,0.00000000,-1,-1,0.000000,0.000000,0.000000,False,Sin AprilTag: medicion congelada
1777335826.864351,False,False,0.00000000,-1,-1,0.000000,0.000000,0.000000,False,Sin AprilTag: medicion congelada
1777335826.898966,True,False,0.11241797,-1,-1,0.000000,0.000000,0.000000,False,Sin objeto: medicion congelada
1777335826.932807,True,False,0.11241797,-1,-1,0.000000,0.000000,0.000000,False,Sin objeto: medicion congelada
1777335826.966865,False,False,0.00000000,-1,-1,0.000000,0.000000,0.000000,False,Sin AprilTag: medicion congelada
1777335827.001358,False,False,0.00000000,-1,-1,0.000000,0.000000,0.000000,False,Sin AprilTag: medicion congelada
1777335827.036346,True,False,0.11237224,-1,-1,0.000000,0.000000,0.000000,False,Sin objeto: medicion congelada
1777335827.071856,False,False,0.00000000,-1,-1,0.000000,0.000000,0.000000,False,Sin AprilTag: medicion congelada
1777335827.105084,False,False,0.00000000,-1,-1,0.000000,0.000000,0.000000,False,Sin AprilTag: medicion congelada
1777335827.139416,False,False,0.00000000,-1,-1,0.000000,0.000000,0.000000,False,Sin AprilTag: medicion congelada
1777335827.173828,False,False,0.00000000,-1,-1,0.000000,0.000000,0.000000,False,Sin AprilTag: medicion congelada
1777335827.207752,False,False,0.00000000,-1,-1,0.000000,0.000000,0.000000,False,Sin AprilTag: medicion congelada
1777335827.241870,False,False,0.00000000,-1,-1,0.000000,0.000000,0.000000,False,Sin AprilTag: medicion congelada
1777335827.277116,False,False,0.00000000,-1,-1,0.000000,0.000000,0.000000,False,Sin AprilTag: medicion congelada
1777335827.310924,False,False,0.00000000,-1,-1,0.000000,0.000000,0.000000,False,Sin AprilTag: medicion congelada
1777335827.345674,False,False,0.00000000,-1,-1,0.000000,0.000000,0.000000,False,Sin AprilTag: medicion congelada
1777335827.380560,False,False,0.00000000,-1,-1,0.000000,0.000000,0.000000,False,Sin AprilTag: medicion congelada
1777335827.414576,True,False,0.11236451,-1,-1,0.000000,0.000000,0.000000,False,Sin objeto: medicion congelada
1777335827.462663,False,False,0.00000000,-1,-1,0.000000,0.000000,0.000000,False,Sin AprilTag: medicion congelada
1777335827.496906,False,False,0.00000000,-1,-1,0.000000,0.000000,0.000000,False,Sin AprilTag: medicion congelada
1777335827.530962,False,False,0.00000000,-1,-1,0.000000,0.000000,0.000000,False,Sin AprilTag: medicion congelada
1777335827.564206,False,False,0.00000000,-1,-1,0.000000,0.000000,0.000000,False,Sin AprilTag: medicion congelada
1777335827.598473,False,False,0.00000000,-1,-1,0.000000,0.000000,0.000000,False,Sin AprilTag: medicion congelada
1777335827.632418,False,False,0.00000000,-1,-1,0.000000,0.000000,0.000000,False,Sin AprilTag: medicion congelada
1777335827.666760,True,False,0.11259273,-1,-1,0.000000,0.000000,0.000000,False,Sin objeto: medicion congelada
1777335827.727657,True,False,0.11235212,-1,-1,0.000000,0.000000,0.000000,False,Sin objeto: medicion congelada
1777335827.790523,True,False,0.11247761,-1,-1,0.000000,0.000000,0.000000,False,Sin objeto: medicion congelada
1777335827.824900,True,False,0.11247761,-1,-1,0.000000,0.000000,0.000000,False,Sin objeto: medicion congelada
1777335827.858917,True,False,0.11236016,-1,-1,0.000000,0.000000,0.000000,False,Sin objeto: medicion congelada
1777335827.893110,True,False,0.11236016,-1,-1,0.000000,0.000000,0.000000,False,Sin objeto: medicion congelada
1777335827.927334,False,False,0.00000000,-1,-1,0.000000,0.000000,0.000000,False,Sin AprilTag: medicion congelada
1777335827.961893,False,False,0.00000000,-1,-1,0.000000,0.000000,0.000000,False,Sin AprilTag: medicion congelada
1777335827.996046,False,False,0.00000000,-1,-1,0.000000,0.000000,0.000000,False,Sin AprilTag: medicion congelada
1777335828.029224,False,False,0.00000000,-1,-1,0.000000,0.000000,0.000000,False,Sin AprilTag: medicion congelada
1777335828.063701,False,False,0.00000000,-1,-1,0.000000,0.000000,0.000000,False,Sin AprilTag: medicion congelada
1777335828.097891,False,False,0.00000000,-1,-1,0.000000,0.000000,0.000000,False,Sin AprilTag: medicion congelada
1777335828.131310,False,False,0.00000000,-1,-1,0.000000,0.000000,0.000000,False,Sin AprilTag: medicion congelada
1777335828.164786,False,False,0.00000000,-1,-1,0.000000,0.000000,0.000000,False,Sin AprilTag: medicion congelada
1777335828.198955,False,False,0.00000000,-1,-1,0.000000,0.000000,0.000000,False,Sin AprilTag: medicion congelada
1777335828.233360,False,False,0.00000000,-1,-1,0.000000,0.000000,0.000000,False,Sin AprilTag: medicion congelada
1777335828.272078,False,False,0.00000000,-1,-1,0.000000,0.000000,0.000000,False,Sin AprilTag: medicion congelada
1777335828.306505,False,False,0.00000000,-1,-1,0.000000,0.000000,0.000000,False,Sin AprilTag: medicion congelada
1777335828.341333,True,False,0.11140607,-1,-1,0.000000,0.000000,0.000000,False,Sin objeto: medicion congelada
1777335828.375038,True,False,0.11140607,-1,-1,0.000000,0.000000,0.000000,False,Sin objeto: medicion congelada
1777335828.425287,True,False,0.11129095,-1,-1,0.000000,0.000000,0.000000,False,Sin objeto: medicion congelada
1777335828.476024,True,False,0.11129095,-1,-1,0.000000,0.000000,0.000000,False,Sin objeto: medicion congelada
1777335828.511590,True,False,0.11115920,-1,-1,0.000000,0.000000,0.000000,False,Sin objeto: medicion congelada
1777335828.563905,True,False,0.11115920,-1,-1,0.000000,0.000000,0.000000,False,Sin objeto: medicion congelada
1777335828.645938,False,False,0.00000000,-1,-1,0.000000,0.000000,0.000000,False,Sin AprilTag: medicion congelada
1777335828.696988,False,False,0.00000000,-1,-1,0.000000,0.000000,0.000000,False,Sin AprilTag: medicion congelada
1777335828.764086,False,False,0.00000000,-1,-1,0.000000,0.000000,0.000000,False,Sin AprilTag: medicion congelada
1777335828.828804,False,False,0.00000000,-1,-1,0.000000,0.000000,0.000000,False,Sin AprilTag: medicion congelada
1777335828.863235,False,False,0.00000000,-1,-1,0.000000,0.000000,0.000000,False,Sin AprilTag: medicion congelada
1777335828.897676,False,False,0.00000000,-1,-1,0.000000,0.000000,0.000000,False,Sin AprilTag: medicion congelada
1777335828.932037,False,False,0.00000000,-1,-1,0.000000,0.000000,0.000000,False,Sin AprilTag: medicion congelada
1777335828.966322,False,False,0.00000000,-1,-1,0.000000,0.000000,0.000000,False,Sin AprilTag: medicion congelada
1777335829.000832,False,False,0.00000000,-1,-1,0.000000,0.000000,0.000000,False,Sin AprilTag: medicion congelada
1777335829.034561,False,False,0.00000000,-1,-1,0.000000,0.000000,0.000000,False,Sin AprilTag: medicion congelada
1777335829.067898,False,False,0.00000000,-1,-1,0.000000,0.000000,0.000000,False,Sin AprilTag: medicion congelada
1777335829.221056,False,False,0.00000000,-1,-1,0.000000,0.000000,0.000000,False,Sin AprilTag: medicion congelada
1777335829.619005,False,False,0.00000000,-1,-1,0.000000,0.000000,0.000000,False,Sin AprilTag: medicion congelada
1777335829.672790,False,False,0.00000000,-1,-1,0.000000,0.000000,0.000000,False,Sin AprilTag: medicion congelada
1777335829.722544,False,False,0.00000000,-1,-1,0.000000,0.000000,0.000000,False,Sin AprilTag: medicion congelada
1777335830.100669,False,False,0.00000000,-1,-1,0.000000,0.000000,0.000000,False,Sin AprilTag: medicion congelada
1777335830.151247,False,False,0.00000000,-1,-1,0.000000,0.000000,0.000000,False,Sin AprilTag: medicion congelada
1777335830.202438,False,False,0.00000000,-1,-1,0.000000,0.000000,0.000000,False,Sin AprilTag: medicion congelada
1777335830.260255,False,False,0.00000000,-1,-1,0.000000,0.000000,0.000000,False,Sin AprilTag: medicion congelada
1777335830.310772,False,False,0.00000000,-1,-1,0.000000,0.000000,0.000000,False,Sin AprilTag: medicion congelada
1777335830.366864,False,False,0.00000000,-1,-1,0.000000,0.000000,0.000000,False,Sin AprilTag: medicion congelada
1777335830.588040,False,False,0.00000000,-1,-1,0.000000,0.000000,0.000000,False,Sin AprilTag: medicion congelada
1777335830.637760,False,False,0.00000000,-1,-1,0.000000,0.000000,0.000000,False,Sin AprilTag: medicion congelada
1777335830.690410,False,False,0.00000000,-1,-1,0.000000,0.000000,0.000000,False,Sin AprilTag: medicion congelada
1777335830.741041,False,False,0.00000000,-1,-1,0.000000,0.000000,0.000000,False,Sin AprilTag: medicion congelada
1777335830.822821,False,False,0.00000000,-1,-1,0.000000,0.000000,0.000000,False,Sin AprilTag: medicion congelada
1777335830.873778,False,False,0.00000000,-1,-1,0.000000,0.000000,0.000000,False,Sin AprilTag: medicion congelada
1777335831.143504,False,False,0.00000000,-1,-1,0.000000,0.000000,0.000000,False,Sin AprilTag: medicion congelada
1777335831.343141,False,False,0.00000000,-1,-1,0.000000,0.000000,0.000000,False,Sin AprilTag: medicion congelada
1777335831.378251,False,False,0.00000000,-1,-1,0.000000,0.000000,0.000000,False,Sin AprilTag: medicion congelada
1777335831.428174,False,False,0.00000000,-1,-1,0.000000,0.000000,0.000000,False,Sin AprilTag: medicion congelada
1777335831.510249,False,False,0.00000000,-1,-1,0.000000,0.000000,0.000000,False,Sin AprilTag: medicion congelada
1777335831.575999,False,False,0.00000000,-1,-1,0.000000,0.000000,0.000000,False,Sin AprilTag: medicion congelada
1777335831.666466,False,False,0.00000000,-1,-1,0.000000,0.000000,0.000000,False,Sin AprilTag: medicion congelada
1777335831.748774,False,False,0.00000000,-1,-1,0.000000,0.000000,0.000000,False,Sin AprilTag: medicion congelada
1777335831.821306,False,False,0.00000000,-1,-1,0.000000,0.000000,0.000000,False,Sin AprilTag: medicion congelada
1777335831.871628,False,False,0.00000000,-1,-1,0.000000,0.000000,0.000000,False,Sin AprilTag: medicion congelada
1777335831.905929,False,False,0.00000000,-1,-1,0.000000,0.000000,0.000000,False,Sin AprilTag: medicion congelada
1777335831.940469,False,False,0.00000000,-1,-1,0.000000,0.000000,0.000000,False,Sin AprilTag: medicion congelada
1777335831.976443,False,False,0.00000000,-1,-1,0.000000,0.000000,0.000000,False,Sin AprilTag: medicion congelada
1777335832.026516,False,False,0.00000000,-1,-1,0.000000,0.000000,0.000000,False,Sin AprilTag: medicion congelada
1777335832.060687,False,False,0.00000000,-1,-1,0.000000,0.000000,0.000000,False,Sin AprilTag: medicion congelada
1777335832.112202,False,False,0.00000000,-1,-1,0.000000,0.000000,0.000000,False,Sin AprilTag: medicion congelada
1777335832.162977,False,False,0.00000000,-1,-1,0.000000,0.000000,0.000000,False,Sin AprilTag: medicion congelada
1777335832.276708,False,False,0.00000000,-1,-1,0.000000,0.000000,0.000000,False,Sin AprilTag: medicion congelada
1777335832.359292,False,False,0.00000000,-1,-1,0.000000,0.000000,0.000000,False,Sin AprilTag: medicion congelada
1777335832.409915,False,False,0.00000000,-1,-1,0.000000,0.000000,0.000000,False,Sin AprilTag: medicion congelada
1777335832.473188,False,False,0.00000000,-1,-1,0.000000,0.000000,0.000000,False,Sin AprilTag: medicion congelada
1777335832.523010,False,False,0.00000000,-1,-1,0.000000,0.000000,0.000000,False,Sin AprilTag: medicion congelada
1777335832.590048,False,False,0.00000000,-1,-1,0.000000,0.000000,0.000000,False,Sin AprilTag: medicion congelada
1777335832.687873,False,False,0.00000000,-1,-1,0.000000,0.000000,0.000000,False,Sin AprilTag: medicion congelada
1777335832.810444,False,False,0.00000000,-1,-1,0.000000,0.000000,0.000000,False,Sin AprilTag: medicion congelada
1777335832.891721,False,False,0.00000000,-1,-1,0.000000,0.000000,0.000000,False,Sin AprilTag: medicion congelada
1777335832.942852,False,False,0.00000000,-1,-1,0.000000,0.000000,0.000000,False,Sin AprilTag: medicion congelada
1777335832.977274,False,False,0.00000000,-1,-1,0.000000,0.000000,0.000000,False,Sin AprilTag: medicion congelada
1777335833.027306,False,False,0.00000000,-1,-1,0.000000,0.000000,0.000000,False,Sin AprilTag: medicion congelada
1777335833.094577,False,False,0.00000000,-1,-1,0.000000,0.000000,0.000000,False,Sin AprilTag: medicion congelada
1777335833.177001,False,False,0.00000000,-1,-1,0.000000,0.000000,0.000000,False,Sin AprilTag: medicion congelada
1777335833.247092,False,False,0.00000000,-1,-1,0.000000,0.000000,0.000000,False,Sin AprilTag: medicion congelada
1777335833.312851,False,False,0.00000000,-1,-1,0.000000,0.000000,0.000000,False,Sin AprilTag: medicion congelada
1777335833.393780,False,False,0.00000000,-1,-1,0.000000,0.000000,0.000000,False,Sin AprilTag: medicion congelada
1777335833.460744,False,False,0.00000000,-1,-1,0.000000,0.000000,0.000000,False,Sin AprilTag: medicion congelada
1777335833.543523,False,False,0.00000000,-1,-1,0.000000,0.000000,0.000000,False,Sin AprilTag: medicion congelada
1777335833.609054,False,False,0.00000000,-1,-1,0.000000,0.000000,0.000000,False,Sin AprilTag: medicion congelada
1777335833.690938,False,False,0.00000000,-1,-1,0.000000,0.000000,0.000000,False,Sin AprilTag: medicion congelada
1777335833.788608,False,False,0.00000000,-1,-1,0.000000,0.000000,0.000000,False,Sin AprilTag: medicion congelada
1777335833.837699,False,False,0.00000000,-1,-1,0.000000,0.000000,0.000000,False,Sin AprilTag: medicion congelada
1777335833.888000,False,False,0.00000000,-1,-1,0.000000,0.000000,0.000000,False,Sin AprilTag: medicion congelada
1777335833.957053,False,False,0.00000000,-1,-1,0.000000,0.000000,0.000000,False,Sin AprilTag: medicion congelada
1777335834.023863,False,False,0.00000000,-1,-1,0.000000,0.000000,0.000000,False,Sin AprilTag: medicion congelada
1777335834.105794,False,False,0.00000000,-1,-1,0.000000,0.000000,0.000000,False,Sin AprilTag: medicion congelada
1777335834.205163,False,False,0.00000000,-1,-1,0.000000,0.000000,0.000000,False,Sin AprilTag: medicion congelada
1777335834.301903,False,False,0.00000000,-1,-1,0.000000,0.000000,0.000000,False,Sin AprilTag: medicion congelada
1777335834.367772,False,False,0.00000000,-1,-1,0.000000,0.000000,0.000000,False,Sin AprilTag: medicion congelada
1777335834.419175,False,False,0.00000000,-1,-1,0.000000,0.000000,0.000000,False,Sin AprilTag: medicion congelada
1777335834.484925,False,False,0.00000000,-1,-1,0.000000,0.000000,0.000000,False,Sin AprilTag: medicion congelada
1777335834.569083,False,False,0.00000000,-1,-1,0.000000,0.000000,0.000000,False,Sin AprilTag: medicion congelada
1777335834.635398,False,False,0.00000000,-1,-1,0.000000,0.000000,0.000000,False,Sin AprilTag: medicion congelada
1777335834.750052,False,False,0.00000000,-1,-1,0.000000,0.000000,0.000000,False,Sin AprilTag: medicion congelada
1777335834.854605,False,False,0.00000000,-1,-1,0.000000,0.000000,0.000000,False,Sin AprilTag: medicion congelada
1777335834.935425,False,False,0.00000000,-1,-1,0.000000,0.000000,0.000000,False,Sin AprilTag: medicion congelada
1777335834.984781,False,False,0.00000000,-1,-1,0.000000,0.000000,0.000000,False,Sin AprilTag: medicion congelada
1777335835.019693,False,False,0.00000000,-1,-1,0.000000,0.000000,0.000000,False,Sin AprilTag: medicion congelada
1777335835.070881,False,False,0.00000000,-1,-1,0.000000,0.000000,0.000000,False,Sin AprilTag: medicion congelada
1777335835.138605,False,False,0.00000000,-1,-1,0.000000,0.000000,0.000000,False,Sin AprilTag: medicion congelada
1777335835.205527,False,False,0.00000000,-1,-1,0.000000,0.000000,0.000000,False,Sin AprilTag: medicion congelada
1777335835.272212,False,False,0.00000000,-1,-1,0.000000,0.000000,0.000000,False,Sin AprilTag: medicion congelada
1777335835.338559,False,False,0.00000000,-1,-1,0.000000,0.000000,0.000000,False,Sin AprilTag: medicion congelada
1777335835.451565,False,False,0.00000000,-1,-1,0.000000,0.000000,0.000000,False,Sin AprilTag: medicion congelada
1777335835.502732,False,False,0.00000000,-1,-1,0.000000,0.000000,0.000000,False,Sin AprilTag: medicion congelada
1777335835.587608,False,False,0.00000000,-1,-1,0.000000,0.000000,0.000000,False,Sin AprilTag: medicion congelada
1777335835.668721,False,False,0.00000000,-1,-1,0.000000,0.000000,0.000000,False,Sin AprilTag: medicion congelada
1777335835.751844,False,False,0.00000000,-1,-1,0.000000,0.000000,0.000000,False,Sin AprilTag: medicion congelada
1777335835.819888,False,False,0.00000000,-1,-1,0.000000,0.000000,0.000000,False,Sin AprilTag: medicion congelada
1777335835.920662,False,False,0.00000000,-1,-1,0.000000,0.000000,0.000000,False,Sin AprilTag: medicion congelada
1777335836.019091,False,False,0.00000000,-1,-1,0.000000,0.000000,0.000000,False,Sin AprilTag: medicion congelada
1777335836.116343,False,False,0.00000000,-1,-1,0.000000,0.000000,0.000000,False,Sin AprilTag: medicion congelada
1777335836.199233,False,False,0.00000000,-1,-1,0.000000,0.000000,0.000000,False,Sin AprilTag: medicion congelada
1777335836.266047,False,False,0.00000000,-1,-1,0.000000,0.000000,0.000000,False,Sin AprilTag: medicion congelada
1777335836.365836,False,False,0.00000000,-1,-1,0.000000,0.000000,0.000000,False,Sin AprilTag: medicion congelada
1777335836.464556,False,False,0.00000000,-1,-1,0.000000,0.000000,0.000000,False,Sin AprilTag: medicion congelada
1777335836.547386,False,False,0.00000000,-1,-1,0.000000,0.000000,0.000000,False,Sin AprilTag: medicion congelada
1777335836.613416,False,False,0.00000000,-1,-1,0.000000,0.000000,0.000000,False,Sin AprilTag: medicion congelada
1777335836.680031,False,False,0.00000000,-1,-1,0.000000,0.000000,0.000000,False,Sin AprilTag: medicion congelada
1777335836.762593,False,False,0.00000000,-1,-1,0.000000,0.000000,0.000000,False,Sin AprilTag: medicion congelada
1777335836.830468,False,False,0.00000000,-1,-1,0.000000,0.000000,0.000000,False,Sin AprilTag: medicion congelada
1777335836.897230,False,False,0.00000000,-1,-1,0.000000,0.000000,0.000000,False,Sin AprilTag: medicion congelada
1777335836.978193,False,False,0.00000000,-1,-1,0.000000,0.000000,0.000000,False,Sin AprilTag: medicion congelada
1777335837.028418,False,False,0.00000000,-1,-1,0.000000,0.000000,0.000000,False,Sin AprilTag: medicion congelada
1777335837.079254,False,False,0.00000000,-1,-1,0.000000,0.000000,0.000000,False,Sin AprilTag: medicion congelada
1777335837.162009,False,False,0.00000000,-1,-1,0.000000,0.000000,0.000000,False,Sin AprilTag: medicion congelada
1777335837.260626,False,False,0.00000000,-1,-1,0.000000,0.000000,0.000000,False,Sin AprilTag: medicion congelada
1777335837.344154,False,False,0.00000000,-1,-1,0.000000,0.000000,0.000000,False,Sin AprilTag: medicion congelada
1777335837.440164,False,False,0.00000000,-1,-1,0.000000,0.000000,0.000000,False,Sin AprilTag: medicion congelada
1777335837.489739,False,False,0.00000000,-1,-1,0.000000,0.000000,0.000000,False,Sin AprilTag: medicion congelada
1777335837.572209,False,False,0.00000000,-1,-1,0.000000,0.000000,0.000000,False,Sin AprilTag: medicion congelada
1777335837.654895,False,False,0.00000000,-1,-1,0.000000,0.000000,0.000000,False,Sin AprilTag: medicion congelada
1777335837.739668,False,False,0.00000000,-1,-1,0.000000,0.000000,0.000000,False,Sin AprilTag: medicion congelada
1777335837.820493,False,False,0.00000000,-1,-1,0.000000,0.000000,0.000000,False,Sin AprilTag: medicion congelada
1777335837.906341,False,False,0.00000000,-1,-1,0.000000,0.000000,0.000000,False,Sin AprilTag: medicion congelada
1777335838.009559,False,False,0.00000000,-1,-1,0.000000,0.000000,0.000000,False,Sin AprilTag: medicion congelada
1777335838.059812,False,False,0.00000000,-1,-1,0.000000,0.000000,0.000000,False,Sin AprilTag: medicion congelada
1777335838.111026,False,False,0.00000000,-1,-1,0.000000,0.000000,0.000000,False,Sin AprilTag: medicion congelada
1777335838.175585,False,False,0.00000000,-1,-1,0.000000,0.000000,0.000000,False,Sin AprilTag: medicion congelada
1777335838.226269,False,False,0.00000000,-1,-1,0.000000,0.000000,0.000000,False,Sin AprilTag: medicion congelada
1777335838.289931,False,False,0.00000000,-1,-1,0.000000,0.000000,0.000000,False,Sin AprilTag: medicion congelada
1777335838.355621,False,False,0.00000000,-1,-1,0.000000,0.000000,0.000000,False,Sin AprilTag: medicion congelada
1777335838.421952,False,False,0.00000000,-1,-1,0.000000,0.000000,0.000000,False,Sin AprilTag: medicion congelada
1777335838.489310,False,False,0.00000000,-1,-1,0.000000,0.000000,0.000000,False,Sin AprilTag: medicion congelada
1777335838.555548,False,False,0.00000000,-1,-1,0.000000,0.000000,0.000000,False,Sin AprilTag: medicion congelada
1777335838.620313,False,False,0.00000000,-1,-1,0.000000,0.000000,0.000000,False,Sin AprilTag: medicion congelada
1777335838.687816,False,False,0.00000000,-1,-1,0.000000,0.000000,0.000000,False,Sin AprilTag: medicion congelada
1777335838.754216,False,False,0.00000000,-1,-1,0.000000,0.000000,0.000000,False,Sin AprilTag: medicion congelada
1777335838.837426,False,False,0.00000000,-1,-1,0.000000,0.000000,0.000000,False,Sin AprilTag: medicion congelada
1777335838.919418,False,False,0.00000000,-1,-1,0.000000,0.000000,0.000000,False,Sin AprilTag: medicion congelada
1777335838.985513,False,False,0.00000000,-1,-1,0.000000,0.000000,0.000000,False,Sin AprilTag: medicion congelada
1777335839.068214,False,False,0.00000000,-1,-1,0.000000,0.000000,0.000000,False,Sin AprilTag: medicion congelada
1777335839.134551,False,False,0.00000000,-1,-1,0.000000,0.000000,0.000000,False,Sin AprilTag: medicion congelada
1777335839.216744,False,False,0.00000000,-1,-1,0.000000,0.000000,0.000000,False,Sin AprilTag: medicion congelada
1777335839.300617,False,False,0.00000000,-1,-1,0.000000,0.000000,0.000000,False,Sin AprilTag: medicion congelada
1777335839.382531,False,False,0.00000000,-1,-1,0.000000,0.000000,0.000000,False,Sin AprilTag: medicion congelada
1777335839.450968,False,False,0.00000000,-1,-1,0.000000,0.000000,0.000000,False,Sin AprilTag: medicion congelada
1777335839.534233,False,False,0.00000000,-1,-1,0.000000,0.000000,0.000000,False,Sin AprilTag: medicion congelada
1777335839.631581,False,False,0.00000000,-1,-1,0.000000,0.000000,0.000000,False,Sin AprilTag: medicion congelada
1777335839.715285,False,False,0.00000000,-1,-1,0.000000,0.000000,0.000000,False,Sin AprilTag: medicion congelada
1777335839.811979,False,False,0.00000000,-1,-1,0.000000,0.000000,0.000000,False,Sin AprilTag: medicion congelada
1777335839.859581,False,False,0.00000000,-1,-1,0.000000,0.000000,0.000000,False,Sin AprilTag: medicion congelada
1777335839.904035,False,False,0.00000000,-1,-1,0.000000,0.000000,0.000000,False,Sin AprilTag: medicion congelada
1777335839.938522,False,False,0.00000000,-1,-1,0.000000,0.000000,0.000000,False,Sin AprilTag: medicion congelada
1777335839.989209,False,False,0.00000000,-1,-1,0.000000,0.000000,0.000000,False,Sin AprilTag: medicion congelada
1777335840.088867,False,False,0.00000000,-1,-1,0.000000,0.000000,0.000000,False,Sin AprilTag: medicion congelada
1777335840.155732,False,False,0.00000000,-1,-1,0.000000,0.000000,0.000000,False,Sin AprilTag: medicion congelada
1777335840.209581,False,False,0.00000000,-1,-1,0.000000,0.000000,0.000000,False,Sin AprilTag: medicion congelada
1777335840.287142,False,False,0.00000000,-1,-1,0.000000,0.000000,0.000000,False,Sin AprilTag: medicion congelada
1777335840.354429,False,False,0.00000000,-1,-1,0.000000,0.000000,0.000000,False,Sin AprilTag: medicion congelada
1777335840.421011,False,False,0.00000000,-1,-1,0.000000,0.000000,0.000000,False,Sin AprilTag: medicion congelada
1777335840.506531,False,False,0.00000000,-1,-1,0.000000,0.000000,0.000000,False,Sin AprilTag: medicion congelada
1777335840.587435,False,False,0.00000000,-1,-1,0.000000,0.000000,0.000000,False,Sin AprilTag: medicion congelada
1777335840.653877,False,False,0.00000000,-1,-1,0.000000,0.000000,0.000000,False,Sin AprilTag: medicion congelada
1777335840.720754,False,False,0.00000000,-1,-1,0.000000,0.000000,0.000000,False,Sin AprilTag: medicion congelada
1777335840.820253,False,False,0.00000000,-1,-1,0.000000,0.000000,0.000000,False,Sin AprilTag: medicion congelada
1777335840.887844,False,False,0.00000000,-1,-1,0.000000,0.000000,0.000000,False,Sin AprilTag: medicion congelada
1777335840.970561,False,False,0.00000000,-1,-1,0.000000,0.000000,0.000000,False,Sin AprilTag: medicion congelada
1777335841.051111,False,False,0.00000000,-1,-1,0.000000,0.000000,0.000000,False,Sin AprilTag: medicion congelada
1777335841.130466,False,False,0.00000000,-1,-1,0.000000,0.000000,0.000000,False,Sin AprilTag: medicion congelada
1777335841.180026,False,False,0.00000000,-1,-1,0.000000,0.000000,0.000000,False,Sin AprilTag: medicion congelada
1777335841.214144,False,False,0.00000000,-1,-1,0.000000,0.000000,0.000000,False,Sin AprilTag: medicion congelada
1777335841.274346,False,False,0.00000000,-1,-1,0.000000,0.000000,0.000000,False,Sin AprilTag: medicion congelada
1777335841.324153,False,False,0.00000000,-1,-1,0.000000,0.000000,0.000000,False,Sin AprilTag: medicion congelada
1777335841.374678,False,False,0.00000000,-1,-1,0.000000,0.000000,0.000000,False,Sin AprilTag: medicion congelada
1777335841.441602,False,False,0.00000000,-1,-1,0.000000,0.000000,0.000000,False,Sin AprilTag: medicion congelada
1777335841.524043,False,False,0.00000000,-1,-1,0.000000,0.000000,0.000000,False,Sin AprilTag: medicion congelada
1777335841.606511,False,False,0.00000000,-1,-1,0.000000,0.000000,0.000000,False,Sin AprilTag: medicion congelada
1777335841.672245,False,False,0.00000000,-1,-1,0.000000,0.000000,0.000000,False,Sin AprilTag: medicion congelada
1777335841.711836,False,False,0.00000000,-1,-1,0.000000,0.000000,0.000000,False,Sin AprilTag: medicion congelada
1777335841.764330,False,False,0.00000000,-1,-1,0.000000,0.000000,0.000000,False,Sin AprilTag: medicion congelada
1777335841.829522,False,False,0.00000000,-1,-1,0.000000,0.000000,0.000000,False,Sin AprilTag: medicion congelada
1777335841.882193,False,False,0.00000000,-1,-1,0.000000,0.000000,0.000000,False,Sin AprilTag: medicion congelada
1777335841.932654,False,False,0.00000000,-1,-1,0.000000,0.000000,0.000000,False,Sin AprilTag: medicion congelada
1777335841.983018,False,False,0.00000000,-1,-1,0.000000,0.000000,0.000000,False,Sin AprilTag: medicion congelada
1777335842.048685,False,False,0.00000000,-1,-1,0.000000,0.000000,0.000000,False,Sin AprilTag: medicion congelada
1777335842.115195,False,False,0.00000000,-1,-1,0.000000,0.000000,0.000000,False,Sin AprilTag: medicion congelada
1777335842.164560,False,False,0.00000000,-1,-1,0.000000,0.000000,0.000000,False,Sin AprilTag: medicion congelada
1777335842.219380,False,False,0.00000000,-1,-1,0.000000,0.000000,0.000000,False,Sin AprilTag: medicion congelada
1777335842.268416,False,False,0.00000000,-1,-1,0.000000,0.000000,0.000000,False,Sin AprilTag: medicion congelada
1777335842.335928,False,False,0.00000000,-1,-1,0.000000,0.000000,0.000000,False,Sin AprilTag: medicion congelada
1777335842.401340,False,False,0.00000000,-1,-1,0.000000,0.000000,0.000000,False,Sin AprilTag: medicion congelada
1777335842.451499,False,False,0.00000000,-1,-1,0.000000,0.000000,0.000000,False,Sin AprilTag: medicion congelada
1777335842.495472,False,False,0.00000000,-1,-1,0.000000,0.000000,0.000000,False,Sin AprilTag: medicion congelada
1777335842.528914,False,False,0.00000000,-1,-1,0.000000,0.000000,0.000000,False,Sin AprilTag: medicion congelada
1777335842.579034,False,False,0.00000000,-1,-1,0.000000,0.000000,0.000000,False,Sin AprilTag: medicion congelada
1777335842.614048,False,False,0.00000000,-1,-1,0.000000,0.000000,0.000000,False,Sin AprilTag: medicion congelada
1777335842.663738,False,False,0.00000000,-1,-1,0.000000,0.000000,0.000000,False,Sin AprilTag: medicion congelada
1777335842.698063,False,False,0.00000000,-1,-1,0.000000,0.000000,0.000000,False,Sin AprilTag: medicion congelada
1777335842.733779,False,False,0.00000000,-1,-1,0.000000,0.000000,0.000000,False,Sin AprilTag: medicion congelada
1777335842.783644,False,False,0.00000000,-1,-1,0.000000,0.000000,0.000000,False,Sin AprilTag: medicion congelada
1777335842.846441,False,False,0.00000000,-1,-1,0.000000,0.000000,0.000000,False,Sin AprilTag: medicion congelada
1777335842.880959,False,False,0.00000000,-1,-1,0.000000,0.000000,0.000000,False,Sin AprilTag: medicion congelada
1777335842.931395,False,False,0.00000000,-1,-1,0.000000,0.000000,0.000000,False,Sin AprilTag: medicion congelada
1777335842.965779,False,False,0.00000000,-1,-1,0.000000,0.000000,0.000000,False,Sin AprilTag: medicion congelada
1777335842.998625,False,False,0.00000000,-1,-1,0.000000,0.000000,0.000000,False,Sin AprilTag: medicion congelada
1777335843.047504,False,False,0.00000000,-1,-1,0.000000,0.000000,0.000000,False,Sin AprilTag: medicion congelada
1777335843.081501,False,False,0.00000000,-1,-1,0.000000,0.000000,0.000000,False,Sin AprilTag: medicion congelada
1777335843.115496,False,False,0.00000000,-1,-1,0.000000,0.000000,0.000000,False,Sin AprilTag: medicion congelada
1777335843.149652,False,False,0.00000000,-1,-1,0.000000,0.000000,0.000000,False,Sin AprilTag: medicion congelada
1777335843.199945,False,False,0.00000000,-1,-1,0.000000,0.000000,0.000000,False,Sin AprilTag: medicion congelada
1777335843.249388,False,False,0.00000000,-1,-1,0.000000,0.000000,0.000000,False,Sin AprilTag: medicion congelada
1777335843.283325,False,False,0.00000000,-1,-1,0.000000,0.000000,0.000000,False,Sin AprilTag: medicion congelada
1777335843.327449,False,False,0.00000000,-1,-1,0.000000,0.000000,0.000000,False,Sin AprilTag: medicion congelada
1777335843.391093,False,False,0.00000000,-1,-1,0.000000,0.000000,0.000000,False,Sin AprilTag: medicion congelada
1777335843.441023,False,False,0.00000000,-1,-1,0.000000,0.000000,0.000000,False,Sin AprilTag: medicion congelada
1777335843.475441,False,False,0.00000000,-1,-1,0.000000,0.000000,0.000000,False,Sin AprilTag: medicion congelada
1777335843.509419,False,False,0.00000000,-1,-1,0.000000,0.000000,0.000000,False,Sin AprilTag: medicion congelada
1777335843.542710,False,False,0.00000000,-1,-1,0.000000,0.000000,0.000000,False,Sin AprilTag: medicion congelada
1777335843.576276,False,False,0.00000000,-1,-1,0.000000,0.000000,0.000000,False,Sin AprilTag: medicion congelada
1777335843.609969,False,False,0.00000000,-1,-1,0.000000,0.000000,0.000000,False,Sin AprilTag: medicion congelada
1777335843.643798,False,False,0.00000000,-1,-1,0.000000,0.000000,0.000000,False,Sin AprilTag: medicion congelada
1777335843.677904,False,False,0.00000000,-1,-1,0.000000,0.000000,0.000000,False,Sin AprilTag: medicion congelada
1777335843.727664,False,False,0.00000000,-1,-1,0.000000,0.000000,0.000000,False,Sin AprilTag: medicion congelada
1777335843.761803,False,False,0.00000000,-1,-1,0.000000,0.000000,0.000000,False,Sin AprilTag: medicion congelada
1777335843.814010,False,False,0.00000000,-1,-1,0.000000,0.000000,0.000000,False,Sin AprilTag: medicion congelada
1777335843.848336,False,False,0.00000000,-1,-1,0.000000,0.000000,0.000000,False,Sin AprilTag: medicion congelada
1777335843.882403,False,False,0.00000000,-1,-1,0.000000,0.000000,0.000000,False,Sin AprilTag: medicion congelada
1777335843.916187,False,False,0.00000000,-1,-1,0.000000,0.000000,0.000000,False,Sin AprilTag: medicion congelada
1777335843.950322,False,False,0.00000000,-1,-1,0.000000,0.000000,0.000000,False,Sin AprilTag: medicion congelada
1777335843.984969,False,False,0.00000000,-1,-1,0.000000,0.000000,0.000000,False,Sin AprilTag: medicion congelada
1777335844.020277,False,False,0.00000000,-1,-1,0.000000,0.000000,0.000000,False,Sin AprilTag: medicion congelada
1777335844.054038,False,False,0.00000000,-1,-1,0.000000,0.000000,0.000000,False,Sin AprilTag: medicion congelada
1777335844.110285,False,False,0.00000000,-1,-1,0.000000,0.000000,0.000000,False,Sin AprilTag: medicion congelada
1777335844.143936,False,False,0.00000000,-1,-1,0.000000,0.000000,0.000000,False,Sin AprilTag: medicion congelada
1777335844.179162,False,False,0.00000000,-1,-1,0.000000,0.000000,0.000000,False,Sin AprilTag: medicion congelada
1777335844.222370,False,False,0.00000000,-1,-1,0.000000,0.000000,0.000000,False,Sin AprilTag: medicion congelada
1777335844.256666,False,False,0.00000000,-1,-1,0.000000,0.000000,0.000000,False,Sin AprilTag: medicion congelada
1777335844.307102,False,False,0.00000000,-1,-1,0.000000,0.000000,0.000000,False,Sin AprilTag: medicion congelada
1777335844.342387,False,False,0.00000000,-1,-1,0.000000,0.000000,0.000000,False,Sin AprilTag: medicion congelada
1777335844.391727,False,False,0.00000000,-1,-1,0.000000,0.000000,0.000000,False,Sin AprilTag: medicion congelada
1777335844.457789,False,False,0.00000000,-1,-1,0.000000,0.000000,0.000000,False,Sin AprilTag: medicion congelada
1777335844.523821,False,False,0.00000000,-1,-1,0.000000,0.000000,0.000000,False,Sin AprilTag: medicion congelada
1777335844.573932,False,False,0.00000000,-1,-1,0.000000,0.000000,0.000000,False,Sin AprilTag: medicion congelada
1777335844.655073,False,False,0.00000000,-1,-1,0.000000,0.000000,0.000000,False,Sin AprilTag: medicion congelada
1777335844.721209,False,False,0.00000000,-1,-1,0.000000,0.000000,0.000000,False,Sin AprilTag: medicion congelada
1777335844.786376,False,False,0.00000000,-1,-1,0.000000,0.000000,0.000000,False,Sin AprilTag: medicion congelada
1777335844.836545,False,False,0.00000000,-1,-1,0.000000,0.000000,0.000000,False,Sin AprilTag: medicion congelada
1777335844.870736,False,False,0.00000000,-1,-1,0.000000,0.000000,0.000000,False,Sin AprilTag: medicion congelada
1777335844.921119,False,False,0.00000000,-1,-1,0.000000,0.000000,0.000000,False,Sin AprilTag: medicion congelada
1777335844.971211,False,False,0.00000000,-1,-1,0.000000,0.000000,0.000000,False,Sin AprilTag: medicion congelada
1777335845.021144,False,False,0.00000000,-1,-1,0.000000,0.000000,0.000000,False,Sin AprilTag: medicion congelada
1777335845.072809,False,False,0.00000000,-1,-1,0.000000,0.000000,0.000000,False,Sin AprilTag: medicion congelada
1777335845.108118,False,False,0.00000000,-1,-1,0.000000,0.000000,0.000000,False,Sin AprilTag: medicion congelada
1777335845.142476,False,False,0.00000000,-1,-1,0.000000,0.000000,0.000000,False,Sin AprilTag: medicion congelada
1777335845.177379,False,False,0.00000000,-1,-1,0.000000,0.000000,0.000000,False,Sin AprilTag: medicion congelada
1777335845.251607,False,False,0.00000000,-1,-1,0.000000,0.000000,0.000000,False,Sin AprilTag: medicion congelada
1777335845.300957,False,False,0.00000000,-1,-1,0.000000,0.000000,0.000000,False,Sin AprilTag: medicion congelada
1777335845.350873,False,False,0.00000000,-1,-1,0.000000,0.000000,0.000000,False,Sin AprilTag: medicion congelada
1777335845.400562,False,False,0.00000000,-1,-1,0.000000,0.000000,0.000000,False,Sin AprilTag: medicion congelada
1777335845.450793,False,False,0.00000000,-1,-1,0.000000,0.000000,0.000000,False,Sin AprilTag: medicion congelada
1777335845.501158,False,False,0.00000000,-1,-1,0.000000,0.000000,0.000000,False,Sin AprilTag: medicion congelada
1777335845.553711,False,False,0.00000000,-1,-1,0.000000,0.000000,0.000000,False,Sin AprilTag: medicion congelada
1777335845.603703,False,False,0.00000000,-1,-1,0.000000,0.000000,0.000000,False,Sin AprilTag: medicion congelada
1777335845.654792,False,False,0.00000000,-1,-1,0.000000,0.000000,0.000000,False,Sin AprilTag: medicion congelada
1777335845.720102,False,False,0.00000000,-1,-1,0.000000,0.000000,0.000000,False,Sin AprilTag: medicion congelada
1777335845.770289,False,False,0.00000000,-1,-1,0.000000,0.000000,0.000000,False,Sin AprilTag: medicion congelada
1777335845.837962,False,False,0.00000000,-1,-1,0.000000,0.000000,0.000000,False,Sin AprilTag: medicion congelada
1777335845.872801,False,False,0.00000000,-1,-1,0.000000,0.000000,0.000000,False,Sin AprilTag: medicion congelada
1777335845.922667,False,False,0.00000000,-1,-1,0.000000,0.000000,0.000000,False,Sin AprilTag: medicion congelada
1777335845.956733,False,False,0.00000000,-1,-1,0.000000,0.000000,0.000000,False,Sin AprilTag: medicion congelada
1777335846.007061,False,False,0.00000000,-1,-1,0.000000,0.000000,0.000000,False,Sin AprilTag: medicion congelada
1777335846.057073,False,False,0.00000000,-1,-1,0.000000,0.000000,0.000000,False,Sin AprilTag: medicion congelada
1777335846.106806,False,False,0.00000000,-1,-1,0.000000,0.000000,0.000000,False,Sin AprilTag: medicion congelada
1777335846.142709,False,False,0.00000000,-1,-1,0.000000,0.000000,0.000000,False,Sin AprilTag: medicion congelada
1777335846.193047,False,False,0.00000000,-1,-1,0.000000,0.000000,0.000000,False,Sin AprilTag: medicion congelada
1777335846.260060,False,False,0.00000000,-1,-1,0.000000,0.000000,0.000000,False,Sin AprilTag: medicion congelada
1777335846.341977,False,False,0.00000000,-1,-1,0.000000,0.000000,0.000000,False,Sin AprilTag: medicion congelada
1777335846.392075,False,False,0.00000000,-1,-1,0.000000,0.000000,0.000000,False,Sin AprilTag: medicion congelada
1777335846.447618,False,False,0.00000000,-1,-1,0.000000,0.000000,0.000000,False,Sin AprilTag: medicion congelada
1777335846.498704,False,False,0.00000000,-1,-1,0.000000,0.000000,0.000000,False,Sin AprilTag: medicion congelada
1777335846.565608,False,False,0.00000000,-1,-1,0.000000,0.000000,0.000000,False,Sin AprilTag: medicion congelada
1777335846.648524,False,False,0.00000000,-1,-1,0.000000,0.000000,0.000000,False,Sin AprilTag: medicion congelada
1777335846.731158,False,False,0.00000000,-1,-1,0.000000,0.000000,0.000000,False,Sin AprilTag: medicion congelada
1777335846.848720,False,False,0.00000000,-1,-1,0.000000,0.000000,0.000000,False,Sin AprilTag: medicion congelada
1777335846.898731,False,False,0.00000000,-1,-1,0.000000,0.000000,0.000000,False,Sin AprilTag: medicion congelada
1777335846.996865,False,False,0.00000000,-1,-1,0.000000,0.000000,0.000000,False,Sin AprilTag: medicion congelada
1777335847.079952,False,False,0.00000000,-1,-1,0.000000,0.000000,0.000000,False,Sin AprilTag: medicion congelada
1777335847.144570,False,False,0.00000000,-1,-1,0.000000,0.000000,0.000000,False,Sin AprilTag: medicion congelada
1777335847.193709,False,False,0.00000000,-1,-1,0.000000,0.000000,0.000000,False,Sin AprilTag: medicion congelada
1777335847.244356,False,False,0.00000000,-1,-1,0.000000,0.000000,0.000000,False,Sin AprilTag: medicion congelada
1777335847.327850,False,False,0.00000000,-1,-1,0.000000,0.000000,0.000000,False,Sin AprilTag: medicion congelada
1777335847.411665,False,False,0.00000000,-1,-1,0.000000,0.000000,0.000000,False,Sin AprilTag: medicion congelada
1777335847.477899,False,False,0.00000000,-1,-1,0.000000,0.000000,0.000000,False,Sin AprilTag: medicion congelada
1777335847.544580,False,False,0.00000000,-1,-1,0.000000,0.000000,0.000000,False,Sin AprilTag: medicion congelada
1777335847.613420,False,False,0.00000000,-1,-1,0.000000,0.000000,0.000000,False,Sin AprilTag: medicion congelada
1777335847.679663,False,False,0.00000000,-1,-1,0.000000,0.000000,0.000000,False,Sin AprilTag: medicion congelada
1777335847.747612,False,False,0.00000000,-1,-1,0.000000,0.000000,0.000000,False,Sin AprilTag: medicion congelada
1777335847.822481,False,False,0.00000000,-1,-1,0.000000,0.000000,0.000000,False,Sin AprilTag: medicion congelada
1777335847.872487,False,False,0.00000000,-1,-1,0.000000,0.000000,0.000000,False,Sin AprilTag: medicion congelada
1777335847.923996,False,False,0.00000000,-1,-1,0.000000,0.000000,0.000000,False,Sin AprilTag: medicion congelada
1777335848.007355,False,False,0.00000000,-1,-1,0.000000,0.000000,0.000000,False,Sin AprilTag: medicion congelada
1777335848.089241,False,False,0.00000000,-1,-1,0.000000,0.000000,0.000000,False,Sin AprilTag: medicion congelada
1777335848.172147,False,False,0.00000000,-1,-1,0.000000,0.000000,0.000000,False,Sin AprilTag: medicion congelada
1777335848.253553,False,False,0.00000000,-1,-1,0.000000,0.000000,0.000000,False,Sin AprilTag: medicion congelada
1777335848.351708,False,False,0.00000000,-1,-1,0.000000,0.000000,0.000000,False,Sin AprilTag: medicion congelada
1777335848.435601,False,False,0.00000000,-1,-1,0.000000,0.000000,0.000000,False,Sin AprilTag: medicion congelada
1777335848.500188,False,False,0.00000000,-1,-1,0.000000,0.000000,0.000000,False,Sin AprilTag: medicion congelada
1777335848.567413,False,False,0.00000000,-1,-1,0.000000,0.000000,0.000000,False,Sin AprilTag: medicion congelada
1777335848.650747,False,False,0.00000000,-1,-1,0.000000,0.000000,0.000000,False,Sin AprilTag: medicion congelada
1777335848.732599,False,False,0.00000000,-1,-1,0.000000,0.000000,0.000000,False,Sin AprilTag: medicion congelada
1777335848.798948,False,False,0.00000000,-1,-1,0.000000,0.000000,0.000000,False,Sin AprilTag: medicion congelada
1777335848.882148,False,False,0.00000000,-1,-1,0.000000,0.000000,0.000000,False,Sin AprilTag: medicion congelada
1777335848.982799,False,False,0.00000000,-1,-1,0.000000,0.000000,0.000000,False,Sin AprilTag: medicion congelada
1777335849.065127,False,False,0.00000000,-1,-1,0.000000,0.000000,0.000000,False,Sin AprilTag: medicion congelada
1777335849.148007,False,False,0.00000000,-1,-1,0.000000,0.000000,0.000000,False,Sin AprilTag: medicion congelada
1777335849.231083,False,False,0.00000000,-1,-1,0.000000,0.000000,0.000000,False,Sin AprilTag: medicion congelada
1777335849.314448,False,False,0.00000000,-1,-1,0.000000,0.000000,0.000000,False,Sin AprilTag: medicion congelada
1777335849.396730,False,False,0.00000000,-1,-1,0.000000,0.000000,0.000000,False,Sin AprilTag: medicion congelada
1777335849.431086,False,False,0.00000000,-1,-1,0.000000,0.000000,0.000000,False,Sin AprilTag: medicion congelada
1777335849.500016,False,False,0.00000000,-1,-1,0.000000,0.000000,0.000000,False,Sin AprilTag: medicion congelada
1777335849.597356,False,False,0.00000000,-1,-1,0.000000,0.000000,0.000000,False,Sin AprilTag: medicion congelada
1777335849.645794,False,False,0.00000000,-1,-1,0.000000,0.000000,0.000000,False,Sin AprilTag: medicion congelada
1777335849.697287,False,False,0.00000000,-1,-1,0.000000,0.000000,0.000000,False,Sin AprilTag: medicion congelada
1777335849.770188,False,False,0.00000000,-1,-1,0.000000,0.000000,0.000000,False,Sin AprilTag: medicion congelada
1777335849.836821,False,False,0.00000000,-1,-1,0.000000,0.000000,0.000000,False,Sin AprilTag: medicion congelada
1777335849.935032,False,False,0.00000000,-1,-1,0.000000,0.000000,0.000000,False,Sin AprilTag: medicion congelada
1777335850.015821,False,False,0.00000000,-1,-1,0.000000,0.000000,0.000000,False,Sin AprilTag: medicion congelada
1777335850.082523,False,False,0.00000000,-1,-1,0.000000,0.000000,0.000000,False,Sin AprilTag: medicion congelada
1777335850.149689,False,False,0.00000000,-1,-1,0.000000,0.000000,0.000000,False,Sin AprilTag: medicion congelada
1777335850.232482,False,False,0.00000000,-1,-1,0.000000,0.000000,0.000000,False,Sin AprilTag: medicion congelada
1777335850.297938,False,False,0.00000000,-1,-1,0.000000,0.000000,0.000000,False,Sin AprilTag: medicion congelada
1777335850.365619,False,False,0.00000000,-1,-1,0.000000,0.000000,0.000000,False,Sin AprilTag: medicion congelada
1777335850.433270,False,False,0.00000000,-1,-1,0.000000,0.000000,0.000000,False,Sin AprilTag: medicion congelada
1777335850.499636,False,False,0.00000000,-1,-1,0.000000,0.000000,0.000000,False,Sin AprilTag: medicion congelada
1777335850.582383,False,False,0.00000000,-1,-1,0.000000,0.000000,0.000000,False,Sin AprilTag: medicion congelada
1777335850.648055,False,False,0.00000000,-1,-1,0.000000,0.000000,0.000000,False,Sin AprilTag: medicion congelada
1777335850.698639,False,False,0.00000000,-1,-1,0.000000,0.000000,0.000000,False,Sin AprilTag: medicion congelada
1777335850.766019,False,False,0.00000000,-1,-1,0.000000,0.000000,0.000000,False,Sin AprilTag: medicion congelada
1777335850.833940,False,False,0.00000000,-1,-1,0.000000,0.000000,0.000000,False,Sin AprilTag: medicion congelada
1777335850.883812,False,False,0.00000000,-1,-1,0.000000,0.000000,0.000000,False,Sin AprilTag: medicion congelada
1777335850.950656,False,False,0.00000000,-1,-1,0.000000,0.000000,0.000000,False,Sin AprilTag: medicion congelada
1777335850.985051,False,False,0.00000000,-1,-1,0.000000,0.000000,0.000000,False,Sin AprilTag: medicion congelada
1777335851.034760,False,False,0.00000000,-1,-1,0.000000,0.000000,0.000000,False,Sin AprilTag: medicion congelada
1777335851.101544,False,False,0.00000000,-1,-1,0.000000,0.000000,0.000000,False,Sin AprilTag: medicion congelada
1777335851.168625,False,False,0.00000000,-1,-1,0.000000,0.000000,0.000000,False,Sin AprilTag: medicion congelada
1777335851.235727,False,False,0.00000000,-1,-1,0.000000,0.000000,0.000000,False,Sin AprilTag: medicion congelada
1777335851.302592,False,False,0.00000000,-1,-1,0.000000,0.000000,0.000000,False,Sin AprilTag: medicion congelada
1777335851.369995,False,False,0.00000000,-1,-1,0.000000,0.000000,0.000000,False,Sin AprilTag: medicion congelada
1777335851.436337,False,False,0.00000000,-1,-1,0.000000,0.000000,0.000000,False,Sin AprilTag: medicion congelada
1777335851.520101,False,False,0.00000000,-1,-1,0.000000,0.000000,0.000000,False,Sin AprilTag: medicion congelada
1777335851.602811,False,False,0.00000000,-1,-1,0.000000,0.000000,0.000000,False,Sin AprilTag: medicion congelada
1777335851.687045,False,False,0.00000000,-1,-1,0.000000,0.000000,0.000000,False,Sin AprilTag: medicion congelada
1777335851.768628,False,False,0.00000000,-1,-1,0.000000,0.000000,0.000000,False,Sin AprilTag: medicion congelada
1777335851.851417,False,False,0.00000000,-1,-1,0.000000,0.000000,0.000000,False,Sin AprilTag: medicion congelada
1777335851.933809,False,False,0.00000000,-1,-1,0.000000,0.000000,0.000000,False,Sin AprilTag: medicion congelada
1777335851.999865,False,False,0.00000000,-1,-1,0.000000,0.000000,0.000000,False,Sin AprilTag: medicion congelada
1777335852.048791,False,False,0.00000000,-1,-1,0.000000,0.000000,0.000000,False,Sin AprilTag: medicion congelada
1777335852.095702,False,False,0.00000000,-1,-1,0.000000,0.000000,0.000000,False,Sin AprilTag: medicion congelada
1777335852.146048,False,False,0.00000000,-1,-1,0.000000,0.000000,0.000000,False,Sin AprilTag: medicion congelada
1777335852.196636,False,False,0.00000000,-1,-1,0.000000,0.000000,0.000000,False,Sin AprilTag: medicion congelada
1777335852.262655,False,False,0.00000000,-1,-1,0.000000,0.000000,0.000000,False,Sin AprilTag: medicion congelada
1777335852.330433,False,False,0.00000000,-1,-1,0.000000,0.000000,0.000000,False,Sin AprilTag: medicion congelada
1777335852.397223,False,False,0.00000000,-1,-1,0.000000,0.000000,0.000000,False,Sin AprilTag: medicion congelada
1777335852.463786,False,True,0.00000000,453,464,0.000000,0.000000,0.000000,False,Sin AprilTag: medicion congelada
1777335852.529215,False,True,0.00000000,445,415,0.000000,0.000000,0.000000,False,Sin AprilTag: medicion congelada
1777335852.562235,False,True,0.00000000,445,415,0.000000,0.000000,0.000000,False,Sin AprilTag: medicion congelada
1777335852.613393,False,True,0.00000000,428,364,0.000000,0.000000,0.000000,False,Sin AprilTag: medicion congelada
1777335852.680475,False,True,0.00000000,409,332,0.000000,0.000000,0.000000,False,Sin AprilTag: medicion congelada
1777335852.747100,False,True,0.00000000,409,332,0.000000,0.000000,0.000000,False,Sin AprilTag: medicion congelada
1777335852.797890,False,True,0.00000000,356,301,0.000000,0.000000,0.000000,False,Sin AprilTag: medicion congelada
1777335852.866598,False,True,0.00000000,321,281,0.000000,0.000000,0.000000,False,Sin AprilTag: medicion congelada
1777335852.933007,False,True,0.00000000,290,293,0.000000,0.000000,0.000000,False,Sin AprilTag: medicion congelada
1777335852.999829,False,True,0.00000000,241,271,0.000000,0.000000,0.000000,False,Sin AprilTag: medicion congelada
1777335853.068154,False,True,0.00000000,241,271,0.000000,0.000000,0.000000,False,Sin AprilTag: medicion congelada
1777335853.135500,False,False,0.00000000,-1,-1,0.000000,0.000000,0.000000,False,Sin AprilTag: medicion congelada
1777335853.218486,False,False,0.00000000,-1,-1,0.000000,0.000000,0.000000,False,Sin AprilTag: medicion congelada
1777335853.285432,False,False,0.00000000,-1,-1,0.000000,0.000000,0.000000,False,Sin AprilTag: medicion congelada
1777335853.351312,False,False,0.00000000,-1,-1,0.000000,0.000000,0.000000,False,Sin AprilTag: medicion congelada
1777335853.417068,False,False,0.00000000,-1,-1,0.000000,0.000000,0.000000,False,Sin AprilTag: medicion congelada
1777335853.500607,False,False,0.00000000,-1,-1,0.000000,0.000000,0.000000,False,Sin AprilTag: medicion congelada
1777335853.568005,False,False,0.00000000,-1,-1,0.000000,0.000000,0.000000,False,Sin AprilTag: medicion congelada
1777335853.635824,False,False,0.00000000,-1,-1,0.000000,0.000000,0.000000,False,Sin AprilTag: medicion congelada
1777335853.702730,False,False,0.00000000,-1,-1,0.000000,0.000000,0.000000,False,Sin AprilTag: medicion congelada
1777335853.770342,False,False,0.00000000,-1,-1,0.000000,0.000000,0.000000,False,Sin AprilTag: medicion congelada
1777335853.841015,False,False,0.00000000,-1,-1,0.000000,0.000000,0.000000,False,Sin AprilTag: medicion congelada
1777335853.890044,False,False,0.00000000,-1,-1,0.000000,0.000000,0.000000,False,Sin AprilTag: medicion congelada
1777335853.957622,False,False,0.00000000,-1,-1,0.000000,0.000000,0.000000,False,Sin AprilTag: medicion congelada
1777335854.025012,False,False,0.00000000,-1,-1,0.000000,0.000000,0.000000,False,Sin AprilTag: medicion congelada
1777335854.090638,False,False,0.00000000,-1,-1,0.000000,0.000000,0.000000,False,Sin AprilTag: medicion congelada
1777335854.129369,False,False,0.00000000,-1,-1,0.000000,0.000000,0.000000,False,Sin AprilTag: medicion congelada
1777335854.197658,False,False,0.00000000,-1,-1,0.000000,0.000000,0.000000,False,Sin AprilTag: medicion congelada
1777335854.263910,False,False,0.00000000,-1,-1,0.000000,0.000000,0.000000,False,Sin AprilTag: medicion congelada
1777335854.330240,False,False,0.00000000,-1,-1,0.000000,0.000000,0.000000,False,Sin AprilTag: medicion congelada
1777335854.379584,False,False,0.00000000,-1,-1,0.000000,0.000000,0.000000,False,Sin AprilTag: medicion congelada
1777335854.433429,False,False,0.00000000,-1,-1,0.000000,0.000000,0.000000,False,Sin AprilTag: medicion congelada
1777335854.498580,False,False,0.00000000,-1,-1,0.000000,0.000000,0.000000,False,Sin AprilTag: medicion congelada
1777335854.565688,False,False,0.00000000,-1,-1,0.000000,0.000000,0.000000,False,Sin AprilTag: medicion congelada
1777335854.631581,False,False,0.00000000,-1,-1,0.000000,0.000000,0.000000,False,Sin AprilTag: medicion congelada
1777335854.681836,False,False,0.00000000,-1,-1,0.000000,0.000000,0.000000,False,Sin AprilTag: medicion congelada
1777335854.748779,False,False,0.00000000,-1,-1,0.000000,0.000000,0.000000,False,Sin AprilTag: medicion congelada
1777335854.831359,False,False,0.00000000,-1,-1,0.000000,0.000000,0.000000,False,Sin AprilTag: medicion congelada
1777335854.898295,False,False,0.00000000,-1,-1,0.000000,0.000000,0.000000,False,Sin AprilTag: medicion congelada
1777335854.964760,False,False,0.00000000,-1,-1,0.000000,0.000000,0.000000,False,Sin AprilTag: medicion congelada
1777335855.031688,False,False,0.00000000,-1,-1,0.000000,0.000000,0.000000,False,Sin AprilTag: medicion congelada
1777335855.099120,False,False,0.00000000,-1,-1,0.000000,0.000000,0.000000,False,Sin AprilTag: medicion congelada
1777335855.166253,False,False,0.00000000,-1,-1,0.000000,0.000000,0.000000,False,Sin AprilTag: medicion congelada
1777335855.248906,False,False,0.00000000,-1,-1,0.000000,0.000000,0.000000,False,Sin AprilTag: medicion congelada
1777335855.315585,False,False,0.00000000,-1,-1,0.000000,0.000000,0.000000,False,Sin AprilTag: medicion congelada
1777335855.365936,False,False,0.00000000,-1,-1,0.000000,0.000000,0.000000,False,Sin AprilTag: medicion congelada
1777335855.416483,False,False,0.00000000,-1,-1,0.000000,0.000000,0.000000,False,Sin AprilTag: medicion congelada
1777335855.483246,False,False,0.00000000,-1,-1,0.000000,0.000000,0.000000,False,Sin AprilTag: medicion congelada
1777335855.564785,False,False,0.00000000,-1,-1,0.000000,0.000000,0.000000,False,Sin AprilTag: medicion congelada
1777335855.648543,False,False,0.00000000,-1,-1,0.000000,0.000000,0.000000,False,Sin AprilTag: medicion congelada
1777335855.734365,False,False,0.00000000,-1,-1,0.000000,0.000000,0.000000,False,Sin AprilTag: medicion congelada
1777335855.786047,False,False,0.00000000,-1,-1,0.000000,0.000000,0.000000,False,Sin AprilTag: medicion congelada
1777335855.852039,False,False,0.00000000,-1,-1,0.000000,0.000000,0.000000,False,Sin AprilTag: medicion congelada
1777335855.885911,False,False,0.00000000,-1,-1,0.000000,0.000000,0.000000,False,Sin AprilTag: medicion congelada
1777335855.920210,False,False,0.00000000,-1,-1,0.000000,0.000000,0.000000,False,Sin AprilTag: medicion congelada
1777335855.972659,False,False,0.00000000,-1,-1,0.000000,0.000000,0.000000,False,Sin AprilTag: medicion congelada
1777335856.077454,False,False,0.00000000,-1,-1,0.000000,0.000000,0.000000,False,Sin AprilTag: medicion congelada
1777335856.110599,False,False,0.00000000,-1,-1,0.000000,0.000000,0.000000,False,Sin AprilTag: medicion congelada
1777335856.143944,False,False,0.00000000,-1,-1,0.000000,0.000000,0.000000,False,Sin AprilTag: medicion congelada
1777335856.178097,False,False,0.00000000,-1,-1,0.000000,0.000000,0.000000,False,Sin AprilTag: medicion congelada
1777335856.212027,False,False,0.00000000,-1,-1,0.000000,0.000000,0.000000,False,Sin AprilTag: medicion congelada
1777335856.246015,False,False,0.00000000,-1,-1,0.000000,0.000000,0.000000,False,Sin AprilTag: medicion congelada
1777335856.280121,False,False,0.00000000,-1,-1,0.000000,0.000000,0.000000,False,Sin AprilTag: medicion congelada
1777335856.313333,False,False,0.00000000,-1,-1,0.000000,0.000000,0.000000,False,Sin AprilTag: medicion congelada
1777335856.348553,False,False,0.00000000,-1,-1,0.000000,0.000000,0.000000,False,Sin AprilTag: medicion congelada
1777335856.399400,False,False,0.00000000,-1,-1,0.000000,0.000000,0.000000,False,Sin AprilTag: medicion congelada
1777335856.466505,False,False,0.00000000,-1,-1,0.000000,0.000000,0.000000,False,Sin AprilTag: medicion congelada
1777335856.533605,False,False,0.00000000,-1,-1,0.000000,0.000000,0.000000,False,Sin AprilTag: medicion congelada
1777335856.601103,False,False,0.00000000,-1,-1,0.000000,0.000000,0.000000,False,Sin AprilTag: medicion congelada
1777335856.666638,False,False,0.00000000,-1,-1,0.000000,0.000000,0.000000,False,Sin AprilTag: medicion congelada
1777335856.714612,False,False,0.00000000,-1,-1,0.000000,0.000000,0.000000,False,Sin AprilTag: medicion congelada
1777335856.764256,False,False,0.00000000,-1,-1,0.000000,0.000000,0.000000,False,Sin AprilTag: medicion congelada
1777335856.824229,False,False,0.00000000,-1,-1,0.000000,0.000000,0.000000,False,Sin AprilTag: medicion congelada
1777335856.873465,False,False,0.00000000,-1,-1,0.000000,0.000000,0.000000,False,Sin AprilTag: medicion congelada
1777335856.908321,False,False,0.00000000,-1,-1,0.000000,0.000000,0.000000,False,Sin AprilTag: medicion congelada
1777335856.959071,False,False,0.00000000,-1,-1,0.000000,0.000000,0.000000,False,Sin AprilTag: medicion congelada
1777335857.025564,False,False,0.00000000,-1,-1,0.000000,0.000000,0.000000,False,Sin AprilTag: medicion congelada
1777335857.092707,False,False,0.00000000,-1,-1,0.000000,0.000000,0.000000,False,Sin AprilTag: medicion congelada
1777335857.157881,False,False,0.00000000,-1,-1,0.000000,0.000000,0.000000,False,Sin AprilTag: medicion congelada
1777335857.208170,False,False,0.00000000,-1,-1,0.000000,0.000000,0.000000,False,Sin AprilTag: medicion congelada
1777335857.291284,False,False,0.00000000,-1,-1,0.000000,0.000000,0.000000,False,Sin AprilTag: medicion congelada
1777335857.374120,False,False,0.00000000,-1,-1,0.000000,0.000000,0.000000,False,Sin AprilTag: medicion congelada
1777335857.455534,False,False,0.00000000,-1,-1,0.000000,0.000000,0.000000,False,Sin AprilTag: medicion congelada
1777335857.522107,False,False,0.00000000,-1,-1,0.000000,0.000000,0.000000,False,Sin AprilTag: medicion congelada
1777335857.588662,False,False,0.00000000,-1,-1,0.000000,0.000000,0.000000,False,Sin AprilTag: medicion congelada
1777335857.655267,False,False,0.00000000,-1,-1,0.000000,0.000000,0.000000,False,Sin AprilTag: medicion congelada
1777335857.723373,False,False,0.00000000,-1,-1,0.000000,0.000000,0.000000,False,Sin AprilTag: medicion congelada
1777335857.789984,False,False,0.00000000,-1,-1,0.000000,0.000000,0.000000,False,Sin AprilTag: medicion congelada
1777335857.856444,False,False,0.00000000,-1,-1,0.000000,0.000000,0.000000,False,Sin AprilTag: medicion congelada
1777335857.905203,False,False,0.00000000,-1,-1,0.000000,0.000000,0.000000,False,Sin AprilTag: medicion congelada
1777335857.973026,False,False,0.00000000,-1,-1,0.000000,0.000000,0.000000,False,Sin AprilTag: medicion congelada
1777335858.121870,False,False,0.00000000,-1,-1,0.000000,0.000000,0.000000,False,Sin AprilTag: medicion congelada
1777335858.254049,False,False,0.00000000,-1,-1,0.000000,0.000000,0.000000,False,Sin AprilTag: medicion congelada
1777335858.291154,False,False,0.00000000,-1,-1,0.000000,0.000000,0.000000,False,Sin AprilTag: medicion congelada
1777335858.333327,False,False,0.00000000,-1,-1,0.000000,0.000000,0.000000,False,Sin AprilTag: medicion congelada
1777335858.383137,False,False,0.00000000,-1,-1,0.000000,0.000000,0.000000,False,Sin AprilTag: medicion congelada
1777335858.417256,False,False,0.00000000,-1,-1,0.000000,0.000000,0.000000,False,Sin AprilTag: medicion congelada
1777335858.450486,False,False,0.00000000,-1,-1,0.000000,0.000000,0.000000,False,Sin AprilTag: medicion congelada
1777335858.484807,False,False,0.00000000,-1,-1,0.000000,0.000000,0.000000,False,Sin AprilTag: medicion congelada
1777335858.518465,False,False,0.00000000,-1,-1,0.000000,0.000000,0.000000,False,Sin AprilTag: medicion congelada
1777335858.552340,False,False,0.00000000,-1,-1,0.000000,0.000000,0.000000,False,Sin AprilTag: medicion congelada
1777335858.585284,False,False,0.00000000,-1,-1,0.000000,0.000000,0.000000,False,Sin AprilTag: medicion congelada
1777335858.619439,False,False,0.00000000,-1,-1,0.000000,0.000000,0.000000,False,Sin AprilTag: medicion congelada
1777335858.669296,False,False,0.00000000,-1,-1,0.000000,0.000000,0.000000,False,Sin AprilTag: medicion congelada
1777335858.703671,False,False,0.00000000,-1,-1,0.000000,0.000000,0.000000,False,Sin AprilTag: medicion congelada
1777335858.737983,False,False,0.00000000,-1,-1,0.000000,0.000000,0.000000,False,Sin AprilTag: medicion congelada
1777335858.772230,False,False,0.00000000,-1,-1,0.000000,0.000000,0.000000,False,Sin AprilTag: medicion congelada
1777335858.805973,False,False,0.00000000,-1,-1,0.000000,0.000000,0.000000,False,Sin AprilTag: medicion congelada
1777335858.840082,False,False,0.00000000,-1,-1,0.000000,0.000000,0.000000,False,Sin AprilTag: medicion congelada
1777335858.873834,False,False,0.00000000,-1,-1,0.000000,0.000000,0.000000,False,Sin AprilTag: medicion congelada
1777335858.925087,False,False,0.00000000,-1,-1,0.000000,0.000000,0.000000,False,Sin AprilTag: medicion congelada
1777335858.989297,False,False,0.00000000,-1,-1,0.000000,0.000000,0.000000,False,Sin AprilTag: medicion congelada
1777335859.023265,False,False,0.00000000,-1,-1,0.000000,0.000000,0.000000,False,Sin AprilTag: medicion congelada
1777335859.057623,False,False,0.00000000,-1,-1,0.000000,0.000000,0.000000,False,Sin AprilTag: medicion congelada
1777335859.092017,False,False,0.00000000,-1,-1,0.000000,0.000000,0.000000,False,Sin AprilTag: medicion congelada
1777335859.125285,False,False,0.00000000,-1,-1,0.000000,0.000000,0.000000,False,Sin AprilTag: medicion congelada
1777335859.158971,False,False,0.00000000,-1,-1,0.000000,0.000000,0.000000,False,Sin AprilTag: medicion congelada
1777335859.192993,False,False,0.00000000,-1,-1,0.000000,0.000000,0.000000,False,Sin AprilTag: medicion congelada
1777335859.228745,False,False,0.00000000,-1,-1,0.000000,0.000000,0.000000,False,Sin AprilTag: medicion congelada
1777335859.262783,False,False,0.00000000,-1,-1,0.000000,0.000000,0.000000,False,Sin AprilTag: medicion congelada
1777335859.296888,False,False,0.00000000,-1,-1,0.000000,0.000000,0.000000,False,Sin AprilTag: medicion congelada
1777335859.330973,False,False,0.00000000,-1,-1,0.000000,0.000000,0.000000,False,Sin AprilTag: medicion congelada
1777335859.365362,False,False,0.00000000,-1,-1,0.000000,0.000000,0.000000,False,Sin AprilTag: medicion congelada
1777335859.399266,False,False,0.00000000,-1,-1,0.000000,0.000000,0.000000,False,Sin AprilTag: medicion congelada
1777335859.433160,False,False,0.00000000,-1,-1,0.000000,0.000000,0.000000,False,Sin AprilTag: medicion congelada
1777335859.469012,False,False,0.00000000,-1,-1,0.000000,0.000000,0.000000,False,Sin AprilTag: medicion congelada
1777335859.503062,False,False,0.00000000,-1,-1,0.000000,0.000000,0.000000,False,Sin AprilTag: medicion congelada
1777335859.536677,False,False,0.00000000,-1,-1,0.000000,0.000000,0.000000,False,Sin AprilTag: medicion congelada
1777335859.570537,False,False,0.00000000,-1,-1,0.000000,0.000000,0.000000,False,Sin AprilTag: medicion congelada
1777335859.604189,False,False,0.00000000,-1,-1,0.000000,0.000000,0.000000,False,Sin AprilTag: medicion congelada
1777335859.637683,False,False,0.00000000,-1,-1,0.000000,0.000000,0.000000,False,Sin AprilTag: medicion congelada
1777335859.671546,False,False,0.00000000,-1,-1,0.000000,0.000000,0.000000,False,Sin AprilTag: medicion congelada
1777335859.705434,False,False,0.00000000,-1,-1,0.000000,0.000000,0.000000,False,Sin AprilTag: medicion congelada
1777335859.739796,False,False,0.00000000,-1,-1,0.000000,0.000000,0.000000,False,Sin AprilTag: medicion congelada
1777335859.773779,False,False,0.00000000,-1,-1,0.000000,0.000000,0.000000,False,Sin AprilTag: medicion congelada
1777335859.807422,False,False,0.00000000,-1,-1,0.000000,0.000000,0.000000,False,Sin AprilTag: medicion congelada
1777335859.841540,False,False,0.00000000,-1,-1,0.000000,0.000000,0.000000,False,Sin AprilTag: medicion congelada
1777335859.875109,False,False,0.00000000,-1,-1,0.000000,0.000000,0.000000,False,Sin AprilTag: medicion congelada
1777335859.933074,False,False,0.00000000,-1,-1,0.000000,0.000000,0.000000,False,Sin AprilTag: medicion congelada
1777335859.967410,False,False,0.00000000,-1,-1,0.000000,0.000000,0.000000,False,Sin AprilTag: medicion congelada
1777335860.146561,False,False,0.00000000,-1,-1,0.000000,0.000000,0.000000,False,Sin AprilTag: medicion congelada
1777335860.180743,False,False,0.00000000,-1,-1,0.000000,0.000000,0.000000,False,Sin AprilTag: medicion congelada
1777335860.214793,False,False,0.00000000,-1,-1,0.000000,0.000000,0.000000,False,Sin AprilTag: medicion congelada
1777335860.253512,False,False,0.00000000,-1,-1,0.000000,0.000000,0.000000,False,Sin AprilTag: medicion congelada
1777335860.287441,False,False,0.00000000,-1,-1,0.000000,0.000000,0.000000,False,Sin AprilTag: medicion congelada
1777335860.320740,False,False,0.00000000,-1,-1,0.000000,0.000000,0.000000,False,Sin AprilTag: medicion congelada
1777335860.354610,False,False,0.00000000,-1,-1,0.000000,0.000000,0.000000,False,Sin AprilTag: medicion congelada
1777335861.430791,False,False,0.00000000,-1,-1,0.000000,0.000000,0.000000,False,Sin AprilTag: medicion congelada
1777335861.520673,False,False,0.00000000,-1,-1,0.000000,0.000000,0.000000,False,Sin AprilTag: medicion congelada
1777335861.584348,False,False,0.00000000,-1,-1,0.000000,0.000000,0.000000,False,Sin AprilTag: medicion congelada
1777335861.633215,False,False,0.00000000,-1,-1,0.000000,0.000000,0.000000,False,Sin AprilTag: medicion congelada
1777335861.677336,False,False,0.00000000,-1,-1,0.000000,0.000000,0.000000,False,Sin AprilTag: medicion congelada
1777335861.730152,False,False,0.00000000,-1,-1,0.000000,0.000000,0.000000,False,Sin AprilTag: medicion congelada
1777335861.773002,False,False,0.00000000,-1,-1,0.000000,0.000000,0.000000,False,Sin AprilTag: medicion congelada
1777335861.821012,False,False,0.00000000,-1,-1,0.000000,0.000000,0.000000,False,Sin AprilTag: medicion congelada
1777335861.870295,False,False,0.00000000,-1,-1,0.000000,0.000000,0.000000,False,Sin AprilTag: medicion congelada
1777335861.904457,False,False,0.00000000,-1,-1,0.000000,0.000000,0.000000,False,Sin AprilTag: medicion congelada
1777335861.938778,False,False,0.00000000,-1,-1,0.000000,0.000000,0.000000,False,Sin AprilTag: medicion congelada
1777335861.972737,False,False,0.00000000,-1,-1,0.000000,0.000000,0.000000,False,Sin AprilTag: medicion congelada
1777335862.006569,False,False,0.00000000,-1,-1,0.000000,0.000000,0.000000,False,Sin AprilTag: medicion congelada
1777335862.202377,False,False,0.00000000,-1,-1,0.000000,0.000000,0.000000,False,Sin AprilTag: medicion congelada
1777335862.236130,False,False,0.00000000,-1,-1,0.000000,0.000000,0.000000,False,Sin AprilTag: medicion congelada
1777335862.270312,False,False,0.00000000,-1,-1,0.000000,0.000000,0.000000,False,Sin AprilTag: medicion congelada
1777335862.303097,False,False,0.00000000,-1,-1,0.000000,0.000000,0.000000,False,Sin AprilTag: medicion congelada
1777335862.337145,False,False,0.00000000,-1,-1,0.000000,0.000000,0.000000,False,Sin AprilTag: medicion congelada
1777335862.370834,False,False,0.00000000,-1,-1,0.000000,0.000000,0.000000,False,Sin AprilTag: medicion congelada
1777335862.429232,False,False,0.00000000,-1,-1,0.000000,0.000000,0.000000,False,Sin AprilTag: medicion congelada
1777335862.463350,False,False,0.00000000,-1,-1,0.000000,0.000000,0.000000,False,Sin AprilTag: medicion congelada
1777335862.513177,False,False,0.00000000,-1,-1,0.000000,0.000000,0.000000,False,Sin AprilTag: medicion congelada
1777335862.564161,False,False,0.00000000,-1,-1,0.000000,0.000000,0.000000,False,Sin AprilTag: medicion congelada
1777335862.597590,False,False,0.00000000,-1,-1,0.000000,0.000000,0.000000,False,Sin AprilTag: medicion congelada
1777335862.647630,False,False,0.00000000,-1,-1,0.000000,0.000000,0.000000,False,Sin AprilTag: medicion congelada
1777335862.697900,False,False,0.00000000,-1,-1,0.000000,0.000000,0.000000,False,Sin AprilTag: medicion congelada
1777335862.732597,False,False,0.00000000,-1,-1,0.000000,0.000000,0.000000,False,Sin AprilTag: medicion congelada
1777335862.781785,False,False,0.00000000,-1,-1,0.000000,0.000000,0.000000,False,Sin AprilTag: medicion congelada
1777335862.830546,False,False,0.00000000,-1,-1,0.000000,0.000000,0.000000,False,Sin AprilTag: medicion congelada
1777335862.918737,False,False,0.00000000,-1,-1,0.000000,0.000000,0.000000,False,Sin AprilTag: medicion congelada
1777335862.973109,False,False,0.00000000,-1,-1,0.000000,0.000000,0.000000,False,Sin AprilTag: medicion congelada
1777335863.020978,False,False,0.00000000,-1,-1,0.000000,0.000000,0.000000,False,Sin AprilTag: medicion congelada
1777335863.055911,False,False,0.00000000,-1,-1,0.000000,0.000000,0.000000,False,Sin AprilTag: medicion congelada
1777335863.092036,False,False,0.00000000,-1,-1,0.000000,0.000000,0.000000,False,Sin AprilTag: medicion congelada
1777335863.285101,False,False,0.00000000,-1,-1,0.000000,0.000000,0.000000,False,Sin AprilTag: medicion congelada
1777335863.319085,False,False,0.00000000,-1,-1,0.000000,0.000000,0.000000,False,Sin AprilTag: medicion congelada
1777335863.352181,False,False,0.00000000,-1,-1,0.000000,0.000000,0.000000,False,Sin AprilTag: medicion congelada
1777335863.386710,False,False,0.00000000,-1,-1,0.000000,0.000000,0.000000,False,Sin AprilTag: medicion congelada
1777335863.436597,False,False,0.00000000,-1,-1,0.000000,0.000000,0.000000,False,Sin AprilTag: medicion congelada
1777335863.487375,False,False,0.00000000,-1,-1,0.000000,0.000000,0.000000,False,Sin AprilTag: medicion congelada
1777335863.552692,False,False,0.00000000,-1,-1,0.000000,0.000000,0.000000,False,Sin AprilTag: medicion congelada
1777335863.634705,False,False,0.00000000,-1,-1,0.000000,0.000000,0.000000,False,Sin AprilTag: medicion congelada
1777335863.695822,False,False,0.00000000,-1,-1,0.000000,0.000000,0.000000,False,Sin AprilTag: medicion congelada
1777335863.746511,False,False,0.00000000,-1,-1,0.000000,0.000000,0.000000,False,Sin AprilTag: medicion congelada
1777335863.812200,False,False,0.00000000,-1,-1,0.000000,0.000000,0.000000,False,Sin AprilTag: medicion congelada
1777335864.008792,False,False,0.00000000,-1,-1,0.000000,0.000000,0.000000,False,Sin AprilTag: medicion congelada
1777335864.043645,False,False,0.00000000,-1,-1,0.000000,0.000000,0.000000,False,Sin AprilTag: medicion congelada
1777335864.077151,False,False,0.00000000,-1,-1,0.000000,0.000000,0.000000,False,Sin AprilTag: medicion congelada
1777335864.111085,False,False,0.00000000,-1,-1,0.000000,0.000000,0.000000,False,Sin AprilTag: medicion congelada
1777335864.145424,False,False,0.00000000,-1,-1,0.000000,0.000000,0.000000,False,Sin AprilTag: medicion congelada
1777335864.178327,False,False,0.00000000,-1,-1,0.000000,0.000000,0.000000,False,Sin AprilTag: medicion congelada
1777335864.211127,False,False,0.00000000,-1,-1,0.000000,0.000000,0.000000,False,Sin AprilTag: medicion congelada
1777335864.244617,False,False,0.00000000,-1,-1,0.000000,0.000000,0.000000,False,Sin AprilTag: medicion congelada
1777335864.295337,False,False,0.00000000,-1,-1,0.000000,0.000000,0.000000,False,Sin AprilTag: medicion congelada
1777335864.346021,False,False,0.00000000,-1,-1,0.000000,0.000000,0.000000,False,Sin AprilTag: medicion congelada
1777335864.395675,False,False,0.00000000,-1,-1,0.000000,0.000000,0.000000,False,Sin AprilTag: medicion congelada
1777335864.446131,False,False,0.00000000,-1,-1,0.000000,0.000000,0.000000,False,Sin AprilTag: medicion congelada
1777335864.497367,False,False,0.00000000,-1,-1,0.000000,0.000000,0.000000,False,Sin AprilTag: medicion congelada
1777335864.563487,False,False,0.00000000,-1,-1,0.000000,0.000000,0.000000,False,Sin AprilTag: medicion congelada
1777335864.597878,False,False,0.00000000,-1,-1,0.000000,0.000000,0.000000,False,Sin AprilTag: medicion congelada
1777335864.631098,False,False,0.00000000,-1,-1,0.000000,0.000000,0.000000,False,Sin AprilTag: medicion congelada
1777335864.682358,False,False,0.00000000,-1,-1,0.000000,0.000000,0.000000,False,Sin AprilTag: medicion congelada
1777335864.764461,False,False,0.00000000,-1,-1,0.000000,0.000000,0.000000,False,Sin AprilTag: medicion congelada
1777335864.814756,False,False,0.00000000,-1,-1,0.000000,0.000000,0.000000,False,Sin AprilTag: medicion congelada
1777335864.847989,False,False,0.00000000,-1,-1,0.000000,0.000000,0.000000,False,Sin AprilTag: medicion congelada
1777335864.964771,False,False,0.00000000,-1,-1,0.000000,0.000000,0.000000,False,Sin AprilTag: medicion congelada
1777335864.998426,False,False,0.00000000,-1,-1,0.000000,0.000000,0.000000,False,Sin AprilTag: medicion congelada
1777335865.032649,False,False,0.00000000,-1,-1,0.000000,0.000000,0.000000,False,Sin AprilTag: medicion congelada
1777335865.070851,False,False,0.00000000,-1,-1,0.000000,0.000000,0.000000,False,Sin AprilTag: medicion congelada
1777335865.105271,False,False,0.00000000,-1,-1,0.000000,0.000000,0.000000,False,Sin AprilTag: medicion congelada
1777335865.138005,False,False,0.00000000,-1,-1,0.000000,0.000000,0.000000,False,Sin AprilTag: medicion congelada
1777335865.188082,False,False,0.00000000,-1,-1,0.000000,0.000000,0.000000,False,Sin AprilTag: medicion congelada
1777335865.222207,False,False,0.00000000,-1,-1,0.000000,0.000000,0.000000,False,Sin AprilTag: medicion congelada
1777335865.255253,False,False,0.00000000,-1,-1,0.000000,0.000000,0.000000,False,Sin AprilTag: medicion congelada
1777335865.306114,False,False,0.00000000,-1,-1,0.000000,0.000000,0.000000,False,Sin AprilTag: medicion congelada
1777335865.356374,False,False,0.00000000,-1,-1,0.000000,0.000000,0.000000,False,Sin AprilTag: medicion congelada
1777335865.406453,False,False,0.00000000,-1,-1,0.000000,0.000000,0.000000,False,Sin AprilTag: medicion congelada
1777335865.441189,False,False,0.00000000,-1,-1,0.000000,0.000000,0.000000,False,Sin AprilTag: medicion congelada
1777335865.492560,False,False,0.00000000,-1,-1,0.000000,0.000000,0.000000,False,Sin AprilTag: medicion congelada
1777335865.557534,False,False,0.00000000,-1,-1,0.000000,0.000000,0.000000,False,Sin AprilTag: medicion congelada
1777335865.606713,False,False,0.00000000,-1,-1,0.000000,0.000000,0.000000,False,Sin AprilTag: medicion congelada
1777335865.657148,False,False,0.00000000,-1,-1,0.000000,0.000000,0.000000,False,Sin AprilTag: medicion congelada
1777335865.691576,False,False,0.00000000,-1,-1,0.000000,0.000000,0.000000,False,Sin AprilTag: medicion congelada
1777335865.757165,False,False,0.00000000,-1,-1,0.000000,0.000000,0.000000,False,Sin AprilTag: medicion congelada
1777335865.822874,False,False,0.00000000,-1,-1,0.000000,0.000000,0.000000,False,Sin AprilTag: medicion congelada
1777335865.865897,False,False,0.00000000,-1,-1,0.000000,0.000000,0.000000,False,Sin AprilTag: medicion congelada
1777335865.901869,False,False,0.00000000,-1,-1,0.000000,0.000000,0.000000,False,Sin AprilTag: medicion congelada
1777335865.952347,False,False,0.00000000,-1,-1,0.000000,0.000000,0.000000,False,Sin AprilTag: medicion congelada
1777335865.988004,False,False,0.00000000,-1,-1,0.000000,0.000000,0.000000,False,Sin AprilTag: medicion congelada
1777335866.068542,False,False,0.00000000,-1,-1,0.000000,0.000000,0.000000,False,Sin AprilTag: medicion congelada
1777335866.102468,False,False,0.00000000,-1,-1,0.000000,0.000000,0.000000,False,Sin AprilTag: medicion congelada
1777335866.150850,False,False,0.00000000,-1,-1,0.000000,0.000000,0.000000,False,Sin AprilTag: medicion congelada
1777335866.184517,False,False,0.00000000,-1,-1,0.000000,0.000000,0.000000,False,Sin AprilTag: medicion congelada
1777335866.219329,False,False,0.00000000,-1,-1,0.000000,0.000000,0.000000,False,Sin AprilTag: medicion congelada
1777335866.270345,False,False,0.00000000,-1,-1,0.000000,0.000000,0.000000,False,Sin AprilTag: medicion congelada
1777335866.320544,False,False,0.00000000,-1,-1,0.000000,0.000000,0.000000,False,Sin AprilTag: medicion congelada
1777335866.370310,False,False,0.00000000,-1,-1,0.000000,0.000000,0.000000,False,Sin AprilTag: medicion congelada
1777335866.404882,False,False,0.00000000,-1,-1,0.000000,0.000000,0.000000,False,Sin AprilTag: medicion congelada
1777335866.454817,False,False,0.00000000,-1,-1,0.000000,0.000000,0.000000,False,Sin AprilTag: medicion congelada
1777335866.520086,False,False,0.00000000,-1,-1,0.000000,0.000000,0.000000,False,Sin AprilTag: medicion congelada
1777335866.553746,False,False,0.00000000,-1,-1,0.000000,0.000000,0.000000,False,Sin AprilTag: medicion congelada
1777335866.588320,False,False,0.00000000,-1,-1,0.000000,0.000000,0.000000,False,Sin AprilTag: medicion congelada
1777335866.625430,False,False,0.00000000,-1,-1,0.000000,0.000000,0.000000,False,Sin AprilTag: medicion congelada
1777335866.674853,False,False,0.00000000,-1,-1,0.000000,0.000000,0.000000,False,Sin AprilTag: medicion congelada
1777335866.740720,False,False,0.00000000,-1,-1,0.000000,0.000000,0.000000,False,Sin AprilTag: medicion congelada
1777335866.790361,False,False,0.00000000,-1,-1,0.000000,0.000000,0.000000,False,Sin AprilTag: medicion congelada
1777335866.824890,False,False,0.00000000,-1,-1,0.000000,0.000000,0.000000,False,Sin AprilTag: medicion congelada
1777335866.890277,False,False,0.00000000,-1,-1,0.000000,0.000000,0.000000,False,Sin AprilTag: medicion congelada
1777335866.924796,False,False,0.00000000,-1,-1,0.000000,0.000000,0.000000,False,Sin AprilTag: medicion congelada
1777335866.974747,False,False,0.00000000,-1,-1,0.000000,0.000000,0.000000,False,Sin AprilTag: medicion congelada
1777335867.008276,False,False,0.00000000,-1,-1,0.000000,0.000000,0.000000,False,Sin AprilTag: medicion congelada
1777335867.042534,False,False,0.00000000,-1,-1,0.000000,0.000000,0.000000,False,Sin AprilTag: medicion congelada
1777335867.108310,False,False,0.00000000,-1,-1,0.000000,0.000000,0.000000,False,Sin AprilTag: medicion congelada
1777335867.142606,False,False,0.00000000,-1,-1,0.000000,0.000000,0.000000,False,Sin AprilTag: medicion congelada
1777335867.176578,False,False,0.00000000,-1,-1,0.000000,0.000000,0.000000,False,Sin AprilTag: medicion congelada
1777335867.229470,False,False,0.00000000,-1,-1,0.000000,0.000000,0.000000,False,Sin AprilTag: medicion congelada
1777335867.264073,False,False,0.00000000,-1,-1,0.000000,0.000000,0.000000,False,Sin AprilTag: medicion congelada
1777335867.314118,False,False,0.00000000,-1,-1,0.000000,0.000000,0.000000,False,Sin AprilTag: medicion congelada
1777335867.348533,False,False,0.00000000,-1,-1,0.000000,0.000000,0.000000,False,Sin AprilTag: medicion congelada
1777335867.382283,False,False,0.00000000,-1,-1,0.000000,0.000000,0.000000,False,Sin AprilTag: medicion congelada
1777335867.416446,False,False,0.00000000,-1,-1,0.000000,0.000000,0.000000,False,Sin AprilTag: medicion congelada
1777335867.450596,False,False,0.00000000,-1,-1,0.000000,0.000000,0.000000,False,Sin AprilTag: medicion congelada
1777335867.500631,False,False,0.00000000,-1,-1,0.000000,0.000000,0.000000,False,Sin AprilTag: medicion congelada
1777335867.535119,False,False,0.00000000,-1,-1,0.000000,0.000000,0.000000,False,Sin AprilTag: medicion congelada
1777335867.584168,False,False,0.00000000,-1,-1,0.000000,0.000000,0.000000,False,Sin AprilTag: medicion congelada
1777335867.644816,False,False,0.00000000,-1,-1,0.000000,0.000000,0.000000,False,Sin AprilTag: medicion congelada
1777335867.695134,False,False,0.00000000,-1,-1,0.000000,0.000000,0.000000,False,Sin AprilTag: medicion congelada
1777335867.729642,False,False,0.00000000,-1,-1,0.000000,0.000000,0.000000,False,Sin AprilTag: medicion congelada
1777335867.779859,False,False,0.00000000,-1,-1,0.000000,0.000000,0.000000,False,Sin AprilTag: medicion congelada
1777335867.830718,False,False,0.00000000,-1,-1,0.000000,0.000000,0.000000,False,Sin AprilTag: medicion congelada
1777335867.896241,False,False,0.00000000,-1,-1,0.000000,0.000000,0.000000,False,Sin AprilTag: medicion congelada
1777335867.956910,False,False,0.00000000,-1,-1,0.000000,0.000000,0.000000,False,Sin AprilTag: medicion congelada
1777335868.039741,False,False,0.00000000,-1,-1,0.000000,0.000000,0.000000,False,Sin AprilTag: medicion congelada
1777335868.121758,False,False,0.00000000,-1,-1,0.000000,0.000000,0.000000,False,Sin AprilTag: medicion congelada
1777335868.171757,False,False,0.00000000,-1,-1,0.000000,0.000000,0.000000,False,Sin AprilTag: medicion congelada
1777335868.222198,False,False,0.00000000,-1,-1,0.000000,0.000000,0.000000,False,Sin AprilTag: medicion congelada
1777335868.272542,False,False,0.00000000,-1,-1,0.000000,0.000000,0.000000,False,Sin AprilTag: medicion congelada
1777335868.353390,False,False,0.00000000,-1,-1,0.000000,0.000000,0.000000,False,Sin AprilTag: medicion congelada
1777335868.432563,False,False,0.00000000,-1,-1,0.000000,0.000000,0.000000,False,Sin AprilTag: medicion congelada
1777335868.482747,False,False,0.00000000,-1,-1,0.000000,0.000000,0.000000,False,Sin AprilTag: medicion congelada
1777335868.516713,False,False,0.00000000,-1,-1,0.000000,0.000000,0.000000,False,Sin AprilTag: medicion congelada
1777335868.582877,False,False,0.00000000,-1,-1,0.000000,0.000000,0.000000,False,Sin AprilTag: medicion congelada
1777335868.617096,False,False,0.00000000,-1,-1,0.000000,0.000000,0.000000,False,Sin AprilTag: medicion congelada
1777335868.677140,False,False,0.00000000,-1,-1,0.000000,0.000000,0.000000,False,Sin AprilTag: medicion congelada
1777335868.758611,False,False,0.00000000,-1,-1,0.000000,0.000000,0.000000,False,Sin AprilTag: medicion congelada
1777335868.809417,False,False,0.00000000,-1,-1,0.000000,0.000000,0.000000,False,Sin AprilTag: medicion congelada
1777335868.891829,False,False,0.00000000,-1,-1,0.000000,0.000000,0.000000,False,Sin AprilTag: medicion congelada
1777335868.959052,False,False,0.00000000,-1,-1,0.000000,0.000000,0.000000,False,Sin AprilTag: medicion congelada
1777335869.025458,False,False,0.00000000,-1,-1,0.000000,0.000000,0.000000,False,Sin AprilTag: medicion congelada
1777335869.077080,False,False,0.00000000,-1,-1,0.000000,0.000000,0.000000,False,Sin AprilTag: medicion congelada
1777335869.158698,False,False,0.00000000,-1,-1,0.000000,0.000000,0.000000,False,Sin AprilTag: medicion congelada
1777335869.220456,False,False,0.00000000,-1,-1,0.000000,0.000000,0.000000,False,Sin AprilTag: medicion congelada
1777335869.286946,False,False,0.00000000,-1,-1,0.000000,0.000000,0.000000,False,Sin AprilTag: medicion congelada
1777335869.386386,True,False,0.13639710,-1,-1,0.000000,0.000000,0.000000,False,Sin objeto: medicion congelada
1777335869.467927,True,False,0.14099995,-1,-1,0.000000,0.000000,0.000000,False,Sin objeto: medicion congelada
1777335869.503097,True,False,0.13973735,-1,-1,0.000000,0.000000,0.000000,False,Sin objeto: medicion congelada
1777335869.554134,True,False,0.13973735,-1,-1,0.000000,0.000000,0.000000,False,Sin objeto: medicion congelada
1777335869.635637,True,False,0.13312753,-1,-1,0.000000,0.000000,0.000000,False,Sin objeto: medicion congelada
1777335869.685212,True,False,0.13312753,-1,-1,0.000000,0.000000,0.000000,False,Sin objeto: medicion congelada
1777335869.735996,True,False,0.13327171,-1,-1,0.000000,0.000000,0.000000,False,Sin objeto: medicion congelada
1777335869.786315,True,False,0.13327171,-1,-1,0.000000,0.000000,0.000000,False,Sin objeto: medicion congelada
1777335869.836457,True,False,0.13094656,-1,-1,0.000000,0.000000,0.000000,False,Sin objeto: medicion congelada
1777335869.886191,True,False,0.12927155,-1,-1,0.000000,0.000000,0.000000,False,Sin objeto: medicion congelada
1777335869.953230,True,False,0.13047219,-1,-1,0.000000,0.000000,0.000000,False,Sin objeto: medicion congelada
1777335870.020217,True,False,0.13047219,-1,-1,0.000000,0.000000,0.000000,False,Sin objeto: medicion congelada
1777335870.086443,True,False,0.13009127,-1,-1,0.000000,0.000000,0.000000,False,Sin objeto: medicion congelada
1777335870.121292,True,False,0.13100602,-1,-1,0.000000,0.000000,0.000000,False,Sin objeto: medicion congelada
1777335870.171256,True,False,0.13100602,-1,-1,0.000000,0.000000,0.000000,False,Sin objeto: medicion congelada
1777335870.223504,True,False,0.13143364,-1,-1,0.000000,0.000000,0.000000,False,Sin objeto: medicion congelada
1777335870.306161,True,False,0.13512305,-1,-1,0.000000,0.000000,0.000000,False,Sin objeto: medicion congelada
1777335870.402633,True,False,0.13442442,-1,-1,0.000000,0.000000,0.000000,False,Sin objeto: medicion congelada
1777335870.467550,True,False,0.13537192,-1,-1,0.000000,0.000000,0.000000,False,Sin objeto: medicion congelada
1777335870.532768,True,False,0.13537192,-1,-1,0.000000,0.000000,0.000000,False,Sin objeto: medicion congelada
1777335870.615115,True,False,0.13665577,-1,-1,0.000000,0.000000,0.000000,False,Sin objeto: medicion congelada
1777335870.681009,True,False,0.13287209,-1,-1,0.000000,0.000000,0.000000,False,Sin objeto: medicion congelada
1777335870.729572,True,False,0.13176538,-1,-1,0.000000,0.000000,0.000000,False,Sin objeto: medicion congelada
1777335870.780193,True,False,0.13176538,-1,-1,0.000000,0.000000,0.000000,False,Sin objeto: medicion congelada
1777335870.831682,True,False,0.13203928,-1,-1,0.000000,0.000000,0.000000,False,Sin objeto: medicion congelada
1777335870.880551,True,False,0.13278414,-1,-1,0.000000,0.000000,0.000000,False,Sin objeto: medicion congelada
1777335870.947672,True,False,0.13278414,-1,-1,0.000000,0.000000,0.000000,False,Sin objeto: medicion congelada
1777335870.997141,True,False,0.13323212,-1,-1,0.000000,0.000000,0.000000,False,Sin objeto: medicion congelada
1777335871.031143,True,False,0.13386060,-1,-1,0.000000,0.000000,0.000000,False,Sin objeto: medicion congelada
1777335871.081769,True,False,0.13491916,-1,-1,0.000000,0.000000,0.000000,False,Sin objeto: medicion congelada
1777335871.116874,True,False,0.13491916,-1,-1,0.000000,0.000000,0.000000,False,Sin objeto: medicion congelada
1777335871.183803,True,False,0.13456414,-1,-1,0.000000,0.000000,0.000000,False,Sin objeto: medicion congelada
1777335871.234455,True,False,0.13456414,-1,-1,0.000000,0.000000,0.000000,False,Sin objeto: medicion congelada
1777335871.301048,True,False,0.13322351,-1,-1,0.000000,0.000000,0.000000,False,Sin objeto: medicion congelada
1777335871.351722,True,False,0.13315819,-1,-1,0.000000,0.000000,0.000000,False,Sin objeto: medicion congelada
1777335871.418588,True,False,0.13315819,-1,-1,0.000000,0.000000,0.000000,False,Sin objeto: medicion congelada
1777335871.484185,True,False,0.13317590,-1,-1,0.000000,0.000000,0.000000,False,Sin objeto: medicion congelada
1777335871.551806,True,False,0.13382585,-1,-1,0.000000,0.000000,0.000000,False,Sin objeto: medicion congelada
1777335871.602478,True,False,0.13398908,-1,-1,0.000000,0.000000,0.000000,False,Sin objeto: medicion congelada
1777335871.683888,True,False,0.13397145,-1,-1,0.000000,0.000000,0.000000,False,Sin objeto: medicion congelada
1777335871.733647,True,False,0.13397145,-1,-1,0.000000,0.000000,0.000000,False,Sin objeto: medicion congelada
1777335871.785242,True,False,0.13449602,-1,-1,0.000000,0.000000,0.000000,False,Sin objeto: medicion congelada
1777335871.853172,True,False,0.13523194,-1,-1,0.000000,0.000000,0.000000,False,Sin objeto: medicion congelada
1777335871.952016,True,False,0.13613745,-1,-1,0.000000,0.000000,0.000000,False,Sin objeto: medicion congelada
1777335872.018475,True,False,0.13613745,-1,-1,0.000000,0.000000,0.000000,False,Sin objeto: medicion congelada
1777335872.068438,True,False,0.13636945,-1,-1,0.000000,0.000000,0.000000,False,Sin objeto: medicion congelada
1777335872.135045,True,False,0.13689551,-1,-1,0.000000,0.000000,0.000000,False,Sin objeto: medicion congelada
1777335872.168634,True,False,0.13717555,-1,-1,0.000000,0.000000,0.000000,False,Sin objeto: medicion congelada
1777335872.219452,True,False,0.13717555,-1,-1,0.000000,0.000000,0.000000,False,Sin objeto: medicion congelada
1777335872.300972,True,False,0.13723287,-1,-1,0.000000,0.000000,0.000000,False,Sin objeto: medicion congelada
1777335872.366459,True,False,0.13745959,-1,-1,0.000000,0.000000,0.000000,False,Sin objeto: medicion congelada
1777335872.449436,True,False,0.13814409,-1,-1,0.000000,0.000000,0.000000,False,Sin objeto: medicion congelada
1777335872.484423,True,False,0.13814409,-1,-1,0.000000,0.000000,0.000000,False,Sin objeto: medicion congelada
1777335872.565763,True,False,0.13659347,-1,-1,0.000000,0.000000,0.000000,False,Sin objeto: medicion congelada
1777335872.631416,True,False,0.13660554,-1,-1,0.000000,0.000000,0.000000,False,Sin objeto: medicion congelada
1777335872.682312,True,False,0.13695722,-1,-1,0.000000,0.000000,0.000000,False,Sin objeto: medicion congelada
1777335872.717551,True,False,0.13695722,-1,-1,0.000000,0.000000,0.000000,False,Sin objeto: medicion congelada
1777335872.784999,True,False,0.13620931,-1,-1,0.000000,0.000000,0.000000,False,Sin objeto: medicion congelada
1777335872.865791,True,False,0.13618766,-1,-1,0.000000,0.000000,0.000000,False,Sin objeto: medicion congelada
1777335872.930446,True,False,0.13520311,-1,-1,0.000000,0.000000,0.000000,False,Sin objeto: medicion congelada
1777335872.990259,True,False,0.13497463,-1,-1,0.000000,0.000000,0.000000,False,Sin objeto: medicion congelada
1777335873.055238,True,False,0.13497463,-1,-1,0.000000,0.000000,0.000000,False,Sin objeto: medicion congelada
1777335873.105790,True,False,0.13525677,-1,-1,0.000000,0.000000,0.000000,False,Sin objeto: medicion congelada
1777335873.165708,True,False,0.13527303,-1,-1,0.000000,0.000000,0.000000,False,Sin objeto: medicion congelada
1777335873.229780,True,False,0.13535865,-1,-1,0.000000,0.000000,0.000000,False,Sin objeto: medicion congelada
1777335873.264056,True,False,0.13535865,-1,-1,0.000000,0.000000,0.000000,False,Sin objeto: medicion congelada
1777335873.297462,True,False,0.13570233,-1,-1,0.000000,0.000000,0.000000,False,Sin objeto: medicion congelada
1777335873.331872,True,False,0.13570233,-1,-1,0.000000,0.000000,0.000000,False,Sin objeto: medicion congelada
1777335873.381919,True,False,0.13605991,-1,-1,0.000000,0.000000,0.000000,False,Sin objeto: medicion congelada
1777335873.464307,True,False,0.13605991,-1,-1,0.000000,0.000000,0.000000,False,Sin objeto: medicion congelada
1777335873.497496,True,False,0.13630717,-1,-1,0.000000,0.000000,0.000000,False,Sin objeto: medicion congelada
1777335873.547165,True,False,0.13669490,-1,-1,0.000000,0.000000,0.000000,False,Sin objeto: medicion congelada
1777335873.597931,True,False,0.13683196,-1,-1,0.000000,0.000000,0.000000,False,Sin objeto: medicion congelada
1777335873.664937,True,False,0.13683196,-1,-1,0.000000,0.000000,0.000000,False,Sin objeto: medicion congelada
1777335873.747484,True,False,0.13707448,-1,-1,0.000000,0.000000,0.000000,False,Sin objeto: medicion congelada
1777335873.797579,True,False,0.13699467,-1,-1,0.000000,0.000000,0.000000,False,Sin objeto: medicion congelada
1777335873.864404,True,False,0.13707325,-1,-1,0.000000,0.000000,0.000000,False,Sin objeto: medicion congelada
1777335873.915424,True,False,0.13707325,-1,-1,0.000000,0.000000,0.000000,False,Sin objeto: medicion congelada
1777335873.966354,True,False,0.13747428,-1,-1,0.000000,0.000000,0.000000,False,Sin objeto: medicion congelada
1777335874.015855,True,False,0.13776805,-1,-1,0.000000,0.000000,0.000000,False,Sin objeto: medicion congelada
1777335874.065885,True,False,0.13776805,-1,-1,0.000000,0.000000,0.000000,False,Sin objeto: medicion congelada
1777335874.101364,True,False,0.13799783,-1,-1,0.000000,0.000000,0.000000,False,Sin objeto: medicion congelada
1777335874.152215,True,False,0.13799783,-1,-1,0.000000,0.000000,0.000000,False,Sin objeto: medicion congelada
1777335874.235222,True,False,0.13853765,-1,-1,0.000000,0.000000,0.000000,False,Sin objeto: medicion congelada
1777335874.303611,True,False,0.14384468,-1,-1,0.000000,0.000000,0.000000,False,Sin objeto: medicion congelada
1777335874.367835,True,False,0.14582032,-1,-1,0.000000,0.000000,0.000000,False,Sin objeto: medicion congelada
1777335874.402204,True,False,0.14582032,-1,-1,0.000000,0.000000,0.000000,False,Sin objeto: medicion congelada
1777335874.468030,True,False,0.14706340,-1,-1,0.000000,0.000000,0.000000,False,Sin objeto: medicion congelada
1777335874.501210,True,False,0.14648245,-1,-1,0.000000,0.000000,0.000000,False,Sin objeto: medicion congelada
1777335874.542044,True,False,0.14592078,-1,-1,0.000000,0.000000,0.000000,False,Sin objeto: medicion congelada
1777335874.575902,True,False,0.14592078,-1,-1,0.000000,0.000000,0.000000,False,Sin objeto: medicion congelada
1777335874.610553,True,False,0.14492754,-1,-1,0.000000,0.000000,0.000000,False,Sin objeto: medicion congelada
1777335874.669224,True,False,0.14449656,-1,-1,0.000000,0.000000,0.000000,False,Sin objeto: medicion congelada
1777335874.704228,True,False,0.14449656,-1,-1,0.000000,0.000000,0.000000,False,Sin objeto: medicion congelada
1777335874.738120,True,False,0.14438318,-1,-1,0.000000,0.000000,0.000000,False,Sin objeto: medicion congelada
1777335874.772772,True,False,0.14438318,-1,-1,0.000000,0.000000,0.000000,False,Sin objeto: medicion congelada
1777335874.806207,True,False,0.14472603,-1,-1,0.000000,0.000000,0.000000,False,Sin objeto: medicion congelada
1777335874.841036,True,False,0.14472603,-1,-1,0.000000,0.000000,0.000000,False,Sin objeto: medicion congelada
1777335874.875891,True,False,0.14499234,-1,-1,0.000000,0.000000,0.000000,False,Sin objeto: medicion congelada
1777335874.909496,True,False,0.14499234,-1,-1,0.000000,0.000000,0.000000,False,Sin objeto: medicion congelada
1777335874.943464,True,False,0.14501976,-1,-1,0.000000,0.000000,0.000000,False,Sin objeto: medicion congelada
1777335874.977862,True,False,0.14501976,-1,-1,0.000000,0.000000,0.000000,False,Sin objeto: medicion congelada
1777335875.012146,True,False,0.14495756,-1,-1,0.000000,0.000000,0.000000,False,Sin objeto: medicion congelada
1777335875.046311,True,False,0.14506050,-1,-1,0.000000,0.000000,0.000000,False,Sin objeto: medicion congelada
1777335875.080481,True,False,0.14506050,-1,-1,0.000000,0.000000,0.000000,False,Sin objeto: medicion congelada
1777335875.114579,True,False,0.14514312,-1,-1,0.000000,0.000000,0.000000,False,Sin objeto: medicion congelada
1777335875.164209,True,False,0.14514312,-1,-1,0.000000,0.000000,0.000000,False,Sin objeto: medicion congelada
1777335875.230584,True,False,0.14556006,-1,-1,0.000000,0.000000,0.000000,False,Sin objeto: medicion congelada
1777335875.268066,True,False,0.14561954,-1,-1,0.000000,0.000000,0.000000,False,Sin objeto: medicion congelada
1777335875.300513,True,False,0.14561954,-1,-1,0.000000,0.000000,0.000000,False,Sin objeto: medicion congelada
1777335875.334456,True,False,0.14562901,-1,-1,0.000000,0.000000,0.000000,False,Sin objeto: medicion congelada
1777335875.389861,True,False,0.14587030,-1,-1,0.000000,0.000000,0.000000,False,Sin objeto: medicion congelada
1777335875.423974,True,False,0.14587030,-1,-1,0.000000,0.000000,0.000000,False,Sin objeto: medicion congelada
1777335875.458024,True,False,0.14582644,-1,-1,0.000000,0.000000,0.000000,False,Sin objeto: medicion congelada
1777335875.491722,True,False,0.14582644,-1,-1,0.000000,0.000000,0.000000,False,Sin objeto: medicion congelada
1777335875.525961,True,False,0.14595240,-1,-1,0.000000,0.000000,0.000000,False,Sin objeto: medicion congelada
1777335875.560667,True,False,0.14595240,-1,-1,0.000000,0.000000,0.000000,False,Sin objeto: medicion congelada
1777335875.594489,True,False,0.14599080,-1,-1,0.000000,0.000000,0.000000,False,Sin objeto: medicion congelada
1777335875.629134,True,False,0.14610759,-1,-1,0.000000,0.000000,0.000000,False,Sin objeto: medicion congelada
1777335875.664014,True,False,0.14610759,-1,-1,0.000000,0.000000,0.000000,False,Sin objeto: medicion congelada
1777335875.698972,True,False,0.14617201,-1,-1,0.000000,0.000000,0.000000,False,Sin objeto: medicion congelada
1777335875.732884,True,False,0.14617201,-1,-1,0.000000,0.000000,0.000000,False,Sin objeto: medicion congelada
1777335875.767107,True,False,0.14634832,-1,-1,0.000000,0.000000,0.000000,False,Sin objeto: medicion congelada
1777335875.801142,True,False,0.14634832,-1,-1,0.000000,0.000000,0.000000,False,Sin objeto: medicion congelada
1777335875.835840,True,False,0.14707033,-1,-1,0.000000,0.000000,0.000000,False,Sin objeto: medicion congelada
1777335875.870614,True,False,0.14776802,-1,-1,0.000000,0.000000,0.000000,False,Sin objeto: medicion congelada
1777335875.904712,True,False,0.14776802,-1,-1,0.000000,0.000000,0.000000,False,Sin objeto: medicion congelada
1777335875.939632,True,False,0.14795160,-1,-1,0.000000,0.000000,0.000000,False,Sin objeto: medicion congelada
1777335875.974491,True,False,0.14795160,-1,-1,0.000000,0.000000,0.000000,False,Sin objeto: medicion congelada
1777335876.008011,True,False,0.14757943,-1,-1,0.000000,0.000000,0.000000,False,Sin objeto: medicion congelada
1777335876.042149,True,False,0.14757943,-1,-1,0.000000,0.000000,0.000000,False,Sin objeto: medicion congelada
1777335876.077097,True,False,0.14758774,-1,-1,0.000000,0.000000,0.000000,False,Sin objeto: medicion congelada
1777335876.111178,True,False,0.14758774,-1,-1,0.000000,0.000000,0.000000,False,Sin objeto: medicion congelada
1777335876.145907,True,False,0.14751493,-1,-1,0.000000,0.000000,0.000000,False,Sin objeto: medicion congelada
1777335876.179909,True,False,0.14751493,-1,-1,0.000000,0.000000,0.000000,False,Sin objeto: medicion congelada
1777335876.214971,True,False,0.14759050,-1,-1,0.000000,0.000000,0.000000,False,Sin objeto: medicion congelada
1777335876.249432,True,False,0.14749674,-1,-1,0.000000,0.000000,0.000000,False,Sin objeto: medicion congelada
1777335876.284179,True,False,0.14749674,-1,-1,0.000000,0.000000,0.000000,False,Sin objeto: medicion congelada
1777335876.334134,True,False,0.14757899,-1,-1,0.000000,0.000000,0.000000,False,Sin objeto: medicion congelada
1777335876.384223,True,False,0.14757899,-1,-1,0.000000,0.000000,0.000000,False,Sin objeto: medicion congelada
1777335876.418704,True,False,0.14723557,-1,-1,0.000000,0.000000,0.000000,False,Sin objeto: medicion congelada
1777335876.462381,True,False,0.14730485,-1,-1,0.000000,0.000000,0.000000,False,Sin objeto: medicion congelada
1777335876.496449,True,False,0.14730485,-1,-1,0.000000,0.000000,0.000000,False,Sin objeto: medicion congelada
1777335876.546779,True,False,0.14726975,-1,-1,0.000000,0.000000,0.000000,False,Sin objeto: medicion congelada
1777335876.591128,True,False,0.14721945,-1,-1,0.000000,0.000000,0.000000,False,Sin objeto: medicion congelada
1777335876.625679,True,False,0.14721945,-1,-1,0.000000,0.000000,0.000000,False,Sin objeto: medicion congelada
1777335876.675699,True,False,0.14682656,-1,-1,0.000000,0.000000,0.000000,False,Sin objeto: medicion congelada
1777335876.709502,True,False,0.14682656,-1,-1,0.000000,0.000000,0.000000,False,Sin objeto: medicion congelada
1777335876.759991,True,False,0.14675635,-1,-1,0.000000,0.000000,0.000000,False,Sin objeto: medicion congelada
1777335876.809983,True,False,0.14675635,-1,-1,0.000000,0.000000,0.000000,False,Sin objeto: medicion congelada
1777335876.843858,True,False,0.14679201,-1,-1,0.000000,0.000000,0.000000,False,Sin objeto: medicion congelada
1777335876.878505,True,False,0.14692114,-1,-1,0.000000,0.000000,0.000000,False,Sin objeto: medicion congelada
1777335876.913581,True,False,0.14692114,-1,-1,0.000000,0.000000,0.000000,False,Sin objeto: medicion congelada
1777335876.947786,True,False,0.14712290,-1,-1,0.000000,0.000000,0.000000,False,Sin objeto: medicion congelada
1777335877.006236,True,False,0.14710631,-1,-1,0.000000,0.000000,0.000000,False,Sin objeto: medicion congelada
1777335877.068043,True,False,0.14691191,-1,-1,0.000000,0.000000,0.000000,False,Sin objeto: medicion congelada
1777335877.102788,True,False,0.14691191,-1,-1,0.000000,0.000000,0.000000,False,Sin objeto: medicion congelada
1777335877.136711,True,False,0.14681625,-1,-1,0.000000,0.000000,0.000000,False,Sin objeto: medicion congelada
1777335877.171010,True,False,0.14681625,-1,-1,0.000000,0.000000,0.000000,False,Sin objeto: medicion congelada
1777335877.205264,True,False,0.14696360,-1,-1,0.000000,0.000000,0.000000,False,Sin objeto: medicion congelada
1777335877.239662,True,False,0.14696360,-1,-1,0.000000,0.000000,0.000000,False,Sin objeto: medicion congelada
1777335877.273574,True,False,0.14693053,-1,-1,0.000000,0.000000,0.000000,False,Sin objeto: medicion congelada
1777335877.306716,True,False,0.14693053,-1,-1,0.000000,0.000000,0.000000,False,Sin objeto: medicion congelada
1777335877.341807,True,False,0.14677139,-1,-1,0.000000,0.000000,0.000000,False,Sin objeto: medicion congelada
1777335877.375279,True,False,0.14677139,-1,-1,0.000000,0.000000,0.000000,False,Sin objeto: medicion congelada
1777335877.409733,True,False,0.14690089,-1,-1,0.000000,0.000000,0.000000,False,Sin objeto: medicion congelada
1777335877.443750,True,False,0.14675903,-1,-1,0.000000,0.000000,0.000000,False,Sin objeto: medicion congelada
1777335877.509824,True,False,0.14675903,-1,-1,0.000000,0.000000,0.000000,False,Sin objeto: medicion congelada
1777335877.575509,True,False,0.14677524,-1,-1,0.000000,0.000000,0.000000,False,Sin objeto: medicion congelada
1777335877.612808,True,False,0.14664881,-1,-1,0.000000,0.000000,0.000000,False,Sin objeto: medicion congelada
1777335877.647169,True,False,0.14664881,-1,-1,0.000000,0.000000,0.000000,False,Sin objeto: medicion congelada
1777335877.697942,True,False,0.14688100,-1,-1,0.000000,0.000000,0.000000,False,Sin objeto: medicion congelada
1777335877.764834,True,False,0.14688100,-1,-1,0.000000,0.000000,0.000000,False,Sin objeto: medicion congelada
1777335877.831553,True,False,0.14657536,-1,-1,0.000000,0.000000,0.000000,False,Sin objeto: medicion congelada
1777335877.881962,True,False,0.14670614,-1,-1,0.000000,0.000000,0.000000,False,Sin objeto: medicion congelada
1777335877.915912,True,False,0.14692212,-1,-1,0.000000,0.000000,0.000000,False,Sin objeto: medicion congelada
1777335877.950118,True,False,0.14692212,-1,-1,0.000000,0.000000,0.000000,False,Sin objeto: medicion congelada
1777335878.000599,True,False,0.14670703,-1,-1,0.000000,0.000000,0.000000,False,Sin objeto: medicion congelada
1777335878.051718,True,False,0.14683354,-1,-1,0.000000,0.000000,0.000000,False,Sin objeto: medicion congelada
1777335878.102586,True,False,0.14683354,-1,-1,0.000000,0.000000,0.000000,False,Sin objeto: medicion congelada
1777335878.156088,True,False,0.14720786,-1,-1,0.000000,0.000000,0.000000,False,Sin objeto: medicion congelada
1777335878.223212,True,False,0.14722726,-1,-1,0.000000,0.000000,0.000000,False,Sin objeto: medicion congelada
1777335878.273349,True,False,0.14740620,-1,-1,0.000000,0.000000,0.000000,False,Sin objeto: medicion congelada
1777335878.325687,True,False,0.14740620,-1,-1,0.000000,0.000000,0.000000,False,Sin objeto: medicion congelada
1777335878.392367,True,False,0.14732667,-1,-1,0.000000,0.000000,0.000000,False,Sin objeto: medicion congelada
1777335878.449975,True,False,0.14728580,-1,-1,0.000000,0.000000,0.000000,False,Sin objeto: medicion congelada
1777335878.501636,True,False,0.14728580,-1,-1,0.000000,0.000000,0.000000,False,Sin objeto: medicion congelada
1777335878.568466,True,False,0.14735118,-1,-1,0.000000,0.000000,0.000000,False,Sin objeto: medicion congelada
1777335878.634947,True,False,0.14771466,-1,-1,0.000000,0.000000,0.000000,False,Sin objeto: medicion congelada
1777335878.686371,True,False,0.14755498,-1,-1,0.000000,0.000000,0.000000,False,Sin objeto: medicion congelada
1777335878.719951,True,False,0.14755498,-1,-1,0.000000,0.000000,0.000000,False,Sin objeto: medicion congelada
1777335878.753536,True,False,0.14730078,-1,-1,0.000000,0.000000,0.000000,False,Sin objeto: medicion congelada
1777335878.804426,True,False,0.14730078,-1,-1,0.000000,0.000000,0.000000,False,Sin objeto: medicion congelada
1777335878.855801,True,False,0.14658397,-1,-1,0.000000,0.000000,0.000000,False,Sin objeto: medicion congelada
1777335878.905487,True,False,0.14658397,-1,-1,0.000000,0.000000,0.000000,False,Sin objeto: medicion congelada
1777335878.939817,True,False,0.14600176,-1,-1,0.000000,0.000000,0.000000,False,Sin objeto: medicion congelada
1777335878.990654,True,False,0.14600176,-1,-1,0.000000,0.000000,0.000000,False,Sin objeto: medicion congelada
1777335879.040651,True,False,0.14531951,-1,-1,0.000000,0.000000,0.000000,False,Sin objeto: medicion congelada
1777335879.090586,True,False,0.14480301,-1,-1,0.000000,0.000000,0.000000,False,Sin objeto: medicion congelada
1777335879.141171,True,False,0.14505919,-1,-1,0.000000,0.000000,0.000000,False,Sin objeto: medicion congelada
1777335879.191188,True,False,0.14505919,-1,-1,0.000000,0.000000,0.000000,False,Sin objeto: medicion congelada
1777335879.242507,True,False,0.14519670,-1,-1,0.000000,0.000000,0.000000,False,Sin objeto: medicion congelada
1777335879.293437,True,False,0.14522861,-1,-1,0.000000,0.000000,0.000000,False,Sin objeto: medicion congelada
1777335879.359288,True,False,0.14532797,-1,-1,0.000000,0.000000,0.000000,False,Sin objeto: medicion congelada
1777335879.425264,True,False,0.14532797,-1,-1,0.000000,0.000000,0.000000,False,Sin objeto: medicion congelada
1777335879.474940,True,False,0.14531901,-1,-1,0.000000,0.000000,0.000000,False,Sin objeto: medicion congelada
1777335879.525898,True,False,0.14535841,-1,-1,0.000000,0.000000,0.000000,False,Sin objeto: medicion congelada
1777335879.607919,True,False,0.14561650,-1,-1,0.000000,0.000000,0.000000,False,Sin objeto: medicion congelada
1777335879.659062,True,False,0.14561650,-1,-1,0.000000,0.000000,0.000000,False,Sin objeto: medicion congelada
1777335879.693751,True,False,0.14574697,-1,-1,0.000000,0.000000,0.000000,False,Sin objeto: medicion congelada
1777335879.739680,True,False,0.14574697,-1,-1,0.000000,0.000000,0.000000,False,Sin objeto: medicion congelada
1777335879.790105,True,False,0.14566503,-1,-1,0.000000,0.000000,0.000000,False,Sin objeto: medicion congelada
1777335879.854205,True,False,0.14569723,-1,-1,0.000000,0.000000,0.000000,False,Sin objeto: medicion congelada
1777335879.888746,True,False,0.14587101,-1,-1,0.000000,0.000000,0.000000,False,Sin objeto: medicion congelada
1777335879.922111,True,False,0.14587101,-1,-1,0.000000,0.000000,0.000000,False,Sin objeto: medicion congelada
1777335879.956918,True,False,0.14574911,-1,-1,0.000000,0.000000,0.000000,False,Sin objeto: medicion congelada
1777335879.990818,True,False,0.14574911,-1,-1,0.000000,0.000000,0.000000,False,Sin objeto: medicion congelada
1777335880.025015,True,False,0.14582159,-1,-1,0.000000,0.000000,0.000000,False,Sin objeto: medicion congelada
1777335880.059096,True,False,0.14582159,-1,-1,0.000000,0.000000,0.000000,False,Sin objeto: medicion congelada
1777335880.110626,True,False,0.14576035,-1,-1,0.000000,0.000000,0.000000,False,Sin objeto: medicion congelada
1777335880.177992,True,False,0.14576035,-1,-1,0.000000,0.000000,0.000000,False,Sin objeto: medicion congelada
1777335880.242238,True,False,0.14557769,-1,-1,0.000000,0.000000,0.000000,False,Sin objeto: medicion congelada
1777335880.293332,True,False,0.14557769,-1,-1,0.000000,0.000000,0.000000,False,Sin objeto: medicion congelada
1777335880.360155,True,False,0.14554684,-1,-1,0.000000,0.000000,0.000000,False,Sin objeto: medicion congelada
1777335880.427334,True,False,0.14554684,-1,-1,0.000000,0.000000,0.000000,False,Sin objeto: medicion congelada
1777335880.494318,True,False,0.14549769,-1,-1,0.000000,0.000000,0.000000,False,Sin objeto: medicion congelada
1777335880.561606,True,False,0.14549769,-1,-1,0.000000,0.000000,0.000000,False,Sin objeto: medicion congelada
1777335880.628876,True,False,0.14525984,-1,-1,0.000000,0.000000,0.000000,False,Sin objeto: medicion congelada
1777335880.695414,True,False,0.14524184,-1,-1,0.000000,0.000000,0.000000,False,Sin objeto: medicion congelada
1777335880.745537,True,False,0.14531820,-1,-1,0.000000,0.000000,0.000000,False,Sin objeto: medicion congelada
1777335880.796332,True,False,0.14531820,-1,-1,0.000000,0.000000,0.000000,False,Sin objeto: medicion congelada
1777335880.848028,True,False,0.14522632,-1,-1,0.000000,0.000000,0.000000,False,Sin objeto: medicion congelada
1777335880.897990,True,False,0.14522632,-1,-1,0.000000,0.000000,0.000000,False,Sin objeto: medicion congelada
1777335880.932237,True,False,0.14527379,-1,-1,0.000000,0.000000,0.000000,False,Sin objeto: medicion congelada
1777335880.966617,True,False,0.14538909,-1,-1,0.000000,0.000000,0.000000,False,Sin objeto: medicion congelada
1777335881.024214,True,False,0.14566080,-1,-1,0.000000,0.000000,0.000000,False,Sin objeto: medicion congelada
1777335881.058799,True,False,0.14566080,-1,-1,0.000000,0.000000,0.000000,False,Sin objeto: medicion congelada
1777335881.109332,True,False,0.14568527,-1,-1,0.000000,0.000000,0.000000,False,Sin objeto: medicion congelada
1777335881.175505,True,False,0.14568527,-1,-1,0.000000,0.000000,0.000000,False,Sin objeto: medicion congelada
1777335881.242470,True,False,0.14599328,-1,-1,0.000000,0.000000,0.000000,False,Sin objeto: medicion congelada
1777335881.309574,True,False,0.14673396,-1,-1,0.000000,0.000000,0.000000,False,Sin objeto: medicion congelada
1777335881.376999,True,False,0.14673396,-1,-1,0.000000,0.000000,0.000000,False,Sin objeto: medicion congelada
1777335881.445716,True,False,0.14685279,-1,-1,0.000000,0.000000,0.000000,False,Sin objeto: medicion congelada
1777335881.494641,True,False,0.14653197,-1,-1,0.000000,0.000000,0.000000,False,Sin objeto: medicion congelada
1777335881.544746,True,False,0.14661745,-1,-1,0.000000,0.000000,0.000000,False,Sin objeto: medicion congelada
1777335881.612248,True,False,0.14661745,-1,-1,0.000000,0.000000,0.000000,False,Sin objeto: medicion congelada
1777335881.694597,False,False,0.00000000,-1,-1,0.000000,0.000000,0.000000,False,Sin AprilTag: medicion congelada
1777335881.744973,False,False,0.00000000,-1,-1,0.000000,0.000000,0.000000,False,Sin AprilTag: medicion congelada
1777335881.779375,False,False,0.00000000,-1,-1,0.000000,0.000000,0.000000,False,Sin AprilTag: medicion congelada
1777335881.813859,False,False,0.00000000,-1,-1,0.000000,0.000000,0.000000,False,Sin AprilTag: medicion congelada
1777335881.863615,False,False,0.00000000,-1,-1,0.000000,0.000000,0.000000,False,Sin AprilTag: medicion congelada
1777335881.929232,False,False,0.00000000,-1,-1,0.000000,0.000000,0.000000,False,Sin AprilTag: medicion congelada
1777335881.989422,False,False,0.00000000,-1,-1,0.000000,0.000000,0.000000,False,Sin AprilTag: medicion congelada
1777335882.053663,False,False,0.00000000,-1,-1,0.000000,0.000000,0.000000,False,Sin AprilTag: medicion congelada
1777335882.103820,False,False,0.00000000,-1,-1,0.000000,0.000000,0.000000,False,Sin AprilTag: medicion congelada
1777335882.137355,False,False,0.00000000,-1,-1,0.000000,0.000000,0.000000,False,Sin AprilTag: medicion congelada
1777335882.168661,False,False,0.00000000,-1,-1,0.000000,0.000000,0.000000,False,Sin AprilTag: medicion congelada
1777335882.202877,False,False,0.00000000,-1,-1,0.000000,0.000000,0.000000,False,Sin AprilTag: medicion congelada
1777335882.236869,False,False,0.00000000,-1,-1,0.000000,0.000000,0.000000,False,Sin AprilTag: medicion congelada
1777335882.286878,False,False,0.00000000,-1,-1,0.000000,0.000000,0.000000,False,Sin AprilTag: medicion congelada
1777335882.353348,False,False,0.00000000,-1,-1,0.000000,0.000000,0.000000,False,Sin AprilTag: medicion congelada
1777335882.420018,False,False,0.00000000,-1,-1,0.000000,0.000000,0.000000,False,Sin AprilTag: medicion congelada
1777335882.485362,False,False,0.00000000,-1,-1,0.000000,0.000000,0.000000,False,Sin AprilTag: medicion congelada
1777335882.535384,False,False,0.00000000,-1,-1,0.000000,0.000000,0.000000,False,Sin AprilTag: medicion congelada
1777335882.596694,False,False,0.00000000,-1,-1,0.000000,0.000000,0.000000,False,Sin AprilTag: medicion congelada
1777335882.663614,False,False,0.00000000,-1,-1,0.000000,0.000000,0.000000,False,Sin AprilTag: medicion congelada
1777335882.746361,False,False,0.00000000,-1,-1,0.000000,0.000000,0.000000,False,Sin AprilTag: medicion congelada
1777335882.813504,False,False,0.00000000,-1,-1,0.000000,0.000000,0.000000,False,Sin AprilTag: medicion congelada
1777335882.879093,False,False,0.00000000,-1,-1,0.000000,0.000000,0.000000,False,Sin AprilTag: medicion congelada
1777335882.983653,False,False,0.00000000,-1,-1,0.000000,0.000000,0.000000,False,Sin AprilTag: medicion congelada
1777335883.018276,False,False,0.00000000,-1,-1,0.000000,0.000000,0.000000,False,Sin AprilTag: medicion congelada
1777335883.051608,False,False,0.00000000,-1,-1,0.000000,0.000000,0.000000,False,Sin AprilTag: medicion congelada
1777335883.103649,False,False,0.00000000,-1,-1,0.000000,0.000000,0.000000,False,Sin AprilTag: medicion congelada
1777335883.154361,False,False,0.00000000,-1,-1,0.000000,0.000000,0.000000,False,Sin AprilTag: medicion congelada
1777335883.205138,False,False,0.00000000,-1,-1,0.000000,0.000000,0.000000,False,Sin AprilTag: medicion congelada
1777335883.255275,False,False,0.00000000,-1,-1,0.000000,0.000000,0.000000,False,Sin AprilTag: medicion congelada
1777335883.305058,False,False,0.00000000,-1,-1,0.000000,0.000000,0.000000,False,Sin AprilTag: medicion congelada
1777335883.339492,False,False,0.00000000,-1,-1,0.000000,0.000000,0.000000,False,Sin AprilTag: medicion congelada
1777335883.389901,False,False,0.00000000,-1,-1,0.000000,0.000000,0.000000,False,Sin AprilTag: medicion congelada
1777335883.456194,False,False,0.00000000,-1,-1,0.000000,0.000000,0.000000,False,Sin AprilTag: medicion congelada
1777335883.506375,False,False,0.00000000,-1,-1,0.000000,0.000000,0.000000,False,Sin AprilTag: medicion congelada
1777335883.556494,False,False,0.00000000,-1,-1,0.000000,0.000000,0.000000,False,Sin AprilTag: medicion congelada
1777335883.606999,False,False,0.00000000,-1,-1,0.000000,0.000000,0.000000,False,Sin AprilTag: medicion congelada
1777335883.657128,False,False,0.00000000,-1,-1,0.000000,0.000000,0.000000,False,Sin AprilTag: medicion congelada
1777335883.707983,False,False,0.00000000,-1,-1,0.000000,0.000000,0.000000,False,Sin AprilTag: medicion congelada
1777335883.789274,False,False,0.00000000,-1,-1,0.000000,0.000000,0.000000,False,Sin AprilTag: medicion congelada
1777335883.839493,False,False,0.00000000,-1,-1,0.000000,0.000000,0.000000,False,Sin AprilTag: medicion congelada
1777335883.903685,False,False,0.00000000,-1,-1,0.000000,0.000000,0.000000,False,Sin AprilTag: medicion congelada
1777335883.937855,False,False,0.00000000,-1,-1,0.000000,0.000000,0.000000,False,Sin AprilTag: medicion congelada
1777335883.972114,False,False,0.00000000,-1,-1,0.000000,0.000000,0.000000,False,Sin AprilTag: medicion congelada
1777335884.005672,False,False,0.00000000,-1,-1,0.000000,0.000000,0.000000,False,Sin AprilTag: medicion congelada
1777335884.040148,False,False,0.00000000,-1,-1,0.000000,0.000000,0.000000,False,Sin AprilTag: medicion congelada
1777335884.074423,False,False,0.00000000,-1,-1,0.000000,0.000000,0.000000,False,Sin AprilTag: medicion congelada
1777335884.125229,False,False,0.00000000,-1,-1,0.000000,0.000000,0.000000,False,Sin AprilTag: medicion congelada
1777335884.191752,False,False,0.00000000,-1,-1,0.000000,0.000000,0.000000,False,Sin AprilTag: medicion congelada
1777335884.242482,False,False,0.00000000,-1,-1,0.000000,0.000000,0.000000,False,Sin AprilTag: medicion congelada
1777335884.293220,False,False,0.00000000,-1,-1,0.000000,0.000000,0.000000,False,Sin AprilTag: medicion congelada
1777335884.375422,False,False,0.00000000,-1,-1,0.000000,0.000000,0.000000,False,Sin AprilTag: medicion congelada
1777335884.425141,False,False,0.00000000,-1,-1,0.000000,0.000000,0.000000,False,Sin AprilTag: medicion congelada
1777335884.459480,False,False,0.00000000,-1,-1,0.000000,0.000000,0.000000,False,Sin AprilTag: medicion congelada
1777335884.526133,False,False,0.00000000,-1,-1,0.000000,0.000000,0.000000,False,Sin AprilTag: medicion congelada
1777335884.605365,False,False,0.00000000,-1,-1,0.000000,0.000000,0.000000,False,Sin AprilTag: medicion congelada
1777335884.654999,False,False,0.00000000,-1,-1,0.000000,0.000000,0.000000,False,Sin AprilTag: medicion congelada
1777335884.705433,False,False,0.00000000,-1,-1,0.000000,0.000000,0.000000,False,Sin AprilTag: medicion congelada
1777335884.755721,False,False,0.00000000,-1,-1,0.000000,0.000000,0.000000,False,Sin AprilTag: medicion congelada
1777335884.805460,False,False,0.00000000,-1,-1,0.000000,0.000000,0.000000,False,Sin AprilTag: medicion congelada
1777335884.870416,False,False,0.00000000,-1,-1,0.000000,0.000000,0.000000,False,Sin AprilTag: medicion congelada
1777335884.925566,False,False,0.00000000,-1,-1,0.000000,0.000000,0.000000,False,Sin AprilTag: medicion congelada
1777335884.974800,False,False,0.00000000,-1,-1,0.000000,0.000000,0.000000,False,Sin AprilTag: medicion congelada
1777335885.008554,False,False,0.00000000,-1,-1,0.000000,0.000000,0.000000,False,Sin AprilTag: medicion congelada
1777335885.224933,False,False,0.00000000,-1,-1,0.000000,0.000000,0.000000,False,Sin AprilTag: medicion congelada
1777335885.353492,False,False,0.00000000,-1,-1,0.000000,0.000000,0.000000,False,Sin AprilTag: medicion congelada
1777335885.388009,False,False,0.00000000,-1,-1,0.000000,0.000000,0.000000,False,Sin AprilTag: medicion congelada
1777335885.421784,False,False,0.00000000,-1,-1,0.000000,0.000000,0.000000,False,Sin AprilTag: medicion congelada
1777335885.487746,False,False,0.00000000,-1,-1,0.000000,0.000000,0.000000,False,Sin AprilTag: medicion congelada
1777335885.538376,False,False,0.00000000,-1,-1,0.000000,0.000000,0.000000,False,Sin AprilTag: medicion congelada
1777335885.572801,False,False,0.00000000,-1,-1,0.000000,0.000000,0.000000,False,Sin AprilTag: medicion congelada
1777335885.607386,False,False,0.00000000,-1,-1,0.000000,0.000000,0.000000,False,Sin AprilTag: medicion congelada
1777335885.657084,False,False,0.00000000,-1,-1,0.000000,0.000000,0.000000,False,Sin AprilTag: medicion congelada
1777335885.722722,False,False,0.00000000,-1,-1,0.000000,0.000000,0.000000,False,Sin AprilTag: medicion congelada
1777335885.773148,False,False,0.00000000,-1,-1,0.000000,0.000000,0.000000,False,Sin AprilTag: medicion congelada
1777335885.807620,False,False,0.00000000,-1,-1,0.000000,0.000000,0.000000,False,Sin AprilTag: medicion congelada
1777335885.857398,False,False,0.00000000,-1,-1,0.000000,0.000000,0.000000,False,Sin AprilTag: medicion congelada
1777335885.922900,False,False,0.00000000,-1,-1,0.000000,0.000000,0.000000,False,Sin AprilTag: medicion congelada
1777335885.956890,False,False,0.00000000,-1,-1,0.000000,0.000000,0.000000,False,Sin AprilTag: medicion congelada
1777335885.997987,False,False,0.00000000,-1,-1,0.000000,0.000000,0.000000,False,Sin AprilTag: medicion congelada
1777335886.031325,False,False,0.00000000,-1,-1,0.000000,0.000000,0.000000,False,Sin AprilTag: medicion congelada
1777335886.065756,False,False,0.00000000,-1,-1,0.000000,0.000000,0.000000,False,Sin AprilTag: medicion congelada
1777335886.125534,False,False,0.00000000,-1,-1,0.000000,0.000000,0.000000,False,Sin AprilTag: medicion congelada
1777335886.159980,False,False,0.00000000,-1,-1,0.000000,0.000000,0.000000,False,Sin AprilTag: medicion congelada
1777335886.194300,False,False,0.00000000,-1,-1,0.000000,0.000000,0.000000,False,Sin AprilTag: medicion congelada
1777335886.228791,False,False,0.00000000,-1,-1,0.000000,0.000000,0.000000,False,Sin AprilTag: medicion congelada
1777335886.263453,False,False,0.00000000,-1,-1,0.000000,0.000000,0.000000,False,Sin AprilTag: medicion congelada
1777335886.298128,False,False,0.00000000,-1,-1,0.000000,0.000000,0.000000,False,Sin AprilTag: medicion congelada
1777335886.332809,False,False,0.00000000,-1,-1,0.000000,0.000000,0.000000,False,Sin AprilTag: medicion congelada
1777335886.367009,False,False,0.00000000,-1,-1,0.000000,0.000000,0.000000,False,Sin AprilTag: medicion congelada
1777335886.402400,False,False,0.00000000,-1,-1,0.000000,0.000000,0.000000,False,Sin AprilTag: medicion congelada
1777335886.436314,False,False,0.00000000,-1,-1,0.000000,0.000000,0.000000,False,Sin AprilTag: medicion congelada
1777335886.469598,False,False,0.00000000,-1,-1,0.000000,0.000000,0.000000,False,Sin AprilTag: medicion congelada
1777335886.503949,False,False,0.00000000,-1,-1,0.000000,0.000000,0.000000,False,Sin AprilTag: medicion congelada
1777335886.537760,False,False,0.00000000,-1,-1,0.000000,0.000000,0.000000,False,Sin AprilTag: medicion congelada
1777335886.571542,False,False,0.00000000,-1,-1,0.000000,0.000000,0.000000,False,Sin AprilTag: medicion congelada
1777335886.605527,False,False,0.00000000,-1,-1,0.000000,0.000000,0.000000,False,Sin AprilTag: medicion congelada
1777335886.641181,False,False,0.00000000,-1,-1,0.000000,0.000000,0.000000,False,Sin AprilTag: medicion congelada
1777335886.677019,False,False,0.00000000,-1,-1,0.000000,0.000000,0.000000,False,Sin AprilTag: medicion congelada
1777335886.710922,False,False,0.00000000,-1,-1,0.000000,0.000000,0.000000,False,Sin AprilTag: medicion congelada
1777335886.745290,False,False,0.00000000,-1,-1,0.000000,0.000000,0.000000,False,Sin AprilTag: medicion congelada
1777335886.779402,False,False,0.00000000,-1,-1,0.000000,0.000000,0.000000,False,Sin AprilTag: medicion congelada
1777335886.812640,False,False,0.00000000,-1,-1,0.000000,0.000000,0.000000,False,Sin AprilTag: medicion congelada
1777335886.846232,False,False,0.00000000,-1,-1,0.000000,0.000000,0.000000,False,Sin AprilTag: medicion congelada
1777335886.897072,False,False,0.00000000,-1,-1,0.000000,0.000000,0.000000,False,Sin AprilTag: medicion congelada
1777335886.959633,False,False,0.00000000,-1,-1,0.000000,0.000000,0.000000,False,Sin AprilTag: medicion congelada
1777335887.022720,False,False,0.00000000,-1,-1,0.000000,0.000000,0.000000,False,Sin AprilTag: medicion congelada
1777335887.084329,False,False,0.00000000,-1,-1,0.000000,0.000000,0.000000,False,Sin AprilTag: medicion congelada
1777335887.138898,False,False,0.00000000,-1,-1,0.000000,0.000000,0.000000,False,Sin AprilTag: medicion congelada
1777335887.200803,False,False,0.00000000,-1,-1,0.000000,0.000000,0.000000,False,Sin AprilTag: medicion congelada
1777335887.268808,False,False,0.00000000,-1,-1,0.000000,0.000000,0.000000,False,Sin AprilTag: medicion congelada
1777335887.332371,False,False,0.00000000,-1,-1,0.000000,0.000000,0.000000,False,Sin AprilTag: medicion congelada
1777335887.410945,False,False,0.00000000,-1,-1,0.000000,0.000000,0.000000,False,Sin AprilTag: medicion congelada
1777335887.460078,False,False,0.00000000,-1,-1,0.000000,0.000000,0.000000,False,Sin AprilTag: medicion congelada
1777335887.537055,False,False,0.00000000,-1,-1,0.000000,0.000000,0.000000,False,Sin AprilTag: medicion congelada
1777335887.611456,False,False,0.00000000,-1,-1,0.000000,0.000000,0.000000,False,Sin AprilTag: medicion congelada
1777335887.673675,False,False,0.00000000,-1,-1,0.000000,0.000000,0.000000,False,Sin AprilTag: medicion congelada
1777335887.736650,False,False,0.00000000,-1,-1,0.000000,0.000000,0.000000,False,Sin AprilTag: medicion congelada
1777335887.800268,False,False,0.00000000,-1,-1,0.000000,0.000000,0.000000,False,Sin AprilTag: medicion congelada
1777335887.863630,False,False,0.00000000,-1,-1,0.000000,0.000000,0.000000,False,Sin AprilTag: medicion congelada
1777335888.224957,False,False,0.00000000,-1,-1,0.000000,0.000000,0.000000,False,Sin AprilTag: medicion congelada
1777335888.288159,False,False,0.00000000,-1,-1,0.000000,0.000000,0.000000,False,Sin AprilTag: medicion congelada
1777335888.351599,False,False,0.00000000,-1,-1,0.000000,0.000000,0.000000,False,Sin AprilTag: medicion congelada
1777335888.415181,False,False,0.00000000,-1,-1,0.000000,0.000000,0.000000,False,Sin AprilTag: medicion congelada
1777335888.494759,False,False,0.00000000,-1,-1,0.000000,0.000000,0.000000,False,Sin AprilTag: medicion congelada
1777335888.558977,False,False,0.00000000,-1,-1,0.000000,0.000000,0.000000,False,Sin AprilTag: medicion congelada
1777335888.622820,False,False,0.00000000,-1,-1,0.000000,0.000000,0.000000,False,Sin AprilTag: medicion congelada
1777335888.686316,False,False,0.00000000,-1,-1,0.000000,0.000000,0.000000,False,Sin AprilTag: medicion congelada
1777335888.750155,False,False,0.00000000,-1,-1,0.000000,0.000000,0.000000,False,Sin AprilTag: medicion congelada
1777335888.814110,False,False,0.00000000,-1,-1,0.000000,0.000000,0.000000,False,Sin AprilTag: medicion congelada
1777335888.877438,False,False,0.00000000,-1,-1,0.000000,0.000000,0.000000,False,Sin AprilTag: medicion congelada
1777335888.940849,False,False,0.00000000,-1,-1,0.000000,0.000000,0.000000,False,Sin AprilTag: medicion congelada
1777335889.004127,False,False,0.00000000,-1,-1,0.000000,0.000000,0.000000,False,Sin AprilTag: medicion congelada
1777335889.067883,False,False,0.00000000,-1,-1,0.000000,0.000000,0.000000,False,Sin AprilTag: medicion congelada
1777335889.131847,False,False,0.00000000,-1,-1,0.000000,0.000000,0.000000,False,Sin AprilTag: medicion congelada
1777335889.195593,False,False,0.00000000,-1,-1,0.000000,0.000000,0.000000,False,Sin AprilTag: medicion congelada
1777335889.258623,False,False,0.00000000,-1,-1,0.000000,0.000000,0.000000,False,Sin AprilTag: medicion congelada
1777335889.321735,False,False,0.00000000,-1,-1,0.000000,0.000000,0.000000,False,Sin AprilTag: medicion congelada
1777335889.385886,False,False,0.00000000,-1,-1,0.000000,0.000000,0.000000,False,Sin AprilTag: medicion congelada
1777335889.449200,False,False,0.00000000,-1,-1,0.000000,0.000000,0.000000,False,Sin AprilTag: medicion congelada
1777335889.529089,False,False,0.00000000,-1,-1,0.000000,0.000000,0.000000,False,Sin AprilTag: medicion congelada
1777335889.608432,False,False,0.00000000,-1,-1,0.000000,0.000000,0.000000,False,Sin AprilTag: medicion congelada
1777335889.672696,False,False,0.00000000,-1,-1,0.000000,0.000000,0.000000,False,Sin AprilTag: medicion congelada
1777335889.736777,False,False,0.00000000,-1,-1,0.000000,0.000000,0.000000,False,Sin AprilTag: medicion congelada
1777335889.800807,False,False,0.00000000,-1,-1,0.000000,0.000000,0.000000,False,Sin AprilTag: medicion congelada
1777335889.896353,False,False,0.00000000,-1,-1,0.000000,0.000000,0.000000,False,Sin AprilTag: medicion congelada
1777335889.959845,False,False,0.00000000,-1,-1,0.000000,0.000000,0.000000,False,Sin AprilTag: medicion congelada
1777335890.023252,False,False,0.00000000,-1,-1,0.000000,0.000000,0.000000,False,Sin AprilTag: medicion congelada
1777335890.086752,False,False,0.00000000,-1,-1,0.000000,0.000000,0.000000,False,Sin AprilTag: medicion congelada
1777335890.166733,False,False,0.00000000,-1,-1,0.000000,0.000000,0.000000,False,Sin AprilTag: medicion congelada
1777335890.253253,False,False,0.00000000,-1,-1,0.000000,0.000000,0.000000,False,Sin AprilTag: medicion congelada
1777335890.316794,False,False,0.00000000,-1,-1,0.000000,0.000000,0.000000,False,Sin AprilTag: medicion congelada
1777335890.380074,False,False,0.00000000,-1,-1,0.000000,0.000000,0.000000,False,Sin AprilTag: medicion congelada
1777335890.446123,False,False,0.00000000,-1,-1,0.000000,0.000000,0.000000,False,Sin AprilTag: medicion congelada
1777335890.522707,False,False,0.00000000,-1,-1,0.000000,0.000000,0.000000,False,Sin AprilTag: medicion congelada
1777335890.585702,False,False,0.00000000,-1,-1,0.000000,0.000000,0.000000,False,Sin AprilTag: medicion congelada
1777335890.649405,False,False,0.00000000,-1,-1,0.000000,0.000000,0.000000,False,Sin AprilTag: medicion congelada
1777335890.712923,False,False,0.00000000,-1,-1,0.000000,0.000000,0.000000,False,Sin AprilTag: medicion congelada
1777335890.776032,False,False,0.00000000,-1,-1,0.000000,0.000000,0.000000,False,Sin AprilTag: medicion congelada
1777335890.840160,False,False,0.00000000,-1,-1,0.000000,0.000000,0.000000,False,Sin AprilTag: medicion congelada
1777335890.903112,False,False,0.00000000,-1,-1,0.000000,0.000000,0.000000,False,Sin AprilTag: medicion congelada
1777335890.966317,False,False,0.00000000,-1,-1,0.000000,0.000000,0.000000,False,Sin AprilTag: medicion congelada
1777335891.030180,False,False,0.00000000,-1,-1,0.000000,0.000000,0.000000,False,Sin AprilTag: medicion congelada
1777335891.093321,False,False,0.00000000,-1,-1,0.000000,0.000000,0.000000,False,Sin AprilTag: medicion congelada
1777335891.156752,False,False,0.00000000,-1,-1,0.000000,0.000000,0.000000,False,Sin AprilTag: medicion congelada
1777335891.220679,False,False,0.00000000,-1,-1,0.000000,0.000000,0.000000,False,Sin AprilTag: medicion congelada
1777335891.284313,False,False,0.00000000,-1,-1,0.000000,0.000000,0.000000,False,Sin AprilTag: medicion congelada
1777335891.364136,False,False,0.00000000,-1,-1,0.000000,0.000000,0.000000,False,Sin AprilTag: medicion congelada
1777335891.444434,False,False,0.00000000,-1,-1,0.000000,0.000000,0.000000,False,Sin AprilTag: medicion congelada
1777335891.507269,False,False,0.00000000,-1,-1,0.000000,0.000000,0.000000,False,Sin AprilTag: medicion congelada
1777335891.570767,False,False,0.00000000,-1,-1,0.000000,0.000000,0.000000,False,Sin AprilTag: medicion congelada
1777335891.634401,False,False,0.00000000,-1,-1,0.000000,0.000000,0.000000,False,Sin AprilTag: medicion congelada
1777335891.729225,False,False,0.00000000,-1,-1,0.000000,0.000000,0.000000,False,Sin AprilTag: medicion congelada
1777335891.792795,False,False,0.00000000,-1,-1,0.000000,0.000000,0.000000,False,Sin AprilTag: medicion congelada
1777335891.856221,False,False,0.00000000,-1,-1,0.000000,0.000000,0.000000,False,Sin AprilTag: medicion congelada
1777335891.919550,False,False,0.00000000,-1,-1,0.000000,0.000000,0.000000,False,Sin AprilTag: medicion congelada
1777335891.983354,False,False,0.00000000,-1,-1,0.000000,0.000000,0.000000,False,Sin AprilTag: medicion congelada
1777335892.046784,False,False,0.00000000,-1,-1,0.000000,0.000000,0.000000,False,Sin AprilTag: medicion congelada
1777335892.101144,False,False,0.00000000,-1,-1,0.000000,0.000000,0.000000,False,Sin AprilTag: medicion congelada
1777335892.161413,False,False,0.00000000,-1,-1,0.000000,0.000000,0.000000,False,Sin AprilTag: medicion congelada
1777335892.231515,False,False,0.00000000,-1,-1,0.000000,0.000000,0.000000,False,Sin AprilTag: medicion congelada
1777335892.294653,False,False,0.00000000,-1,-1,0.000000,0.000000,0.000000,False,Sin AprilTag: medicion congelada
1777335892.357648,False,False,0.00000000,-1,-1,0.000000,0.000000,0.000000,False,Sin AprilTag: medicion congelada
1777335892.421171,False,False,0.00000000,-1,-1,0.000000,0.000000,0.000000,False,Sin AprilTag: medicion congelada
1777335892.484479,False,False,0.00000000,-1,-1,0.000000,0.000000,0.000000,False,Sin AprilTag: medicion congelada
1777335892.547791,False,False,0.00000000,-1,-1,0.000000,0.000000,0.000000,False,Sin AprilTag: medicion congelada
1777335892.610123,False,False,0.00000000,-1,-1,0.000000,0.000000,0.000000,False,Sin AprilTag: medicion congelada
1777335892.720842,False,False,0.00000000,-1,-1,0.000000,0.000000,0.000000,False,Sin AprilTag: medicion congelada
1777335892.784116,False,False,0.00000000,-1,-1,0.000000,0.000000,0.000000,False,Sin AprilTag: medicion congelada
1777335892.847326,False,False,0.00000000,-1,-1,0.000000,0.000000,0.000000,False,Sin AprilTag: medicion congelada
1777335892.910707,False,False,0.00000000,-1,-1,0.000000,0.000000,0.000000,False,Sin AprilTag: medicion congelada
1777335892.973871,False,False,0.00000000,-1,-1,0.000000,0.000000,0.000000,False,Sin AprilTag: medicion congelada
1777335893.053298,False,False,0.00000000,-1,-1,0.000000,0.000000,0.000000,False,Sin AprilTag: medicion congelada
1777335893.116906,False,False,0.00000000,-1,-1,0.000000,0.000000,0.000000,False,Sin AprilTag: medicion congelada
1777335893.195846,False,False,0.00000000,-1,-1,0.000000,0.000000,0.000000,False,Sin AprilTag: medicion congelada
1777335893.258664,False,False,0.00000000,-1,-1,0.000000,0.000000,0.000000,False,Sin AprilTag: medicion congelada
1777335893.322303,False,False,0.00000000,-1,-1,0.000000,0.000000,0.000000,False,Sin AprilTag: medicion congelada
1777335893.385307,False,False,0.00000000,-1,-1,0.000000,0.000000,0.000000,False,Sin AprilTag: medicion congelada
1777335893.448612,False,False,0.00000000,-1,-1,0.000000,0.000000,0.000000,False,Sin AprilTag: medicion congelada
1777335893.512529,False,False,0.00000000,-1,-1,0.000000,0.000000,0.000000,False,Sin AprilTag: medicion congelada
1777335893.575826,False,False,0.00000000,-1,-1,0.000000,0.000000,0.000000,False,Sin AprilTag: medicion congelada
1777335893.639394,False,False,0.00000000,-1,-1,0.000000,0.000000,0.000000,False,Sin AprilTag: medicion congelada
1777335893.702970,False,False,0.00000000,-1,-1,0.000000,0.000000,0.000000,False,Sin AprilTag: medicion congelada
1777335893.765421,False,False,0.00000000,-1,-1,0.000000,0.000000,0.000000,False,Sin AprilTag: medicion congelada
1777335893.827816,False,False,0.00000000,-1,-1,0.000000,0.000000,0.000000,False,Sin AprilTag: medicion congelada
1777335893.891426,False,False,0.00000000,-1,-1,0.000000,0.000000,0.000000,False,Sin AprilTag: medicion congelada
1777335893.955282,False,False,0.00000000,-1,-1,0.000000,0.000000,0.000000,False,Sin AprilTag: medicion congelada
1777335894.018796,False,False,0.00000000,-1,-1,0.000000,0.000000,0.000000,False,Sin AprilTag: medicion congelada
1777335894.082192,False,False,0.00000000,-1,-1,0.000000,0.000000,0.000000,False,Sin AprilTag: medicion congelada
1777335894.145754,False,False,0.00000000,-1,-1,0.000000,0.000000,0.000000,False,Sin AprilTag: medicion congelada
1777335894.209762,False,False,0.00000000,-1,-1,0.000000,0.000000,0.000000,False,Sin AprilTag: medicion congelada
1777335894.273240,False,False,0.00000000,-1,-1,0.000000,0.000000,0.000000,False,Sin AprilTag: medicion congelada
1777335894.336987,False,False,0.00000000,-1,-1,0.000000,0.000000,0.000000,False,Sin AprilTag: medicion congelada
1777335894.400827,False,False,0.00000000,-1,-1,0.000000,0.000000,0.000000,False,Sin AprilTag: medicion congelada
1777335894.464821,False,False,0.00000000,-1,-1,0.000000,0.000000,0.000000,False,Sin AprilTag: medicion congelada
1777335894.544018,False,False,0.00000000,-1,-1,0.000000,0.000000,0.000000,False,Sin AprilTag: medicion congelada
1777335894.607109,False,False,0.00000000,-1,-1,0.000000,0.000000,0.000000,False,Sin AprilTag: medicion congelada
1777335894.670922,False,False,0.00000000,-1,-1,0.000000,0.000000,0.000000,False,Sin AprilTag: medicion congelada
1777335894.734434,False,False,0.00000000,-1,-1,0.000000,0.000000,0.000000,False,Sin AprilTag: medicion congelada
1777335894.797930,False,False,0.00000000,-1,-1,0.000000,0.000000,0.000000,False,Sin AprilTag: medicion congelada
1777335894.861010,False,False,0.00000000,-1,-1,0.000000,0.000000,0.000000,False,Sin AprilTag: medicion congelada
1777335894.924290,False,False,0.00000000,-1,-1,0.000000,0.000000,0.000000,False,Sin AprilTag: medicion congelada
1777335894.986627,False,False,0.00000000,-1,-1,0.000000,0.000000,0.000000,False,Sin AprilTag: medicion congelada
1777335895.066291,False,False,0.00000000,-1,-1,0.000000,0.000000,0.000000,False,Sin AprilTag: medicion congelada
1777335895.130232,False,False,0.00000000,-1,-1,0.000000,0.000000,0.000000,False,Sin AprilTag: medicion congelada
1777335895.193429,False,False,0.00000000,-1,-1,0.000000,0.000000,0.000000,False,Sin AprilTag: medicion congelada
1777335895.257235,False,False,0.00000000,-1,-1,0.000000,0.000000,0.000000,False,Sin AprilTag: medicion congelada
1777335895.320976,False,False,0.00000000,-1,-1,0.000000,0.000000,0.000000,False,Sin AprilTag: medicion congelada
1777335895.384869,False,False,0.00000000,-1,-1,0.000000,0.000000,0.000000,False,Sin AprilTag: medicion congelada
1777335895.448136,False,False,0.00000000,-1,-1,0.000000,0.000000,0.000000,False,Sin AprilTag: medicion congelada
1777335895.511480,False,False,0.00000000,-1,-1,0.000000,0.000000,0.000000,False,Sin AprilTag: medicion congelada
1777335895.575268,False,False,0.00000000,-1,-1,0.000000,0.000000,0.000000,False,Sin AprilTag: medicion congelada
1777335895.638726,False,False,0.00000000,-1,-1,0.000000,0.000000,0.000000,False,Sin AprilTag: medicion congelada
1777335895.702731,False,False,0.00000000,-1,-1,0.000000,0.000000,0.000000,False,Sin AprilTag: medicion congelada
1777335895.798069,False,False,0.00000000,-1,-1,0.000000,0.000000,0.000000,False,Sin AprilTag: medicion congelada
1777335895.861613,False,False,0.00000000,-1,-1,0.000000,0.000000,0.000000,False,Sin AprilTag: medicion congelada
1777335895.941693,False,False,0.00000000,-1,-1,0.000000,0.000000,0.000000,False,Sin AprilTag: medicion congelada
1777335896.005077,False,False,0.00000000,-1,-1,0.000000,0.000000,0.000000,False,Sin AprilTag: medicion congelada
1777335896.067057,False,False,0.00000000,-1,-1,0.000000,0.000000,0.000000,False,Sin AprilTag: medicion congelada
1777335896.130203,False,False,0.00000000,-1,-1,0.000000,0.000000,0.000000,False,Sin AprilTag: medicion congelada
1777335896.257525,False,False,0.00000000,-1,-1,0.000000,0.000000,0.000000,False,Sin AprilTag: medicion congelada
1777335896.352207,False,False,0.00000000,-1,-1,0.000000,0.000000,0.000000,False,Sin AprilTag: medicion congelada
1777335896.447708,False,False,0.00000000,-1,-1,0.000000,0.000000,0.000000,False,Sin AprilTag: medicion congelada
1777335896.558515,False,False,0.00000000,-1,-1,0.000000,0.000000,0.000000,False,Sin AprilTag: medicion congelada
1777335896.621900,False,False,0.00000000,-1,-1,0.000000,0.000000,0.000000,False,Sin AprilTag: medicion congelada
1777335896.710103,False,False,0.00000000,-1,-1,0.000000,0.000000,0.000000,False,Sin AprilTag: medicion congelada
1777335896.775824,False,False,0.00000000,-1,-1,0.000000,0.000000,0.000000,False,Sin AprilTag: medicion congelada
1777335896.827497,False,False,0.00000000,-1,-1,0.000000,0.000000,0.000000,False,Sin AprilTag: medicion congelada
1777335896.930165,False,False,0.00000000,-1,-1,0.000000,0.000000,0.000000,False,Sin AprilTag: medicion congelada
1777335897.040846,False,False,0.00000000,-1,-1,0.000000,0.000000,0.000000,False,Sin AprilTag: medicion congelada
1777335897.104271,False,False,0.00000000,-1,-1,0.000000,0.000000,0.000000,False,Sin AprilTag: medicion congelada
1777335897.167812,False,False,0.00000000,-1,-1,0.000000,0.000000,0.000000,False,Sin AprilTag: medicion congelada
1777335897.229362,False,False,0.00000000,-1,-1,0.000000,0.000000,0.000000,False,Sin AprilTag: medicion congelada
1777335897.334462,False,False,0.00000000,-1,-1,0.000000,0.000000,0.000000,False,Sin AprilTag: medicion congelada
1777335897.374502,False,False,0.00000000,-1,-1,0.000000,0.000000,0.000000,False,Sin AprilTag: medicion congelada
1777335897.408968,False,False,0.00000000,-1,-1,0.000000,0.000000,0.000000,False,Sin AprilTag: medicion congelada
1777335897.459552,False,False,0.00000000,-1,-1,0.000000,0.000000,0.000000,False,Sin AprilTag: medicion congelada
1777335897.508867,False,False,0.00000000,-1,-1,0.000000,0.000000,0.000000,False,Sin AprilTag: medicion congelada
1777335897.575455,False,False,0.00000000,-1,-1,0.000000,0.000000,0.000000,False,Sin AprilTag: medicion congelada
1777335897.626719,False,False,0.00000000,-1,-1,0.000000,0.000000,0.000000,False,Sin AprilTag: medicion congelada
1777335897.677280,False,False,0.00000000,-1,-1,0.000000,0.000000,0.000000,False,Sin AprilTag: medicion congelada
1777335897.771652,False,False,0.00000000,-1,-1,0.000000,0.000000,0.000000,False,Sin AprilTag: medicion congelada
1777335897.823270,False,False,0.00000000,-1,-1,0.000000,0.000000,0.000000,False,Sin AprilTag: medicion congelada
1777335897.874821,False,False,0.00000000,-1,-1,0.000000,0.000000,0.000000,False,Sin AprilTag: medicion congelada
1777335897.956326,False,False,0.00000000,-1,-1,0.000000,0.000000,0.000000,False,Sin AprilTag: medicion congelada
1777335898.037858,False,False,0.00000000,-1,-1,0.000000,0.000000,0.000000,False,Sin AprilTag: medicion congelada
1777335898.072251,False,False,0.00000000,-1,-1,0.000000,0.000000,0.000000,False,Sin AprilTag: medicion congelada
1777335898.122896,False,False,0.00000000,-1,-1,0.000000,0.000000,0.000000,False,Sin AprilTag: medicion congelada
1777335898.188356,False,False,0.00000000,-1,-1,0.000000,0.000000,0.000000,False,Sin AprilTag: medicion congelada
1777335898.256127,False,False,0.00000000,-1,-1,0.000000,0.000000,0.000000,False,Sin AprilTag: medicion congelada
1777335898.305554,False,False,0.00000000,-1,-1,0.000000,0.000000,0.000000,False,Sin AprilTag: medicion congelada
1777335898.343066,False,False,0.00000000,-1,-1,0.000000,0.000000,0.000000,False,Sin AprilTag: medicion congelada
1777335898.400209,False,False,0.00000000,-1,-1,0.000000,0.000000,0.000000,False,Sin AprilTag: medicion congelada
1777335898.468292,False,False,0.00000000,-1,-1,0.000000,0.000000,0.000000,False,Sin AprilTag: medicion congelada
1777335898.520482,False,False,0.00000000,-1,-1,0.000000,0.000000,0.000000,False,Sin AprilTag: medicion congelada
1777335898.598113,False,False,0.00000000,-1,-1,0.000000,0.000000,0.000000,False,Sin AprilTag: medicion congelada
1777335898.675978,False,False,0.00000000,-1,-1,0.000000,0.000000,0.000000,False,Sin AprilTag: medicion congelada
1777335898.727915,False,False,0.00000000,-1,-1,0.000000,0.000000,0.000000,False,Sin AprilTag: medicion congelada
1777335898.779356,False,False,0.00000000,-1,-1,0.000000,0.000000,0.000000,False,Sin AprilTag: medicion congelada
1777335898.845980,False,False,0.00000000,-1,-1,0.000000,0.000000,0.000000,False,Sin AprilTag: medicion congelada
1777335898.895786,False,False,0.00000000,-1,-1,0.000000,0.000000,0.000000,False,Sin AprilTag: medicion congelada
1777335898.953441,False,False,0.00000000,-1,-1,0.000000,0.000000,0.000000,False,Sin AprilTag: medicion congelada
1777335899.034033,False,False,0.00000000,-1,-1,0.000000,0.000000,0.000000,False,Sin AprilTag: medicion congelada
1777335899.068106,False,False,0.00000000,-1,-1,0.000000,0.000000,0.000000,False,Sin AprilTag: medicion congelada
1777335899.102504,False,False,0.00000000,-1,-1,0.000000,0.000000,0.000000,False,Sin AprilTag: medicion congelada
1777335899.153151,False,False,0.00000000,-1,-1,0.000000,0.000000,0.000000,False,Sin AprilTag: medicion congelada
1777335899.203888,False,False,0.00000000,-1,-1,0.000000,0.000000,0.000000,False,Sin AprilTag: medicion congelada
1777335899.256333,False,False,0.00000000,-1,-1,0.000000,0.000000,0.000000,False,Sin AprilTag: medicion congelada
1777335899.306564,False,False,0.00000000,-1,-1,0.000000,0.000000,0.000000,False,Sin AprilTag: medicion congelada
1777335899.357593,False,False,0.00000000,-1,-1,0.000000,0.000000,0.000000,False,Sin AprilTag: medicion congelada
1777335899.407756,False,False,0.00000000,-1,-1,0.000000,0.000000,0.000000,False,Sin AprilTag: medicion congelada
1777335899.457857,False,False,0.00000000,-1,-1,0.000000,0.000000,0.000000,False,Sin AprilTag: medicion congelada
1777335899.507760,False,False,0.00000000,-1,-1,0.000000,0.000000,0.000000,False,Sin AprilTag: medicion congelada
1777335899.569637,False,False,0.00000000,-1,-1,0.000000,0.000000,0.000000,False,Sin AprilTag: medicion congelada
1777335899.619406,False,False,0.00000000,-1,-1,0.000000,0.000000,0.000000,False,Sin AprilTag: medicion congelada
1777335899.669319,False,False,0.00000000,-1,-1,0.000000,0.000000,0.000000,False,Sin AprilTag: medicion congelada
1777335899.719327,False,False,0.00000000,-1,-1,0.000000,0.000000,0.000000,False,Sin AprilTag: medicion congelada
1777335899.769719,False,False,0.00000000,-1,-1,0.000000,0.000000,0.000000,False,Sin AprilTag: medicion congelada
1777335899.820573,False,False,0.00000000,-1,-1,0.000000,0.000000,0.000000,False,Sin AprilTag: medicion congelada
1777335899.872205,False,False,0.00000000,-1,-1,0.000000,0.000000,0.000000,False,Sin AprilTag: medicion congelada
