timestamp_s,tag_detected,object_detected,cm_per_px,object_x_px,object_y_px,instant_cm_s,average_cm_s,distance_total_cm,valid,reason
1777554097.323631,True,True,0.30962975,359,357,0.000000,0.000000,0.000000,True,Primera muestra
1777554097.425955,True,True,0.30969954,365,358,18.410428,18.410428,1.883829,True,OK
1777554097.464468,True,True,0.30975725,365,357,8.042839,15.575305,2.193586,True,OK
1777554097.521727,True,True,0.31008040,350,347,97.628595,39.292302,7.783640,True,OK
1777554097.568877,True,True,0.31010403,365,358,122.338940,55.258496,13.551908,True,OK
1777554097.616507,True,True,0.31049658,364,357,9.219005,47.771049,13.991017,True,OK
1777554097.664524,True,True,0.31037454,364,358,6.463940,41.952754,14.301391,True,OK
1777554097.714465,True,True,0.31062591,348,347,120.765910,52.023688,20.332656,True,OK
1777554097.775352,True,True,0.31030325,364,359,101.929020,58.750285,26.538721,True,OK
1777554097.822776,True,True,0.31041823,363,359,6.545550,53.790256,26.849139,True,OK
1777554097.854412,True,True,0.31063931,347,349,185.264967,61.626619,32.710270,True,OK
1777554097.870223,True,True,0.31007360,363,360,380.799787,70.858752,38.730810,True,OK
1777554097.917230,True,True,0.31082190,361,359,14.785258,66.418252,39.425829,True,OK
1777554097.948530,True,True,0.31111368,361,360,9.939788,63.589369,39.736943,True,OK
1777554097.996023,True,True,0.31098399,362,360,6.547966,59.560353,40.047927,True,OK
1777554098.026749,True,True,0.31090881,361,359,14.310209,57.582956,40.487618,True,OK
1777554098.065347,True,True,0.31073813,360,359,8.050516,55.005315,40.798356,True,OK
1777554098.093461,True,True,0.31105717,361,360,15.647274,53.567989,41.238257,True,OK
1777554098.129417,True,True,0.31133800,360,360,8.658884,51.564049,41.549595,True,OK
1777554098.168766,True,True,0.31132857,360,361,7.911870,49.531601,41.860924,True,OK
1777554098.216549,True,True,0.31105854,343,350,131.815985,53.934837,48.159379,True,OK
1777554098.264149,True,True,0.31117826,343,350,0.000000,51.205157,48.159379,True,OK
1777554098.295744,True,True,0.31113676,343,350,0.000000,49.540921,48.159379,True,OK
1777554098.327639,True,True,0.31144089,343,348,19.529329,48.587531,48.782261,True,OK
1777554098.361446,True,True,0.31091321,343,351,27.589907,47.903525,49.715001,True,OK
1777554098.407267,True,True,0.31092000,342,352,9.596206,46.283721,50.154708,True,OK
1777554098.439142,True,True,0.31114247,358,362,184.175679,50.223909,56.025332,True,OK
1777554098.486211,True,True,0.31116321,348,362,66.107449,50.866985,59.136965,True,OK
1777554098.533939,True,True,0.31106832,341,351,84.979263,52.212171,63.192799,True,OK
1777554098.565737,True,True,0.31143761,341,353,19.588133,51.376978,63.815675,True,OK
1777554098.621971,True,True,0.31119449,355,364,98.528442,53.419216,69.356335,True,OK
1777554098.660525,True,True,0.31121500,341,353,143.721333,56.023388,74.897360,True,OK
1777554098.692302,True,True,0.31130275,340,352,13.854357,55.044336,75.337609,True,OK
1777554098.723676,True,True,0.31093021,340,352,0.000000,53.810851,75.337609,True,OK
1777554098.771268,True,True,0.31103468,339,354,14.613639,52.522213,76.033104,True,OK
1777554098.820752,True,True,0.31113801,354,360,101.579556,54.143703,81.059692,True,OK
1777554098.850715,True,True,0.31084302,340,352,167.280653,56.363552,86.071885,True,OK
1777554098.881804,True,True,0.31070416,339,352,9.993924,55.438367,86.382589,True,OK
1777554098.913306,True,True,0.31071285,339,353,9.863346,54.535230,86.693302,True,OK
1777554098.944896,True,True,0.31070100,338,352,13.909185,53.743629,87.132700,True,OK
1777554098.976840,True,True,0.31035409,338,351,9.715629,52.892907,87.443054,True,OK
1777554099.024348,True,True,0.31000878,338,352,6.525401,51.597673,87.753063,True,OK
1777554099.057859,True,True,0.30996911,337,355,29.250414,51.165851,88.733271,True,OK
1777554099.103436,True,True,0.30992389,338,353,15.205260,50.244977,89.426282,True,OK
1777554099.151100,True,True,0.30954683,353,364,120.802734,52.085250,95.184186,True,OK
1777554099.197934,True,True,0.30973135,338,352,127.039677,53.958158,101.133931,True,OK
1777554099.229260,True,True,0.30947907,337,353,13.971421,53.300828,101.571600,True,OK
1777554099.292576,True,True,0.30938727,353,366,100.735915,54.826211,107.949782,True,OK
1777554099.323981,True,True,0.30920260,353,366,0.000000,53.965441,107.949782,True,OK
1777554099.371491,True,True,0.30867286,338,354,124.802438,55.608860,113.879194,True,OK
1777554099.429074,True,True,0.30819846,339,353,7.569240,54.294999,114.315053,True,OK
1777554099.466683,True,True,0.30797538,339,353,0.000000,53.342171,114.315053,True,OK
1777554099.516513,True,True,0.30786314,340,352,8.737357,52.328589,114.750437,True,OK
1777554099.561728,True,True,0.30788362,340,353,6.809305,51.408986,115.058320,True,OK
1777554099.609605,True,True,0.30746459,343,353,19.266068,50.735797,115.980714,True,OK
1777554099.657393,True,True,0.30691035,342,353,6.422312,49.828396,116.287624,True,OK
1777554099.689489,True,True,0.30695506,342,353,0.000000,49.152399,116.287624,True,OK
1777554099.721342,True,True,0.30704326,344,353,19.278789,48.755536,116.901711,True,OK
1777554099.768828,True,True,0.30617349,344,353,0.000000,47.808697,116.901711,True,OK
1777554099.800396,True,True,0.30574333,346,357,43.313922,47.751409,118.269037,True,OK
1777554099.828498,True,True,0.30574333,346,357,0.000000,47.215698,118.269037,True,OK
1777554099.863328,True,True,0.30604408,345,356,12.426202,46.738579,118.701848,True,OK
1777554099.879294,True,True,0.30621099,345,355,19.179303,46.566411,119.008059,True,OK
1777554099.926754,True,True,0.30566083,346,355,6.440313,45.834826,119.313720,True,OK
1777554099.942724,True,True,0.30586185,346,355,0.000000,45.555355,119.313720,True,OK
1777554099.990164,True,True,0.30605781,346,355,0.000000,44.744892,119.313720,True,OK
1777554100.021630,True,True,0.30596989,346,355,0.000000,44.223041,119.313720,True,OK
1777554100.069165,True,True,0.30602446,345,355,6.437917,43.568849,119.619745,True,OK
1777554100.102689,True,True,0.30602446,345,355,0.000000,43.043267,119.619745,True,OK
1777554100.128354,True,True,0.30560279,345,355,0.000000,42.649389,119.619745,True,OK
1777554100.178764,True,True,0.30557688,345,355,0.000000,41.896382,119.619745,True,OK
1777554100.225568,True,True,0.30542844,345,355,0.000000,41.220652,119.619745,True,OK
1777554100.272881,True,True,0.30505632,345,355,0.000000,40.559378,119.619745,True,OK
1777554100.304408,True,True,0.30520826,345,355,0.000000,40.130387,119.619745,True,OK
1777554100.352237,True,True,0.30543815,346,355,6.386089,39.597487,119.925183,True,OK
1777554100.398818,True,True,0.30492536,347,355,6.546161,39.096848,120.230108,True,OK
1777554100.430552,True,True,0.30474519,346,354,13.580653,38.836223,120.661083,True,OK
1777554100.477851,True,True,0.30488202,346,354,0.000000,38.253851,120.661083,True,OK
1777554100.525884,True,True,0.30484867,346,354,0.000000,37.680058,120.661083,True,OK
1777554100.573092,True,True,0.30463793,347,354,6.453123,37.226396,120.965721,True,OK
1777554100.620691,True,True,0.30437844,347,354,0.000000,36.688960,120.965721,True,OK
1777554100.656065,True,True,0.30426653,347,353,8.601377,36.390807,121.269987,True,OK
1777554100.683442,True,True,0.30450636,347,353,0.000000,36.094288,121.269987,True,OK
1777554100.731105,True,True,0.30437395,347,352,6.385962,35.678734,121.574361,True,OK
1777554100.778367,True,True,0.30391656,347,351,6.430502,35.278611,121.878278,True,OK
1777554100.825743,True,True,0.30324120,366,363,143.835975,36.747184,128.692776,True,OK
1777554100.852676,True,True,0.30386900,363,363,33.848169,36.725060,129.604383,True,OK
1777554100.888404,True,True,0.30347596,365,362,18.993192,36.547341,130.282976,True,OK
1777554100.920101,True,True,0.30316799,364,362,9.564554,36.309531,130.586144,True,OK
1777554100.951967,True,True,0.30345279,364,362,0.000000,35.990643,130.586144,True,OK
1777554100.989872,True,True,0.30285930,347,349,170.993713,37.386421,137.067616,True,OK
1777554101.031434,True,True,0.30320237,347,348,7.295085,37.049112,137.370819,True,OK
1777554101.079152,True,True,0.30318721,348,347,8.985609,36.692538,137.799590,True,OK
1777554101.142386,True,True,0.30311572,348,349,9.587098,36.243704,138.405822,True,OK
1777554101.178245,True,True,0.30254148,349,347,18.865592,36.082037,139.082325,True,OK
1777554101.237656,True,True,0.30263988,349,345,10.187918,35.688986,139.687605,True,OK
1777554101.285064,True,True,0.30227449,366,353,119.795535,36.695514,145.366827,True,OK
1777554101.334902,True,True,0.30204702,366,353,0.000000,36.239590,145.366827,True,OK
1777554101.380382,True,True,0.30193289,348,340,147.406914,37.485868,152.070825,True,OK
1777554101.412333,True,True,0.30228973,349,339,13.379554,37.297485,152.498327,True,OK
1777554101.460219,True,True,0.30183457,348,339,6.303204,36.938690,152.800162,True,OK
1777554101.507842,True,True,0.30173991,365,350,128.296616,37.978471,158.909929,True,OK
1777554101.541700,True,True,0.30198267,364,350,8.918952,37.745210,159.211912,True,OK
1777554101.571724,True,True,0.30208751,364,350,0.000000,37.478442,159.211912,True,OK
1777554101.605413,True,True,0.30208430,365,350,8.966783,37.254111,159.513996,True,OK
1777554101.657660,True,True,0.30173667,363,349,12.913778,36.960688,160.188700,True,OK
1777554101.710837,True,True,0.30204687,363,349,0.000000,36.512691,160.188700,True,OK
1777554101.761711,True,True,0.30215072,362,348,8.399334,36.190427,160.616006,True,OK
1777554101.793314,True,True,0.30263881,346,336,191.524778,37.288726,166.668782,True,OK
1777554101.824788,True,True,0.30263881,346,336,0.000000,37.027988,166.668782,True,OK
1777554101.847708,True,True,0.30278857,346,336,0.000000,36.840397,166.668782,True,OK
1777554101.872324,True,True,0.30249285,346,337,12.288225,36.707526,166.971275,True,OK
1777554101.904555,True,True,0.30247642,346,337,0.000000,36.449253,166.971275,True,OK
1777554101.936022,True,True,0.30285392,345,339,21.521210,36.347410,167.648477,True,OK
1777554101.968876,True,True,0.30289908,344,338,13.038475,36.182556,168.076841,True,OK
1777554102.015484,True,True,0.30286356,345,340,14.530208,35.967466,168.754064,True,OK
1777554102.047630,True,True,0.30299551,345,340,0.000000,35.722712,168.754064,True,OK
1777554102.079621,True,True,0.30314151,345,340,0.000000,35.482424,168.754064,True,OK
1777554102.126900,True,True,0.30337470,344,340,6.416674,35.196327,169.057439,True,OK
1777554102.174260,True,True,0.30353767,343,340,6.409132,34.915257,169.360976,True,OK
1777554102.205900,True,True,0.30343176,344,341,13.562778,34.776883,169.790094,True,OK
1777554102.246228,True,True,0.30354326,343,340,10.644583,34.579181,170.219369,True,OK
1777554102.273222,True,True,0.30354602,343,341,11.244650,34.451916,170.522915,True,OK
1777554102.311996,True,True,0.30353684,343,340,7.828502,34.244979,170.826452,True,OK
1777554102.348433,True,True,0.30361768,343,341,8.332503,34.057073,171.130069,True,OK
1777554102.385839,True,True,0.30389155,343,341,0.000000,33.805416,171.130069,True,OK
1777554102.410256,True,True,0.30408198,343,342,12.454103,33.702928,171.434151,True,OK
1777554102.458427,True,True,0.30381871,343,341,6.307082,33.445919,171.737970,True,OK
1777554102.498717,True,True,0.30414625,343,341,0.000000,33.185531,171.737970,True,OK
1777554102.576539,True,True,0.30374965,343,340,3.903123,32.751710,172.041720,True,OK
1777554102.648422,True,True,0.30404453,359,349,77.647525,33.357787,177.623235,True,OK
1777554102.696603,True,True,0.30398775,360,347,14.107978,33.185168,178.302973,True,OK
1777554102.743786,True,True,0.30405224,343,335,134.091018,34.063578,184.629890,True,OK
1777554102.770446,True,True,0.30410596,343,335,0.000000,33.896853,184.629890,True,OK
1777554102.801521,True,True,0.30350915,360,346,197.767946,34.826455,190.775482,True,OK
1777554102.824712,True,True,0.30350915,360,346,0.000000,34.679637,190.775482,True,OK
1777554102.855555,True,True,0.30360732,359,346,9.843480,34.541162,191.079089,True,OK
1777554103.142457,True,True,0.30347296,344,334,20.318910,33.839923,196.908614,True,OK
1777554103.186175,True,True,0.30207638,344,333,6.909528,33.639095,197.210691,True,OK
1777554103.233614,True,True,0.30168420,344,333,0.000000,33.369080,197.210691,True,OK
1777554103.265346,True,True,0.30238537,344,333,0.000000,33.190871,197.210691,True,OK
1777554103.295362,True,True,0.30246269,344,333,0.000000,33.024042,197.210691,True,OK
1777554103.327160,True,True,0.30271642,361,345,198.095755,33.898362,203.509811,True,OK
1777554103.364154,True,True,0.30224120,345,332,168.429075,34.722269,209.740673,True,OK
1777554103.406502,True,True,0.30200513,362,345,152.622140,35.543063,216.203865,True,OK
1777554103.437987,True,True,0.30199455,361,345,9.591526,35.409427,216.505860,True,OK
1777554103.470129,True,True,0.30199455,361,345,0.000000,35.224264,216.505860,True,OK
1777554103.501686,True,True,0.30171361,361,345,0.000000,35.044338,216.505860,True,OK
1777554103.533760,True,True,0.29968885,361,345,0.000000,34.863341,216.505860,True,OK
1777554103.565468,True,True,0.30003822,362,345,9.462682,34.734309,216.805898,True,OK
1777554103.596872,True,True,0.30026577,362,346,9.561453,34.608294,217.106164,True,OK
1777554103.612576,True,True,0.30061937,362,346,0.000000,34.521874,217.106164,True,OK
1777554103.644343,True,True,0.30075365,362,346,0.000000,34.348368,217.106164,True,OK
1777554103.692267,True,True,0.30061796,361,347,8.871124,34.156653,217.531302,True,OK
1777554103.739959,True,True,0.30064344,361,348,6.303910,33.949628,217.831945,True,OK
1777554103.756068,True,True,0.30050759,361,348,0.000000,33.864605,217.831945,True,OK
1777554103.803610,True,True,0.30050759,361,348,0.000000,33.616151,217.831945,True,OK
1777554103.821524,True,True,0.30048793,346,339,293.411049,34.332409,223.088337,True,OK
1777554103.869469,True,True,0.30073380,345,338,8.870747,34.145917,223.513639,True,OK
1777554103.899219,True,True,0.30103197,345,338,0.000000,33.991429,223.513639,True,OK
1777554103.915338,True,True,0.30088665,344,337,26.398920,33.972863,223.939157,True,OK
1777554103.946859,True,True,0.30101233,344,338,9.549484,33.856627,224.240169,True,OK
1777554103.978526,True,True,0.30105604,344,339,9.507078,33.740762,224.541225,True,OK
1777554104.029315,True,True,0.30094086,344,339,0.000000,33.485207,224.541225,True,OK
1777554104.073624,True,True,0.30103178,344,340,6.793862,33.309996,224.842257,True,OK
1777554104.121411,True,True,0.30105031,344,340,0.000000,33.075834,224.842257,True,OK
1777554104.169034,True,True,0.30103024,344,340,0.000000,32.845727,224.842257,True,OK
1777554104.184886,True,True,0.30090700,344,341,18.983161,32.813700,225.143164,True,OK
1777554104.232421,True,True,0.30082335,344,342,6.328404,32.631470,225.443988,True,OK
1777554104.264142,True,True,0.30073830,344,342,0.000000,32.482333,225.443988,True,OK
1777554104.295869,True,True,0.30095810,344,342,0.000000,32.334522,225.443988,True,OK
1777554104.327473,True,True,0.30087868,344,341,9.520257,32.231576,225.744866,True,OK
1777554104.345537,True,True,0.30077121,344,341,0.000000,32.148659,225.744866,True,OK
1777554104.376380,True,True,0.30071571,344,341,0.000000,32.008068,225.744866,True,OK
1777554104.406493,True,True,0.30107368,344,342,9.998136,31.914492,226.045940,True,OK
1777554104.438285,True,True,0.30080983,343,342,9.461618,31.814159,226.346750,True,OK
1777554104.472759,True,True,0.30115712,344,342,8.735923,31.702875,226.647907,True,OK
1777554104.500723,True,True,0.30102405,344,340,21.529126,31.663234,227.249955,True,OK
1777554104.532159,True,True,0.30098101,343,340,9.574416,31.566906,227.550936,True,OK
1777554104.564302,True,True,0.30098101,343,340,0.000000,31.426774,227.550936,True,OK
1777554104.600143,True,True,0.30068652,344,342,18.759277,31.364379,228.223292,True,OK
1777554104.626588,True,True,0.30063967,344,339,34.105270,31.374304,229.125211,True,OK
1777554104.658302,True,True,0.30083010,343,340,13.415151,31.296653,229.550649,True,OK
1777554104.674587,True,True,0.30153837,343,339,18.515578,31.268337,229.852187,True,OK
1777554104.711884,True,True,0.30040258,344,338,11.390548,31.167991,230.277020,True,OK
1777554104.737498,True,True,0.30040258,344,338,0.000000,31.060312,230.277020,True,OK
1777554104.754767,True,True,0.29947687,354,336,176.854200,31.399116,233.331097,True,OK
1777554104.773461,True,True,0.29947687,354,336,0.000000,31.320323,233.331097,True,OK
1777554104.816468,True,True,0.29510151,368,331,102.008010,31.726047,237.718096,True,OK
1777554104.832369,True,True,0.29510151,368,331,0.000000,31.658861,237.718096,True,OK
1777554104.863985,True,True,0.29455640,379,363,315.252189,32.847958,247.685251,True,OK
1777554104.879904,True,True,0.29382584,389,364,185.499273,33.169548,250.638164,True,OK
1777554104.911888,True,True,0.29057908,400,340,239.852077,34.040710,258.309672,True,OK
1777554104.943351,True,True,0.28791509,410,337,95.539312,34.294644,261.315594,True,OK
1777554104.975190,True,True,0.28791509,410,337,0.000000,34.151941,261.315594,True,OK
1777554105.006890,True,True,0.28401613,434,330,223.986534,34.935174,268.415997,True,OK
1777554105.022787,True,True,0.28401613,434,330,0.000000,34.863043,268.415997,True,OK
1777554105.040685,True,True,0.28041897,431,325,91.355468,34.994067,270.051107,True,OK
1777554105.073543,True,True,0.27961450,451,323,171.046338,35.570894,275.671289,True,OK
1777554105.102403,True,True,0.27961450,451,323,0.000000,35.438920,275.671289,True,OK
1777554105.118364,True,True,0.27611383,461,329,201.743414,35.779454,278.891301,True,OK
1777554105.149825,True,True,0.27401208,474,331,114.556629,36.096135,282.495368,True,OK
1777554105.173760,True,True,0.27349722,487,341,187.408745,36.557493,286.981055,True,OK
1777554105.197303,True,True,0.27349722,487,341,0.000000,36.448186,286.981055,True,OK
1777554105.228752,True,True,0.32417431,508,341,216.466126,37.164355,293.788716,True,OK
1777554105.249211,True,True,0.32518423,523,341,238.414470,37.683864,298.666479,True,OK
1777554105.276476,True,True,0.32518423,523,341,0.000000,37.554669,298.666479,True,OK
1777554105.292342,True,True,0.32616964,530,334,203.520225,37.885098,301.895394,True,OK
1777554105.324075,True,True,0.32716225,542,367,362.017729,39.170750,313.383402,True,OK
1777554105.355899,True,True,0.32789301,551,366,93.301644,39.385216,316.352599,True,OK
1777554105.377790,True,True,0.32857554,563,366,180.110525,39.767714,320.295506,True,OK
1777554105.403184,True,True,0.32960021,572,367,117.536318,40.012135,323.280163,True,OK
1777554105.419087,True,True,0.32960021,572,367,0.000000,39.933533,323.280163,True,OK
1777554105.437655,True,True,0.32872601,578,339,506.954964,41.002273,332.693443,True,OK
1777554105.467051,True,True,0.32872601,578,339,0.000000,40.854266,332.693443,True,OK
1777554105.482814,True,True,0.32808776,596,330,418.868246,41.584566,339.296082,True,OK
1777554105.529956,True,True,0.32913642,605,331,63.222928,41.708869,342.276539,True,OK
1777554105.564308,True,True,0.32959286,609,330,39.559649,41.699910,343.635485,True,OK
1777554105.590779,True,True,0.32952816,612,330,37.345413,41.685967,344.624070,True,OK
1777554105.609147,True,True,0.32951701,615,331,56.731870,41.719321,345.666094,True,OK
1777554105.660362,True,True,0.32983677,617,330,14.400560,41.551491,346.403631,True,OK
1777554105.688734,True,True,0.32970500,622,331,59.255020,41.611536,348.084804,True,OK
1777554105.704563,True,True,0.32929148,624,331,41.607753,41.611529,348.743386,True,OK
1777554105.751930,True,True,0.32921020,625,332,9.829049,41.432911,349.208960,True,OK
1777554105.783799,True,True,0.32925960,628,332,30.994805,41.393591,350.196739,True,OK
1777554105.817295,True,True,0.32908920,626,335,35.423423,41.370047,351.383287,True,OK
1777554105.847668,True,True,0.32910962,628,333,30.647603,41.331840,352.314149,True,OK
1777554105.879875,True,True,0.32928545,628,333,0.000000,41.176260,352.314149,True,OK
1777554105.903953,True,True,0.32949291,628,332,13.684458,41.099113,352.643642,True,OK
1777554105.927502,True,True,0.32949291,628,332,0.000000,40.986625,352.643642,True,OK
1777554105.959312,True,True,0.32903754,629,332,10.343670,40.873749,352.972680,True,OK
1777554105.974726,True,True,0.32929541,629,332,0.000000,40.800924,352.972680,True,OK
1777554106.022544,True,True,0.32946466,630,333,9.743805,40.630202,353.438613,True,OK
1777554106.038254,True,True,0.32882193,631,333,20.930587,40.594689,353.767435,True,OK
1777554106.074733,True,True,0.32934485,630,334,12.768337,40.478697,354.233199,True,OK
1777554106.101387,True,True,0.32934485,630,334,0.000000,40.355782,354.233199,True,OK
1777554106.133065,True,True,0.32930580,629,334,10.395188,40.248044,354.562505,True,OK
1777554106.165136,True,True,0.32966154,645,347,211.908659,40.870715,361.358652,True,OK
1777554106.196586,True,True,0.32953929,646,347,10.478345,40.762991,361.688191,True,OK
1777554106.228294,True,True,0.32974748,630,335,207.990069,41.358459,368.283140,True,OK
1777554106.259714,True,True,0.33013670,630,335,0.000000,41.213038,368.283140,True,OK
1777554106.291454,True,True,0.32968679,645,347,199.528630,41.773371,374.616217,True,OK
1777554106.313687,True,True,0.33020002,646,348,21.003605,41.722006,375.083190,True,OK
1777554106.355481,True,True,0.32986546,646,348,0.000000,41.528944,375.083190,True,OK
1777554106.387119,True,True,0.33038319,646,348,0.000000,41.383978,375.083190,True,OK
1777554106.419411,True,True,0.32997206,631,336,196.289425,41.933924,381.421746,True,OK
1777554106.451131,True,True,0.32986480,631,336,0.000000,41.788194,381.421746,True,OK
1777554106.498610,True,True,0.32980400,632,336,6.946291,41.607893,381.751550,True,OK
1777554106.521895,True,True,0.33027970,650,347,299.214635,42.260017,388.718808,True,OK
1777554106.546336,True,True,0.32973748,632,335,291.855557,42.921474,395.852121,True,OK
1777554106.593767,True,True,0.32936932,632,348,90.275239,43.163759,400.133922,True,OK
1777554106.609636,True,True,0.32994407,632,348,0.000000,43.089997,400.133922,True,OK
1777554106.657186,True,True,0.32908028,632,348,0.000000,42.870471,400.133922,True,OK
1777554106.675435,True,True,0.32969261,635,336,223.467840,43.222888,404.211994,True,OK
1777554106.704361,True,True,0.32997253,636,348,137.365778,43.513179,408.185390,True,OK
1777554106.735994,True,True,0.32949863,633,348,31.249217,43.471963,409.173885,True,OK
1777554106.755245,True,True,0.32971459,638,337,206.946867,43.805636,413.157842,True,OK
1777554106.783520,True,True,0.32971459,638,337,0.000000,43.674700,413.157842,True,OK
1777554106.815117,True,True,0.32937539,654,344,182.052484,44.135356,418.910136,True,OK
1777554106.846129,True,True,0.32912650,642,345,127.798654,44.407817,422.873344,True,OK
1777554106.879011,True,True,0.32901260,631,344,110.517587,44.635316,426.507407,True,OK
1777554106.903679,True,True,0.32901260,631,344,0.000000,44.520382,426.507407,True,OK
1777554106.928037,True,True,0.32985014,637,370,361.335125,45.323873,435.308906,True,OK
1777554106.950420,True,True,0.32962859,628,343,419.130801,46.193001,444.690300,True,OK
1777554106.975508,True,True,0.32962859,628,343,0.000000,46.072932,444.690300,True,OK
1777554107.007340,True,True,0.32984936,617,371,311.728335,46.946186,454.613230,True,OK
1777554107.027466,True,True,0.32948667,606,372,180.826963,47.223856,458.252530,True,OK
1777554107.037273,True,True,0.32859464,595,371,370.110175,47.549825,461.881976,True,OK
1777554107.075598,True,True,0.32870105,583,371,102.920542,47.767430,465.826389,True,OK
1777554107.090442,True,True,0.32870105,583,371,0.000000,47.694828,465.826389,True,OK
1777554107.106895,True,True,0.32796136,571,367,252.137148,48.038649,469.974808,True,OK
1777554107.132653,True,True,0.32796136,571,367,0.000000,47.912503,469.974808,True,OK
1777554107.148371,True,True,0.32727211,548,337,787.085126,49.095077,482.346386,True,OK
1777554107.175683,True,True,0.32556206,532,337,190.724818,49.487699,487.555379,True,OK
1777554107.197860,True,True,0.32556206,532,337,0.000000,49.376550,487.555379,True,OK
1777554107.227699,True,True,0.32518048,519,336,142.090192,49.655878,491.795214,True,OK
1777554107.243592,True,True,0.32339830,510,334,187.609499,49.876890,494.776799,True,OK
1777554107.275987,True,True,0.32348491,500,339,111.640812,50.077935,498.393470,True,OK
1777554107.300765,True,True,0.32348491,500,339,0.000000,49.953572,498.393470,True,OK
1777554107.324225,True,True,0.27527186,486,323,249.457080,50.421587,504.245830,True,OK
1777554107.347827,True,True,0.27447131,483,334,132.590034,50.615057,507.375285,True,OK
1777554107.376231,True,True,0.27447131,483,334,0.000000,50.472044,507.375285,True,OK
1777554107.400703,True,True,0.27594004,472,340,141.283317,50.692579,510.832804,True,OK
1777554107.423048,True,True,0.27904850,460,342,151.924880,50.916557,514.227575,True,OK
1777554107.448292,True,True,0.28098853,450,343,111.868435,51.068524,517.051475,True,OK
1777554107.472025,True,True,0.28098853,450,343,0.000000,50.949094,517.051475,True,OK
1777554107.511995,True,True,0.28610300,429,340,151.842306,51.344910,523.120636,True,OK
1777554107.527704,True,True,0.28610300,429,340,0.000000,51.265865,523.120636,True,OK
1777554107.559304,True,True,0.28689327,420,346,98.201850,51.410770,526.223861,True,OK
1777554107.578626,True,True,0.28858643,415,338,140.908355,51.579390,528.946380,True,OK
1777554107.606637,True,True,0.28858643,415,338,0.000000,51.438883,528.946380,True,OK
1777554107.638659,True,True,0.28938990,413,335,32.584408,51.380352,529.989790,True,OK
1777554107.670561,True,True,0.28938990,413,335,0.000000,51.221937,529.989790,True,OK
1777554107.693554,True,True,0.28959474,412,335,12.594730,51.136289,530.279385,True,OK
1777554107.715098,True,True,0.29056941,412,334,13.487417,51.058235,530.569954,True,OK
1777554107.750528,True,True,0.29081405,412,330,32.832120,50.996303,531.733211,True,OK
1777554107.779859,True,True,0.29083278,412,330,0.000000,50.853251,531.733211,True,OK
1777554107.795552,True,True,0.29054604,412,330,0.000000,50.777046,531.733211,True,OK
1777554107.827662,True,True,0.29054604,412,330,0.000000,50.621824,531.733211,True,OK
1777554107.847397,True,True,0.29054604,412,330,0.000000,50.526892,531.733211,True,OK
1777554107.871548,True,True,0.29087504,412,329,12.044092,50.438780,532.024086,True,OK
1777554107.894590,True,True,0.29089515,412,329,0.000000,50.328837,532.024086,True,OK
1777554107.922531,True,True,0.29121529,411,328,14.739532,50.235015,532.435926,True,OK
1777554107.953480,True,True,0.29121529,411,328,0.000000,50.088759,532.435926,True,OK
1777554107.978915,True,True,0.29093324,412,328,11.438209,49.996496,532.726859,True,OK
1777554108.000607,True,True,0.29093324,412,328,0.000000,49.894920,532.726859,True,OK
1777554108.021032,True,True,0.29085095,411,328,14.240058,49.826843,533.017710,True,OK
1777554108.050052,True,True,0.29085095,411,328,0.000000,49.692035,533.017710,True,OK
1777554108.079793,True,True,0.29036142,412,327,13.806836,49.592811,533.428344,True,OK
1777554108.095507,True,True,0.29036142,412,327,0.000000,49.520469,533.428344,True,OK
1777554108.127433,True,True,0.29037320,411,327,9.095015,49.401006,533.718717,True,OK
1777554108.143543,True,True,0.29037320,411,327,0.000000,49.327456,533.718717,True,OK
1777554108.176895,True,True,0.29008750,411,327,0.000000,49.175871,533.718717,True,OK
1777554108.206785,True,True,0.28952285,410,327,9.686104,49.067413,534.008240,True,OK
1777554108.231090,True,True,0.29022058,410,328,11.941077,48.984686,534.298460,True,OK
1777554108.254191,True,True,0.28997843,411,329,17.752220,48.918679,534.708552,True,OK
1777554108.276847,True,True,0.29040571,410,331,28.661471,48.876778,535.357918,True,OK
1777554108.302012,True,True,0.29075839,410,332,11.553932,48.791224,535.648677,True,OK
1777554108.349389,True,True,0.29079717,410,335,18.414054,48.660697,536.521068,True,OK
1777554108.376718,True,True,0.29149370,410,336,10.666200,48.566756,536.812562,True,OK
1777554108.396808,True,True,0.29149370,410,336,0.000000,48.478640,536.812562,True,OK
1777554108.437418,True,True,0.29182413,410,337,7.186088,48.327757,537.104386,True,OK
1777554108.460319,True,True,0.29293377,410,338,12.791010,48.254679,537.397320,True,OK
1777554108.476705,True,True,0.29313899,409,340,40.001702,48.242554,538.052799,True,OK
1777554108.508136,True,True,0.29243514,409,344,37.216755,48.211569,539.222539,True,OK
1777554108.535427,True,True,0.29259606,408,347,33.903185,48.176740,540.147809,True,OK
1777554108.561343,True,True,0.29259606,408,347,0.000000,48.065636,540.147809,True,OK
1777554108.587320,True,True,0.29312606,408,349,22.568834,48.006836,540.734061,True,OK
1777554108.603170,True,True,0.29318736,408,351,36.993425,47.991359,541.320436,True,OK
1777554108.634585,True,True,0.29317921,408,353,18.665352,47.909911,541.906795,True,OK
1777554108.666369,True,True,0.29317921,408,353,0.000000,47.775658,541.906795,True,OK
1777554108.693703,True,True,0.29341135,408,354,10.734216,47.686609,542.200206,True,OK
1777554108.720323,True,True,0.29361565,407,357,34.880001,47.656696,543.128700,True,OK
1777554108.745555,True,True,0.29312194,407,359,23.234291,47.602745,543.714944,True,OK
1777554108.761236,True,True,0.29333547,406,362,59.153908,47.618582,544.642552,True,OK
1777554108.792845,True,True,0.29333547,406,362,0.000000,47.487346,544.642552,True,OK
1777554108.824284,True,True,0.29363141,406,363,9.339840,47.383064,544.936184,True,OK
1777554108.855963,True,True,0.29475523,404,363,18.608502,47.304020,545.525694,True,OK
1777554108.902929,True,True,0.29479207,405,363,6.276798,47.137614,545.820486,True,OK
1777554108.918960,True,True,0.29502885,402,364,58.196477,47.152904,546.753449,True,OK
1777554108.950291,True,True,0.29507709,402,365,9.418108,47.051219,547.048526,True,OK
1777554108.977590,True,True,0.29502464,403,367,24.165396,46.997609,547.708222,True,OK
1777554109.006968,True,True,0.29539807,403,368,10.054936,46.904715,548.003620,True,OK
1777554109.039457,True,True,0.29540359,403,371,27.277405,46.850287,548.889830,True,OK
1777554109.060353,True,True,0.29540359,403,371,0.000000,46.766877,548.889830,True,OK
1777554109.089962,True,True,0.29509164,406,371,29.898158,46.724427,549.775105,True,OK
1777554109.113425,True,True,0.29519069,406,374,37.743326,46.706554,550.660677,True,OK
1777554109.139436,True,True,0.29499382,407,374,11.341538,46.628705,550.955671,True,OK
1777554109.163242,True,True,0.29499382,407,374,0.000000,46.534948,550.955671,True,OK
1777554109.191885,True,True,0.29494280,406,375,14.562136,46.457783,551.372783,True,OK
1777554109.216339,True,True,0.29490775,408,376,26.966692,46.417705,552.032217,True,OK
1777554109.234607,True,True,0.29532201,409,378,36.147304,46.401953,552.692577,True,OK
1777554109.266011,True,True,0.29532201,409,378,0.000000,46.279937,552.692577,True,OK
1777554109.290534,True,True,0.29531290,408,382,49.651081,46.286845,553.910183,True,OK
1777554109.313014,True,True,0.29514653,408,382,0.000000,46.200057,553.910183,True,OK
1777554109.347966,True,True,0.29495514,409,386,34.794635,46.166904,555.126315,True,OK
1777554109.377580,True,True,0.29558123,409,388,19.962282,46.102525,555.717477,True,OK
1777554109.399846,True,True,0.29508929,408,391,41.909099,46.094793,556.650631,True,OK
1777554109.427258,True,True,0.29508929,408,391,0.000000,45.990398,556.650631,True,OK
1777554109.456450,True,True,0.29581698,409,397,61.639703,46.028051,558.450016,True,OK
1777554109.477583,True,True,0.29636403,408,400,44.346123,46.025126,559.387201,True,OK
1777554109.507528,True,True,0.29663940,407,399,14.009448,45.946440,559.806713,True,OK
1777554109.538388,True,True,0.29649582,407,403,38.431745,45.927455,560.992696,True,OK
1777554109.555662,True,True,0.29649582,407,403,0.000000,45.862595,560.992696,True,OK
1777554109.582761,True,True,0.29777506,408,405,24.570939,45.815529,561.658541,True,OK
1777554109.614037,True,True,0.29750044,409,407,21.269711,45.753066,562.323772,True,OK
1777554109.645098,True,True,0.29760843,410,407,9.581291,45.661880,562.621381,True,OK
1777554109.671961,True,True,0.29772660,410,407,0.000000,45.562546,562.621381,True,OK
1777554109.708565,True,True,0.29743443,411,410,25.696385,45.503833,563.561951,True,OK
1777554109.724403,True,True,0.29743443,411,410,0.000000,45.445714,563.561951,True,OK
1777554109.772344,True,True,0.29773559,411,412,12.420986,45.318534,564.157422,True,OK
1777554109.803970,True,True,0.29822490,410,416,38.879531,45.302217,565.387035,True,OK
1777554109.851153,True,True,0.29963782,411,414,14.200385,45.185077,566.057045,True,OK
1777554109.882256,True,True,0.29963782,411,414,0.000000,45.073171,566.057045,True,OK
1777554109.900158,True,True,0.29963782,411,414,0.000000,45.009009,566.057045,True,OK
1777554109.936858,True,True,0.29963782,411,414,0.000000,44.878051,566.057045,True,OK
1777554109.978062,True,True,0.29952559,409,416,20.560552,44.798870,566.904232,True,OK
1777554110.008465,True,True,0.29952559,409,416,0.000000,44.691498,566.904232,True,OK
1777554110.056493,True,True,0.30021421,409,420,25.003145,44.617234,568.105089,True,OK
1777554110.088111,True,True,0.30021421,409,420,0.000000,44.506717,568.105089,True,OK
1777554110.119614,True,True,0.29973914,407,421,21.275206,44.449522,568.775326,True,OK
1777554110.143259,True,True,0.30019912,407,422,12.696262,44.390955,569.075525,True,OK
1777554110.167293,True,True,0.30131329,406,425,39.644522,44.382073,570.028361,True,OK
1777554110.214488,True,True,0.30178359,405,425,6.394468,44.242998,570.330145,True,OK
1777554110.246332,True,True,0.30206861,406,427,21.210680,44.186241,571.005591,True,OK
1777554110.278082,True,True,0.30241095,405,427,9.524694,44.101288,571.308002,True,OK
1777554110.309695,True,True,0.30260536,406,427,9.572292,44.017233,571.610607,True,OK
1777554110.335625,True,True,0.30288868,406,427,0.000000,43.929517,571.610607,True,OK
1777554110.357030,True,True,0.30288868,406,427,0.000000,43.857368,571.610607,True,OK
1777554110.404750,True,True,0.30286521,406,428,6.346784,43.720531,571.913472,True,OK
1777554110.435922,True,True,0.30286521,406,428,0.000000,43.616594,571.913472,True,OK
1777554110.483504,True,True,0.30316577,406,428,0.000000,43.458889,571.913472,True,OK
1777554110.531086,True,True,0.30373202,407,428,6.383351,43.325319,572.217204,True,OK
1777554110.562470,True,True,0.30309992,407,428,0.000000,43.222610,572.217204,True,OK
1777554110.578491,True,True,0.30400250,408,428,18.975518,43.193303,572.521207,True,OK
1777554110.625896,True,True,0.30281125,408,428,0.000000,43.039379,572.521207,True,OK
1777554110.642007,True,True,0.30279628,408,427,18.793945,43.010049,572.824003,True,OK
1777554110.678645,True,True,0.30288048,408,427,0.000000,42.892056,572.824003,True,OK
1777554110.721241,True,True,0.30209118,409,427,7.091952,42.778233,573.126094,True,OK
1777554110.771519,True,True,0.30263192,409,426,6.019121,42.640800,573.428726,True,OK
1777554110.800263,True,True,0.30226259,409,426,0.000000,42.549854,573.428726,True,OK
1777554110.831866,True,True,0.30188261,409,428,19.104766,42.495003,574.032491,True,OK
1777554110.847857,True,True,0.30188261,409,428,0.000000,42.444755,574.032491,True,OK
1777554110.868079,True,True,0.30268429,408,426,33.469704,42.431355,574.709314,True,OK
1777554110.898242,True,True,0.30250225,410,426,20.058279,42.381643,575.314318,True,OK
1777554110.927794,True,True,0.30237401,408,425,22.878936,42.339277,575.990447,True,OK
1777554110.959903,True,True,0.30237401,408,425,0.000000,42.239583,575.990447,True,OK
1777554110.991539,True,True,0.30213232,408,424,9.550197,42.163919,576.292580,True,OK
1777554111.039356,True,True,0.30210095,409,424,6.317858,42.038950,576.594681,True,OK
1777554111.079252,True,True,0.30210095,409,424,0.000000,41.917024,576.594681,True,OK
1777554111.103080,True,True,0.30202027,407,424,25.349746,41.888375,577.198721,True,OK
1777554111.150880,True,True,0.30231070,408,423,8.944170,41.774488,577.626253,True,OK
1777554111.182470,True,True,0.30191014,410,422,21.370109,41.727978,578.301345,True,OK
1777554111.229539,True,True,0.30302695,411,421,9.104641,41.617554,578.729889,True,OK
1777554111.261502,True,True,0.30307916,411,420,9.482296,41.543861,579.032969,True,OK
1777554111.281614,True,True,0.30241521,411,417,45.109583,41.548998,579.940214,True,OK
1777554111.296851,True,True,0.30243794,412,416,28.070875,41.534301,580.367926,True,OK
1777554111.330152,True,True,0.30243794,412,416,0.000000,41.435551,580.367926,True,OK
1777554111.340214,True,True,0.30340024,411,415,42.644996,41.436419,580.796999,True,OK
1777554111.386923,True,True,0.30252262,411,422,45.337207,41.449375,582.914657,True,OK
1777554111.419105,True,True,0.30255906,410,429,66.478686,41.506521,585.054073,True,OK
1777554111.451015,True,True,0.30246102,425,430,142.493272,41.734624,589.601059,True,OK
1777554111.482865,True,True,0.30331964,416,424,103.011550,41.872461,592.881962,True,OK
1777554111.498640,True,True,0.30415749,418,422,54.532499,41.886550,593.742250,True,OK
1777554111.546050,True,True,0.30394247,426,429,68.150196,41.974098,596.973202,True,OK
1777554111.565892,True,True,0.30394247,426,429,0.000000,41.915620,596.973202,True,OK
1777554111.609729,True,True,0.30431879,413,418,118.217433,42.149756,602.155565,True,OK
1777554111.641565,True,True,0.30431879,413,418,0.000000,42.056038,602.155565,True,OK
1777554111.673165,True,True,0.30522533,413,415,28.976871,42.027235,603.071241,True,OK
1777554111.704844,True,True,0.30677037,413,414,9.683813,41.955990,603.378011,True,OK
1777554111.736568,True,True,0.30873628,415,414,19.463616,41.906481,603.995484,True,OK
1777554111.768415,True,True,0.30873628,415,414,0.000000,41.814089,603.995484,True,OK
1777554111.784441,True,True,0.30932254,414,414,19.300983,41.789138,604.304806,True,OK
1777554111.832231,True,True,0.30932254,414,414,0.000000,41.651489,604.304806,True,OK
1777554111.859340,True,True,0.31065899,412,413,25.624589,41.621599,604.999461,True,OK
1777554111.895543,True,True,0.31064333,412,413,0.000000,41.518192,604.999461,True,OK
1777554111.923661,True,True,0.31194400,413,413,11.094145,41.459599,605.311405,True,OK
1777554111.959292,True,True,0.31200165,413,412,8.756539,41.379983,605.623406,True,OK
1777554111.992920,True,True,0.31269185,413,411,9.298494,41.306438,605.936098,True,OK
1777554112.022574,True,True,0.31351789,411,410,23.640691,41.270799,606.637146,True,OK
1777554112.054354,True,True,0.31389080,411,409,9.877139,41.203071,606.951036,True,OK
1777554112.082837,True,True,0.31423699,412,410,15.602404,41.153667,607.395435,True,OK
1777554112.117116,True,True,0.31048937,410,411,20.253600,41.105237,608.089710,True,OK
1777554112.158391,True,True,0.31263953,412,411,15.149090,41.033019,608.714989,True,OK
1777554112.186038,True,True,0.31543382,422,420,153.494122,41.242223,612.958717,True,OK
1777554112.208811,True,True,0.31543611,421,421,19.588906,41.209095,613.404811,True,OK
1777554112.228897,True,True,0.31543611,421,421,0.000000,41.153563,613.404811,True,OK
1777554112.260712,True,True,0.31636405,422,420,14.062620,41.095861,613.852217,True,OK
1777554112.292641,True,True,0.31702298,421,418,22.202069,41.055561,614.561102,True,OK
1777554112.324197,True,True,0.31683480,414,408,122.560025,41.227016,618.428564,True,OK
1777554112.340022,True,True,0.31745070,414,408,0.000000,41.183568,618.428564,True,OK
1777554112.372190,True,True,0.31736509,414,408,0.000000,41.095533,618.428564,True,OK
1777554112.404157,True,True,0.31736509,414,408,0.000000,41.008421,618.428564,True,OK
1777554112.436136,True,True,0.31708004,414,407,9.915084,40.942624,618.745644,True,OK
1777554112.452121,True,True,0.31690295,416,407,39.652376,40.941261,619.379450,True,OK
1777554112.499677,True,True,0.31608587,416,407,0.000000,40.812966,619.379450,True,OK
1777554112.531556,True,True,0.31608587,416,407,0.000000,40.727413,619.379450,True,OK
1777554112.563190,True,True,0.31625365,416,406,9.997316,40.663624,619.695704,True,OK
1777554112.594578,True,True,0.31593490,420,406,40.262425,40.662799,620.959443,True,OK
1777554112.626225,True,True,0.31564187,421,406,9.973542,40.599330,621.275085,True,OK
1777554112.657992,True,True,0.31609693,421,406,0.000000,40.515223,621.275085,True,OK
1777554112.689792,True,True,0.31512370,422,406,9.909540,40.451885,621.590209,True,OK
1777554112.721737,True,True,0.31520106,421,406,9.867216,40.388436,621.905410,True,OK
1777554112.753337,True,True,0.31539763,422,409,31.562259,40.370360,622.902785,True,OK
1777554112.784663,True,True,0.31530247,423,410,14.234426,40.317405,623.348690,True,OK
1777554112.816742,True,True,0.31477863,422,410,9.812613,40.254244,623.663468,True,OK
1777554112.848190,True,True,0.31477863,422,410,0.000000,40.172700,623.663468,True,OK
1777554112.867838,True,True,0.31362113,423,411,22.574395,40.150456,624.106996,True,OK
1777554112.895867,True,True,0.31374870,422,411,11.193731,40.098336,624.420744,True,OK
1777554112.911771,True,True,0.31374870,422,411,0.000000,40.057424,624.420744,True,OK
1777554112.959340,True,True,0.31339612,423,411,6.588271,39.955600,624.734140,True,OK
1777554112.981901,True,True,0.31371602,423,410,13.905043,39.918065,625.047856,True,OK
1777554113.006884,True,True,0.31390841,422,410,12.564796,39.874492,625.361765,True,OK
1777554113.038951,True,True,0.31307972,423,410,9.763426,39.813051,625.674845,True,OK
1777554113.054657,True,True,0.31307972,423,410,0.000000,39.773303,625.674845,True,OK
1777554113.086150,True,True,0.31273105,423,410,0.000000,39.693836,625.674845,True,OK
1777554113.106184,True,True,0.31291424,422,410,15.618729,39.663275,625.987759,True,OK
1777554113.149686,True,True,0.31288546,423,410,7.192502,39.574021,626.300644,True,OK
1777554113.178728,True,True,0.31345264,424,410,10.793078,39.521303,626.614097,True,OK
1777554113.212579,True,True,0.31351916,423,410,9.261634,39.456834,626.927616,True,OK
1777554113.243986,True,True,0.31292306,423,411,9.963747,39.398653,627.240539,True,OK
1777554113.269231,True,True,0.31292306,423,411,0.000000,39.336276,627.240539,True,OK
1777554113.291505,True,True,0.31217144,422,410,19.820909,39.309054,627.682016,True,OK
1777554113.307614,True,True,0.31175031,421,408,43.271735,39.313048,628.379111,True,OK
1777554113.339300,True,True,0.31152002,433,418,153.572174,39.539103,633.245209,True,OK
1777554113.355048,True,True,0.31152002,433,418,0.000000,39.500265,633.245209,True,OK
1777554113.370921,True,True,0.31250702,426,411,194.898502,39.653977,636.338871,True,OK
1777554113.402663,True,True,0.31250702,426,411,0.000000,39.575694,636.338871,True,OK
1777554113.420621,True,True,0.31323029,429,410,55.158613,39.593078,637.329392,True,OK
1777554113.437321,True,True,0.31323029,429,410,0.000000,39.552045,637.329392,True,OK
1777554113.474057,True,True,0.31419311,432,441,266.373200,40.067976,647.114881,True,OK
1777554113.483676,True,True,0.31419311,432,441,0.000000,40.044125,647.114881,True,OK
1777554113.512552,True,True,0.31450491,432,440,10.891813,39.992127,647.429386,True,OK
1777554113.531592,True,True,0.31450491,432,440,0.000000,39.945147,647.429386,True,OK
1777554113.560814,True,True,0.31540640,432,440,0.000000,39.873258,647.429386,True,OK
1777554113.592477,True,True,0.31373511,432,415,247.712890,40.277765,655.272764,True,OK
1777554113.623868,True,True,0.31165415,421,406,141.105765,40.471939,659.702201,True,OK
1777554113.655669,True,True,0.31630099,422,408,22.240356,40.436439,660.409472,True,OK
1777554113.687207,True,True,0.31705888,422,409,10.053382,40.377882,660.726531,True,OK
1777554113.719021,True,True,0.31859325,421,409,10.014216,40.318963,661.045124,True,OK
1777554113.740094,True,True,0.31902147,420,407,33.851383,40.310661,661.758478,True,OK
1777554113.766765,True,True,0.31902147,420,407,0.000000,40.245275,661.758478,True,OK
1777554113.782787,True,True,0.31979804,421,406,28.228506,40.233578,662.210740,True,OK
1777554113.814826,True,True,0.32039628,422,405,14.142445,40.182889,662.663849,True,OK
1777554113.841060,True,True,0.32092665,422,404,12.233052,40.138496,662.984776,True,OK
1777554113.862376,True,True,0.32092665,422,404,0.000000,40.086765,662.984776,True,OK
1777554113.883117,True,True,0.32217663,421,403,21.967197,40.064069,663.440402,True,OK
1777554113.925947,True,True,0.32354143,421,403,0.000000,39.960714,663.440402,True,OK
1777554113.941689,True,True,0.32397382,421,402,20.579513,39.942354,663.764376,True,OK
1777554113.973255,True,True,0.32523990,422,400,23.039717,39.910309,664.491635,True,OK
1777554114.004762,True,True,0.32571303,422,399,10.337637,39.854451,664.817348,True,OK
1777554114.023325,True,True,0.32571303,422,399,0.000000,39.810151,664.817348,True,OK
1777554114.052283,True,True,0.32731555,421,402,35.743774,39.803112,665.852410,True,OK
1777554114.068045,True,True,0.32644715,423,403,46.309588,39.809237,666.582368,True,OK
1777554114.099562,True,True,0.32681022,424,398,52.874175,39.833782,668.248780,True,OK
1777554114.115582,True,True,0.32681022,424,398,0.000000,39.795780,668.248780,True,OK
1777554114.147216,True,True,0.32815307,423,399,14.669870,39.748534,668.712859,True,OK
1777554114.163272,True,True,0.32815307,423,399,0.000000,39.710635,668.712859,True,OK
1777554114.183664,True,True,0.32975007,423,398,16.171174,39.682165,669.042609,True,OK
1777554114.211315,True,True,0.33150119,423,397,11.988625,39.636821,669.374110,True,OK
1777554114.232511,True,True,0.33162377,421,396,34.984771,39.630989,670.115643,True,OK
1777554114.259033,True,True,0.33162377,421,396,0.000000,39.568924,670.115643,True,OK
1777554114.283596,True,True,0.33307515,421,396,0.000000,39.511618,670.115643,True,OK
1777554114.306336,True,True,0.33451105,422,395,20.803100,39.486566,670.588713,True,OK
1777554114.337797,True,True,0.33546250,421,394,15.079254,39.441434,671.063129,True,OK
1777554114.369641,True,True,0.33764496,422,394,10.603128,39.387561,671.400774,True,OK
1777554114.387601,True,True,0.33764496,422,394,0.000000,39.346106,671.400774,True,OK
1777554114.433080,True,True,0.33758311,423,393,10.497295,39.269421,671.878189,True,OK
1777554114.449111,True,True,0.33894593,436,403,346.788426,39.557275,677.437315,True,OK
1777554114.483915,True,True,0.33889843,438,399,43.545985,39.565365,678.952915,True,OK
1777554114.512603,True,True,0.34005641,427,396,135.153306,39.724897,682.830154,True,OK
1777554114.528694,True,True,0.34005641,427,396,0.000000,39.687745,682.830154,True,OK
1777554114.549897,True,True,0.34210069,433,394,102.042458,39.764495,684.993789,True,OK
1777554114.592292,True,True,0.34262859,435,421,218.809964,40.204050,694.270106,True,OK
1777554114.608150,True,True,0.34340972,436,420,30.623500,40.195260,694.755761,True,OK
1777554114.640145,True,True,0.34481348,436,420,0.000000,40.120995,694.755761,True,OK
1777554114.655832,True,True,0.34481348,436,420,0.000000,40.084681,694.755761,True,OK
1777554114.687568,True,True,0.34623908,437,419,15.429206,40.039618,695.245417,True,OK
1777554114.712416,True,True,0.34786205,437,419,0.000000,39.982403,695.245417,True,OK
1777554114.734869,True,True,0.34909237,437,417,31.095951,39.970943,695.943602,True,OK
1777554114.766574,True,True,0.34909237,437,417,0.000000,39.898290,695.943602,True,OK
1777554114.784458,True,True,0.35171535,437,416,19.666201,39.877567,696.295317,True,OK
1777554114.814018,True,True,0.35171535,437,416,0.000000,39.810171,696.295317,True,OK
1777554114.845695,True,True,0.35179944,436,388,311.161474,40.300730,706.151981,True,OK
1777554114.877113,True,True,0.35304962,437,415,303.613276,40.772016,715.690857,True,OK
1777554114.896791,True,True,0.35538999,436,414,25.541238,40.754961,716.193454,True,OK
1777554114.924997,True,True,0.35538999,436,414,0.000000,40.689651,716.193454,True,OK
1777554114.956719,True,True,0.35598359,435,413,15.870478,40.645001,716.696891,True,OK
1777554114.988095,True,True,0.35764311,437,413,22.797151,40.613300,717.412177,True,OK
1777554115.020043,True,True,0.35924981,436,412,15.902427,40.568688,717.920233,True,OK
1777554115.036068,True,True,0.36033501,436,412,0.000000,40.531984,717.920233,True,OK
1777554115.068010,True,True,0.36033501,436,412,0.000000,40.459023,717.920233,True,OK
1777554115.084659,True,True,0.36148106,438,412,43.423736,40.461802,718.643195,True,OK
1777554115.131200,True,True,0.36342594,436,411,17.460763,40.401688,719.455840,True,OK
1777554115.163149,True,True,0.36426383,434,410,25.494496,40.374990,720.270359,True,OK
1777554115.194585,True,True,0.36586147,434,409,11.638308,40.324441,720.636221,True,OK
1777554115.226149,True,True,0.36712720,434,411,23.262402,40.294359,721.370475,True,OK
1777554115.258028,True,True,0.36790892,433,411,11.540811,40.243248,721.738384,True,OK
1777554115.289548,True,True,0.36969010,433,411,0.000000,40.172644,721.738384,True,OK
1777554115.321275,True,True,0.37079900,446,411,151.934053,40.369661,726.558771,True,OK
1777554115.337188,True,True,0.37240273,446,413,46.804113,40.375345,727.303576,True,OK
1777554115.384693,True,True,0.37295706,446,413,0.000000,40.269147,727.303576,True,OK
1777554115.415751,True,True,0.37422966,446,412,12.049445,40.220704,727.677806,True,OK
1777554115.447414,True,True,0.37453696,447,412,11.828875,40.171102,728.052343,True,OK
1777554115.479255,True,True,0.37568006,446,411,16.685632,40.129913,728.583635,True,OK
1777554115.526678,True,True,0.37654129,447,411,7.940036,40.046051,728.960176,True,OK
1777554115.558093,True,True,0.37736626,446,410,16.988088,40.006327,729.493853,True,OK
1777554115.589722,True,True,0.37867944,446,410,0.000000,39.937052,729.493853,True,OK
1777554115.621312,True,True,0.37898149,448,410,23.993956,39.909527,730.251816,True,OK
1777554115.669178,True,True,0.38053076,446,409,17.776782,39.851781,731.102708,True,OK
1777554115.700213,True,True,0.38053076,446,409,0.000000,39.784476,731.102708,True,OK
1777554115.732020,True,True,0.38123116,447,409,11.985873,39.736444,731.483939,True,OK
1777554115.764144,True,True,0.38181102,448,408,16.808542,39.696503,732.023902,True,OK
1777554115.795857,True,True,0.38365130,448,409,12.097782,39.649122,732.407553,True,OK
1777554115.827586,True,True,0.38365130,448,409,0.000000,39.581135,732.407553,True,OK
1777554115.859138,True,True,0.38346461,446,408,27.175595,39.560018,733.265006,True,OK
1777554115.890905,True,True,0.38408302,447,408,12.090671,39.513020,733.649089,True,OK
1777554115.938462,True,True,0.38550744,447,408,0.000000,39.412074,733.649089,True,OK
1777554115.985311,True,True,0.38395755,446,409,11.590383,39.342229,734.192087,True,OK
1777554116.017084,True,True,0.38630124,446,409,0.000000,39.275360,734.192087,True,OK
1777554116.048707,True,True,0.38636425,446,408,12.217868,39.229665,734.578451,True,OK
1777554116.080575,True,True,0.38688440,447,408,12.139860,39.183638,734.965336,True,OK
1777554116.111565,True,True,0.38719881,447,408,0.000000,39.119008,734.965336,True,OK
1777554116.159632,True,True,0.38755162,447,408,0.000000,39.019180,734.965336,True,OK
1777554116.191257,True,True,0.38771907,446,408,12.260064,38.974328,735.353055,True,OK
1777554116.238635,True,True,0.38760502,447,408,8.181149,38.897198,735.740660,True,OK
1777554116.286485,True,True,0.38789462,447,407,8.106489,38.819502,736.128554,True,OK
1777554116.334229,True,True,0.38799530,448,407,8.126449,38.742417,736.516550,True,OK
1777554116.366165,True,True,0.38799530,448,407,0.000000,38.677444,736.516550,True,OK
1777554116.414370,True,True,0.38790215,447,407,8.046984,38.600101,736.904452,True,OK
1777554116.445652,True,True,0.38779949,447,407,0.000000,38.536953,736.904452,True,OK
1777554116.493484,True,True,0.38725805,447,406,8.096332,38.461000,737.291710,True,OK
1777554116.541590,True,True,0.38745504,448,406,8.054081,38.384885,737.679165,True,OK
1777554116.589036,True,True,0.38706562,448,406,0.000000,38.290353,737.679165,True,OK
1777554116.636713,True,True,0.38699983,448,406,0.000000,38.195828,737.679165,True,OK
1777554116.683945,True,True,0.38686198,448,406,0.000000,38.102643,737.679165,True,OK
1777554116.731307,True,True,0.38685687,449,405,11.551628,38.037850,738.226263,True,OK
1777554116.778748,True,True,0.38599231,446,405,24.408409,38.004615,739.384240,True,OK
1777554116.826103,True,True,0.38517661,447,405,8.133904,37.932085,739.769417,True,OK
1777554116.874061,True,True,0.38526546,447,404,8.033290,37.858741,740.154682,True,OK
1777554116.905768,True,True,0.38545148,447,404,0.000000,37.797441,740.154682,True,OK
1777554116.937221,True,True,0.38518277,448,403,17.318937,37.764601,740.699413,True,OK
1777554116.986475,True,True,0.38412010,449,403,7.798882,37.689540,741.083533,True,OK
1777554117.016692,True,True,0.38461823,448,403,12.728165,37.651238,741.468151,True,OK
1777554117.032516,True,True,0.38484116,450,402,54.382747,37.664671,742.328682,True,OK
1777554117.079894,True,True,0.38443060,449,401,11.475193,37.601866,742.872349,True,OK
1777554117.127263,True,True,0.38434622,448,401,8.113835,37.531332,743.256695,True,OK
1777554117.174768,True,True,0.38342620,447,400,11.414424,37.468832,743.798942,True,OK
1777554117.221931,True,True,0.38330204,449,400,16.254350,37.418550,744.565546,True,OK
1777554117.269186,True,True,0.38265192,449,399,8.097631,37.349083,744.948198,True,OK
1777554117.317111,True,True,0.38317535,448,398,11.307024,37.286659,745.490090,True,OK
1777554117.348737,True,True,0.38252382,449,397,17.105120,37.254786,746.031060,True,OK
1777554117.395523,True,True,0.38236878,448,397,8.172747,37.186998,746.413429,True,OK
1777554117.443241,True,True,0.38177913,450,397,16.001456,37.136752,747.176987,True,OK
1777554117.491404,True,True,0.38177962,449,396,11.210403,37.074838,747.716905,True,OK
1777554117.538731,True,True,0.38112949,449,396,0.000000,36.988039,747.716905,True,OK
1777554117.570277,True,True,0.38157010,450,395,17.105672,36.957060,748.256526,True,OK
1777554117.617650,True,True,0.38136819,449,395,8.050359,36.889582,748.637895,True,OK
1777554117.665191,True,True,0.38140718,449,395,0.000000,36.803366,748.637895,True,OK
1777554117.712651,True,True,0.38062393,449,395,0.000000,36.717698,748.637895,True,OK
1777554117.744162,True,True,0.38037961,450,394,17.071786,36.687383,749.175833,True,OK
1777554117.775660,True,True,0.38090612,450,394,0.000000,36.630880,749.175833,True,OK
1777554117.823119,True,True,0.38099165,450,394,0.000000,36.546075,749.175833,True,OK
1777554117.871598,True,True,0.37947163,450,394,0.000000,36.459851,749.175833,True,OK
1777554117.901367,True,True,0.37964079,450,394,0.000000,36.407106,749.175833,True,OK
1777554117.932786,True,True,0.38025817,450,393,12.102978,36.370055,749.556091,True,OK
1777554117.964158,True,True,0.38025817,450,393,0.000000,36.314775,749.556091,True,OK
1777554118.011572,True,True,0.38044688,450,393,0.000000,36.231545,749.556091,True,OK
1777554118.058708,True,True,0.38018646,450,393,0.000000,36.149182,749.556091,True,OK
1777554118.106539,True,True,0.37975717,451,393,7.939710,36.084260,749.935848,True,OK
1777554118.137293,True,True,0.37973610,451,393,0.000000,36.030942,749.935848,True,OK
1777554118.168948,True,True,0.37994666,451,393,0.000000,35.976226,749.935848,True,OK
1777554118.200717,True,True,0.37967390,451,393,0.000000,35.921480,749.935848,True,OK
1777554118.232510,True,True,0.37949290,451,393,0.000000,35.866861,749.935848,True,OK
1777554118.280143,True,True,0.37959577,451,393,0.000000,35.785337,749.935848,True,OK
1777554118.312007,True,True,0.37977576,452,393,11.918406,35.749102,750.315624,True,OK
1777554118.343436,True,True,0.37962981,452,393,0.000000,35.695650,750.315624,True,OK
1777554118.390705,True,True,0.38003522,451,393,8.039944,35.633599,750.695659,True,OK
1777554118.422359,True,True,0.37971158,451,394,11.995735,35.598135,751.075371,True,OK
1777554118.469941,True,True,0.38006205,452,394,7.987452,35.536007,751.455433,True,OK
1777554118.501852,True,True,0.37941494,452,394,0.000000,35.482463,751.455433,True,OK
1777554118.533837,True,True,0.37975399,452,394,0.000000,35.428955,751.455433,True,OK
1777554118.581745,True,True,0.37983086,451,394,7.928328,35.366979,751.835263,True,OK
1777554118.629524,True,True,0.37959283,451,394,0.000000,35.287667,751.835263,True,OK
1777554118.661273,True,True,0.37967348,451,394,0.000000,35.235162,751.835263,True,OK
1777554118.696724,True,True,0.37993383,452,395,15.156372,35.201858,752.372571,True,OK
1777554118.740777,True,True,0.37986252,451,394,12.194335,35.154532,752.909778,True,OK
1777554118.771809,True,True,0.37971024,452,395,17.304791,35.128707,753.446769,True,OK
1777554118.803231,True,True,0.37969603,452,396,12.083802,35.094996,753.826465,True,OK
1777554118.850791,True,True,0.37992678,452,370,207.698711,35.476327,763.704562,True,OK
1777554118.882200,True,True,0.37977364,452,370,0.000000,35.424640,763.704562,True,OK
1777554118.929517,True,True,0.38081261,451,397,217.446840,35.823272,773.993552,True,OK
1777554118.945387,True,True,0.38081261,451,397,0.000000,35.796980,773.993552,True,OK
1777554118.993276,True,True,0.38123240,452,398,11.258091,35.742749,774.532696,True,OK
1777554119.025145,True,True,0.38102855,452,397,11.956201,35.707819,774.913724,True,OK
1777554119.056968,True,True,0.38089781,452,398,11.969112,35.673059,775.294622,True,OK
1777554119.088997,True,True,0.38073145,452,399,11.887206,35.638057,775.675353,True,OK
1777554119.120953,True,True,0.38134292,452,399,0.000000,35.585809,775.675353,True,OK
1777554119.152726,True,True,0.38105747,452,400,11.992998,35.551469,776.056411,True,OK
1777554119.184303,True,True,0.38063075,452,374,313.408951,35.952820,785.952810,True,OK
1777554119.200079,True,True,0.38109459,451,401,652.669002,36.397563,796.249419,True,OK
1777554119.247581,True,True,0.38071978,450,401,8.014930,36.336069,796.630139,True,OK
1777554119.294139,True,True,0.38098015,451,402,11.572176,36.283590,797.168926,True,OK
1777554119.341442,True,True,0.38121004,451,403,8.058986,36.222953,797.550136,True,OK
1777554119.373306,True,True,0.38121943,451,403,0.000000,36.170608,797.550136,True,OK
1777554119.423526,True,True,0.38110841,451,403,0.000000,36.088413,797.550136,True,OK
1777554119.452317,True,True,0.38113055,451,403,0.000000,36.041460,797.550136,True,OK
1777554119.487606,True,True,0.38151657,451,404,10.811043,36.001288,797.931653,True,OK
1777554119.515925,True,True,0.38136731,452,404,13.466892,35.972532,798.313020,True,OK
1777554119.547588,True,True,0.38130836,451,404,12.042643,35.938439,798.694329,True,OK
1777554119.595312,True,True,0.38161127,451,405,7.996292,35.878565,799.075940,True,OK
1777554119.643170,True,True,0.38162103,451,405,0.000000,35.801633,799.075940,True,OK
1777554119.674147,True,True,0.38144450,450,405,12.313888,35.769080,799.457384,True,OK
1777554119.721756,True,True,0.38196099,452,405,16.045797,35.727157,800.221306,True,OK
1777554119.753636,True,True,0.38223313,451,405,11.989515,35.693417,800.603540,True,OK
1777554119.785291,True,True,0.38263034,452,406,17.094291,35.667206,801.144661,True,OK
1777554119.817389,True,True,0.38204744,452,406,0.000000,35.616309,801.144661,True,OK
1777554119.849154,True,True,0.38228090,452,406,0.000000,35.566084,801.144661,True,OK
1777554119.880924,True,True,0.38244526,452,406,0.000000,35.515993,801.144661,True,OK
1777554119.913012,True,True,0.38241989,451,406,11.917744,35.482472,801.527080,True,OK
1777554119.944632,True,True,0.38246107,450,406,12.095442,35.449781,801.909542,True,OK
1777554119.971644,True,True,0.38232367,450,406,0.000000,35.407500,801.909542,True,OK
1777554119.996089,True,True,0.38253412,450,406,0.000000,35.369325,801.909542,True,OK
1777554120.059112,True,True,0.38198472,451,406,6.061051,35.288083,802.291526,True,OK
1777554120.096388,True,True,0.38232416,451,406,0.000000,35.230320,802.291526,True,OK
1777554120.132473,True,True,0.38218259,451,407,10.591278,35.191340,802.673709,True,OK
1777554120.180630,True,True,0.38250997,451,406,7.942903,35.133930,803.056219,True,OK
1777554120.227406,True,True,0.38224006,452,407,11.556593,35.085779,803.596788,True,OK
1777554120.259094,True,True,0.38230013,451,406,17.061547,35.060876,804.137442,True,OK
1777554120.290718,True,True,0.38233050,451,406,0.000000,35.012601,804.137442,True,OK
1777554120.322395,True,True,0.38166445,451,407,12.048627,34.980972,804.519106,True,OK
1777554120.354163,True,True,0.38194912,450,407,12.022775,34.949303,804.901056,True,OK
1777554120.401687,True,True,0.38201363,451,407,8.038456,34.893887,805.283069,True,OK
1777554120.437384,True,True,0.38172732,451,407,0.000000,34.839996,805.283069,True,OK
1777554120.480849,True,True,0.38182663,451,407,0.000000,34.774603,805.283069,True,OK
1777554120.513995,True,True,0.38180931,450,407,11.519132,34.741364,805.664878,True,OK
1777554120.559007,True,True,0.38194959,450,407,0.000000,34.674062,805.664878,True,OK
1777554120.590904,True,True,0.38145334,450,407,0.000000,34.626528,805.664878,True,OK
1777554120.622082,True,True,0.38163054,450,408,12.240287,34.596571,806.046509,True,OK
1777554120.653700,True,True,0.38167295,450,408,0.000000,34.549683,806.046509,True,OK
1777554120.689396,True,True,0.38134202,450,408,0.000000,34.496902,806.046509,True,OK
1777554120.732153,True,True,0.38124029,449,408,8.916484,34.450178,806.427749,True,OK
1777554120.763540,True,True,0.38126871,449,408,0.000000,34.404047,806.427749,True,OK
1777554120.811122,True,True,0.38063704,448,408,7.999657,34.350557,806.808386,True,OK
1777554120.849316,True,True,0.38063704,448,408,0.000000,34.294789,806.808386,True,OK
1777554120.889527,True,True,0.38078173,448,408,0.000000,34.236270,806.808386,True,OK
1777554120.909067,True,True,0.37994295,447,409,27.499395,34.230688,807.345707,True,OK
1777554120.939521,True,True,0.37989817,448,408,17.641365,34.209295,807.882964,True,OK
1777554120.985147,True,True,0.38005041,448,408,0.000000,34.143331,807.882964,True,OK
1777554121.016689,True,True,0.37968759,447,408,12.037318,34.113901,808.262652,True,OK
1777554121.048655,True,True,0.37947060,447,408,0.000000,34.067938,808.262652,True,OK
1777554121.096172,True,True,0.37981051,446,408,7.993220,34.015820,808.642462,True,OK
1777554121.127962,True,True,0.37943560,447,407,16.879606,33.992935,809.179065,True,OK
1777554121.159702,True,True,0.37944667,448,407,11.954681,33.963588,809.558512,True,OK
1777554121.191054,True,True,0.37843678,447,407,12.070746,33.934831,809.936948,True,OK
1777554121.222693,True,True,0.37835251,446,408,16.911582,33.912294,810.472020,True,OK
1777554121.269615,True,True,0.37848827,446,408,0.000000,33.845843,810.472020,True,OK
1777554121.301147,True,True,0.37789341,445,408,11.984604,33.817094,810.849913,True,OK
1777554121.333147,True,True,0.37808397,446,408,11.814836,33.787769,811.227997,True,OK
1777554121.381427,True,True,0.37763467,446,408,0.000000,33.719963,811.227997,True,OK
1777554121.429173,True,True,0.37690795,445,408,7.893952,33.668809,811.604905,True,OK
1777554121.460737,True,True,0.37667942,445,408,0.000000,33.624780,811.604905,True,OK
1777554121.492625,True,True,0.37639865,446,408,11.803945,33.595991,811.981304,True,OK
1777554121.540184,True,True,0.37547523,445,408,7.894892,33.545516,812.356779,True,OK
1777554121.572099,True,True,0.37572541,446,408,11.772797,33.516860,812.732504,True,OK
1777554121.619863,True,True,0.37557306,446,409,7.863049,33.466426,813.108077,True,OK
1777554121.667101,True,True,0.37438841,446,410,7.925678,33.416866,813.482466,True,OK
1777554121.699299,True,True,0.37435583,446,410,0.000000,33.372725,813.482466,True,OK
1777554121.747462,True,True,0.37374166,446,410,0.000000,33.306915,813.482466,True,OK
1777554121.779296,True,True,0.37293911,446,411,11.714985,33.278808,813.855405,True,OK
1777554121.827031,True,True,0.37296415,446,411,0.000000,33.213979,813.855405,True,OK
1777554121.874450,True,True,0.37292152,447,411,7.864339,33.165016,814.228326,True,OK
1777554121.921774,True,True,0.37221343,446,412,11.123163,33.122611,814.754716,True,OK
1777554121.969007,True,True,0.37205784,446,413,7.877057,33.074227,815.126774,True,OK
1777554122.000712,True,True,0.37218101,445,414,16.601451,33.053063,815.653117,True,OK
1777554122.050015,True,True,0.37216630,446,415,10.675254,33.008443,816.179440,True,OK
1777554122.095392,True,True,0.37193017,445,415,8.196401,32.962992,816.551370,True,OK
1777554122.142877,True,True,0.37246087,444,417,17.539135,32.933483,817.384218,True,OK
1777554122.174278,True,True,0.37211846,446,418,26.498255,32.925351,818.216300,True,OK
1777554122.222264,True,True,0.37240391,445,419,10.975304,32.883048,818.742958,True,OK
1777554122.270357,True,True,0.37241829,444,420,10.951406,32.840768,819.269637,True,OK
1777554122.318028,True,True,0.37287077,444,421,7.821661,32.793049,819.642508,True,OK
1777554122.348626,True,True,0.37276865,443,421,12.182903,32.767850,820.015277,True,OK
1777554122.371661,True,True,0.37332387,444,422,22.919367,32.758792,820.543237,True,OK
1777554122.411547,True,True,0.37332544,443,422,9.359812,32.721592,820.916562,True,OK
1777554122.458654,True,True,0.37317166,444,422,7.921911,32.675114,821.289734,True,OK
1777554122.490365,True,True,0.37309766,444,423,11.765433,32.648767,821.662831,True,OK
1777554122.521699,True,True,0.37355218,443,424,16.859893,32.629133,822.191114,True,OK
1777554122.553562,True,True,0.37396536,444,424,11.736499,32.602747,822.565079,True,OK
1777554122.569291,True,True,0.37338190,442,424,47.478466,32.612015,823.311843,True,OK
1777554122.612760,True,True,0.37419011,444,425,19.248555,32.589045,824.148558,True,OK
1777554122.648336,True,True,0.37430916,442,425,21.042447,32.572824,824.897176,True,OK
1777554122.680133,True,True,0.37461660,443,426,16.661604,32.552872,825.426964,True,OK
1777554122.711746,True,True,0.37444546,442,426,11.844536,32.527086,825.801409,True,OK
1777554122.759238,True,True,0.37507522,442,427,7.897686,32.481099,826.176484,True,OK
1777554122.807111,True,True,0.37532063,442,427,0.000000,32.420081,826.176484,True,OK
1777554122.856702,True,True,0.37601496,442,428,7.582313,32.371840,826.552499,True,OK
1777554122.882752,True,True,0.37575381,441,428,14.424412,32.353548,826.928253,True,OK
1777554122.917478,True,True,0.37620179,440,428,10.833537,32.324350,827.304455,True,OK
1777554122.948892,True,True,0.37587576,441,428,11.965219,32.299391,827.680331,True,OK
1777554122.980595,True,True,0.37643665,440,429,16.791783,32.280229,828.212693,True,OK
1777554123.012683,True,True,0.37673602,441,429,11.740786,32.254574,828.589429,True,OK
1777554123.043819,True,True,0.37664686,441,428,12.096722,32.230171,828.966075,True,OK
1777554123.075577,True,True,0.37686311,441,428,0.000000,32.190425,828.966075,True,OK
1777554123.090842,True,True,0.37692853,441,428,0.000000,32.171353,828.966075,True,OK
1777554123.128082,True,True,0.37679942,441,428,0.000000,32.124925,828.966075,True,OK
1777554123.159647,True,True,0.37672307,441,428,0.000000,32.085677,828.966075,True,OK
1777554123.191127,True,True,0.37758333,442,428,11.994269,32.061226,829.343659,True,OK
1777554123.217320,True,True,0.37739326,442,428,0.000000,32.028795,829.343659,True,OK
1777554123.257442,True,True,0.37739326,442,428,0.000000,31.979243,829.343659,True,OK
1777554123.291335,True,True,0.37772754,442,428,0.000000,31.937504,829.343659,True,OK
1777554123.327725,True,True,0.37752618,442,428,0.000000,31.892811,829.343659,True,OK
1777554123.374762,True,True,0.37803957,442,428,0.000000,31.835227,829.343659,True,OK
1777554123.422044,True,True,0.37784931,442,428,0.000000,31.777551,829.343659,True,OK
1777554123.456251,True,True,0.37831330,443,428,11.059572,31.750432,829.721972,True,OK
1777554123.500835,True,True,0.37824490,443,428,0.000000,31.696356,829.721972,True,OK
1777554123.532715,True,True,0.37824490,443,428,0.000000,31.657801,829.721972,True,OK
1777554123.564133,True,True,0.37929536,442,427,17.073117,31.640338,830.258377,True,OK
1777554123.598552,True,True,0.37950884,443,427,11.026124,31.613335,830.637886,True,OK
1777554123.643971,True,True,0.38004899,442,427,8.367713,31.573222,831.017935,True,OK
1777554123.691635,True,True,0.38056718,443,427,7.984386,31.530582,831.398502,True,OK
1777554123.722629,True,True,0.38096401,443,427,0.000000,31.493563,831.398502,True,OK
1777554123.770197,True,True,0.38116382,443,426,8.012936,31.451329,831.779666,True,OK
1777554123.801789,True,True,0.38226636,444,426,12.100141,31.428240,832.161932,True,OK
1777554123.851346,True,True,0.38197604,444,425,7.707891,31.383928,832.543908,True,OK
1777554123.881159,True,True,0.38191771,443,425,12.810318,31.363078,832.925826,True,OK
1777554123.928347,True,True,0.38239447,444,425,8.103631,31.321823,833.308220,True,OK
1777554123.944163,True,True,0.38263335,442,424,54.096841,31.335354,834.163814,True,OK
1777554123.991764,True,True,0.38309840,442,425,8.048119,31.293788,834.546913,True,OK
1777554124.007526,True,True,0.38336217,442,424,24.322520,31.289670,834.930275,True,OK
1777554124.039141,True,True,0.38374644,443,424,12.137923,31.267006,835.314021,True,OK
1777554124.086523,True,True,0.38386456,442,423,11.457375,31.231935,835.856888,True,OK
1777554124.102358,True,True,0.38429860,442,423,0.000000,31.213466,835.856888,True,OK
1777554124.150076,True,True,0.38419375,443,423,8.051290,31.172265,836.241082,True,OK
1777554124.181268,True,True,0.38446167,442,422,17.431332,31.156307,836.784792,True,OK
1777554124.203645,True,True,0.38455108,442,422,0.000000,31.130370,836.784792,True,OK
1777554124.228752,True,True,0.38472057,443,422,15.323296,31.115620,837.169513,True,OK
1777554124.266333,True,True,0.38473315,443,421,10.237512,31.086498,837.554246,True,OK
1777554124.307909,True,True,0.38539832,442,420,13.109107,31.058799,838.099282,True,OK
1777554124.355484,True,True,0.38580740,442,419,8.109457,31.018409,838.485089,True,OK
1777554124.402936,True,True,0.38567047,441,418,11.494330,30.984197,839.030510,True,OK
1777554124.434346,True,True,0.38627895,441,418,0.000000,30.948298,839.030510,True,OK
1777554124.466105,True,True,0.38695298,441,417,12.184033,30.926342,839.417463,True,OK
1777554124.513729,True,True,0.38702847,440,416,11.492995,30.892305,839.964803,True,OK
1777554124.547972,True,True,0.38722430,441,416,11.308174,30.867672,840.352028,True,OK
1777554124.575782,True,True,0.38789015,441,415,13.947818,30.850405,840.739918,True,OK
1777554124.623147,True,True,0.38734363,441,414,8.177895,30.811068,841.127262,True,OK
1777554124.655081,True,True,0.38813532,440,413,17.188631,30.795152,841.676168,True,OK
1777554124.686872,True,True,0.38863483,441,413,12.224600,30.773576,842.064803,True,OK
1777554124.718610,True,True,0.38842649,440,412,17.308393,30.757977,842.614121,True,OK
1777554124.750220,True,True,0.38890952,440,412,0.000000,30.722527,842.614121,True,OK
1777554124.798157,True,True,0.38958521,440,411,8.127039,30.683103,843.003706,True,OK
1777554124.829677,True,True,0.39004877,440,410,12.374500,30.662122,843.393755,True,OK
1777554124.877241,True,True,0.38992769,439,410,8.197994,30.623344,843.783682,True,OK
1777554124.908490,True,True,0.39062879,440,410,12.500598,30.602814,844.174311,True,OK
1777554124.939955,True,True,0.39051060,439,409,17.551707,30.587944,844.726576,True,OK
1777554124.971458,True,True,0.39010177,439,409,0.000000,30.553091,844.726576,True,OK
1777554125.003484,True,True,0.39075545,439,408,12.200902,30.531857,845.117332,True,OK
1777554125.050630,True,True,0.39116274,438,407,11.733659,30.499894,845.670520,True,OK
1777554125.082608,True,True,0.39139133,438,407,0.000000,30.464757,845.670520,True,OK
1777554125.114184,True,True,0.39159477,437,406,17.538771,30.450071,846.224318,True,OK
1777554125.162048,True,True,0.39156622,437,406,0.000000,30.397717,846.224318,True,OK
1777554125.209925,True,True,0.39172861,438,406,8.182007,30.359576,846.616047,True,OK
1777554125.257676,True,True,0.39261724,436,406,16.444292,30.335788,847.401281,True,OK
1777554125.289303,True,True,0.39236647,436,405,12.405897,30.315511,847.793648,True,OK
1777554125.319570,True,True,0.39232751,436,405,0.000000,30.282736,847.793648,True,OK
1777554125.353874,True,True,0.39275007,436,405,0.000000,30.245676,847.793648,True,OK
1777554125.383537,True,True,0.39238189,436,404,13.228059,30.227686,848.186030,True,OK
1777554125.417961,True,True,0.39216975,435,404,11.392156,30.204607,848.578199,True,OK
1777554125.465245,True,True,0.39239936,436,405,11.736211,30.173576,849.133136,True,OK
1777554125.512925,True,True,0.39232165,436,405,0.000000,30.122540,849.133136,True,OK
1777554125.553203,True,True,0.39287521,435,405,9.753926,30.093478,849.526011,True,OK
1777554125.576869,True,True,0.39239323,434,404,23.448882,30.087912,850.080939,True,OK
1777554125.624591,True,True,0.39288596,434,404,0.000000,30.037177,850.080939,True,OK
1777554125.659192,True,True,0.39281070,433,404,11.352435,30.014360,850.473750,True,OK
1777554125.704604,True,True,0.39207550,432,404,8.633730,29.980149,850.865825,True,OK
1777554125.736345,True,True,0.39254213,432,404,0.000000,29.946657,850.865825,True,OK
1777554125.784160,True,True,0.39290828,431,405,11.621056,29.915870,851.421481,True,OK
1777554125.832217,True,True,0.39200740,431,405,0.000000,29.865441,851.421481,True,OK
1777554125.864246,True,True,0.39212667,431,405,0.000000,29.831924,851.421481,True,OK
1777554125.896143,True,True,0.39098732,431,405,0.000000,29.798622,851.421481,True,OK
1777554125.928066,True,True,0.39176584,431,405,0.000000,29.765366,851.421481,True,OK
1777554125.975874,True,True,0.39149284,431,405,0.000000,29.715700,851.421481,True,OK
1777554126.023715,True,True,0.39107092,431,405,0.000000,29.666166,851.421481,True,OK
1777554126.071571,True,True,0.39141607,431,405,0.000000,29.616782,851.421481,True,OK
1777554126.119447,True,True,0.39137367,431,406,8.174756,29.581133,851.812855,True,OK
1777554126.167028,True,True,0.39080478,431,406,0.000000,29.532335,851.812855,True,OK
1777554126.198416,True,True,0.39071612,430,406,12.447739,29.513763,852.203571,True,OK
1777554126.248209,True,True,0.39011931,431,405,11.080164,29.482030,852.755283,True,OK
1777554126.293594,True,True,0.38989110,432,405,8.590770,29.449301,853.145174,True,OK
1777554126.325241,True,True,0.39025140,432,406,12.331400,29.430622,853.535426,True,OK
1777554126.373148,True,True,0.38972631,434,406,16.270162,29.408918,854.314878,True,OK
1777554126.404567,True,True,0.39004629,434,406,0.000000,29.377145,854.314878,True,OK
1777554126.454592,True,True,0.38990984,434,406,0.000000,29.326697,854.314878,True,OK
1777554126.500471,True,True,0.38956599,433,406,8.491138,29.293934,854.704444,True,OK
1777554126.551344,True,True,0.38918056,434,407,10.818936,29.261777,855.254829,True,OK
1777554126.580304,True,True,0.38969590,434,407,0.000000,29.232812,855.254829,True,OK
1777554126.611786,True,True,0.38914605,433,407,12.361101,29.214677,855.643975,True,OK
1777554126.659620,True,True,0.38902944,434,407,8.132839,29.180301,856.033004,True,OK
1777554126.691578,True,True,0.38895748,434,407,0.000000,29.148547,856.033004,True,OK
1777554126.739043,True,True,0.38883796,434,407,0.000000,29.101513,856.033004,True,OK
1777554126.785958,True,True,0.38892022,433,408,11.723662,29.073841,856.583020,True,OK
1777554126.818333,True,True,0.38892022,433,408,0.000000,29.041928,856.583020,True,OK
1777554126.865032,True,True,0.38885047,434,408,8.326775,29.009181,856.971871,True,OK
1777554126.896900,True,True,0.38826948,433,408,12.183869,28.991051,857.360140,True,OK
1777554126.928742,True,True,0.38886635,434,408,12.212100,28.973004,857.749007,True,OK
1777554126.976637,True,True,0.38856834,433,408,8.112969,28.939311,858.137575,True,OK
1777554127.024591,True,True,0.38883800,432,408,8.108548,28.905679,858.526413,True,OK
1777554127.072199,True,True,0.38833061,434,408,16.313787,28.885527,859.303074,True,OK
1777554127.119852,True,True,0.38889654,434,408,0.000000,28.839331,859.303074,True,OK
1777554127.167761,True,True,0.38874606,434,408,0.000000,28.793034,859.303074,True,OK
1777554127.201404,True,True,0.38792134,434,407,11.530683,28.773597,859.690996,True,OK
1777554127.247367,True,True,0.38879466,433,407,8.458765,28.742393,860.079790,True,OK
1777554127.279132,True,True,0.38835109,432,407,12.225761,28.724878,860.468141,True,OK
1777554127.326890,True,True,0.38846729,433,408,11.503528,28.697467,861.017517,True,OK
1777554127.374618,True,True,0.38845095,433,408,0.000000,28.651888,861.017517,True,OK
1777554127.422108,True,True,0.38890395,433,407,8.189237,28.619601,861.406421,True,OK
1777554127.453673,True,True,0.38831206,432,407,12.301908,28.602507,861.794733,True,OK
1777554127.485549,True,True,0.38795328,434,408,27.214848,28.601040,862.662223,True,OK
1777554127.517399,True,True,0.38853946,434,407,12.198820,28.583738,863.050762,True,OK
1777554127.549383,True,True,0.38814001,434,407,0.000000,28.553491,863.050762,True,OK
1777554127.597108,True,True,0.38892278,433,407,8.149212,28.521325,863.439685,True,OK
1777554127.645120,True,True,0.38858542,433,407,0.000000,28.476163,863.439685,True,OK
1777554127.692281,True,True,0.38855223,434,408,11.651522,28.450036,863.989181,True,OK
1777554127.740303,True,True,0.38840575,433,408,8.088154,28.417889,864.377587,True,OK
1777554127.787886,True,True,0.38948618,433,408,0.000000,28.373501,864.377587,True,OK
1777554127.819695,True,True,0.38948618,433,408,0.000000,28.343907,864.377587,True,OK
1777554127.867375,True,True,0.38940554,433,407,8.167039,28.312410,864.766992,True,OK
1777554127.915435,True,True,0.38941572,433,407,0.000000,28.267931,864.766992,True,OK
1777554127.963193,True,True,0.38918256,433,407,0.000000,28.223869,864.766992,True,OK
1777554127.995540,True,True,0.38931997,432,407,12.035927,28.206797,865.156312,True,OK
1777554128.042609,True,True,0.38955466,433,406,11.704244,28.181511,865.707226,True,OK
1777554128.076444,True,True,0.38939884,433,406,0.000000,28.150505,865.707226,True,OK
1777554128.121770,True,True,0.38941403,432,406,8.591316,28.121719,866.096640,True,OK
1777554128.169743,True,True,0.38977360,433,406,8.124989,28.090620,866.486413,True,OK
1777554128.201255,True,True,0.38946147,434,406,12.358952,28.074565,866.875875,True,OK
1777554128.249624,True,True,0.38965589,434,406,0.000000,28.030656,866.875875,True,OK
1777554128.280471,True,True,0.38977225,434,406,0.000000,28.002724,866.875875,True,OK
1777554128.311663,True,True,0.38998132,434,406,0.000000,27.974538,866.875875,True,OK
1777554128.343523,True,True,0.38980708,432,407,27.357784,27.973905,867.747510,True,OK
1777554128.375234,True,True,0.38971216,433,407,12.289732,27.957888,868.137222,True,OK
1777554128.423723,True,True,0.38982191,434,407,8.039334,27.926832,868.527044,True,OK
1777554128.470268,True,True,0.38967228,434,407,0.000000,27.885098,868.527044,True,OK
1777554128.517931,True,True,0.38968287,434,407,0.000000,27.842492,868.527044,True,OK
1777554128.565609,True,True,0.39000690,433,407,8.179937,27.812485,868.917051,True,OK
1777554128.612461,True,True,0.39021459,433,407,0.000000,27.770839,868.917051,True,OK
1777554128.646644,True,True,0.39006859,433,407,0.000000,27.740532,868.917051,True,OK
1777554128.693130,True,True,0.38962356,433,407,0.000000,27.699424,868.917051,True,OK
1777554128.740176,True,True,0.38981127,433,407,0.000000,27.657944,868.917051,True,OK
1777554128.772643,True,True,0.38992160,433,407,0.000000,27.629391,868.917051,True,OK
1777554128.819592,True,True,0.38984468,433,407,0.000000,27.588206,868.917051,True,OK
1777554128.866884,True,True,0.39033045,433,407,0.000000,27.546844,868.917051,True,OK
1777554128.898844,True,True,0.38995892,433,407,0.000000,27.518961,868.917051,True,OK
1777554128.925358,True,True,0.38995892,433,407,0.000000,27.495872,868.917051,True,OK
1777554128.961770,True,True,0.38970730,433,406,10.702786,27.476545,869.306758,True,OK
1777554128.992737,True,True,0.38978510,432,406,12.586919,27.461986,869.696543,True,OK
1777554129.024634,True,True,0.39017932,432,407,12.232451,27.446662,870.086723,True,OK
1777554129.056221,True,True,0.39019071,432,407,0.000000,27.419341,870.086723,True,OK
1777554129.072244,True,True,0.39019071,432,407,0.000000,27.405503,870.086723,True,OK
1777554129.119868,True,True,0.39016493,432,407,0.000000,27.364456,870.086723,True,OK
1777554129.151953,True,True,0.39000737,432,407,0.000000,27.336870,870.086723,True,OK
1777554129.183845,True,True,0.38983396,432,407,0.000000,27.309506,870.086723,True,OK
1777554129.231478,True,True,0.38971484,432,407,0.000000,27.268738,870.086723,True,OK
1777554129.279000,True,True,0.38924699,432,407,0.000000,27.228186,870.086723,True,OK
1777554129.310550,True,True,0.38988205,431,406,17.475917,27.218566,870.638099,True,OK
1777554129.358054,True,True,0.39021636,431,406,0.000000,27.178204,870.638099,True,OK
1777554129.405746,True,True,0.39001859,432,406,8.177852,27.149959,871.028118,True,OK
1777554129.437445,True,True,0.39024643,431,405,17.410548,27.140345,871.580010,True,OK
1777554129.469189,True,True,0.39030754,431,405,0.000000,27.113544,871.580010,True,OK
1777554129.517990,True,True,0.39014241,432,405,7.994489,27.084563,871.970152,True,OK
1777554129.564710,True,True,0.39012660,431,404,11.809299,27.062428,872.521874,True,OK
1777554129.611883,True,True,0.39034304,432,404,8.274667,27.034979,872.912217,True,OK
1777554129.645271,True,True,0.39030330,432,404,0.000000,27.007052,872.912217,True,OK
1777554129.691600,True,True,0.38995058,432,404,0.000000,26.968396,872.912217,True,OK
1777554129.739260,True,True,0.39006418,431,403,11.574276,26.945762,873.463851,True,OK
1777554129.786926,True,True,0.39044005,432,403,8.191275,26.918225,873.854291,True,OK
1777554129.834735,True,True,0.39014246,432,402,8.160337,26.890641,874.244434,True,OK
1777554129.866595,True,True,0.39067564,433,401,17.341524,26.881292,874.796933,True,OK
1777554129.898446,True,True,0.38982166,432,401,12.238985,26.866975,875.186754,True,OK
1777554129.931997,True,True,0.39032715,432,401,0.000000,26.839332,875.186754,True,OK
1777554129.962146,True,True,0.39003363,433,401,12.936671,26.826489,875.576788,True,OK
1777554129.993693,True,True,0.39003363,433,401,0.000000,26.800585,875.576788,True,OK
1777554130.041381,True,True,0.39018278,432,400,11.571081,26.778387,876.128590,True,OK
1777554130.089000,True,True,0.39022897,432,400,0.000000,26.739469,876.128590,True,OK
1777554130.137560,True,True,0.38976327,432,400,0.000000,26.699899,876.128590,True,OK
1777554130.168478,True,True,0.38998468,432,399,12.613369,26.686639,876.518574,True,OK
1777554130.216276,True,True,0.38944685,432,400,8.147819,26.659699,876.908021,True,OK
1777554130.248172,True,True,0.38917403,432,400,0.000000,26.633872,876.908021,True,OK
1777554130.296000,True,True,0.38975999,432,399,8.149168,26.607059,877.297781,True,OK
1777554130.347755,True,True,0.38980506,433,399,7.531848,26.577165,877.687586,True,OK
1777554130.399525,True,True,0.39003959,432,400,10.654664,26.552243,878.239186,True,OK
1777554130.439220,True,True,0.38968779,432,400,0.000000,26.520416,878.239186,True,OK
1777554130.486662,True,True,0.38981672,432,400,0.000000,26.482476,878.239186,True,OK
1777554130.518289,True,True,0.38961909,431,400,12.319216,26.468982,878.628805,True,OK
1777554130.565995,True,True,0.38945788,432,400,8.163809,26.442712,879.018263,True,OK
1777554130.613627,True,True,0.39006360,432,400,0.000000,26.404877,879.018263,True,OK
1777554130.661139,True,True,0.39029722,431,401,11.617514,26.383803,879.570226,True,OK
1777554130.692796,True,True,0.39029722,431,401,0.000000,26.358772,879.570226,True,OK
1777554130.742473,True,True,0.38978656,432,401,7.846360,26.331254,879.960013,True,OK
1777554130.778637,True,True,0.39036618,432,401,0.000000,26.302791,879.960013,True,OK
1777554130.835813,True,True,0.38951757,433,402,9.634421,26.274352,880.510874,True,OK
1777554130.868459,True,True,0.38964472,433,402,0.000000,26.248782,880.510874,True,OK
1777554130.899236,True,True,0.38949708,433,402,0.000000,26.224721,880.510874,True,OK
1777554130.931259,True,True,0.39014680,432,402,12.183258,26.211342,880.901021,True,OK
1777554130.963423,True,True,0.39057141,431,402,12.142996,26.197890,881.291592,True,OK
1777554130.995203,True,True,0.39026682,432,403,17.366784,26.189555,881.843513,True,OK
1777554131.026562,True,True,0.39044783,432,403,0.000000,26.165188,881.843513,True,OK
1777554131.057993,True,True,0.39044783,432,403,0.000000,26.140809,881.843513,True,OK
1777554131.105273,True,True,0.38991685,432,403,0.000000,26.104223,881.843513,True,OK
1777554131.152545,True,True,0.39078273,433,403,8.266732,26.079297,882.234295,True,OK
1777554131.199604,True,True,0.39017759,431,403,16.582633,26.066105,883.014651,True,OK
1777554131.231642,True,True,0.39050472,432,404,17.237321,26.057763,883.566908,True,OK
1777554131.264627,True,True,0.39050472,432,404,0.000000,26.032439,883.566908,True,OK
1777554131.311131,True,True,0.39007268,431,404,8.387934,26.008297,883.956980,True,OK
1777554131.343148,True,True,0.39033393,431,405,12.191461,25.995293,884.347314,True,OK
1777554131.375389,True,True,0.39033777,432,405,12.106746,25.982143,884.737652,True,OK
1777554131.407233,True,True,0.39036310,431,405,12.258554,25.969321,885.128015,True,OK
1777554131.454807,True,True,0.39024338,432,405,8.202863,25.944557,885.518259,True,OK
1777554131.486426,True,True,0.39036693,432,405,0.000000,25.920545,885.518259,True,OK
1777554131.533473,True,True,0.39055942,431,406,11.739903,25.901043,886.070593,True,OK
1777554131.580678,True,True,0.39078536,431,406,0.000000,25.865352,886.070593,True,OK
1777554131.628585,True,True,0.39095765,432,406,8.160906,25.840628,886.461551,True,OK
1777554131.676228,True,True,0.39108137,432,407,8.208548,25.816174,886.852632,True,OK
1777554131.708344,True,True,0.39117708,432,407,0.000000,25.792061,886.852632,True,OK
1777554131.740184,True,True,0.39100278,432,408,12.280481,25.779561,887.243635,True,OK
1777554131.771653,True,True,0.39072488,432,408,0.000000,25.756011,887.243635,True,OK
1777554131.819557,True,True,0.39087674,431,408,8.159623,25.731575,887.634512,True,OK
1777554131.867457,True,True,0.39149674,432,408,8.173135,25.707227,888.026008,True,OK
1777554131.899396,True,True,0.39171360,432,408,0.000000,25.683481,888.026008,True,OK
1777554131.931255,True,True,0.39138915,431,408,12.285164,25.671147,888.417397,True,OK
1777554131.962810,True,True,0.39111950,431,408,0.000000,25.647761,888.417397,True,OK
1777554131.994570,True,True,0.39164475,431,408,0.000000,25.624267,888.417397,True,OK
1777554132.026584,True,True,0.39212617,431,408,0.000000,25.600628,888.417397,True,OK
1777554132.042410,True,True,0.39186758,431,408,0.000000,25.588958,888.417397,True,OK
1777554132.090601,True,True,0.39186758,431,408,0.000000,25.553489,888.417397,True,OK
1777554132.122349,True,True,0.39171389,431,408,0.000000,25.530176,888.417397,True,OK
1777554132.169976,True,True,0.39234328,431,408,0.000000,25.495282,888.417397,True,OK
1777554132.217769,True,True,0.39221773,431,408,0.000000,25.460362,888.417397,True,OK
1777554132.265789,True,True,0.39247417,432,408,8.173240,25.436605,888.809872,True,OK
1777554132.313701,True,True,0.39247894,432,408,0.000000,25.401774,888.809872,True,OK
1777554132.345234,True,True,0.39264001,432,408,0.000000,25.378903,888.809872,True,OK
1777554132.376739,True,True,0.39248739,431,408,12.457991,25.367290,889.202359,True,OK
1777554132.424396,True,True,0.39252039,432,409,11.647916,25.348663,889.757467,True,OK
1777554132.472288,True,True,0.39354832,432,408,8.217437,25.325321,890.151015,True,OK
1777554132.520081,True,True,0.39284293,432,408,0.000000,25.290932,890.151015,True,OK
1777554132.552487,True,True,0.39284787,432,408,0.000000,25.267667,890.151015,True,OK
1777554132.599415,True,True,0.39307438,432,407,8.376171,25.245196,890.544089,True,OK
1777554132.631281,True,True,0.39329055,432,408,12.341799,25.233550,890.937380,True,OK
1777554132.678710,True,True,0.39309869,431,408,8.288261,25.210819,891.330479,True,OK
1777554132.710260,True,True,0.39329650,432,408,12.465749,25.199455,891.723775,True,OK
1777554132.742072,True,True,0.39365750,432,408,0.000000,25.176822,891.723775,True,OK
1777554132.789604,True,True,0.39403471,432,408,0.000000,25.143079,891.723775,True,OK
1777554132.837172,True,True,0.39374821,433,407,11.706489,25.125082,892.280619,True,OK
1777554132.869011,True,True,0.39453958,433,407,0.000000,25.102577,892.280619,True,OK
1777554132.900640,True,True,0.39404271,433,407,0.000000,25.080259,892.280619,True,OK
1777554132.932318,True,True,0.39415782,432,407,12.442557,25.069017,892.674777,True,OK
1777554132.963819,True,True,0.39385271,432,408,12.503031,25.057910,893.068630,True,OK
1777554133.011339,True,True,0.39454582,432,408,0.000000,25.024544,893.068630,True,OK
1777554133.042938,True,True,0.39484673,432,408,0.000000,25.002406,893.068630,True,OK
1777554133.075102,True,True,0.39509916,433,407,17.372254,24.995542,893.627384,True,OK
1777554133.122618,True,True,0.39473927,432,407,8.307400,24.973391,894.022123,True,OK
1777554133.169944,True,True,0.39445091,433,407,8.334788,24.951424,894.416574,True,OK
1777554133.217551,True,True,0.39496539,432,407,8.296299,24.929334,894.811540,True,OK
1777554133.249408,True,True,0.39497102,431,407,12.398429,24.918223,895.206511,True,OK
1777554133.281364,True,True,0.39521243,431,407,0.000000,24.896077,895.206511,True,OK
1777554133.329213,True,True,0.39528071,431,406,8.261054,24.873970,895.601792,True,OK
1777554133.362757,True,True,0.39550116,431,405,11.790496,24.861793,895.997293,True,OK
1777554133.408309,True,True,0.39571795,431,406,8.687212,24.841375,896.393011,True,OK
1777554133.439632,True,True,0.39589558,432,406,12.639151,24.830792,896.788906,True,OK
1777554133.472104,True,True,0.39559311,431,406,12.182631,24.819430,897.184499,True,OK
1777554133.504036,True,True,0.39524633,432,406,12.377706,24.808449,897.579746,True,OK
1777554133.551521,True,True,0.39556703,431,405,11.780995,24.791374,898.139162,True,OK
1777554133.599426,True,True,0.39602999,431,405,0.000000,24.758635,898.139162,True,OK
1777554133.647186,True,True,0.39581776,431,405,0.000000,24.726081,898.139162,True,OK
1777554133.678893,True,True,0.39625949,431,404,12.497521,24.715416,898.535421,True,OK
1777554133.726487,True,True,0.39639863,430,403,11.778499,24.698502,899.096014,True,OK
1777554133.758050,True,True,0.39625152,431,401,28.072876,24.701425,899.982059,True,OK
1777554133.805792,True,True,0.39568806,430,401,8.287986,24.679945,900.377747,True,OK
1777554133.837288,True,True,0.39591823,430,401,0.000000,24.658657,900.377747,True,OK
1777554133.868925,True,True,0.39618087,430,401,0.000000,24.637310,900.377747,True,OK
1777554133.918599,True,True,0.39605444,430,401,0.000000,24.603868,900.377747,True,OK
1777554133.948625,True,True,0.39550655,430,401,0.000000,24.583696,900.377747,True,OK
1777554133.964369,True,True,0.39640212,430,401,0.000000,24.573134,900.377747,True,OK
1777554134.012255,True,True,0.39653504,429,401,8.280791,24.551869,900.774282,True,OK
1777554134.059853,True,True,0.39615254,429,401,0.000000,24.520058,900.774282,True,OK
1777554134.110534,True,True,0.39569744,427,402,17.458224,24.510329,901.659089,True,OK
1777554134.141558,True,True,0.39565717,427,402,0.000000,24.489676,901.659089,True,OK
1777554134.171222,True,True,0.39542666,427,402,0.000000,24.469960,901.659089,True,OK
1777554134.219510,True,True,0.39531890,427,402,0.000000,24.437935,901.659089,True,OK
1777554134.251412,True,True,0.39532612,427,402,0.000000,24.416823,901.659089,True,OK
1777554134.299547,True,True,0.39554350,427,402,0.000000,24.385037,901.659089,True,OK
1777554134.331258,True,True,0.39533253,427,402,0.000000,24.364142,901.659089,True,OK
1777554134.379206,True,True,0.39489588,427,402,0.000000,24.332616,901.659089,True,OK
1777554134.411278,True,True,0.39514567,427,402,0.000000,24.311574,901.659089,True,OK
1777554134.443173,True,True,0.39467325,427,402,0.000000,24.290685,901.659089,True,OK
1777554134.491786,True,True,0.39476378,426,402,8.120607,24.269536,902.053852,True,OK
1777554134.537866,True,True,0.39456906,426,403,8.562543,24.250086,902.448421,True,OK
1777554134.585128,True,True,0.39404267,426,403,0.000000,24.219328,902.448421,True,OK
1777554134.616706,True,True,0.39368509,426,403,0.000000,24.198820,902.448421,True,OK
1777554134.664776,True,True,0.39370372,426,403,0.000000,24.167669,902.448421,True,OK
1777554134.712427,True,True,0.39308385,426,403,0.000000,24.136867,902.448421,True,OK
1777554134.753566,True,True,0.39356481,426,403,0.000000,24.110339,902.448421,True,OK
1777554134.792252,True,True,0.39277472,426,404,10.152818,24.095928,902.841196,True,OK
1777554134.824356,True,True,0.39277472,426,404,0.000000,24.075300,902.841196,True,OK
1777554134.855775,True,True,0.39228242,426,405,12.485311,24.065598,903.233479,True,OK
1777554134.875816,True,True,0.39255195,426,405,0.000000,24.052754,903.233479,True,OK
1777554134.919724,True,True,0.39257980,426,405,0.000000,24.024663,903.233479,True,OK
1777554134.950850,True,True,0.39291770,426,405,0.000000,24.004789,903.233479,True,OK
1777554134.982745,True,True,0.39187060,426,404,12.286484,23.994865,903.625349,True,OK
1777554135.013554,True,True,0.39201630,425,404,12.724016,23.985652,904.017365,True,OK
1777554135.046277,True,True,0.39244977,425,404,0.000000,23.964845,904.017365,True,OK
1777554135.095906,True,True,0.39230871,425,404,0.000000,23.933358,904.017365,True,OK
1777554135.125479,True,True,0.39188957,425,402,26.502805,23.935368,904.801145,True,OK
1777554135.172998,True,True,0.39202088,424,402,8.249818,23.915675,905.193165,True,OK
1777554135.205008,True,True,0.39190541,424,402,0.000000,23.895466,905.193165,True,OK
1777554135.254463,True,True,0.39184692,425,402,7.923161,23.874641,905.585012,True,OK
1777554135.308334,True,True,0.39230663,425,403,7.282410,23.851110,905.977319,True,OK
1777554135.342650,True,True,0.39168755,424,403,11.414037,23.839884,906.369007,True,OK
1777554135.380084,True,True,0.39213201,424,403,0.000000,23.816434,906.369007,True,OK
1777554135.427685,True,True,0.39120735,424,404,8.218472,23.796948,906.760214,True,OK
1777554135.475579,True,True,0.39150134,424,404,0.000000,23.767075,906.760214,True,OK
1777554135.512291,True,True,0.39111718,424,404,0.000000,23.744227,906.760214,True,OK
1777554135.554669,True,True,0.39116527,423,404,9.230397,23.728139,907.151379,True,OK
1777554135.601617,True,True,0.39104492,423,404,0.000000,23.699036,907.151379,True,OK
1777554135.648007,True,True,0.39059352,423,404,0.000000,23.670350,907.151379,True,OK
1777554135.679537,True,True,0.39066790,423,404,0.000000,23.650892,907.151379,True,OK
1777554135.727264,True,True,0.39005270,423,404,0.000000,23.621499,907.151379,True,OK
1777554135.774959,True,True,0.39044781,423,404,0.000000,23.592199,907.151379,True,OK
1777554135.807127,True,True,0.39044781,423,404,0.000000,23.572478,907.151379,True,OK
1777554135.855363,True,True,0.39047750,423,403,8.095165,23.553103,907.541857,True,OK
1777554135.887208,True,True,0.39047750,423,403,0.000000,23.533653,907.541857,True,OK
1777554135.919036,True,True,0.39020192,422,403,12.259642,23.524356,907.932059,True,OK
1777554135.950933,True,True,0.39058425,422,403,0.000000,23.504931,907.932059,True,OK
1777554135.982770,True,True,0.39031920,423,403,12.259929,23.495670,908.322378,True,OK
1777554136.009855,True,True,0.38951161,423,403,0.000000,23.479220,908.322378,True,OK
1777554136.046571,True,True,0.39029717,423,403,0.000000,23.456958,908.322378,True,OK
1777554136.094023,True,True,0.38972643,423,403,0.000000,23.428248,908.322378,True,OK
1777554136.141779,True,True,0.38961283,424,402,11.537854,23.413620,908.873374,True,OK
1777554136.189410,True,True,0.38908116,424,402,0.000000,23.384926,908.873374,True,OK
1777554136.238895,True,True,0.38864362,424,402,0.000000,23.355190,908.873374,True,OK
1777554136.277812,True,True,0.38890047,424,401,9.992996,23.341840,909.262274,True,OK
1777554136.316244,True,True,0.38844267,425,401,10.107365,23.328796,909.650717,True,OK
1777554136.348314,True,True,0.38844971,424,401,12.112407,23.319578,910.039166,True,OK
1777554136.380449,True,True,0.38853195,425,402,17.099089,23.314460,910.588634,True,OK
1777554136.412116,True,True,0.38808829,425,402,0.000000,23.295572,910.588634,True,OK
1777554136.459871,True,True,0.38809868,425,402,0.000000,23.267146,910.588634,True,OK
1777554136.507794,True,True,0.38762012,425,401,8.088460,23.248583,910.976254,True,OK
1777554136.549227,True,True,0.38745298,425,402,9.351346,23.233903,911.363707,True,OK
1777554136.587747,True,True,0.38704110,425,401,10.047646,23.220967,911.750748,True,OK
1777554136.619951,True,True,0.38736764,425,402,12.028767,23.211795,912.138115,True,OK
1777554136.651499,True,True,0.38732187,424,401,17.362342,23.207102,912.685871,True,OK
1777554136.683121,True,True,0.38713069,424,402,12.242566,23.198293,913.073002,True,OK
1777554136.716100,True,True,0.38734275,425,402,11.745129,23.188705,913.460345,True,OK
1777554136.731036,True,True,0.38674812,425,402,0.000000,23.179916,913.460345,True,OK
1777554136.763012,True,True,0.38619177,425,403,12.077467,23.170914,913.846536,True,OK
1777554136.794632,True,True,0.38553503,425,402,12.193025,23.162120,914.232071,True,OK
1777554136.826529,True,True,0.38605971,427,402,24.206234,23.162963,915.004191,True,OK
1777554136.858483,True,True,0.38611651,426,403,17.088894,23.158054,915.550242,True,OK
1777554136.877678,True,True,0.38611651,426,403,0.000000,23.146816,915.550242,True,OK
1777554136.922007,True,True,0.38623546,426,403,0.000000,23.120903,915.550242,True,OK
1777554136.937721,True,True,0.38556661,425,404,34.699483,23.125497,916.095516,True,OK
1777554136.969513,True,True,0.38510217,426,404,12.113479,23.116666,916.480618,True,OK
1777554137.001243,True,True,0.38531081,424,405,27.153165,23.119894,917.342199,True,OK
1777554137.032875,True,True,0.38506273,425,405,12.173314,23.111174,917.727262,True,OK
1777554137.064864,True,True,0.38472184,424,405,12.026476,23.102252,918.111983,True,OK
1777554137.096926,True,True,0.38366736,424,405,0.000000,23.083629,918.111983,True,OK
1777554137.112151,True,True,0.38366736,424,405,0.000000,23.074796,918.111983,True,OK
1777554137.143161,True,True,0.38322938,424,405,0.000000,23.056826,918.111983,True,OK
1777554137.178673,True,True,0.38319875,424,407,21.581240,23.055512,918.878381,True,OK
1777554137.212329,True,True,0.38277945,424,407,0.000000,23.036058,918.878381,True,OK
1777554137.246546,True,True,0.38272116,424,407,0.000000,23.016315,918.878381,True,OK
1777554137.277614,True,True,0.38165577,424,408,12.284684,23.007970,919.260037,True,OK
1777554137.317405,True,True,0.38162528,423,408,9.590660,22.994620,919.641662,True,OK
1777554137.349040,True,True,0.38092438,422,409,17.028977,22.989905,920.180370,True,OK
1777554137.380631,True,True,0.38028960,422,410,12.037842,22.981268,920.560660,True,OK
1777554137.412654,True,True,0.37998919,422,411,11.866151,22.972389,920.940649,True,OK
1777554137.444277,True,True,0.37883583,421,412,16.942250,22.967636,921.476404,True,OK
1777554137.475615,True,True,0.37781878,421,412,0.000000,22.949710,921.476404,True,OK
1777554137.507419,True,True,0.37726855,420,413,16.775905,22.944824,922.009942,True,OK
1777554137.556873,True,True,0.37675634,420,413,0.000000,22.916621,922.009942,True,OK
1777554137.602277,True,True,0.37427877,420,414,8.243264,22.900080,922.384221,True,OK
1777554137.633755,True,True,0.37360334,421,416,26.538706,22.902922,923.219624,True,OK
1777554137.681953,True,True,0.37265757,421,416,0.000000,22.875570,923.219624,True,OK
1777554137.728674,True,True,0.37180472,420,417,11.254401,22.862132,923.745435,True,OK
1777554137.776201,True,True,0.36993711,421,420,24.613891,22.864190,924.915279,True,OK
1777554137.825543,True,True,0.36993711,421,420,0.000000,22.836336,924.915279,True,OK
1777554137.872283,True,True,0.36823433,421,420,0.000000,22.810013,924.915279,True,OK
1777554137.903433,True,True,0.36785776,420,421,16.700729,22.805324,925.435508,True,OK
1777554137.934561,True,True,0.36750428,420,421,0.000000,22.787843,925.435508,True,OK
1777554137.966147,True,True,0.36684802,420,422,11.614373,22.779159,925.802356,True,OK
1777554137.997974,True,True,0.36643829,419,422,11.513623,22.770344,926.168794,True,OK
1777554138.044865,True,True,0.36608904,419,422,0.000000,22.744124,926.168794,True,OK
1777554138.092659,True,True,0.36492048,419,423,7.635300,22.726412,926.533715,True,OK
1777554138.124171,True,True,0.36492048,419,423,0.000000,22.708859,926.533715,True,OK
1777554138.156153,True,True,0.36472843,419,423,0.000000,22.691072,926.533715,True,OK
1777554138.187933,True,True,0.36487122,419,423,0.000000,22.673425,926.533715,True,OK
1777554138.219874,True,True,0.36490541,418,423,11.424380,22.664640,926.898620,True,OK
1777554138.252124,True,True,0.36346375,419,424,15.938497,22.659340,927.412636,True,OK
1777554138.283531,True,True,0.36377573,418,424,11.582501,22.650846,927.776411,True,OK
1777554138.315444,True,True,0.36382744,418,424,0.000000,22.633212,927.776411,True,OK
1777554138.347497,True,True,0.36365399,417,424,11.345567,22.624393,928.140065,True,OK
1777554138.363561,True,True,0.36358664,418,425,32.008454,22.628066,928.654255,True,OK
1777554138.410830,True,True,0.36257125,418,425,0.000000,22.602034,928.654255,True,OK
1777554138.442570,True,True,0.36345659,418,425,0.000000,22.584587,928.654255,True,OK
1777554138.474171,True,True,0.36361728,418,426,11.506790,22.576080,929.017872,True,OK
1777554138.505896,True,True,0.36345749,418,425,11.456268,22.567513,929.381329,True,OK
1777554138.553775,True,True,0.36381320,419,426,10.746043,22.553786,929.895839,True,OK
1777554138.601509,True,True,0.36372908,418,426,7.619989,22.536516,930.259568,True,OK
1777554138.617179,True,True,0.36359658,418,426,0.000000,22.527964,930.259568,True,OK
1777554138.649035,True,True,0.36390150,417,427,16.154752,22.523051,930.774202,True,OK
1777554138.696765,True,True,0.36428877,416,427,7.632362,22.505873,931.138491,True,OK
1777554138.728487,True,True,0.36349518,417,428,16.204873,22.501045,931.652551,True,OK
1777554138.760128,True,True,0.36349518,417,428,0.000000,22.483864,931.652551,True,OK
1777554138.808047,True,True,0.36373433,416,428,7.590489,22.466660,932.016285,True,OK
1777554138.839816,True,True,0.36369140,416,428,0.000000,22.449468,932.016285,True,OK
1777554138.887341,True,True,0.36429281,417,427,10.840262,22.436194,932.531473,True,OK
1777554138.914925,True,True,0.36429281,417,427,0.000000,22.421314,932.531473,True,OK
1777554138.951547,True,True,0.36443251,417,428,9.951048,22.410343,932.895906,True,OK
1777554138.983275,True,True,0.36429013,418,428,11.481736,22.402020,933.260196,True,OK
1777554139.015223,True,True,0.36414463,417,429,16.119460,22.397206,933.775174,True,OK
1777554139.062944,True,True,0.36468220,417,429,0.000000,22.371599,933.775174,True,OK
1777554139.110198,True,True,0.36499347,417,430,7.724023,22.355035,934.140168,True,OK
1777554139.127998,True,True,0.36491205,417,430,0.000000,22.345516,934.140168,True,OK
1777554139.157749,True,True,0.36563947,417,429,12.289964,22.338365,934.505807,True,OK
1777554139.189528,True,True,0.36602118,417,429,0.000000,22.321409,934.505807,True,OK
1777554139.227130,True,True,0.36592341,416,428,13.762683,22.313729,935.023301,True,OK
1777554139.253124,True,True,0.36623642,415,428,14.088975,22.308630,935.389537,True,OK
1777554139.285086,True,True,0.36623642,415,428,0.000000,22.291637,935.389537,True,OK
1777554139.317094,True,True,0.36587960,415,427,11.430819,22.283359,935.755417,True,OK
1777554139.349210,True,True,0.36641769,415,428,11.409217,22.275049,936.121835,True,OK
1777554139.380650,True,True,0.36618986,415,428,0.000000,22.258397,936.121835,True,OK
1777554139.408596,True,True,0.36679392,416,427,18.562166,22.255943,936.640560,True,OK
1777554139.428584,True,True,0.36679392,416,427,0.000000,22.245377,936.640560,True,OK
1777554139.460318,True,True,0.36713694,416,427,0.000000,22.228624,936.640560,True,OK
1777554139.501064,True,True,0.36712077,417,426,12.741899,22.219459,937.159747,True,OK
1777554139.529796,True,True,0.36706968,416,425,18.067594,22.216632,937.678862,True,OK
1777554139.555750,True,True,0.36706968,416,425,0.000000,22.202979,937.678862,True,OK
1777554139.587230,True,True,0.36706968,416,425,0.000000,22.186441,937.678862,True,OK
1777554139.618975,True,True,0.36812985,417,425,11.596396,22.178493,938.046991,True,OK
1777554139.650326,True,True,0.36920897,417,425,0.000000,22.162065,938.046991,True,OK
1777554139.677806,True,True,0.36920897,417,425,0.000000,22.147686,938.046991,True,OK
1777554139.698217,True,True,0.36969171,417,424,18.112998,22.145743,938.416683,True,OK
1777554139.730268,True,True,0.36964475,417,423,11.532901,22.137722,938.786328,True,OK
1777554139.777768,True,True,0.37127997,417,423,0.000000,22.112953,938.786328,True,OK
1777554139.809701,True,True,0.37199455,416,422,16.474203,22.108715,939.312408,True,OK
1777554139.841434,True,True,0.37248199,417,421,16.599897,22.104603,939.839177,True,OK
1777554139.873214,True,True,0.37286876,418,421,11.733074,22.096857,940.212045,True,OK
1777554139.905385,True,True,0.37422018,417,421,11.632045,22.088950,940.586266,True,OK
1777554139.921458,True,True,0.37489261,416,420,32.986154,22.093062,941.116444,True,OK
1777554139.969248,True,True,0.37512319,417,420,7.849360,22.077100,941.491567,True,OK
1777554140.000562,True,True,0.37659967,416,420,12.026782,22.069726,941.868167,True,OK
1777554140.048664,True,True,0.37802027,416,419,7.858739,22.053726,942.246187,True,OK
1777554140.078672,True,True,0.37936839,415,418,17.878641,22.050796,942.782695,True,OK
1777554140.110322,True,True,0.38015658,416,418,12.011422,22.043370,943.162852,True,OK
1777554140.157895,True,True,0.38129483,416,417,8.014806,22.027789,943.544146,True,OK
1777554140.205882,True,True,0.38351741,415,417,7.992232,22.012083,943.927664,True,OK
1777554140.237740,True,True,0.38457923,415,416,12.071501,22.004703,944.312243,True,OK
1777554140.269598,True,True,0.38564441,415,416,0.000000,21.988380,944.312243,True,OK
1777554140.316845,True,True,0.38633880,415,415,8.177096,21.973202,944.698582,True,OK
1777554140.364223,True,True,0.38878332,415,414,8.206019,21.958048,945.087365,True,OK
1777554140.412195,True,True,0.38960107,415,413,8.121311,21.942642,945.476966,True,OK
1777554140.445947,True,True,0.39048006,414,412,16.361533,21.938274,946.029188,True,OK
1777554140.475631,True,True,0.39158632,414,411,13.191696,21.932257,946.420775,True,OK
1777554140.507685,True,True,0.39372787,415,411,12.283197,21.925095,946.814503,True,OK
1777554140.539559,True,True,0.39485831,414,411,12.388123,21.918061,947.209361,True,OK
1777554140.571505,True,True,0.39107517,413,410,17.312360,21.914659,947.762425,True,OK
1777554140.603451,True,True,0.39288952,412,410,12.298848,21.907562,948.155314,True,OK
1777554140.634626,True,True,0.39392280,412,410,0.000000,21.891792,948.155314,True,OK
1777554140.666170,True,True,0.39400281,412,410,0.000000,21.875860,948.155314,True,OK
1777554140.698203,True,True,0.39507514,412,409,12.333300,21.868813,948.550389,True,OK
1777554140.729803,True,True,0.39507514,412,409,0.000000,21.852892,948.550389,True,OK
1777554140.776879,True,True,0.39443697,410,409,16.757290,21.847372,949.339263,True,OK
1777554140.808373,True,True,0.39443697,410,409,0.000000,21.831548,949.339263,True,OK
1777554140.840230,True,True,0.39482768,409,409,12.393930,21.824640,949.734091,True,OK
1777554140.869327,True,True,0.39556638,408,409,13.594933,21.819141,950.129657,True,OK
1777554140.894450,True,True,0.39556638,408,409,0.000000,21.806559,950.129657,True,OK
1777554140.934552,True,True,0.39529991,407,409,9.857360,21.795572,950.524957,True,OK
1777554140.966363,True,True,0.39489462,407,409,0.000000,21.779685,950.524957,True,OK
1777554140.998351,True,True,0.39452774,407,409,0.000000,21.763733,950.524957,True,OK
1777554141.046169,True,True,0.39480338,407,408,8.256385,21.748961,950.919761,True,OK
1777554141.078003,True,True,0.39494366,407,408,0.000000,21.733137,950.919761,True,OK
1777554141.125846,True,True,0.39485560,406,408,8.253115,21.718413,951.314616,True,OK
1777554141.173336,True,True,0.39466197,407,407,11.752919,21.707621,951.872753,True,OK
1777554141.207918,True,True,0.39447187,406,407,11.406653,21.699503,952.267224,True,OK
1777554141.252588,True,True,0.39473820,406,407,0.000000,21.677438,952.267224,True,OK
1777554141.299850,True,True,0.39398376,405,406,11.789068,21.666810,952.824402,True,OK
1777554141.347234,True,True,0.39390069,405,406,0.000000,21.643490,952.824402,True,OK
1777554141.379292,True,True,0.39382475,406,406,12.284574,21.636680,953.218226,True,OK
1777554141.417744,True,True,0.39409878,406,405,10.249198,21.626749,953.612325,True,OK
1777554141.443434,True,True,0.39401843,405,405,15.337377,21.623087,954.006344,True,OK
1777554141.475606,True,True,0.39382430,405,405,0.000000,21.607331,954.006344,True,OK
1777554141.517657,True,True,0.39313284,405,405,0.000000,21.586771,954.006344,True,OK
1777554141.545987,True,True,0.39324018,405,404,13.880655,21.581835,954.399584,True,OK
1777554141.571122,True,True,0.39289935,405,404,0.000000,21.569575,954.399584,True,OK
1777554141.610364,True,True,0.39299540,404,404,10.014595,21.559336,954.792579,True,OK
1777554141.642396,True,True,0.39201204,405,404,12.238315,21.552600,955.184591,True,OK
1777554141.672350,True,True,0.39278019,404,404,13.112485,21.546899,955.577371,True,OK
1777554141.698172,True,True,0.39226700,404,404,0.000000,21.534361,955.577371,True,OK
1777554141.736905,True,True,0.39199238,405,404,10.120371,21.524407,955.969364,True,OK
1777554141.761398,True,True,0.39167354,405,403,15.990791,21.521357,956.361037,True,OK
1777554141.799556,True,True,0.39197633,404,401,22.970374,21.522600,957.237523,True,OK
1777554141.828257,True,True,0.39137939,403,401,13.636066,21.517514,957.628902,True,OK
1777554141.855940,True,True,0.39139183,402,402,19.995143,21.516567,958.182414,True,OK
1777554141.887020,True,True,0.39139183,402,402,0.000000,21.501561,958.182414,True,OK
1777554141.914418,True,True,0.39127211,401,400,31.933541,21.507971,959.057325,True,OK
1777554141.933897,True,True,0.39049889,401,400,0.000000,21.498579,959.057325,True,OK
1777554141.965545,True,True,0.39049889,401,400,0.000000,21.483338,959.057325,True,OK
1777554141.997102,True,True,0.39040538,399,399,27.663715,21.487703,959.930298,True,OK
1777554142.044734,True,True,0.39054137,398,398,11.595338,21.477167,960.482607,True,OK
1777554142.092287,True,True,0.39034683,395,399,25.957926,21.481927,961.716992,True,OK
1777554142.124081,True,True,0.39059557,394,398,17.373854,21.479011,962.269378,True,OK
1777554142.155784,True,True,0.38983931,392,398,24.593401,21.481213,963.049056,True,OK
1777554142.187686,True,True,0.39031822,390,397,27.357830,21.485392,963.921834,True,OK
1777554142.219288,True,True,0.38943369,387,397,36.969602,21.496291,965.090135,True,OK
1777554142.264230,True,True,0.38900405,385,397,17.311511,21.492107,965.868143,True,OK
1777554142.297748,True,True,0.38908107,380,397,58.040897,21.519345,967.813549,True,OK
1777554142.330642,True,True,0.38908107,380,397,0.000000,21.503617,967.813549,True,OK
1777554142.360813,True,True,0.38923836,377,397,38.703639,21.515140,968.981264,True,OK
1777554142.392363,True,True,0.38930207,375,397,24.678288,21.517354,969.759868,True,OK
1777554142.418681,True,True,0.38843787,371,396,60.855496,21.540312,971.361438,True,OK
1777554142.455606,True,True,0.38899612,368,395,33.313991,21.549945,972.591552,True,OK
1777554142.487352,True,True,0.38897595,366,395,24.505026,21.552022,973.369504,True,OK
1777554142.514585,True,True,0.38828969,362,396,58.787726,21.574461,974.970463,True,OK
1777554142.550315,True,True,0.38851086,360,395,24.314007,21.576625,975.839200,True,OK
1777554142.581896,True,True,0.38797998,358,395,24.570712,21.578714,976.615160,True,OK
1777554142.629288,True,True,0.38798577,353,396,41.744209,21.599808,978.593507,True,OK
1777554142.676723,True,True,0.38831354,350,396,24.558278,21.602903,979.758448,True,OK
1777554142.724334,True,True,0.38792665,346,396,32.591837,21.614426,981.310154,True,OK
1777554142.756132,True,True,0.38792665,346,396,0.000000,21.599298,981.310154,True,OK
1777554142.805737,True,True,0.38759054,343,396,23.440438,21.601306,982.472926,True,OK
1777554142.834495,True,True,0.38664777,341,396,26.890154,21.604648,983.246221,True,OK
1777554142.881880,True,True,0.38861486,339,396,16.402533,21.599238,984.023451,True,OK
1777554142.908470,True,True,0.38751152,337,396,29.147043,21.603640,984.798474,True,OK
1777554142.945188,True,True,0.38781056,335,396,21.123655,21.603254,985.574095,True,OK
1777554142.977102,True,True,0.38754893,333,396,24.287446,21.605130,986.349193,True,OK
1777554143.024699,True,True,0.38732405,331,396,16.274924,21.599579,987.123841,True,OK
1777554143.072165,True,True,0.38750413,328,396,24.491578,21.602580,988.286354,True,OK
1777554143.102221,True,True,0.38751491,327,396,12.893199,21.596862,988.673869,True,OK
1777554143.134872,True,True,0.38689625,324,396,35.547616,21.606805,989.834557,True,OK
1777554143.166622,True,True,0.38811553,324,396,0.000000,21.591841,989.834557,True,OK
1777554143.214125,True,True,0.38739355,322,397,18.235446,21.588366,990.700796,True,OK
1777554143.249799,True,True,0.38807410,321,397,10.878389,21.580047,991.088870,True,OK
1777554143.295738,True,True,0.38767633,319,397,16.877711,21.575348,991.864222,True,OK
1777554143.324795,True,True,0.38764922,317,396,29.831340,21.580563,992.731032,True,OK
1777554143.356563,True,True,0.38764922,317,396,0.000000,21.565670,992.731032,True,OK
1777554143.388059,True,True,0.38703203,316,397,17.378111,21.562807,993.278378,True,OK
1777554143.435509,True,True,0.38808665,316,398,8.178884,21.549035,993.666465,True,OK
1777554143.482571,True,True,0.38749788,318,374,198.293868,21.729239,1002.998650,True,OK
1777554143.514257,True,True,0.38815361,318,374,0.000000,21.714333,1002.998650,True,OK
1777554143.545967,True,True,0.38739184,318,374,0.000000,21.699437,1002.998650,True,OK
1777554143.577871,True,True,0.38737635,317,375,17.171045,21.696313,1003.546483,True,OK
1777554143.610003,True,True,0.38769984,318,375,12.066151,21.689628,1003.934182,True,OK
1777554143.641423,True,True,0.38740093,318,375,0.000000,21.674914,1003.934182,True,OK
1777554143.673555,True,True,0.38748756,318,375,0.000000,21.659888,1003.934182,True,OK
1777554143.705068,True,True,0.38745966,317,375,12.295056,21.653526,1004.321642,True,OK
1777554143.735832,True,True,0.38643734,316,375,12.561307,21.647499,1004.708079,True,OK
1777554143.767797,True,True,0.38657875,316,375,0.000000,21.632600,1004.708079,True,OK
1777554143.799792,True,True,0.38665163,317,375,12.084820,21.626027,1005.094731,True,OK
1777554143.831693,True,True,0.38708195,320,375,36.401412,21.636162,1006.255977,True,OK
1777554143.863324,True,True,0.38651880,321,375,12.219807,21.629762,1006.642496,True,OK
1777554143.895274,True,True,0.38675476,321,375,0.000000,21.614923,1006.642496,True,OK
1777554143.928622,True,True,0.38675476,321,375,0.000000,21.599457,1006.642496,True,OK
1777554143.958560,True,True,0.38718625,321,374,12.932738,21.593893,1007.029682,True,OK
1777554143.990199,True,True,0.38662868,321,374,0.000000,21.579253,1007.029682,True,OK
1777554144.018832,True,True,0.38690967,322,374,13.512325,21.574306,1007.416592,True,OK
1777554144.053359,True,True,0.38625876,322,374,0.000000,21.558366,1007.416592,True,OK
1777554144.082556,True,True,0.38711307,323,374,13.258886,21.553184,1007.803705,True,OK
1777554144.116899,True,True,0.38698802,323,374,0.000000,21.537365,1007.803705,True,OK
1777554144.148685,True,True,0.38729050,324,399,304.851693,21.729686,1017.493710,True,OK
1777554144.180588,True,True,0.38687055,324,399,0.000000,21.714891,1017.493710,True,OK
1777554144.212187,True,True,0.38732841,324,399,0.000000,21.700257,1017.493710,True,OK
1777554144.260013,True,True,0.38709174,325,400,11.446337,21.689808,1018.041140,True,OK
1777554144.290930,True,True,0.38622551,326,399,17.667142,21.687160,1018.587346,True,OK
1777554144.322776,True,True,0.38622551,326,399,0.000000,21.672465,1018.587346,True,OK
1777554144.354236,True,True,0.38615063,326,400,12.274597,21.666179,1018.973496,True,OK
1777554144.385758,True,True,0.38703921,326,400,0.000000,21.651667,1018.973496,True,OK
1777554144.417490,True,True,0.38585327,327,400,12.159721,21.645271,1019.359350,True,OK
1777554144.449569,True,True,0.38628723,327,401,12.041665,21.638734,1019.745637,True,OK
1777554144.481674,True,True,0.38639783,327,401,0.000000,21.624002,1019.745637,True,OK
1777554144.528100,True,True,0.38615888,328,401,8.317718,21.610916,1020.131796,True,OK
1777554144.575843,True,True,0.38576379,329,402,11.426836,21.600626,1020.677348,True,OK
1777554144.607853,True,True,0.38568328,330,402,12.048987,21.594160,1021.063031,True,OK
1777554144.641482,True,True,0.38492324,331,403,16.187242,21.590317,1021.607395,True,OK
1777554144.673441,True,True,0.38513455,330,403,12.050784,21.583878,1021.992530,True,OK
1777554144.702639,True,True,0.38549177,331,402,18.671449,21.582083,1022.537697,True,OK
1777554144.734145,True,True,0.38517036,332,403,17.289415,21.579231,1023.082410,True,OK
1777554144.765800,True,True,0.38530006,333,403,12.171643,21.572953,1023.467710,True,OK
1777554144.797215,True,True,0.38449843,333,403,0.000000,21.558678,1023.467710,True,OK
1777554144.828968,True,True,0.38598461,333,403,0.000000,21.544268,1023.467710,True,OK
1777554144.852796,True,True,0.38524449,333,402,16.167864,21.541573,1023.852955,True,OK
1777554144.880057,True,True,0.38524449,333,402,0.000000,21.529224,1023.852955,True,OK
1777554144.907619,True,True,0.38547223,334,402,13.985932,21.524855,1024.238427,True,OK
1777554144.935020,True,True,0.38423914,334,402,0.000000,21.512467,1024.238427,True,OK
1777554144.964927,True,True,0.38386712,334,402,0.000000,21.498962,1024.238427,True,OK
1777554144.987211,True,True,0.38468098,335,402,17.262815,21.496982,1024.623108,True,OK
1777554145.020596,True,True,0.38468098,335,402,0.000000,21.481935,1024.623108,True,OK
1777554145.050334,True,True,0.38440856,335,402,0.000000,21.468550,1024.623108,True,OK
1777554145.077471,True,True,0.38508998,335,402,0.000000,21.456350,1024.623108,True,OK
1777554145.106125,True,True,0.38418217,336,402,13.407470,21.451523,1025.007290,True,OK
1777554145.129691,True,True,0.38514538,337,403,23.112859,21.452342,1025.551968,True,OK
1777554145.179210,True,True,0.38484167,337,402,7.771661,21.438186,1025.936810,True,OK
1777554145.211870,True,True,0.38487253,338,403,16.665274,21.434931,1026.481102,True,OK
1777554145.240791,True,True,0.38481583,339,403,13.306029,21.430025,1026.865918,True,OK
1777554145.262960,True,True,0.38448218,340,402,24.526649,21.431457,1027.409658,True,OK
1777554145.297348,True,True,0.38425475,342,403,24.985640,21.434004,1028.268877,True,OK
1777554145.321152,True,True,0.38426415,344,402,36.097648,21.441277,1029.128118,True,OK
1777554145.351984,True,True,0.38426415,344,402,0.000000,21.427512,1029.128118,True,OK
1777554145.389946,True,True,0.38417946,345,403,14.311826,21.421892,1029.671430,True,OK
1777554145.421232,True,True,0.38401199,347,404,27.446252,21.425811,1030.530107,True,OK
1777554145.447526,True,True,0.38365362,349,404,29.182375,21.430049,1031.297414,True,OK
1777554145.494894,True,True,0.38318465,354,403,41.248398,21.449537,1033.251280,True,OK
1777554145.521287,True,True,0.38318465,354,403,0.000000,21.437791,1033.251280,True,OK
1777554145.542060,True,True,0.38395334,356,403,36.967967,21.444481,1034.019187,True,OK
1777554145.573601,True,True,0.38360874,359,404,38.459618,21.455604,1035.232264,True,OK
1777554145.608407,True,True,0.38351336,361,404,22.037643,21.456024,1035.999291,True,OK
1777554145.636958,True,True,0.38421921,364,404,40.370728,21.467202,1037.151948,True,OK
1777554145.661485,True,True,0.38393473,367,404,46.960981,21.480137,1038.303753,True,OK
1777554145.696842,True,True,0.38419017,371,404,43.463823,21.496206,1039.840513,True,OK
1777554145.727361,True,True,0.38359052,373,404,25.138203,21.498502,1040.607694,True,OK
1777554145.763191,True,True,0.38431166,376,404,32.177690,21.506401,1041.760629,True,OK
1777554145.795141,True,True,0.38369439,379,404,36.027377,21.515973,1042.911712,True,OK
1777554145.827244,True,True,0.38345813,383,405,49.249932,21.534329,1044.492751,True,OK
1777554145.859223,True,True,0.38342089,386,405,35.968951,21.543840,1045.643013,True,OK
1777554145.875101,True,True,0.38342089,386,405,0.000000,21.536794,1045.643013,True,OK
1777554145.906667,True,True,0.38335478,391,405,60.722919,21.562254,1047.559787,True,OK
1777554145.956000,True,True,0.38365832,393,405,15.553716,21.556159,1048.327104,True,OK
1777554145.974794,True,True,0.38247668,398,405,101.757255,21.587140,1050.239487,True,OK
1777554146.017505,True,True,0.38296261,402,405,35.865262,21.599664,1051.771338,True,OK
1777554146.049194,True,True,0.38277855,406,405,48.317735,21.617040,1053.302452,True,OK
1777554146.080777,True,True,0.38261932,410,405,48.457689,21.634427,1054.832929,True,OK
1777554146.112361,True,True,0.38211089,413,405,36.294973,21.643918,1055.979262,True,OK
1777554146.144324,True,True,0.38195789,417,405,47.800554,21.661042,1057.507094,True,OK
1777554146.175762,True,True,0.38193052,422,405,60.743234,21.686193,1059.416746,True,OK
1777554146.207262,True,True,0.38212903,425,405,36.393399,21.695670,1060.563133,True,OK
1777554146.239542,True,True,0.38231953,428,405,35.531852,21.704801,1061.710092,True,OK
1777554146.270921,True,True,0.38198923,431,405,36.519951,21.714298,1062.856060,True,OK
1777554146.318580,True,True,0.38260138,434,406,25.386471,21.717870,1064.065951,True,OK
1777554146.366234,True,True,0.38186586,441,406,56.092650,21.751272,1066.739012,True,OK
1777554146.415502,True,True,0.38170896,444,407,24.500072,21.754031,1067.946082,True,OK
1777554146.447198,True,True,0.38217297,448,408,49.713644,21.772071,1069.521822,True,OK
1777554146.476566,True,True,0.38155296,450,408,25.984966,21.774588,1070.284928,True,OK
1777554146.504761,True,True,0.38134617,453,409,42.769490,21.786625,1071.490850,True,OK
1777554146.539957,True,True,0.38145115,456,409,32.514556,21.794297,1072.635203,True,OK
1777554146.572086,True,True,0.38086295,458,410,26.506712,21.797371,1073.486839,True,OK
1777554146.619322,True,True,0.38113904,462,411,33.268644,21.808363,1075.058315,True,OK
1777554146.650933,True,True,0.38044048,465,411,36.104693,21.817525,1076.199637,True,OK
1777554146.699185,True,True,0.38111044,467,412,17.661174,21.813463,1077.051826,True,OK
1777554146.728871,True,True,0.37997097,470,412,38.398732,21.823429,1078.191739,True,OK
1777554146.761200,True,True,0.38122613,471,413,16.676599,21.820063,1078.730874,True,OK
1777554146.808668,True,True,0.38002205,476,413,40.029333,21.837530,1080.630984,True,OK
1777554146.847594,True,True,0.38021628,478,414,21.841236,21.837533,1081.481174,True,OK
1777554146.887927,True,True,0.38008323,480,414,18.847243,21.835099,1082.241340,True,OK
1777554146.919593,True,True,0.38048821,481,415,16.992958,21.832008,1082.779432,True,OK
1777554146.951536,True,True,0.38000200,482,414,16.823547,21.828784,1083.316836,True,OK
1777554146.977977,True,True,0.37947218,485,414,43.055979,21.840087,1084.455252,True,OK
1777554147.003052,True,True,0.37985901,486,414,15.148650,21.836710,1084.835111,True,OK
1777554147.031120,True,True,0.37999181,487,414,13.538341,21.832024,1085.215103,True,OK
1777554147.062898,True,True,0.37920581,490,414,35.798253,21.840947,1086.352720,True,OK
1777554147.078028,True,True,0.37920581,490,414,0.000000,21.834306,1086.352720,True,OK
1777554147.115745,True,True,0.37975827,490,414,0.000000,21.817766,1086.352720,True,OK
1777554147.141489,True,True,0.37951284,492,415,32.964017,21.823526,1087.201337,True,OK
1777554147.173428,True,True,0.37985385,492,416,11.893093,21.817164,1087.581191,True,OK
1777554147.201771,True,True,0.37992805,494,416,26.808663,21.820000,1088.341047,True,OK
1777554147.236765,True,True,0.37958624,495,416,10.847290,21.812307,1088.720633,True,OK
1777554147.268287,True,True,0.37985564,495,417,12.050662,21.806147,1089.100489,True,OK
1777554147.299782,True,True,0.37957690,496,417,12.052029,21.800000,1089.480066,True,OK
1777554147.324770,True,True,0.38025641,497,417,15.217455,21.796710,1089.860322,True,OK
1777554147.360978,True,True,0.38025641,497,417,0.000000,21.780937,1089.860322,True,OK
1777554147.391637,True,True,0.37946710,497,418,12.376749,21.775179,1090.239789,True,OK
1777554147.422746,True,True,0.37946710,497,418,0.000000,21.761658,1090.239789,True,OK
1777554147.441792,True,True,0.37992696,497,418,0.000000,21.753388,1090.239789,True,OK
1777554147.473422,True,True,0.38020509,497,418,0.000000,21.739668,1090.239789,True,OK
1777554147.505380,True,True,0.37984229,497,419,11.885722,21.733392,1090.619631,True,OK
1777554147.536919,True,True,0.38040359,497,419,0.000000,21.719741,1090.619631,True,OK
1777554147.568244,True,True,0.37978245,495,418,27.109868,21.723102,1091.468851,True,OK
1777554147.583910,True,True,0.38046417,495,418,0.000000,21.716331,1091.468851,True,OK
1777554147.622814,True,True,0.38046417,495,418,0.000000,21.699534,1091.468851,True,OK
1777554147.647479,True,True,0.38055670,494,418,15.428795,21.696461,1091.849407,True,OK
1777554147.679430,True,True,0.38060288,493,419,16.846126,21.693383,1092.387661,True,OK
1777554147.711038,True,True,0.38028383,491,419,24.063151,21.694870,1093.148229,True,OK
1777554147.745412,True,True,0.38009084,490,419,11.057434,21.687618,1093.528320,True,OK
1777554147.774519,True,True,0.38049777,488,419,26.144462,21.690189,1094.289315,True,OK
1777554147.806092,True,True,0.38045661,485,420,38.106148,21.700456,1095.492425,True,OK
1777554147.837812,True,True,0.38122422,484,420,12.018447,21.694376,1095.873649,True,OK
1777554147.869706,True,True,0.38055855,481,420,35.795973,21.703274,1097.015325,True,OK
1777554147.885767,True,True,0.38055032,478,420,71.081885,21.718959,1098.156976,True,OK
1777554147.922814,True,True,0.38055032,478,420,0.000000,21.703057,1098.156976,True,OK
1777554147.949246,True,True,0.38118565,476,421,32.247118,21.708562,1099.009333,True,OK
1777554147.980954,True,True,0.38026393,473,421,35.978040,21.717494,1100.150124,True,OK
1777554148.012704,True,True,0.38160068,470,421,36.057340,21.726476,1101.294926,True,OK
1777554148.044373,True,True,0.38119856,466,420,49.629075,21.743898,1102.866648,True,OK
1777554148.076137,True,True,0.38118556,463,420,36.001353,21.752821,1104.010205,True,OK
1777554148.107880,True,True,0.38123028,460,420,36.029646,21.761745,1105.153896,True,OK
1777554148.139801,True,True,0.38126698,456,421,49.247211,21.779010,1106.725900,True,OK
1777554148.171211,True,True,0.38146755,452,422,50.073485,21.796489,1108.298731,True,OK
1777554148.218924,True,True,0.38181213,449,422,24.007018,21.798561,1109.444167,True,OK
1777554148.266808,True,True,0.38187304,442,424,58.059187,21.832644,1112.224245,True,OK
1777554148.314202,True,True,0.38168844,438,424,32.214047,21.842293,1113.750999,True,OK
1777554148.345454,True,True,0.38160444,436,424,24.420821,21.843873,1114.514208,True,OK
1777554148.377422,True,True,0.38169540,432,424,47.759866,21.860100,1116.040989,True,OK
1777554148.408891,True,True,0.38196735,429,424,36.413280,21.869065,1117.186891,True,OK
1777554148.434438,True,True,0.38213919,425,424,59.832498,21.888041,1118.715448,True,OK
1777554148.465482,True,True,0.38195823,422,425,38.909124,21.898373,1119.923306,True,OK
1777554148.504567,True,True,0.38261214,421,425,9.789016,21.889125,1120.305918,True,OK
1777554148.536460,True,True,0.38210843,417,425,47.924851,21.905338,1121.834352,True,OK
1777554148.568295,True,True,0.38265041,416,425,12.019593,21.899197,1122.217002,True,OK
1777554148.599980,True,True,0.38150672,413,425,36.122243,21.907986,1123.361522,True,OK
1777554148.647372,True,True,0.38227579,410,425,24.198810,21.910101,1124.508350,True,OK
1777554148.678805,True,True,0.38274498,407,426,38.505451,21.920259,1125.718696,True,OK
1777554148.710633,True,True,0.38224442,405,426,24.019076,21.921559,1126.483185,True,OK
1777554148.742674,True,True,0.38215097,403,426,23.853819,21.922763,1127.247486,True,OK
1777554148.789708,True,True,0.38258677,401,427,18.188748,21.919350,1128.102976,True,OK
1777554148.822851,True,True,0.38289271,399,427,23.105963,21.920114,1128.868762,True,OK
1777554148.868948,True,True,0.38233753,393,428,50.451056,21.945629,1131.194430,True,OK
1777554148.900933,True,True,0.38290144,391,428,23.943065,21.946868,1131.960233,True,OK
1777554148.932503,True,True,0.38309418,390,428,12.134495,21.940865,1132.343327,True,OK
1777554148.951507,True,True,0.38266484,388,428,40.273321,21.947613,1133.108657,True,OK
1777554148.988730,True,True,0.38266484,388,428,0.000000,21.931801,1133.108657,True,OK
1777554149.015239,True,True,0.38325938,388,428,0.000000,21.920553,1133.108657,True,OK
1777554149.042684,True,True,0.38362797,386,428,27.956292,21.923756,1133.875913,True,OK
1777554149.058759,True,True,0.38358765,383,429,75.459938,21.940391,1135.088924,True,OK
1777554149.094072,True,True,0.38311239,382,429,10.849080,21.932825,1135.472036,True,OK
1777554149.125093,True,True,0.38382161,382,428,12.372723,21.927100,1135.855858,True,OK
1777554149.158892,True,True,0.38382161,382,428,0.000000,21.912803,1135.855858,True,OK
1777554149.185900,True,True,0.38426370,382,428,0.000000,21.901391,1135.855858,True,OK
1777554149.203895,True,True,0.38359744,381,428,21.317031,21.901189,1136.239455,True,OK
1777554149.233495,True,True,0.38395407,381,428,0.000000,21.888700,1136.239455,True,OK
1777554149.268859,True,True,0.38353558,381,427,10.845248,21.881182,1136.622991,True,OK
1777554149.298565,True,True,0.38381080,381,427,0.000000,21.868676,1136.622991,True,OK
1777554149.328643,True,True,0.38450311,380,427,12.783764,21.863422,1137.007494,True,OK
1777554149.360554,True,True,0.38472658,381,427,12.056276,21.857407,1137.392220,True,OK
1777554149.395817,True,True,0.38526271,383,427,21.850633,21.857403,1138.162746,True,OK
1777554149.424212,True,True,0.38505393,382,426,19.177339,21.855942,1138.707294,True,OK
1777554149.457780,True,True,0.38542350,384,426,22.963810,21.856655,1139.478141,True,OK
1777554149.489539,True,True,0.38542350,384,426,0.000000,21.843349,1139.478141,True,OK
1777554149.519450,True,True,0.38488766,384,426,0.000000,21.830832,1139.478141,True,OK
1777554149.566874,True,True,0.38506600,386,426,16.239098,21.825756,1140.248273,True,OK
1777554149.598665,True,True,0.38511210,387,425,17.131874,21.822901,1140.792904,True,OK
1777554149.630069,True,True,0.38546783,389,425,24.548390,21.824538,1141.563840,True,OK
1777554149.677406,True,True,0.38641482,390,425,8.163216,21.812186,1141.950254,True,OK
1777554149.724855,True,True,0.38611632,393,424,25.732850,21.815736,1143.171262,True,OK
1777554149.772553,True,True,0.38598220,394,424,8.092206,21.803255,1143.557244,True,OK
1777554149.804696,True,True,0.38641293,396,424,24.043634,21.804628,1144.330070,True,OK
1777554149.851845,True,True,0.38658476,399,424,24.597673,21.807135,1145.489824,True,OK
1777554149.883510,True,True,0.38641811,400,423,17.257923,21.804394,1146.036302,True,OK
1777554149.915276,True,True,0.38642315,402,423,24.329403,21.805919,1146.809148,True,OK
1777554149.944103,True,True,0.38616998,404,422,29.954439,21.810383,1147.672650,True,OK
1777554149.980635,True,True,0.38694229,405,422,10.591894,21.802600,1148.059592,True,OK
1777554150.011498,True,True,0.38631539,408,421,39.582193,21.813015,1149.281229,True,OK
1777554150.043125,True,True,0.38727800,409,421,12.245286,21.807275,1149.668507,True,OK
1777554150.074882,True,True,0.38680188,411,421,24.359830,21.808812,1150.442111,True,OK
1777554150.106949,True,True,0.38696549,413,419,34.132474,21.816298,1151.536614,True,OK
1777554150.138734,True,True,0.38729110,415,419,24.369234,21.817835,1152.311197,True,OK
1777554150.170714,True,True,0.38690934,416,419,12.098374,21.811953,1152.698106,True,OK
1777554150.186631,True,True,0.38673023,417,418,34.360557,21.815732,1153.245025,True,OK
1777554150.226062,True,True,0.38690235,419,418,19.624344,21.814098,1154.018830,True,OK
1777554150.265935,True,True,0.38700134,420,418,9.705761,21.804979,1154.405831,True,OK
1777554150.313612,True,True,0.38689037,422,417,18.145641,21.801686,1155.270944,True,OK
1777554150.345624,True,True,0.38696903,424,416,27.029756,21.804843,1156.136233,True,OK
1777554150.393342,True,True,0.38684144,425,415,11.464655,21.795545,1156.683310,True,OK
1777554150.425351,True,True,0.38684144,425,415,0.000000,21.782408,1156.683310,True,OK
1777554150.441057,True,True,0.38742603,426,414,34.883231,21.786282,1157.231213,True,OK
1777554150.488287,True,True,0.38760919,427,414,8.206966,21.774218,1157.618822,True,OK
1777554150.519825,True,True,0.38742705,428,413,17.372834,21.771609,1158.166727,True,OK
1777554150.567372,True,True,0.38804077,430,412,18.248785,21.768463,1159.034412,True,OK
1777554150.599095,True,True,0.38753013,430,411,12.216329,21.762775,1159.421942,True,OK
1777554150.646544,True,True,0.38744383,432,411,16.331002,21.757942,1160.196830,True,OK
1777554150.678187,True,True,0.38703187,432,411,0.000000,21.745038,1160.196830,True,OK
1777554150.725316,True,True,0.38766279,432,410,8.225624,21.733106,1160.584493,True,OK
1777554150.757079,True,True,0.38800482,434,409,27.314282,21.736424,1161.452098,True,OK
1777554150.804581,True,True,0.38834839,434,407,16.351055,21.731641,1162.228795,True,OK
1777554150.852044,True,True,0.38828865,435,408,11.569512,21.722630,1162.777918,True,OK
1777554150.868095,True,True,0.38819900,434,407,34.203131,21.726372,1163.326914,True,OK
1777554150.909913,True,True,0.38791019,435,407,9.276175,21.716656,1163.714824,True,OK
1777554150.947747,True,True,0.38863138,437,406,22.968675,21.717539,1164.583831,True,OK
1777554150.979743,True,True,0.38824440,436,406,12.134150,21.711824,1164.972075,True,OK
1777554151.011525,True,True,0.38893587,437,407,17.306778,21.709217,1165.522113,True,OK
1777554151.027696,True,True,0.38869199,436,406,33.991590,21.712915,1166.071807,True,OK
1777554151.074831,True,True,0.38874606,436,406,0.000000,21.693875,1166.071807,True,OK
1777554151.106446,True,True,0.38880413,436,406,0.000000,21.681123,1166.071807,True,OK
1777554151.153220,True,True,0.38856249,435,405,11.748163,21.672492,1166.621317,True,OK
1777554151.184949,True,True,0.38938117,436,405,12.272097,21.666954,1167.010698,True,OK
1777554151.201887,True,True,0.38890863,436,405,0.000000,21.660142,1167.010698,True,OK
1777554151.244206,True,True,0.38911106,436,405,0.000000,21.643142,1167.010698,True,OK
1777554151.265049,True,True,0.38985936,436,405,0.000000,21.634779,1167.010698,True,OK
1777554151.296617,True,True,0.38942912,435,405,12.336552,21.629341,1167.400127,True,OK
1777554151.328481,True,True,0.38958897,435,404,12.226463,21.623793,1167.789716,True,OK
1777554151.360243,True,True,0.39028082,434,405,17.377446,21.621297,1168.341657,True,OK
1777554151.392337,True,True,0.39064318,433,406,17.213715,21.618681,1168.894110,True,OK
1777554151.408527,True,True,0.39064318,433,406,0.000000,21.612209,1168.894110,True,OK
1777554151.456097,True,True,0.39033610,433,406,0.000000,21.593217,1168.894110,True,OK
1777554151.487888,True,True,0.39048295,434,405,17.370668,21.590739,1169.446336,True,OK
1777554151.519499,True,True,0.39055328,433,405,12.355087,21.585352,1169.836889,True,OK
1777554151.535463,True,True,0.39026917,433,405,0.000000,21.578995,1169.836889,True,OK
1777554151.567472,True,True,0.39033589,433,406,12.194519,21.573458,1170.227225,True,OK
1777554151.598853,True,True,0.39043454,433,406,0.000000,21.560984,1170.227225,True,OK
1777554151.630711,True,True,0.39081952,432,406,12.267743,21.555533,1170.618045,True,OK
1777554151.662383,True,True,0.39084008,432,406,0.000000,21.542969,1170.618045,True,OK
1777554151.694088,True,True,0.39109033,432,405,12.335419,21.537600,1171.009135,True,OK
1777554151.727550,True,True,0.39069711,431,405,11.675745,21.531534,1171.399832,True,OK
1777554151.757306,True,True,0.39099605,430,405,13.140254,21.526947,1171.790828,True,OK
1777554151.804725,True,True,0.39159533,428,405,16.516364,21.522586,1172.574019,True,OK
1777554151.852865,True,True,0.39171337,426,405,16.273747,21.517952,1173.357446,True,OK
1777554151.884741,True,True,0.39171337,426,405,0.000000,21.505381,1173.357446,True,OK
1777554151.916587,True,True,0.39197785,424,405,24.616865,21.507196,1174.141401,True,OK
1777554151.964323,True,True,0.39248238,420,405,32.888124,21.517138,1175.711331,True,OK
1777554151.995990,True,True,0.39268510,418,406,27.728466,21.520736,1176.589401,True,OK
1777554152.028061,True,True,0.39278587,415,406,36.741204,21.529659,1177.767759,True,OK
1777554152.077479,True,True,0.39306295,413,407,17.785341,21.526280,1178.646674,True,OK
1777554152.122806,True,True,0.39316384,411,407,17.347998,21.522824,1179.433002,True,OK
1777554152.154241,True,True,0.39342958,408,408,39.578557,21.533175,1180.677136,True,OK
1777554152.185941,True,True,0.39285099,407,408,12.392816,21.527894,1181.069987,True,OK
1777554152.233199,True,True,0.39360028,401,408,49.972380,21.552375,1183.431588,True,OK
1777554152.266907,True,True,0.39354721,400,409,16.511044,21.549282,1183.988148,True,OK
1777554152.312371,True,True,0.39358211,398,409,17.313815,21.545780,1184.775312,True,OK
1777554152.360465,True,True,0.39447231,394,409,32.808745,21.555622,1186.353202,True,OK
1777554152.392002,True,True,0.39395684,392,410,27.932673,21.559274,1187.234116,True,OK
1777554152.439810,True,True,0.39416393,390,410,16.489396,21.554877,1188.022444,True,OK
1777554152.471184,True,True,0.39398920,388,410,25.115477,21.556902,1188.810422,True,OK
1777554152.518512,True,True,0.39445866,387,410,8.334574,21.545564,1189.204881,True,OK
1777554152.550486,True,True,0.39501478,385,410,24.709176,21.547396,1189.994910,True,OK
1777554152.566473,True,True,0.39484542,383,411,55.225651,21.557142,1190.877812,True,OK
1777554152.614252,True,True,0.39504324,381,411,16.536324,21.552804,1191.667898,True,OK
1777554152.662195,True,True,0.39482006,379,410,18.414234,21.550085,1192.550743,True,OK
1777554152.709113,True,True,0.39495081,379,410,0.000000,21.531829,1192.550743,True,OK
1777554152.756453,True,True,0.39552869,378,409,11.815805,21.523532,1193.110105,True,OK
1777554152.788321,True,True,0.39551074,377,410,17.551813,21.521250,1193.669441,True,OK
1777554152.835826,True,True,0.39578566,378,408,18.629453,21.518775,1194.554445,True,OK
1777554152.867309,True,True,0.39535129,378,409,12.557638,21.513696,1194.949796,True,OK
1777554152.900855,True,True,0.39622824,377,408,16.704102,21.510793,1195.510148,True,OK
1777554152.930555,True,True,0.39679688,377,408,0.000000,21.499304,1195.510148,True,OK
1777554152.946429,True,True,0.39672044,377,408,0.000000,21.493168,1195.510148,True,OK
1777554152.994169,True,True,0.39573425,378,408,8.289491,21.481845,1195.905882,True,OK
1777554153.009962,True,True,0.39576609,378,407,25.059076,21.482860,1196.301648,True,OK
1777554153.057926,True,True,0.39618616,378,408,8.260016,21.471480,1196.697834,True,OK
1777554153.089899,True,True,0.39618616,378,408,0.000000,21.459170,1196.697834,True,OK
1777554153.121986,True,True,0.39519005,379,408,12.316445,21.453913,1197.093024,True,OK
1777554153.144689,True,True,0.39661933,378,407,24.705736,21.455235,1197.653929,True,OK
1777554153.169789,True,True,0.39707447,379,407,15.820005,21.452702,1198.051003,True,OK
1777554153.201386,True,True,0.39679536,380,407,12.557858,21.447673,1198.447798,True,OK
1777554153.233018,True,True,0.39641988,380,407,0.000000,21.435538,1198.447798,True,OK
1777554153.264552,True,True,0.39694239,380,407,0.000000,21.423455,1198.447798,True,OK
1777554153.296118,True,True,0.39694570,381,407,12.575046,21.418465,1198.844744,True,OK
1777554153.343643,True,True,0.39691589,382,407,8.351741,21.407380,1199.241660,True,OK
1777554153.374838,True,True,0.39733184,383,407,12.736775,21.402554,1199.638992,True,OK
1777554153.407553,True,True,0.39755947,384,406,17.186024,21.400094,1200.201226,True,OK
1777554153.454443,True,True,0.39727927,385,406,8.472576,21.389295,1200.598505,True,OK
1777554153.486226,True,True,0.39706521,386,406,12.492965,21.384261,1200.995570,True,OK
1777554153.517918,True,True,0.39712105,388,406,25.061258,21.386334,1201.789812,True,OK
1777554153.533821,True,True,0.39735817,390,405,55.871225,21.396091,1202.678332,True,OK
1777554153.577113,True,True,0.39822866,392,405,18.397313,21.393783,1203.474790,True,OK
1777554153.596725,True,True,0.39724935,393,404,28.645037,21.396310,1204.036585,True,OK
1777554153.644612,True,True,0.39833003,394,404,8.318234,21.385191,1204.434915,True,OK
1777554153.676602,True,True,0.39795349,396,404,24.879643,21.387174,1205.230822,True,OK
1777554153.708257,True,True,0.39757256,397,404,12.559616,21.382218,1205.628395,True,OK
1777554153.755537,True,True,0.39787491,398,404,8.415362,21.371355,1206.026269,True,OK
1777554153.802696,True,True,0.39740035,402,404,33.707307,21.381655,1207.615871,True,OK
1777554153.849784,True,True,0.39724121,403,403,11.930474,21.373782,1208.177655,True,OK
1777554153.881264,True,True,0.39765224,404,378,316.046927,21.537799,1218.126911,True,OK
1777554153.929806,True,True,0.39727134,406,404,213.416546,21.702341,1228.486480,True,OK
1777554153.961185,True,True,0.39740198,408,404,25.328411,21.704350,1229.281284,True,OK
1777554154.009004,True,True,0.39727012,409,403,11.749011,21.695951,1229.843109,True,OK
1777554154.040563,True,True,0.39711417,410,403,12.583329,21.690881,1230.240223,True,OK
1777554154.061099,True,True,0.39744570,412,403,38.706869,21.697040,1231.035114,True,OK
1777554154.094366,True,True,0.39781221,412,402,11.958155,21.691333,1231.432926,True,OK
1777554154.130134,True,True,0.39692919,414,402,22.194782,21.691650,1232.226785,True,OK
1777554154.151778,True,True,0.39777855,414,402,0.000000,21.683388,1232.226785,True,OK
1777554154.183212,True,True,0.39777855,414,402,0.000000,21.671401,1232.226785,True,OK
1777554154.215140,True,True,0.39807677,415,402,12.468114,21.666236,1232.624861,True,OK
1777554154.263314,True,True,0.39762547,415,402,0.000000,21.647905,1232.624861,True,OK
1777554154.295319,True,True,0.39755878,415,402,0.000000,21.635744,1232.624861,True,OK
1777554154.330365,True,True,0.39721321,415,402,0.000000,21.622443,1232.624861,True,OK
1777554154.358980,True,True,0.39765993,415,402,0.000000,21.611595,1232.624861,True,OK
1777554154.390813,True,True,0.39729309,414,403,17.650321,21.609385,1233.186719,True,OK
1777554154.422171,True,True,0.39729309,414,403,0.000000,21.597517,1233.186719,True,OK
1777554154.453643,True,True,0.39761075,414,403,0.000000,21.585620,1233.186719,True,OK
1777554154.484717,True,True,0.39741450,414,401,25.579137,21.587791,1233.981548,True,OK
1777554154.516084,True,True,0.39721526,414,401,0.000000,21.575951,1233.981548,True,OK
1777554154.547703,True,True,0.39743269,413,401,12.569492,21.570974,1234.378980,True,OK
1777554154.579679,True,True,0.39801828,413,400,12.447320,21.565879,1234.776999,True,OK
1777554154.595515,True,True,0.39766376,411,400,50.224264,21.573803,1235.572326,True,OK
1777554154.630670,True,True,0.39716227,410,400,11.297366,21.567499,1235.969489,True,OK
1777554154.662880,True,True,0.39719122,409,400,12.331259,21.562310,1236.366680,True,OK
1777554154.706470,True,True,0.39727250,407,400,18.227860,21.559777,1237.161225,True,OK
1777554154.730692,True,True,0.39739829,406,400,16.406249,21.557603,1237.558623,True,OK
1777554154.770240,True,True,0.39720639,402,399,41.411126,21.571270,1239.196347,True,OK
1777554154.801707,True,True,0.39720639,402,399,0.000000,21.559461,1239.196347,True,OK
1777554154.833468,True,True,0.39838657,402,375,301.034438,21.713809,1248.757625,True,OK
1777554154.865019,True,True,0.39813151,399,399,305.210531,21.869252,1258.387141,True,OK
1777554154.896828,True,True,0.39751769,397,399,24.993592,21.870979,1259.182176,True,OK
1777554154.928363,True,True,0.39767079,394,400,39.877883,21.880836,1260.439722,True,OK
1777554154.959780,True,True,0.39805104,391,400,38.010770,21.889628,1261.633875,True,OK
1777554154.990856,True,True,0.39796993,387,401,52.800769,21.906286,1263.274747,True,OK
1777554155.022654,True,True,0.39796993,387,401,0.000000,21.894214,1263.274747,True,OK
1777554155.054285,True,True,0.39767249,385,401,25.144483,21.895994,1264.070092,True,OK
1777554155.086266,True,True,0.39819341,382,401,37.353378,21.904553,1265.264672,True,OK
1777554155.111886,True,True,0.39791540,379,401,46.594772,21.915499,1266.458419,True,OK
1777554155.148775,True,True,0.39882781,376,401,32.434417,21.922209,1267.654902,True,OK
1777554155.196223,True,True,0.39857952,372,402,34.635738,21.932633,1269.298287,True,OK
1777554155.243603,True,True,0.39878445,369,402,25.249811,21.935346,1270.494641,True,OK
1777554155.275200,True,True,0.39891007,367,402,25.250141,21.937153,1271.292461,True,OK
1777554155.307167,True,True,0.39888815,365,402,24.956304,21.938818,1272.090237,True,OK
1777554155.339015,True,True,0.39903193,363,401,28.016322,21.942154,1272.982500,True,OK
1777554155.370705,True,True,0.39761314,360,401,37.640735,21.950725,1274.175339,True,OK
1777554155.393097,True,True,0.39802577,358,401,35.550278,21.955969,1274.971391,True,OK
1777554155.431412,True,True,0.39814396,356,401,20.782766,21.955195,1275.767679,True,OK
1777554155.451767,True,True,0.39791147,354,401,39.096283,21.961198,1276.563502,True,OK
1777554155.497170,True,True,0.39860501,352,401,17.558623,21.957762,1277.360712,True,OK
1777554155.545188,True,True,0.39833138,351,401,8.295504,21.946494,1277.759043,True,OK
1777554155.576145,True,True,0.39814982,349,401,25.722383,21.948500,1278.555343,True,OK
1777554155.608067,True,True,0.39779166,349,401,0.000000,21.936480,1278.555343,True,OK
1777554155.639751,True,True,0.39904775,347,401,25.189101,21.938247,1279.353438,True,OK
1777554155.671772,True,True,0.39815077,347,402,12.433756,21.933031,1279.751589,True,OK
1777554155.703649,True,True,0.39848726,347,402,0.000000,21.921055,1279.751589,True,OK
1777554155.751470,True,True,0.39885277,347,401,8.340528,21.909940,1280.150442,True,OK
1777554155.783514,True,True,0.39754963,346,401,12.406208,21.904731,1280.547991,True,OK
1777554155.815167,True,True,0.39754963,346,401,0.000000,21.892877,1280.547991,True,OK
1777554155.862784,True,True,0.39836798,346,401,0.000000,21.875069,1280.547991,True,OK
1777554155.894398,True,True,0.39776193,347,401,12.581898,21.870053,1280.945753,True,OK
1777554155.926300,True,True,0.39801503,347,401,0.000000,21.858147,1280.945753,True,OK
1777554155.957761,True,True,0.39906895,347,401,0.000000,21.846419,1280.945753,True,OK
1777554155.989498,True,True,0.39906895,347,401,0.000000,21.834600,1280.945753,True,OK
1777554156.005633,True,True,0.39884119,346,401,24.718677,21.835393,1281.344594,True,OK
1777554156.041072,True,True,0.39946995,345,401,11.272115,21.829018,1281.744064,True,OK
1777554156.085033,True,True,0.39920760,347,401,18.161681,21.826274,1282.542480,True,OK
1777554156.117030,True,True,0.39904872,348,401,12.471455,21.821183,1282.941528,True,OK
1777554156.148684,True,True,0.39910121,348,401,0.000000,21.809441,1282.941528,True,OK
1777554156.180441,True,True,0.39937009,348,401,0.000000,21.797674,1282.941528,True,OK
1777554156.211798,True,True,0.39952245,349,401,12.740976,21.792851,1283.341051,True,OK
1777554156.243248,True,True,0.39836954,349,401,0.000000,21.781219,1283.341051,True,OK
1777554156.259358,True,True,0.39884624,349,400,24.756303,21.782032,1283.739897,True,OK
1777554156.306513,True,True,0.39950078,349,401,8.472223,21.771391,1284.139398,True,OK
1777554156.337571,True,True,0.39952075,349,400,12.863372,21.766703,1284.538918,True,OK
1777554156.385284,True,True,0.39958764,350,401,11.843829,21.758687,1285.104021,True,OK
1777554156.417229,True,True,0.39958764,350,401,0.000000,21.746925,1285.104021,True,OK
1777554156.449026,True,True,0.39984005,350,401,0.000000,21.735229,1285.104021,True,OK
1777554156.496968,True,True,0.39909476,349,401,8.324464,21.724364,1285.503115,True,OK
1777554156.544300,True,True,0.39943456,349,400,8.439072,21.713746,1285.902550,True,OK
1777554156.575917,True,True,0.39919104,349,400,0.000000,21.702159,1285.902550,True,OK
1777554156.623511,True,True,0.39883063,349,400,0.000000,21.684741,1285.902550,True,OK
1777554156.654911,True,True,0.39832806,350,400,12.685428,21.679978,1286.300878,True,OK
1777554156.702144,True,True,0.39883040,350,401,8.443917,21.669450,1286.699709,True,OK
1777554156.734170,True,True,0.39797895,350,401,0.000000,21.657769,1286.699709,True,OK
1777554156.765971,True,True,0.39848599,349,401,12.530524,21.652886,1287.098194,True,OK
1777554156.813334,True,True,0.39825860,350,401,8.408594,21.642341,1287.496453,True,OK
1777554156.845399,True,True,0.39857746,351,401,12.430330,21.637378,1287.895031,True,OK
1777554156.892952,True,True,0.39861223,351,401,0.000000,21.620106,1287.895031,True,OK
1777554156.925137,True,True,0.39825195,351,401,0.000000,21.608431,1287.895031,True,OK
1777554156.973078,True,True,0.39798646,351,401,0.000000,21.591064,1287.895031,True,OK
1777554157.004962,True,True,0.39759453,351,401,0.000000,21.579529,1287.895031,True,OK
1777554157.036783,True,True,0.39821341,350,401,12.514540,21.574698,1288.293244,True,OK
1777554157.068502,True,True,0.39750247,350,401,0.000000,21.563244,1288.293244,True,OK
1777554157.100622,True,True,0.39749073,351,402,17.501021,21.561061,1288.855381,True,OK
1777554157.133180,True,True,0.39731177,351,401,12.203124,21.555967,1289.252693,True,OK
1777554157.164322,True,True,0.39772545,351,402,12.771354,21.551396,1289.650418,True,OK
1777554157.195867,True,True,0.39735559,351,402,0.000000,21.540041,1289.650418,True,OK
1777554157.227555,True,True,0.39785964,351,402,0.000000,21.528647,1289.650418,True,OK
1777554157.275189,True,True,0.39644465,351,401,8.322828,21.518154,1290.046863,True,OK
1777554157.323134,True,True,0.39633132,350,403,18.483982,21.515730,1290.933086,True,OK
1777554157.354933,True,True,0.39633132,350,403,0.000000,21.504333,1290.933086,True,OK
1777554157.402576,True,True,0.39648323,351,403,8.321846,21.493879,1291.329570,True,OK
1777554157.434357,True,True,0.39638851,350,403,12.472797,21.489109,1291.725958,True,OK
1777554157.482105,True,True,0.39681063,349,403,8.310420,21.478649,1292.122769,True,OK
1777554157.529874,True,True,0.39651280,350,403,8.300659,21.468194,1292.519282,True,OK
1777554157.562485,True,True,0.39657316,350,403,0.000000,21.456572,1292.519282,True,OK
1777554157.609785,True,True,0.39627143,350,403,0.000000,21.439737,1292.519282,True,OK
1777554157.641696,True,True,0.39553225,350,403,0.000000,21.428394,1292.519282,True,OK
1777554157.673728,True,True,0.39622895,350,402,12.369596,21.423586,1292.915511,True,OK
1777554157.721152,True,True,0.39597098,350,402,0.000000,21.406765,1292.915511,True,OK
1777554157.768821,True,True,0.39642884,350,402,0.000000,21.389882,1292.915511,True,OK
1777554157.815420,True,True,0.39649256,350,402,0.000000,21.373405,1292.915511,True,OK
1777554157.851425,True,True,0.39683702,349,402,11.021713,21.367247,1293.312348,True,OK
1777554157.878980,True,True,0.39659163,349,402,0.000000,21.357524,1293.312348,True,OK
1777554157.910447,True,True,0.39575589,349,402,0.000000,21.346432,1293.312348,True,OK
1777554157.942480,True,True,0.39594731,349,402,0.000000,21.335152,1293.312348,True,OK
1777554157.974653,True,True,0.39617441,349,402,0.000000,21.323834,1293.312348,True,OK
1777554158.006397,True,True,0.39684593,349,402,0.000000,21.312680,1293.312348,True,OK
1777554158.037827,True,True,0.39695923,348,402,12.629944,21.308185,1293.709307,True,OK
1777554158.069677,True,True,0.39630934,348,403,12.443048,21.303537,1294.105616,True,OK
1777554158.102098,True,True,0.39712485,348,403,0.000000,21.292173,1294.105616,True,OK
1777554158.133489,True,True,0.39713786,348,403,0.000000,21.281181,1294.105616,True,OK
1777554158.165360,True,True,0.39698750,349,403,12.455855,21.276558,1294.502604,True,OK
1777554158.213320,True,True,0.39574972,348,404,11.669660,21.268991,1295.062278,True,OK
1777554158.261055,True,True,0.39731619,348,404,0.000000,21.252330,1295.062278,True,OK
1777554158.292606,True,True,0.39772991,348,404,0.000000,21.241332,1295.062278,True,OK
1777554158.340133,True,True,0.39804721,347,404,8.375252,21.231311,1295.460325,True,OK
1777554158.387991,True,True,0.39772267,347,404,0.000000,21.214671,1295.460325,True,OK
1777554158.435956,True,True,0.39700801,347,405,8.277109,21.204517,1295.857333,True,OK
1777554158.468109,True,True,0.39719479,347,404,12.352948,21.199862,1296.254528,True,OK
1777554158.516256,True,True,0.39757213,347,404,0.000000,21.183182,1296.254528,True,OK
1777554158.564427,True,True,0.39772899,346,405,11.676710,21.175705,1296.817002,True,OK
1777554158.596278,True,True,0.39783788,347,405,12.490572,21.171190,1297.214840,True,OK
1777554158.646272,True,True,0.39843410,346,405,7.969602,21.160427,1297.613274,True,OK
1777554158.675521,True,True,0.39845492,347,404,19.265816,21.159524,1298.176774,True,OK
1777554158.722884,True,True,0.39826546,346,404,8.408696,21.149688,1298.575040,True,OK
1777554158.770384,True,True,0.39925412,346,404,0.000000,21.133339,1298.575040,True,OK
1777554158.802007,True,True,0.39947938,346,404,0.000000,21.122468,1298.575040,True,OK
1777554158.849542,True,True,0.39989208,346,404,0.000000,21.106149,1298.575040,True,OK
1777554158.881222,True,True,0.39989208,346,404,0.000000,21.095287,1298.575040,True,OK
1777554158.906073,True,True,0.39953919,346,404,0.000000,21.086774,1298.575040,True,OK
1777554158.945065,True,True,0.40062225,345,404,10.274366,21.079932,1298.975662,True,OK
1777554158.961202,True,True,0.40112743,346,404,24.858166,21.080921,1299.376789,True,OK
1777554159.009242,True,True,0.40084529,345,405,11.800323,21.073694,1299.943670,True,OK
1777554159.040818,True,True,0.40101483,345,404,12.699734,21.069409,1300.344685,True,OK
1777554159.073013,True,True,0.40099905,345,404,0.000000,21.058424,1300.344685,True,OK
1777554159.121878,True,True,0.40096066,345,404,0.000000,21.041773,1300.344685,True,OK
1777554159.152258,True,True,0.40147318,346,404,13.215044,21.037927,1300.746158,True,OK
1777554159.200275,True,True,0.40064397,346,404,0.000000,21.021601,1300.746158,True,OK
1777554159.249331,True,True,0.40227990,345,404,8.200413,21.011445,1301.148438,True,OK
1777554159.295442,True,True,0.40200667,345,403,8.718353,21.002298,1301.550445,True,OK
1777554159.326841,True,True,0.40208785,345,403,0.000000,20.991662,1301.550445,True,OK
1777554159.374389,True,True,0.40139815,345,403,0.000000,20.975577,1301.550445,True,OK
1777554159.421588,True,True,0.40148819,345,403,0.000000,20.959634,1301.550445,True,OK
1777554159.468895,True,True,0.40228663,345,404,8.503742,20.950152,1301.952731,True,OK
1777554159.516199,True,True,0.40245809,345,404,0.000000,20.934217,1301.952731,True,OK
1777554159.563891,True,True,0.40192398,345,405,8.427440,20.924634,1302.354655,True,OK
1777554159.614322,True,True,0.40182380,344,405,7.967791,20.914144,1302.756479,True,OK
1777554159.674746,True,True,0.40221501,346,407,18.827745,20.912122,1303.894115,True,OK
1777554159.722729,True,True,0.40210729,346,407,0.000000,20.896041,1303.894115,True,OK
1777554159.758647,True,True,0.40209304,346,406,11.194528,20.890460,1304.296208,True,OK
1777554159.802066,True,True,0.40135324,346,407,9.243901,20.882366,1304.697561,True,OK
1777554159.849775,True,True,0.40215240,347,407,8.429153,20.872864,1305.099714,True,OK
1777554159.865911,True,True,0.40185845,346,407,24.905308,20.873904,1305.501572,True,OK
1777554159.913574,True,True,0.40168993,344,407,16.855260,20.870844,1306.304952,True,OK
1777554159.960826,True,True,0.40256664,345,407,8.519622,20.861527,1306.707519,True,OK
1777554159.991193,True,True,0.40247014,345,407,0.000000,20.851418,1306.707519,True,OK
1777554160.024044,True,True,0.40227707,346,407,12.245690,20.846909,1307.109796,True,OK
1777554160.070755,True,True,0.40216980,346,407,0.000000,20.831390,1307.109796,True,OK
1777554160.108332,True,True,0.40217082,346,407,0.000000,20.818922,1307.109796,True,OK
1777554160.149552,True,True,0.40216791,346,407,0.000000,20.805263,1307.109796,True,OK
1777554160.181097,True,True,0.40262973,346,407,0.000000,20.794822,1307.109796,True,OK
1777554160.228288,True,True,0.40205991,345,407,8.519860,20.785613,1307.511856,True,OK
1777554160.275713,True,True,0.40273595,346,407,8.492012,20.776352,1307.914592,True,OK
1777554160.306981,True,True,0.40267122,345,407,12.878208,20.772431,1308.317263,True,OK
1777554160.354537,True,True,0.40249654,345,407,0.000000,20.756758,1308.317263,True,OK
1777554160.404923,True,True,0.40241755,345,407,0.000000,20.740178,1308.317263,True,OK
1777554160.449094,True,True,0.40221478,346,407,9.105837,20.732038,1308.719478,True,OK
1777554160.496816,True,True,0.40221714,345,408,11.919564,20.725380,1309.288299,True,OK
1777554160.528495,True,True,0.40252239,346,408,12.706414,20.721361,1309.690821,True,OK
1777554160.575689,True,True,0.40257052,345,408,8.530120,20.712265,1310.093392,True,OK
1777554160.608539,True,True,0.40226693,346,408,12.245470,20.707870,1310.495658,True,OK
1777554160.653299,True,True,0.40208091,346,408,0.000000,20.693234,1310.495658,True,OK
1777554160.688378,True,True,0.40230505,346,408,0.000000,20.681778,1310.495658,True,OK
1777554160.748552,True,True,0.40257791,347,408,6.690231,20.668504,1310.898236,True,OK
1777554160.780107,True,True,0.40199143,346,408,12.739511,20.664561,1311.300228,True,OK
1777554160.828449,True,True,0.40250714,347,407,11.775027,20.657794,1311.869459,True,OK
1777554160.860086,True,True,0.40261599,347,407,0.000000,20.647508,1311.869459,True,OK
1777554160.891649,True,True,0.40281039,345,408,28.536469,20.651425,1312.770170,True,OK
1777554160.939641,True,True,0.40236469,346,408,8.384038,20.642171,1313.172535,True,OK
1777554160.955709,True,True,0.40230365,345,408,25.037225,20.643280,1313.574839,True,OK
1777554161.004872,True,True,0.40234201,347,408,16.367800,20.639980,1314.379523,True,OK
1777554161.051470,True,True,0.40174813,347,408,0.000000,20.624888,1314.379523,True,OK
1777554161.082945,True,True,0.40177670,347,408,0.000000,20.614706,1314.379523,True,OK
1777554161.130802,True,True,0.40209830,346,408,8.402113,20.605546,1314.781621,True,OK
1777554161.178191,True,True,0.40238847,347,408,8.491216,20.596556,1315.184009,True,OK
1777554161.226104,True,True,0.40257747,347,408,0.000000,20.581113,1315.184009,True,OK
1777554161.257888,True,True,0.40257747,347,408,0.000000,20.570881,1315.184009,True,OK
1777554161.305469,True,True,0.40266305,348,408,8.462651,20.561877,1315.586672,True,OK
1777554161.353249,True,True,0.40343088,348,408,0.000000,20.546533,1315.586672,True,OK
1777554161.402787,True,True,0.40382404,348,408,0.000000,20.530649,1315.586672,True,OK
1777554161.449072,True,True,0.40345428,348,408,0.000000,20.515830,1315.586672,True,OK
1777554161.497157,True,True,0.40323656,348,409,8.385875,20.506741,1315.989909,True,OK
1777554161.545009,True,True,0.40276799,348,409,0.000000,20.491462,1315.989909,True,OK
1777554161.592419,True,True,0.40333036,348,409,0.000000,20.476345,1315.989909,True,OK
1777554161.624336,True,True,0.40333036,348,409,0.000000,20.466181,1315.989909,True,OK
1777554161.656317,True,True,0.40332256,348,409,0.000000,20.456007,1315.989909,True,OK
1777554161.703908,True,True,0.40347432,348,409,0.000000,20.440886,1315.989909,True,OK
1777554161.751716,True,True,0.40288674,347,409,8.427279,20.431971,1316.392796,True,OK
1777554161.783353,True,True,0.40381945,348,408,18.051126,20.430803,1316.963883,True,OK
1777554161.815185,True,True,0.40381945,348,408,0.000000,20.420719,1316.963883,True,OK
1777554161.862585,True,True,0.40370537,347,408,8.517120,20.411976,1317.367588,True,OK
1777554161.894748,True,True,0.40484258,348,408,12.586879,20.408078,1317.772431,True,OK
1777554161.942358,True,True,0.40295036,348,408,0.000000,20.393042,1317.772431,True,OK
1777554161.974016,True,True,0.40377128,348,409,12.754189,20.389301,1318.176202,True,OK
1777554161.990033,True,True,0.40374292,348,408,25.207213,20.390495,1318.579945,True,OK
1777554162.037558,True,True,0.40367931,348,408,0.000000,20.375520,1318.579945,True,OK
1777554162.069392,True,True,0.40332369,348,408,0.000000,20.365502,1318.579945,True,OK
1777554162.101381,True,True,0.40375678,348,408,0.000000,20.355445,1318.579945,True,OK
1777554162.132796,True,True,0.40312972,348,409,12.832305,20.351799,1318.983075,True,OK
1777554162.184223,True,True,0.40450186,349,409,7.865535,20.341898,1319.387576,True,OK
1777554162.210532,True,True,0.40388091,349,408,15.351427,20.339875,1319.791457,True,OK
1777554162.259327,True,True,0.40324634,348,408,8.264134,20.330801,1320.194704,True,OK
1777554162.290380,True,True,0.40283585,348,408,0.000000,20.321083,1320.194704,True,OK
1777554162.339117,True,True,0.40328062,348,408,0.000000,20.305850,1320.194704,True,OK
1777554162.386178,True,True,0.40367926,348,407,8.577620,20.297367,1320.598383,True,OK
1777554162.418001,True,True,0.40411095,348,408,12.698834,20.293652,1321.002494,True,OK
1777554162.465334,True,True,0.40304993,348,407,8.515242,20.285094,1321.405544,True,OK
1777554162.512718,True,True,0.40343779,348,407,0.000000,20.270349,1321.405544,True,OK
1777554162.544548,True,True,0.40350234,349,407,12.676765,20.266643,1321.809046,True,OK
1777554162.592072,True,True,0.40431653,349,407,0.000000,20.251886,1321.809046,True,OK
1777554162.639864,True,True,0.40352274,348,407,8.443403,20.243246,1322.212569,True,OK
1777554162.671625,True,True,0.40404372,348,407,0.000000,20.233407,1322.212569,True,OK
1777554162.720587,True,True,0.40326598,348,406,8.236326,20.224425,1322.615835,True,OK
1777554162.751282,True,True,0.40396915,348,406,0.000000,20.214937,1322.615835,True,OK
1777554162.798589,True,True,0.40335542,348,406,0.000000,20.200331,1322.615835,True,OK
1777554162.830191,True,True,0.40330421,349,405,18.048361,20.199293,1323.186193,True,OK
1777554162.862126,True,True,0.40338335,349,405,0.000000,20.189450,1323.186193,True,OK
1777554162.893884,True,True,0.40342248,348,405,12.702800,20.185824,1323.589616,True,OK
1777554162.925407,True,True,0.40260691,348,405,0.000000,20.176125,1323.589616,True,OK
1777554162.956330,True,True,0.40314899,348,405,0.000000,20.166619,1323.589616,True,OK
1777554162.988199,True,True,0.40311353,348,405,0.000000,20.156831,1323.589616,True,OK
1777554163.020179,True,True,0.40271411,348,405,0.000000,20.147019,1323.589616,True,OK
1777554163.052663,True,True,0.40377769,348,405,0.000000,20.137062,1323.589616,True,OK
1777554163.099657,True,True,0.40413827,348,405,0.000000,20.122675,1323.589616,True,OK
1777554163.131441,True,True,0.40400630,348,405,0.000000,20.112956,1323.589616,True,OK
1777554163.179243,True,True,0.40326844,348,405,0.000000,20.098357,1323.589616,True,OK
1777554163.211342,True,True,0.40350670,348,405,0.000000,20.088566,1323.589616,True,OK
1777554163.259295,True,True,0.40376330,347,405,8.420083,20.080080,1323.993379,True,OK
1777554163.291181,True,True,0.40434530,348,405,12.680737,20.076503,1324.397724,True,OK
1777554163.338524,True,True,0.40326282,348,405,0.000000,20.062105,1324.397724,True,OK
1777554163.370197,True,True,0.40391406,348,405,0.000000,20.052484,1324.397724,True,OK
1777554163.419921,True,True,0.40418395,348,405,0.000000,20.037399,1324.397724,True,OK
1777554163.449726,True,True,0.40418395,348,405,0.000000,20.028367,1324.397724,True,OK
1777554163.481413,True,True,0.40411189,348,405,0.000000,0.000000,0.000000,True,Primera muestra
1777554163.513040,True,True,0.40411189,348,405,0.000000,0.000000,0.000000,True,OK
1777554163.560948,True,True,0.40494832,348,405,0.000000,0.000000,0.000000,True,OK
1777554163.592559,True,True,0.40394616,348,405,0.000000,0.000000,0.000000,True,OK
1777554163.641835,True,True,0.40445241,347,404,11.607526,3.565477,0.571982,True,OK
1777554163.671919,True,True,0.40492675,348,404,13.460238,5.127982,0.976909,True,OK
1777554163.719055,True,True,0.40436638,348,404,0.000000,0.000000,0.000000,True,Primera muestra
1777554163.750986,True,True,0.40436638,348,404,0.000000,0.000000,0.000000,True,OK
1777554163.783010,True,True,0.40438472,348,404,0.000000,0.000000,0.000000,True,OK
1777554163.830827,True,True,0.40446462,348,403,8.458680,3.618664,0.404465,True,OK
1777554163.846638,True,True,0.40373911,348,403,0.000000,3.170213,0.404465,True,OK
1777554163.881651,True,True,0.40432705,347,402,16.331010,6.004256,0.976269,True,OK
1777554163.925965,True,True,0.40421135,347,402,0.000000,4.718326,0.976269,True,OK
1777554163.942262,True,True,0.40414296,348,402,0.000000,0.000000,0.000000,True,Primera muestra
1777554163.989338,True,True,0.40434128,347,402,8.589250,8.589250,0.404341,True,OK
1777554164.037267,True,True,0.40425186,347,402,0.000000,4.256030,0.404341,True,OK
1777554164.068718,True,True,0.40476143,348,402,12.869301,6.398293,0.809103,True,OK
1777554164.100231,True,True,0.40440670,347,401,18.148633,8.742349,1.381020,True,OK
1777554164.132133,True,True,0.40554854,348,402,17.977898,10.294103,1.954552,True,OK
1777554164.164160,True,True,0.40509487,348,402,0.000000,0.000000,0.000000,True,Primera muestra
1777554164.195861,True,True,0.40490099,348,401,12.772271,12.772271,0.404901,True,OK
1777554164.243893,True,True,0.40418347,347,401,8.414829,10.147315,0.809084,True,OK
1777554164.291338,True,True,0.40452315,347,400,8.526224,9.542559,1.213608,True,OK
1777554164.338730,True,True,0.40421186,347,400,0.000000,0.000000,0.000000,True,Primera muestra
1777554164.374866,True,True,0.40409917,347,400,0.000000,0.000000,0.000000,True,OK
1777554164.417711,True,True,0.40331571,347,400,0.000000,0.000000,0.000000,True,OK
1777554164.468503,True,True,0.40381818,347,400,0.000000,0.000000,0.000000,True,OK
1777554164.513140,True,True,0.40368868,347,400,0.000000,0.000000,0.000000,True,OK
1777554164.561132,True,True,0.40385562,347,400,0.000000,0.000000,0.000000,True,OK
1777554164.608661,True,True,0.40386264,348,400,8.497272,1.496172,0.403863,True,OK
1777554164.644883,True,True,0.40323870,348,399,0.000000,0.000000,0.000000,True,Primera muestra
1777554164.688611,True,True,0.40261597,348,399,0.000000,0.000000,0.000000,True,OK
1777554164.736071,True,True,0.40280673,347,399,8.487275,4.417324,0.402807,True,OK
1777554164.770226,True,True,0.40345034,347,399,0.000000,3.213633,0.402807,True,OK
1777554164.815270,True,True,0.40345034,347,399,0.000000,2.364076,0.402807,True,OK
1777554164.863015,True,True,0.40263580,348,399,8.432964,3.692454,0.805443,True,OK
1777554164.894664,True,True,0.40225305,348,398,12.709773,4.835015,1.207696,True,OK
1777554164.926564,True,True,0.40158965,348,398,0.000000,4.287461,1.207696,True,OK
1777554164.958714,True,True,0.40157248,348,398,0.000000,3.848243,1.207696,True,OK
1777554164.990313,True,True,0.40161239,348,398,0.000000,3.496208,1.207696,True,OK
1777554165.022084,True,True,0.40074844,348,398,0.000000,3.201731,1.207696,True,OK
1777554165.058703,True,True,0.40100187,348,398,0.000000,2.918406,1.207696,True,OK
1777554165.102438,True,True,0.40075749,348,398,0.000000,2.639453,1.207696,True,OK
1777554165.133934,True,True,0.40158993,348,398,0.000000,2.469466,1.207696,True,OK
1777554165.165637,True,True,0.40078126,348,397,12.641938,3.088747,1.608477,True,OK
1777554165.197368,True,True,0.40074518,348,397,0.000000,2.911348,1.608477,True,OK
1777554165.229346,True,True,0.40145588,348,397,0.000000,2.752062,1.608477,True,OK
1777554165.277103,True,True,0.40050453,348,397,0.000000,2.544173,1.608477,True,OK
1777554165.308721,True,True,0.40054083,348,397,0.000000,2.422995,1.608477,True,OK
1777554165.356521,True,True,0.40019908,347,397,8.372354,2.822608,2.008676,True,OK
1777554165.405199,True,True,0.39977330,348,398,11.614570,3.385491,2.574041,True,OK
1777554165.450696,True,True,0.39932428,347,398,8.776948,3.689898,2.973365,True,OK
1777554165.482623,True,True,0.39952427,347,398,0.000000,3.549272,2.973365,True,OK
1777554165.530599,True,True,0.39986392,346,398,8.334621,3.808478,3.373229,True,OK
1777554165.564306,True,True,0.40002013,346,398,0.000000,3.668856,3.373229,True,OK
1777554165.610309,True,True,0.40065636,347,397,12.316921,4.080939,3.939843,True,OK
1777554165.656882,True,True,0.40031545,346,398,12.155746,4.452550,4.505974,True,OK
1777554165.704241,True,True,0.40016927,346,397,8.449743,4.631245,4.906143,True,OK
1777554165.751424,True,True,0.40096802,346,397,0.000000,4.433768,4.906143,True,OK
1777554165.800020,True,True,0.40073382,345,397,8.246206,4.594156,5.306877,True,OK
1777554165.836954,True,True,0.40046324,347,397,21.685403,5.123693,6.107804,True,OK
1777554165.878683,True,True,0.39910194,345,397,19.128290,5.597350,6.906008,True,OK
1777554165.910541,True,True,0.39981069,346,397,12.549693,5.772349,7.305818,True,OK
1777554165.946180,True,True,0.39971545,346,397,0.000000,5.614261,7.305818,True,OK
1777554165.989986,True,True,0.39983838,346,397,0.000000,5.431418,7.305818,True,OK
1777554166.021802,True,True,0.39963862,346,397,0.000000,0.000000,0.000000,True,Primera muestra
1777554166.071244,True,True,0.39982394,347,397,8.086835,8.086835,0.399824,True,OK
1777554166.105824,True,True,0.40083373,347,397,0.000000,4.758600,0.399824,True,OK
1777554166.139891,True,True,0.40095675,347,396,11.769599,6.781192,0.800781,True,OK
1777554166.179809,True,True,0.40047605,347,397,10.032422,7.602570,1.201257,True,OK
1777554166.207384,True,True,0.40047605,347,397,0.000000,6.472911,1.201257,True,OK
1777554166.243552,True,True,0.40014425,347,397,0.000000,5.417160,1.201257,True,OK
1777554166.291563,True,True,0.40019341,347,397,0.000000,4.453039,1.201257,True,OK
1777554166.338716,True,True,0.40058256,347,397,0.000000,3.790487,1.201257,True,OK
1777554166.388570,True,True,0.40057395,346,397,8.034896,4.367424,1.601831,True,OK
1777554166.421378,True,True,0.40036995,348,396,27.287434,6.249334,2.497085,True,OK
1777554166.466159,True,True,0.40123164,347,395,12.671236,6.896511,3.064512,True,OK
1777554166.513394,True,True,0.40051465,347,395,0.000000,6.233851,3.064512,True,OK
1777554166.547239,True,True,0.40100803,346,395,0.000000,0.000000,0.000000,True,Primera muestra
1777554166.584876,True,True,0.40063936,346,395,0.000000,0.000000,0.000000,True,OK
1777554166.624622,True,True,0.40140863,347,395,10.099335,5.187295,0.401409,True,OK
1777554166.672959,True,True,0.40190901,347,394,8.314772,6.389747,0.803318,True,OK
1777554166.702951,True,True,0.40140098,347,394,0.000000,5.158976,0.803318,True,OK
1777554166.750853,True,True,0.40075341,346,394,8.366258,5.913505,1.204071,True,OK
1777554166.802247,True,True,0.40059177,346,394,0.000000,4.721704,1.204071,True,OK
1777554166.862809,True,True,0.40153264,346,393,6.630068,5.087946,1.605604,True,OK
1777554166.887042,True,True,0.40051880,346,393,0.000000,4.725105,1.605604,True,OK
1777554166.912563,True,True,0.40114511,345,393,15.717918,5.493062,2.006749,True,OK
1777554166.958033,True,True,0.40123710,346,393,8.824216,5.861781,2.407986,True,OK
1777554166.973963,True,True,0.40103938,346,393,0.000000,0.000000,0.000000,True,Primera muestra
1777554167.005562,True,True,0.40103938,346,393,0.000000,0.000000,0.000000,True,OK
1777554167.052994,True,True,0.40161584,345,393,8.467201,5.081813,0.401616,True,OK
1777554167.085119,True,True,0.40175998,345,393,0.000000,3.613099,0.401616,True,OK
1777554167.117204,True,True,0.40175998,345,393,0.000000,2.803793,0.401616,True,OK
1777554167.148946,True,True,0.40163045,344,394,17.893942,5.541172,0.969607,True,OK
1777554167.196857,True,True,0.40134693,345,394,8.376897,6.150714,1.370954,True,OK
1777554167.244575,True,True,0.40180378,345,394,0.000000,5.066138,1.370954,True,OK
1777554167.276190,True,True,0.40149249,345,394,0.000000,0.000000,0.000000,True,Primera muestra
1777554167.292181,True,True,0.40121348,345,394,0.000000,0.000000,0.000000,True,OK
1777554167.339194,True,True,0.40060289,344,395,12.050534,8.992060,0.566538,True,OK
1777554167.386968,True,True,0.40130732,346,395,16.800213,12.359391,1.369153,True,OK
1777554167.436370,True,True,0.40096333,345,395,8.116338,11.050770,1.770116,True,OK
1777554167.471326,True,True,0.40133985,344,395,11.481372,11.127906,2.171456,True,OK
1777554167.498091,True,True,0.40076321,346,395,29.946691,13.397776,2.972982,True,OK
1777554167.545418,True,True,0.40133651,345,395,8.480068,12.533303,3.374319,True,OK
1777554167.577356,True,True,0.40108067,345,395,0.000000,11.204171,3.374319,True,OK
1777554167.624906,True,True,0.40125303,344,396,11.933980,11.303686,3.941776,True,OK
1777554167.656594,True,True,0.40152743,345,396,12.671287,11.417608,4.343304,True,OK
1777554167.704074,True,True,0.40115225,345,396,0.000000,10.150649,4.343304,True,OK
1777554167.735725,True,True,0.40032164,345,395,12.647986,10.322656,4.743625,True,OK
1777554167.784107,True,True,0.40027296,344,395,8.273294,10.127445,5.143898,True,OK
1777554167.831279,True,True,0.40022596,346,395,16.968854,10.708833,5.944350,True,OK
1777554167.878880,True,True,0.40060386,345,395,8.415789,10.527725,6.344954,True,OK
1777554167.910517,True,True,0.40061211,345,395,0.000000,10.002660,6.344954,True,OK
1777554167.959175,True,True,0.40137098,344,395,8.248755,9.877705,6.746325,True,OK
1777554167.992275,True,True,0.40104342,345,395,12.116156,9.981174,7.147368,True,OK
1777554168.037935,True,True,0.40108060,345,396,0.000000,0.000000,0.000000,True,Primera muestra
1777554168.069586,True,True,0.40103382,346,396,12.670486,12.670486,0.401034,True,OK
1777554168.101047,True,True,0.40009244,345,396,12.717285,12.693815,0.801126,True,OK
1777554168.132651,True,True,0.40003370,346,396,12.657385,12.681659,1.201160,True,OK
1777554168.184561,True,True,0.39989873,346,396,0.000000,8.191972,1.201160,True,OK
1777554168.212360,True,True,0.40037947,345,396,14.402837,9.181816,1.601539,True,OK
1777554168.260375,True,True,0.39932737,344,396,8.316783,8.995095,2.000867,True,OK
1777554168.291957,True,True,0.39916581,344,397,12.639078,9.448142,2.400033,True,OK
1777554168.339561,True,True,0.39998348,344,397,0.000000,7.956989,2.400033,True,OK
1777554168.371422,True,True,0.40008992,344,397,0.000000,7.196779,2.400033,True,OK
1777554168.419361,True,True,0.39988468,344,397,0.000000,6.292257,2.400033,True,OK
1777554168.435432,True,True,0.39919643,344,397,0.000000,6.037864,2.400033,True,OK
1777554168.482826,True,True,0.39819322,346,398,18.786712,7.396006,3.290420,True,OK
1777554168.514555,True,True,0.40033530,346,398,0.000000,6.903648,3.290420,True,OK
1777554168.546182,True,True,0.40057579,345,397,0.000000,0.000000,0.000000,True,Primera muestra
1777554168.577938,True,True,0.39979026,345,398,12.589565,12.589565,0.399790,True,OK
1777554168.593664,True,True,0.39966883,346,398,0.000000,0.000000,0.000000,True,Primera muestra
1777554168.625664,True,True,0.39890268,346,398,0.000000,0.000000,0.000000,True,Primera muestra
1777554168.657427,True,True,0.39856706,347,398,0.000000,0.000000,0.000000,True,Primera muestra
1777554168.689152,True,True,0.39856706,347,398,0.000000,0.000000,0.000000,True,Primera muestra
1777554168.720706,True,True,0.39872429,346,399,0.000000,0.000000,0.000000,True,Primera muestra
1777554168.752483,True,True,0.39923028,347,398,0.000000,0.000000,0.000000,True,Primera muestra
1777554168.787168,True,True,0.39912329,348,398,0.000000,0.000000,0.000000,True,Primera muestra
1777554168.821610,True,True,0.39872608,347,397,0.000000,0.000000,0.000000,True,Primera muestra
1777554168.846668,True,True,0.39872608,347,397,0.000000,0.000000,0.000000,True,Primera muestra
1777554168.862701,True,True,0.39942127,347,397,0.000000,0.000000,0.000000,True,Primera muestra
1777554168.895311,True,True,0.39923482,347,397,0.000000,0.000000,0.000000,True,Primera muestra
1777554168.926113,True,True,0.39849524,348,397,0.000000,0.000000,0.000000,True,Primera muestra
1777554168.958322,True,True,0.39880166,348,397,0.000000,0.000000,0.000000,True,Primera muestra
1777554168.990190,True,True,0.40004731,348,397,0.000000,0.000000,0.000000,True,OK
1777554169.022043,True,True,0.40012611,348,397,0.000000,0.000000,0.000000,True,OK
1777554169.072738,True,True,0.40010010,348,397,0.000000,0.000000,0.000000,True,OK
1777554169.104952,True,True,0.40002493,348,397,0.000000,0.000000,0.000000,True,OK
1777554169.135630,True,True,0.39986272,348,397,0.000000,0.000000,0.000000,True,OK
1777554169.181032,True,True,0.39975314,348,397,0.000000,0.000000,0.000000,True,OK
1777554169.228881,True,True,0.40052509,348,397,0.000000,0.000000,0.000000,True,OK
1777554169.261131,True,True,0.39951269,348,397,0.000000,0.000000,0.000000,True,OK
1777554169.277226,True,True,0.40032367,348,397,0.000000,0.000000,0.000000,True,OK
1777554169.325376,True,True,0.39923114,348,397,0.000000,0.000000,0.000000,True,OK
1777554169.373280,True,True,0.39957409,349,397,8.341140,0.962928,0.399574,True,OK
1777554169.420900,True,True,0.39901062,348,397,8.379045,1.726380,0.798585,True,OK
1777554169.453118,True,True,0.39901062,348,397,0.000000,1.613970,0.798585,True,OK
1777554169.504118,True,True,0.39955563,348,398,7.834369,2.195218,1.198140,True,OK
1777554169.549237,True,True,0.39930348,348,398,0.000000,0.000000,0.000000,True,Primera muestra
1777554169.580624,True,True,0.39930348,348,398,0.000000,0.000000,0.000000,True,OK
1777554169.628211,True,True,0.39916487,349,400,18.756505,11.302046,0.892560,True,OK
1777554169.676245,True,True,0.39964007,349,400,0.000000,7.027589,0.892560,True,OK
1777554169.707845,True,True,0.39880984,348,401,17.848309,9.183425,1.456562,True,OK
1777554169.739560,True,True,0.39948483,348,401,0.000000,7.653130,1.456562,True,OK
1777554169.787115,True,True,0.39839331,349,401,8.377407,7.797925,1.854955,True,OK
1777554169.835192,True,True,0.39732756,349,402,8.264505,7.876369,2.252283,True,OK
1777554169.866830,True,True,0.39916772,349,402,0.000000,7.091730,2.252283,True,OK
1777554169.898745,True,True,0.39898500,350,402,12.501601,7.585724,2.651268,True,OK
1777554169.930835,True,True,0.39904914,350,402,0.000000,6.947812,2.651268,True,OK
1777554169.962463,True,True,0.40034053,349,402,12.657735,7.384848,3.051608,True,OK
1777554170.010397,True,True,0.39856863,349,401,8.314854,7.481516,3.450177,True,OK
1777554170.034925,True,True,0.39856863,349,401,0.000000,7.103698,3.450177,True,OK
1777554170.058153,True,True,0.39944530,349,401,0.000000,0.000000,0.000000,True,Primera muestra
1777554170.089960,True,True,0.39877355,349,401,0.000000,0.000000,0.000000,True,OK
1777554170.121882,True,True,0.39892364,349,401,0.000000,0.000000,0.000000,True,Primera muestra
1777554170.153347,True,True,0.39978561,350,401,0.000000,0.000000,0.000000,True,Primera muestra
1777554170.185343,True,True,0.40023734,350,401,0.000000,0.000000,0.000000,True,Primera muestra
1777554170.218891,True,True,0.39985330,349,401,0.000000,0.000000,0.000000,True,Primera muestra
1777554170.249094,True,True,0.39985330,349,401,0.000000,0.000000,0.000000,True,Primera muestra
1777554170.280612,True,True,0.40048055,349,401,0.000000,0.000000,0.000000,True,Primera muestra
1777554170.296680,True,True,0.40055866,349,401,0.000000,0.000000,0.000000,True,Primera muestra
1777554170.328447,True,True,0.40030306,349,400,0.000000,0.000000,0.000000,True,Primera muestra
1777554170.360385,True,True,0.40057237,349,400,0.000000,0.000000,0.000000,True,Primera muestra
1777554170.391966,True,True,0.40089395,349,400,0.000000,0.000000,0.000000,True,Primera muestra
1777554170.425778,True,True,0.40109746,349,400,0.000000,0.000000,0.000000,True,Primera muestra
1777554170.455436,True,True,0.40088937,349,399,0.000000,0.000000,0.000000,True,Primera muestra
1777554170.487348,True,True,0.40037901,349,399,0.000000,0.000000,0.000000,True,Primera muestra
1777554170.518853,True,True,0.40048403,349,399,0.000000,0.000000,0.000000,True,Primera muestra
1777554170.553977,True,True,0.40052632,349,399,0.000000,0.000000,0.000000,True,Primera muestra
1777554170.582659,True,True,0.40128137,350,400,0.000000,0.000000,0.000000,True,Primera muestra
1777554170.614197,True,True,0.40168322,349,399,0.000000,0.000000,0.000000,True,Primera muestra
1777554170.654283,True,True,0.40168322,349,399,0.000000,0.000000,0.000000,True,Primera muestra
1777554170.677961,True,True,0.40103690,349,400,0.000000,0.000000,0.000000,True,Primera muestra
1777554170.718490,True,True,0.40103690,349,400,0.000000,0.000000,0.000000,True,Primera muestra
1777554170.741149,True,True,0.40100744,349,400,0.000000,0.000000,0.000000,True,Primera muestra
1777554170.772944,True,True,0.40184183,348,400,12.638702,12.638702,0.401842,True,OK
1777554170.820623,True,True,0.40184183,348,400,0.000000,5.056300,0.401842,True,OK
1777554170.868274,True,True,0.40219889,349,401,11.936496,7.635280,0.970637,True,OK
1777554170.884012,True,True,0.40136116,348,401,25.503821,9.603623,1.371998,True,OK
1777554170.915914,True,True,0.40254637,348,401,0.000000,0.000000,0.000000,True,Primera muestra
1777554170.963351,True,True,0.40238929,347,402,11.996105,11.996105,0.569064,True,OK
1777554170.995105,True,True,0.40261878,348,402,12.679588,12.270163,0.971683,True,OK
1777554171.029068,True,True,0.40210847,348,401,11.839616,12.140935,1.373792,True,OK
1777554171.073604,True,True,0.40223270,348,401,0.000000,8.711974,1.373792,True,OK
1777554171.121211,True,True,0.40226231,348,401,0.000000,6.691736,1.373792,True,OK
1777554171.172663,True,True,0.40226003,348,401,0.000000,0.000000,0.000000,True,Primera muestra
1777554171.200273,True,True,0.40306584,347,401,14.598890,14.598890,0.403066,True,OK
1777554171.248252,True,True,0.40265535,348,401,8.392221,10.659247,0.805721,True,OK
1777554171.295445,True,True,0.40347952,348,401,0.000000,6.562235,0.805721,True,OK
1777554171.343004,True,True,0.40221746,347,400,11.960265,8.069369,1.374543,True,OK
1777554171.375005,True,True,0.40290691,348,400,12.590628,8.784412,1.777449,True,OK
1777554171.407053,True,True,0.40234068,348,400,0.000000,7.583306,1.777449,True,OK
1777554171.444875,True,True,0.40218545,348,399,0.000000,0.000000,0.000000,True,Primera muestra
1777554171.487267,True,True,0.40360325,348,398,9.520630,9.520630,0.403603,True,OK
1777554171.518142,True,True,0.40341427,348,398,0.000000,5.508647,0.403603,True,OK
1777554171.566102,True,True,0.40295014,348,397,8.401914,6.653274,0.806553,True,OK
1777554171.599931,True,True,0.40286013,348,398,11.908647,7.799862,1.209414,True,OK
1777554171.629332,True,True,0.40330854,348,398,0.000000,6.556604,1.209414,True,OK
1777554171.676834,True,True,0.40372724,347,398,8.499284,6.954433,1.613141,True,OK
1777554171.708496,True,True,0.40425786,348,398,12.767828,7.652652,2.017399,True,OK
1777554171.740449,True,True,0.40388502,348,397,0.000000,0.000000,0.000000,True,Primera muestra
1777554171.771588,True,True,0.40366311,346,397,25.926418,25.926418,0.807326,True,OK
1777554171.818911,True,True,0.40366311,346,397,0.000000,10.289406,0.807326,True,OK
1777554171.851079,True,True,0.40508558,348,397,25.185507,14.620780,1.617497,True,OK
1777554171.867050,True,True,0.40508558,348,397,0.000000,12.776342,1.617497,True,OK
1777554171.914764,True,True,0.40466732,346,397,16.962206,13.922109,2.426832,True,OK
1777554171.946803,True,True,0.40505643,347,397,12.642540,13.723439,2.831888,True,OK
1777554171.971220,True,True,0.40505643,347,397,0.000000,0.000000,0.000000,True,Primera muestra
1777554171.994703,True,True,0.40435828,347,397,0.000000,0.000000,0.000000,True,OK
1777554172.042242,True,True,0.40489136,347,397,0.000000,0.000000,0.000000,True,OK
1777554172.074167,True,True,0.40578101,346,396,17.975307,5.574373,0.573861,True,OK
1777554172.090183,True,True,0.40549053,347,395,35.803220,9.644269,1.147311,True,OK
1777554172.138140,True,True,0.40560743,346,395,8.457784,9.303387,1.552919,True,OK
1777554172.186640,True,True,0.40543319,346,394,8.359560,9.090894,1.958352,True,OK
1777554172.218577,True,True,0.40543319,346,394,0.000000,0.000000,0.000000,True,Primera muestra
1777554172.266835,True,True,0.40529516,346,394,0.000000,0.000000,0.000000,True,OK
1777554172.298818,True,True,0.40502597,346,394,0.000000,0.000000,0.000000,True,OK
1777554172.330275,True,True,0.40471164,346,394,0.000000,0.000000,0.000000,True,OK
1777554172.361906,True,True,0.40478635,346,394,0.000000,0.000000,0.000000,True,OK
1777554172.409705,True,True,0.40514650,346,394,0.000000,0.000000,0.000000,True,OK
1777554172.443575,True,True,0.40496316,345,394,11.956235,1.799850,0.404963,True,OK
1777554172.489334,True,True,0.40436517,346,394,8.836806,2.989127,0.809328,True,OK
1777554172.537187,True,True,0.40407743,346,394,0.000000,2.540187,0.809328,True,OK
1777554172.576736,True,True,0.40476809,346,394,0.000000,2.259691,0.809328,True,OK
1777554172.616629,True,True,0.40349409,346,393,10.114370,3.046895,1.212822,True,OK
1777554172.648551,True,True,0.40380583,346,393,0.000000,2.820684,1.212822,True,OK
1777554172.696293,True,True,0.40390381,346,394,8.460155,3.384280,1.616726,True,OK
1777554172.743731,True,True,0.40385225,346,394,0.000000,3.078573,1.616726,True,OK
1777554172.791416,True,True,0.40397982,346,394,0.000000,2.822303,1.616726,True,OK
1777554172.839121,True,True,0.40348989,346,394,0.000000,2.605336,1.616726,True,OK
1777554172.874979,True,True,0.40356649,346,393,11.254675,3.077829,2.020293,True,OK
1777554172.918876,True,True,0.40323125,345,394,12.990779,3.699204,2.590548,True,OK
1777554172.952544,True,True,0.40317157,345,394,0.000000,3.529513,2.590548,True,OK
1777554172.982409,True,True,0.40345344,345,394,0.000000,3.391515,2.590548,True,OK
1777554173.014191,True,True,0.40345344,345,394,0.000000,3.256037,2.590548,True,OK
1777554173.045795,True,True,0.40306542,345,394,0.000000,3.131637,2.590548,True,OK
1777554173.077796,True,True,0.40331895,345,393,12.603598,3.484405,2.993867,True,OK
1777554173.109173,True,True,0.40258286,345,394,12.830282,3.813680,3.396450,True,OK
1777554173.124962,True,True,0.40271656,346,394,0.000000,0.000000,0.000000,True,Primera muestra
1777554173.160648,True,True,0.40217236,345,394,11.269747,11.269747,0.402172,True,OK
1777554173.204216,True,True,0.40277897,346,394,9.244655,10.156491,0.804951,True,OK
1777554173.245019,True,True,0.40242577,345,394,9.862777,10.056670,1.207377,True,OK
1777554173.282541,True,True,0.40236420,346,394,10.723467,10.215444,1.609741,True,OK
1777554173.329780,True,True,0.40176954,345,393,12.027925,10.633473,2.177929,True,OK
1777554173.360896,True,True,0.40170041,345,393,0.000000,0.000000,0.000000,True,Primera muestra
1777554173.408343,True,True,0.40142395,345,393,0.000000,0.000000,0.000000,True,OK
1777554173.455928,True,True,0.40184441,344,393,8.444642,4.228518,0.401844,True,OK
1777554173.505459,True,True,0.40126606,344,393,0.000000,2.779719,0.401844,True,OK
1777554173.551310,True,True,0.40120939,345,392,12.374840,5.090180,0.969240,True,OK
1777554173.582842,True,True,0.40021944,345,392,0.000000,4.367014,0.969240,True,OK
1777554173.614187,True,True,0.40021944,345,392,0.000000,0.000000,0.000000,True,Primera muestra
1777554173.645767,True,True,0.40123788,344,391,17.968090,17.968090,0.567436,True,OK
1777554173.693731,True,True,0.40069817,343,391,8.354128,12.171006,0.968134,True,OK
1777554173.725370,True,True,0.40065803,344,392,17.908593,13.803741,1.534750,True,OK
1777554173.772764,True,True,0.40090241,344,392,0.000000,9.678238,1.534750,True,OK
1777554173.819914,True,True,0.40090241,344,392,0.000000,7.460101,1.534750,True,OK
1777554173.851784,True,True,0.40045393,344,390,0.000000,0.000000,0.000000,True,Primera muestra
1777554173.883192,True,True,0.40008532,344,391,12.738296,12.738296,0.400085,True,OK
1777554173.915179,True,True,0.40008532,344,391,0.000000,6.311013,0.400085,True,OK
1777554173.946961,True,True,0.40056938,344,390,12.603312,8.412213,0.800655,True,OK
1777554173.978724,True,True,0.40007967,344,391,12.596125,9.459087,1.200734,True,OK
1777554174.026432,True,True,0.39954126,344,390,8.374716,9.162873,1.600276,True,OK
1777554174.059349,True,True,0.40018610,344,390,0.000000,0.000000,0.000000,True,Primera muestra
1777554174.089355,True,True,0.39969304,343,391,18.838135,18.838135,0.565251,True,OK
1777554174.137237,True,True,0.39960814,342,391,8.345589,12.387741,0.964859,True,OK
1777554174.168794,True,True,0.39948555,342,391,0.000000,8.815942,0.964859,True,OK
1777554174.200610,True,True,0.39988844,342,391,0.000000,6.830327,0.964859,True,OK
1777554174.220359,True,True,0.40003585,343,392,28.647116,9.506241,1.530596,True,OK
1777554174.263912,True,True,0.40015506,343,393,9.187748,9.438431,1.930751,True,OK
1777554174.295946,True,True,0.39890788,342,394,17.610737,10.544918,2.494892,True,OK
1777554174.327086,True,True,0.39911583,341,394,12.816687,10.809146,2.894007,True,OK
1777554174.375943,True,True,0.39931717,343,394,16.346214,11.663637,3.692642,True,OK
1777554174.422406,True,True,0.39916992,341,394,17.182530,12.369919,4.490982,True,OK
1777554174.454527,True,True,0.39911290,342,394,12.425225,12.374415,4.890094,True,OK
1777554174.502275,True,True,0.39872146,343,394,8.350522,11.940633,5.288816,True,OK
1777554174.533937,True,True,0.39859785,344,395,17.803628,12.331784,5.852518,True,OK
1777554174.581807,True,True,0.39787645,344,395,0.000000,11.201901,5.852518,True,OK
1777554174.613259,True,True,0.39824787,344,395,0.000000,10.565824,5.852518,True,OK
1777554174.660264,True,True,0.39856753,343,395,8.479226,10.402605,6.251086,True,OK
1777554174.708294,True,True,0.39835462,343,395,0.000000,9.632692,6.251086,True,OK
1777554174.740065,True,True,0.39785305,344,395,12.522450,9.767566,6.648939,True,OK
1777554174.771806,True,True,0.39916022,344,396,12.575578,9.892667,7.048099,True,OK
1777554174.819357,True,True,0.39806881,344,396,0.000000,9.273716,7.048099,True,OK
1777554174.851176,True,True,0.39806881,344,396,0.000000,8.901057,7.048099,True,OK
1777554174.882785,True,True,0.39816410,344,396,0.000000,8.559382,7.048099,True,OK
1777554174.914517,True,True,0.39800786,344,397,12.542759,8.707190,7.446107,True,OK
1777554174.930593,True,True,0.39800786,344,397,0.000000,8.546519,7.446107,True,OK
1777554174.978359,True,True,0.39807443,344,397,0.000000,8.102314,7.446107,True,OK
1777554175.009948,True,True,0.39807443,344,397,0.000000,7.833069,7.446107,True,OK
1777554175.025918,True,True,0.39772098,344,397,0.000000,7.703646,7.446107,True,OK
1777554175.073683,True,True,0.39735235,343,397,8.318941,7.732620,7.843459,True,OK
1777554175.105585,True,True,0.39706970,344,397,12.446610,7.876359,8.240529,True,OK
1777554175.121447,True,True,0.39760131,343,397,25.066674,8.133086,8.638130,True,OK
1777554175.161457,True,True,0.39785712,343,397,0.000000,7.837824,8.638130,True,OK
1777554175.201352,True,True,0.39736424,344,397,9.960416,7.911974,9.035495,True,OK
1777554175.248956,True,True,0.39705234,344,397,0.000000,7.595360,9.035495,True,OK
1777554175.281118,True,True,0.39705234,344,397,0.000000,7.395418,9.035495,True,OK
1777554175.328590,True,True,0.39703195,343,397,8.363497,7.431626,9.432527,True,OK
1777554175.360537,True,True,0.39758248,343,397,0.000000,7.249165,9.432527,True,OK
1777554175.392024,True,True,0.39683059,343,396,12.603002,7.375660,9.829357,True,OK
1777554175.423730,True,True,0.39623351,343,396,0.000000,7.204262,9.829357,True,OK
1777554175.458783,True,True,0.39667577,343,396,0.000000,7.023807,9.829357,True,OK
1777554175.502040,True,True,0.39674382,342,397,12.971004,7.202124,10.390438,True,OK
1777554175.549582,True,True,0.39698446,343,397,8.350126,7.238748,10.787422,True,OK
1777554175.582117,True,True,0.39675365,343,397,0.000000,7.084088,10.787422,True,OK
1777554175.613023,True,True,0.39718016,342,397,12.851247,7.198809,11.184602,True,OK
1777554175.646468,True,True,0.39689316,342,397,0.000000,7.047109,11.184602,True,OK
1777554175.692815,True,True,0.39688483,341,397,8.563484,7.090133,11.581487,True,OK
1777554175.724725,True,True,0.39688483,341,397,0.000000,6.954279,11.581487,True,OK
1777554175.772388,True,True,0.39622938,341,397,0.000000,6.760786,11.581487,True,OK
1777554175.804537,True,True,0.39622938,341,397,0.000000,6.636240,11.581487,True,OK
1777554175.852344,True,True,0.39576001,342,397,8.278372,6.680024,11.977247,True,OK
1777554175.884073,True,True,0.39595152,342,397,0.000000,6.563867,11.977247,True,OK
1777554175.915850,True,True,0.39546513,342,397,0.000000,6.451518,11.977247,True,OK
1777554175.932027,True,True,0.39546513,342,397,0.000000,6.395786,11.977247,True,OK
1777554175.964191,True,True,0.39541571,342,397,0.000000,6.287791,11.977247,True,OK
1777554176.012014,True,True,0.39645063,342,397,0.000000,6.133796,11.977247,True,OK
1777554176.043881,True,True,0.39642722,341,397,12.439951,6.235060,12.373674,True,OK
1777554176.091442,True,True,0.39612914,341,397,0.000000,6.089128,12.373674,True,OK
1777554176.139199,True,True,0.39602178,341,397,0.000000,5.949310,12.373674,True,OK
1777554176.171143,True,True,0.39481758,341,397,0.000000,5.859320,12.373674,True,OK
1777554176.202526,True,True,0.39467747,341,396,12.576140,5.957675,12.768352,True,OK
1777554176.234937,True,True,0.39439258,341,396,0.000000,5.868919,12.768352,True,OK
1777554176.266669,True,True,0.39454624,340,397,17.584393,6.037334,13.326325,True,OK
1777554176.298752,True,True,0.39505788,341,397,12.313424,6.127250,13.721382,True,OK
1777554176.346828,True,True,0.39491447,341,398,8.214475,6.171117,14.116297,True,OK
1777554176.394058,True,True,0.39493726,341,398,0.000000,6.046277,14.116297,True,OK
1777554176.427713,True,True,0.39489449,341,398,0.000000,5.960357,14.116297,True,OK
1777554176.464906,True,True,0.39488465,341,398,0.000000,5.868204,14.116297,True,OK
1777554176.505336,True,True,0.39481392,341,398,0.000000,5.771208,14.116297,True,OK
1777554176.552706,True,True,0.39524198,341,398,0.000000,5.661563,14.116297,True,OK
1777554176.584472,True,True,0.39493949,341,398,0.000000,5.590340,14.116297,True,OK
1777554176.632205,True,True,0.39405485,341,398,0.000000,5.486624,14.116297,True,OK
1777554176.679973,True,True,0.39549996,340,398,8.279622,5.537534,14.511797,True,OK
1777554176.712026,True,True,0.39483002,341,398,12.318314,5.619466,14.906627,True,OK
1777554176.761750,True,True,0.39498522,340,399,11.233911,5.722772,15.465220,True,OK
1777554176.807617,True,True,0.39420212,340,400,8.594377,5.770697,15.859422,True,OK
1777554176.839236,True,True,0.39420212,340,400,0.000000,5.705061,15.859422,True,OK
1777554176.886690,True,True,0.39420212,340,400,0.000000,5.609306,15.859422,True,OK
1777554176.934644,True,True,0.39514181,340,400,0.000000,5.515754,15.859422,True,OK
1777554176.982312,True,True,0.39536570,340,401,8.294281,5.561066,16.254788,True,OK
1777554177.031877,True,True,0.39510595,340,402,7.971497,5.601258,16.649894,True,OK
1777554177.064477,True,True,0.39528132,340,402,0.000000,5.540494,16.649894,True,OK
1777554177.109524,True,True,0.39578887,340,402,0.000000,5.458668,16.649894,True,OK
1777554177.141654,True,True,0.39575339,340,403,12.317253,5.530162,17.045647,True,OK
1777554177.164743,True,True,0.39537033,340,403,0.000000,5.489044,17.045647,True,OK
1777554177.204972,True,True,0.39549449,340,403,0.000000,5.418847,17.045647,True,OK
1777554177.221039,True,True,0.39602936,341,403,24.648576,5.516568,17.441677,True,OK
1777554177.268550,True,True,0.39520468,341,403,0.000000,5.434896,17.441677,True,OK
1777554177.315996,True,True,0.39652163,340,403,8.357407,5.477474,17.838198,True,OK
1777554177.365294,True,True,0.39636089,341,403,8.040132,5.515688,18.234559,True,OK
1777554177.395237,True,True,0.39716850,341,403,0.000000,5.466179,18.234559,True,OK
1777554177.443029,True,True,0.39654322,342,403,8.297279,5.506166,18.631103,True,OK
1777554177.474705,True,True,0.39654322,342,403,0.000000,5.455099,18.631103,True,OK
1777554177.506861,True,True,0.39690648,341,403,12.342975,5.519345,19.028009,True,OK
1777554177.554655,True,True,0.39639370,342,403,8.293861,5.557283,19.424403,True,OK
1777554177.602141,True,True,0.39740967,342,403,0.000000,5.482795,19.424403,True,OK
1777554177.650224,True,True,0.39785808,342,403,0.000000,5.409378,19.424403,True,OK
1777554177.696817,True,True,0.39743669,342,403,0.000000,5.340089,19.424403,True,OK
1777554177.744153,True,True,0.39800301,342,403,0.000000,5.271488,19.424403,True,OK
1777554177.776331,True,True,0.39776534,342,404,12.361710,5.332867,19.822168,True,OK
1777554177.823516,True,True,0.39776534,342,404,0.000000,5.266017,19.822168,True,OK
1777554177.854969,True,True,0.39803159,342,403,12.655040,5.327246,20.220200,True,OK
1777554177.870914,True,True,0.39804835,342,404,24.963901,5.409392,20.618248,True,OK
1777554177.918369,True,True,0.39844814,342,404,0.000000,5.342872,20.618248,True,OK
1777554177.949980,True,True,0.39891170,342,404,0.000000,5.299461,20.618248,True,OK
1777554177.982042,True,True,0.39890854,342,404,0.000000,5.256147,20.618248,True,OK
1777554177.997830,True,True,0.39890854,342,404,0.000000,5.235076,20.618248,True,OK
1777554178.030059,True,True,0.39834401,341,404,12.359912,5.292905,21.016592,True,OK
1777554178.078230,True,True,0.39870150,342,404,8.276829,5.328671,21.415294,True,OK
1777554178.109806,True,True,0.39820342,341,404,12.610985,5.385441,21.813497,True,OK
1777554178.141852,True,True,0.39861894,342,404,12.438745,5.440808,22.212116,True,OK
1777554178.173869,True,True,0.39957985,342,404,0.000000,5.398471,22.212116,True,OK
1777554178.205407,True,True,0.39921726,342,404,0.000000,5.357406,22.212116,True,OK
1777554178.253497,True,True,0.39978449,342,404,0.000000,5.295979,22.212116,True,OK
1777554178.285209,True,True,0.40015023,341,404,12.618142,5.350927,22.612266,True,OK
1777554178.317012,True,True,0.39973707,341,404,0.000000,5.310957,22.612266,True,OK
1777554178.367150,True,True,0.39909954,341,404,0.000000,5.249144,22.612266,True,OK
1777554178.397002,True,True,0.39914177,341,404,0.000000,5.213019,22.612266,True,OK
1777554178.428804,True,True,0.39921108,342,404,12.553042,5.266442,23.011477,True,OK
1777554178.476348,True,True,0.39926085,342,405,8.397670,5.300146,23.410738,True,OK
1777554178.524158,True,True,0.39958125,342,406,8.357762,5.332887,23.810319,True,OK
1777554178.556166,True,True,0.39920946,341,407,17.638097,5.420476,24.374887,True,OK
1777554178.606287,True,True,0.39938562,341,406,7.968380,5.448562,24.774272,True,OK
1777554178.642961,True,True,0.40040916,341,406,0.000000,5.404968,24.774272,True,OK
1777554178.683125,True,True,0.40132481,341,406,0.000000,5.358018,24.774272,True,OK
1777554178.714986,True,True,0.40009683,341,406,0.000000,5.321349,24.774272,True,OK
1777554178.762886,True,True,0.40035806,340,407,11.820474,5.387534,25.340464,True,OK
1777554178.809975,True,True,0.40035806,340,407,0.000000,5.334131,25.340464,True,OK
1777554178.841887,True,True,0.40062781,341,406,17.754588,5.417006,25.907037,True,OK
1777554178.873762,True,True,0.40064451,341,407,12.569093,5.464359,26.307682,True,OK
1777554178.905491,True,True,0.40073028,341,407,0.000000,5.428582,26.307682,True,OK
1777554178.921200,True,True,0.40087187,340,407,25.519898,5.493495,26.708554,True,OK
1777554178.968882,True,True,0.40138887,340,407,0.000000,5.440141,26.708554,True,OK
1777554179.000413,True,True,0.40095612,340,407,0.000000,5.405426,26.708554,True,OK
1777554179.032688,True,True,0.40247924,340,407,0.000000,5.370347,26.708554,True,OK
1777554179.064416,True,True,0.40146034,340,407,0.000000,5.336303,26.708554,True,OK
1777554179.096355,True,True,0.40075308,340,408,12.547441,5.382028,27.109307,True,OK
1777554179.128262,True,True,0.40147257,340,408,0.000000,5.348150,27.109307,True,OK
1777554179.160261,True,True,0.40122363,340,408,0.000000,5.314600,27.109307,True,OK
1777554179.207913,True,True,0.40130394,340,408,0.000000,5.265411,27.109307,True,OK
1777554179.239692,True,True,0.40207409,340,408,0.000000,5.233111,27.109307,True,OK
1777554179.287227,True,True,0.40207409,340,408,0.000000,5.185528,27.109307,True,OK
1777554179.334685,True,True,0.40278111,340,408,0.000000,5.138878,27.109307,True,OK
1777554179.366484,True,True,0.40249889,341,409,17.900768,5.215343,27.678526,True,OK
1777554179.398158,True,True,0.40219901,340,409,12.698022,5.259736,28.080725,True,OK
1777554179.429964,True,True,0.40227838,340,409,0.000000,5.228587,28.080725,True,OK
1777554179.462044,True,True,0.40247669,340,409,0.000000,5.197540,28.080725,True,OK
1777554179.509581,True,True,0.40193932,341,409,8.455278,5.225954,28.482665,True,OK
1777554179.556971,True,True,0.40310372,339,409,17.012190,5.327553,29.288872,True,OK
1777554179.605361,True,True,0.40306940,341,409,16.659233,5.426424,30.095011,True,OK
1777554179.652725,True,True,0.40352547,340,409,8.519581,5.452616,30.498536,True,OK
1777554179.700226,True,True,0.40351346,340,408,8.494954,5.478235,30.902050,True,OK
1777554179.748449,True,True,0.40291638,340,408,0.000000,5.431800,30.902050,True,OK
1777554179.796083,True,True,0.40220091,340,408,0.000000,5.386698,30.902050,True,OK
1777554179.845568,True,True,0.40283354,340,409,8.140484,5.410249,31.304883,True,OK
1777554179.876694,True,True,0.40283354,340,409,0.000000,5.381301,31.304883,True,OK
1777554179.906369,True,True,0.40309336,340,409,0.000000,5.353990,31.304883,True,OK
1777554179.940352,True,True,0.40303481,339,409,11.859731,5.391583,31.707918,True,OK
1777554179.969892,True,True,0.40319754,340,409,13.649397,5.432854,32.111116,True,OK
1777554180.002030,True,True,0.40329852,340,409,0.000000,5.403473,32.111116,True,OK
1777554180.035725,True,True,0.40329852,340,409,0.000000,5.373008,32.111116,True,OK
1777554180.065175,True,True,0.40310679,339,408,19.357564,5.441582,32.681195,True,OK
1777554180.096887,True,True,0.40310950,339,408,0.000000,5.413001,32.681195,True,OK
1777554180.129006,True,True,0.40283303,339,408,0.000000,5.384356,32.681195,True,OK
1777554180.161164,True,True,0.40306963,339,409,12.533893,5.422037,33.084264,True,OK
1777554180.193184,True,True,0.40326217,339,409,0.000000,5.393733,33.084264,True,OK
1777554180.242857,True,True,0.40335352,339,409,0.000000,5.350404,33.084264,True,OK
1777554180.288318,True,True,0.40325324,339,409,0.000000,5.311355,33.084264,True,OK
1777554180.320076,True,True,0.40300902,338,409,12.690067,5.348784,33.487273,True,OK
1777554180.368295,True,True,0.40315951,338,410,8.360891,5.371806,33.890433,True,OK
1777554180.400146,True,True,0.40338412,339,410,12.664797,5.408440,34.293817,True,OK
1777554180.447819,True,True,0.40416147,339,410,0.000000,5.368080,34.293817,True,OK
1777554180.479301,True,True,0.40416147,339,410,0.000000,5.341756,34.293817,True,OK
1777554180.526754,True,True,0.40271185,339,409,8.486555,5.364830,34.696529,True,OK
1777554180.574227,True,True,0.40340161,338,409,8.497547,5.387657,35.099930,True,OK
1777554180.620567,True,True,0.40228814,338,409,0.000000,5.349606,35.099930,True,OK
1777554180.653470,True,True,0.40302280,339,409,12.248744,5.384031,35.502953,True,OK
1777554180.687448,True,True,0.40274447,338,409,11.853017,5.417194,35.905698,True,OK
1777554180.719506,True,True,0.40274447,338,409,0.000000,5.391119,35.905698,True,OK
1777554180.749125,True,True,0.40345474,338,408,13.621275,5.427558,36.309152,True,OK
1777554180.780868,True,True,0.40365138,338,408,0.000000,5.401927,36.309152,True,OK
1777554180.815064,True,True,0.40365138,338,408,0.000000,5.374583,36.309152,True,OK
1777554180.848727,True,True,0.40416539,339,407,16.979462,5.432122,36.880729,True,OK
1777554180.876331,True,True,0.40409495,338,407,14.638945,5.469403,37.284824,True,OK
1777554180.892124,True,True,0.40409495,338,407,0.000000,5.456762,37.284824,True,OK
1777554180.923205,True,True,0.40423167,338,407,0.000000,5.432052,37.284824,True,OK
1777554180.957136,True,True,0.40413865,338,408,11.910513,5.463921,37.688962,True,OK
1777554180.986427,True,True,0.40402337,338,409,13.793583,5.499142,38.092986,True,OK
1777554181.004519,True,True,0.40392743,338,410,22.326991,5.542977,38.496913,True,OK
1777554181.039757,True,True,0.40474281,338,411,11.485967,5.572978,38.901656,True,OK
1777554181.082402,True,True,0.40417344,338,411,0.000000,5.539137,38.901656,True,OK
1777554181.113839,True,True,0.40417344,338,411,0.000000,5.514453,38.901656,True,OK
1777554181.145428,True,True,0.40390901,338,413,25.572931,5.603871,39.709474,True,OK
1777554181.192968,True,True,0.40449467,339,416,26.906307,5.745835,40.988598,True,OK
1777554181.224338,True,True,0.40506554,339,419,38.737044,5.890280,42.203795,True,OK
1777554181.271257,True,True,0.40628677,339,420,8.659347,5.908295,42.610082,True,OK
1777554181.303036,True,True,0.40603798,339,421,12.777003,5.938429,43.016120,True,OK
1777554181.334451,True,True,0.40557137,339,422,12.910124,5.968534,43.421691,True,OK
1777554181.382437,True,True,0.40662883,339,424,16.947632,6.040477,44.234949,True,OK
1777554181.414369,True,True,0.40662883,339,424,0.000000,6.014253,44.234949,True,OK
1777554181.446077,True,True,0.40731321,339,426,25.691895,6.098719,45.049575,True,OK
1777554181.477977,True,True,0.40748836,338,425,18.065105,6.150174,45.625851,True,OK
1777554181.526206,True,True,0.40725732,338,426,8.444203,6.164991,46.033108,True,OK
1777554181.558004,True,True,0.40735185,339,427,18.117007,6.215674,46.609191,True,OK
1777554181.589533,True,True,0.40732741,339,427,0.000000,6.189649,46.609191,True,OK
1777554181.620985,True,True,0.40659765,339,427,0.000000,6.163903,46.609191,True,OK
1777554181.668467,True,True,0.40685173,339,427,0.000000,6.125439,46.609191,True,OK
1777554181.700449,True,True,0.40741957,339,428,12.739334,6.153121,47.016610,True,OK
1777554181.732256,True,True,0.40866592,338,428,12.848227,6.180875,47.425276,True,OK
1777554181.780078,True,True,0.40833350,339,428,8.538485,6.195478,47.833610,True,OK
1777554181.811885,True,True,0.40833350,339,428,0.000000,6.170060,47.833610,True,OK
1777554181.843657,True,True,0.40811483,339,429,12.845055,6.197304,48.241724,True,OK
1777554181.875253,True,True,0.40791540,339,429,0.000000,6.172251,48.241724,True,OK
1777554181.906813,True,True,0.40825037,339,429,0.000000,6.147428,48.241724,True,OK
1777554181.938860,True,True,0.40877825,339,429,0.000000,6.122426,48.241724,True,OK
1777554181.970369,True,True,0.40787670,339,429,0.000000,6.098041,48.241724,True,OK
1777554182.002294,True,True,0.40871885,339,429,0.000000,6.073531,48.241724,True,OK
1777554182.033641,True,True,0.40852055,338,429,13.032389,6.100886,48.650245,True,OK
1777554182.065322,True,True,0.40795725,339,429,12.877007,6.127700,49.058202,True,OK
1777554182.097604,True,True,0.40842939,338,430,17.892591,6.174949,49.635809,True,OK
1777554182.128235,True,True,0.40838692,338,430,0.000000,6.151507,49.635809,True,OK
1777554182.151197,True,True,0.40755387,340,429,39.687939,6.246673,50.547127,True,OK
1777554182.191730,True,True,0.40715439,340,430,10.044935,6.265604,50.954281,True,OK
1777554182.223545,True,True,0.40712138,341,430,12.796502,6.291054,51.361402,True,OK
1777554182.255567,True,True,0.40707117,341,429,12.712329,6.316142,51.768474,True,OK
1777554182.303598,True,True,0.40767728,341,429,0.000000,6.279344,51.768474,True,OK
1777554182.335232,True,True,0.40761007,341,429,0.000000,6.255342,51.768474,True,OK
1777554182.366778,True,True,0.40704547,341,430,12.903091,6.280586,52.175519,True,OK
1777554182.414414,True,True,0.40740615,341,430,0.000000,6.244777,52.175519,True,OK
1777554182.446091,True,True,0.40652299,341,430,0.000000,6.221191,52.175519,True,OK
1777554182.477916,True,True,0.40652329,341,430,0.000000,6.197672,52.175519,True,OK
1777554182.525490,True,True,0.40724120,341,430,0.000000,6.162846,52.175519,True,OK
1777554182.573769,True,True,0.40641045,341,430,0.000000,6.127901,52.175519,True,OK
1777554182.604454,True,True,0.40714089,342,430,13.268424,6.153542,52.582660,True,OK
1777554182.620556,True,True,0.40677564,341,430,25.261937,6.189482,52.989436,True,OK
1777554182.652422,True,True,0.40660806,342,430,12.759809,6.213847,53.396044,True,OK
1777554182.700210,True,True,0.40610925,343,430,8.498202,6.226481,53.802153,True,OK
1777554182.747818,True,True,0.40614615,342,430,8.530981,6.239108,54.208299,True,OK
1777554182.779695,True,True,0.40654763,342,430,0.000000,6.216302,54.208299,True,OK
1777554182.811621,True,True,0.40654763,342,430,0.000000,6.193626,54.208299,True,OK
1777554182.859242,True,True,0.40700560,343,429,12.086951,6.225518,54.783892,True,OK
1777554182.891039,True,True,0.40541101,343,429,0.000000,6.203104,54.783892,True,OK
1777554182.922709,True,True,0.40623755,343,429,0.000000,6.180940,54.783892,True,OK
1777554182.938834,True,True,0.40649249,342,429,25.207775,6.215494,55.190384,True,OK
1777554182.973956,True,True,0.40638344,343,429,11.570651,6.236592,55.596768,True,OK
1777554183.018331,True,True,0.40620240,343,429,0.000000,6.205702,55.596768,True,OK
1777554183.050494,True,True,0.40564751,343,429,0.000000,6.183502,55.596768,True,OK
1777554183.097885,True,True,0.40657168,343,429,0.000000,6.151081,55.596768,True,OK
1777554183.129769,True,True,0.40520300,343,429,0.000000,6.129459,55.596768,True,OK
1777554183.172268,True,True,0.40491379,343,429,0.000000,6.100874,55.596768,True,OK
1777554183.209359,True,True,0.40436464,343,429,0.000000,6.076143,55.596768,True,OK
1777554183.241329,True,True,0.40519704,343,429,0.000000,6.054987,55.596768,True,OK
1777554183.274402,True,True,0.40588634,342,429,12.272634,6.077301,56.002654,True,OK
1777554183.321519,True,True,0.40531208,342,429,0.000000,6.046386,56.002654,True,OK
1777554183.356412,True,True,0.40571683,342,429,0.000000,6.023693,56.002654,True,OK
1777554183.400618,True,True,0.40570900,342,429,0.000000,5.995187,56.002654,True,OK
1777554183.432441,True,True,0.40533141,342,429,0.000000,5.974833,56.002654,True,OK
1777554183.480256,True,True,0.40536086,342,428,8.477677,5.987536,56.408015,True,OK
1777554183.512146,True,True,0.40546191,342,429,12.714234,6.010229,56.813477,True,OK
1777554183.543984,True,True,0.40540487,342,428,12.733198,6.032797,57.218882,True,OK
1777554183.591793,True,True,0.40533430,341,428,8.478348,6.045062,57.624216,True,OK
1777554183.638794,True,True,0.40543078,342,428,8.625981,6.057726,58.029647,True,OK
1777554183.670767,True,True,0.40481481,343,428,12.660908,6.079692,58.434462,True,OK
1777554183.702534,True,True,0.40544712,342,428,12.763102,6.101709,58.839909,True,OK
1777554183.734294,True,True,0.40531372,342,428,0.000000,6.081679,58.839909,True,OK
1777554183.784527,True,True,0.40538931,342,428,0.000000,6.050265,58.839909,True,OK
1777554183.829562,True,True,0.40410334,342,427,8.973071,6.063738,59.244012,True,OK
1777554183.861825,True,True,0.40530733,342,427,0.000000,6.043780,59.244012,True,OK
1777554183.893527,True,True,0.40605938,341,427,12.808716,6.065588,59.650072,True,OK
1777554183.925464,True,True,0.40475839,342,426,17.923180,6.103971,60.222486,True,OK
1777554183.956051,True,True,0.40499398,342,426,0.000000,6.085107,60.222486,True,OK
1777554183.988865,True,True,0.40491383,342,426,0.000000,6.064997,60.222486,True,OK
1777554184.039149,True,True,0.40630583,341,426,8.080312,6.075151,60.628792,True,OK
1777554184.075408,True,True,0.40509365,342,426,11.171949,6.093603,61.033886,True,OK
1777554184.100698,True,True,0.40588114,341,425,22.696810,6.135419,61.607888,True,OK
1777554184.132550,True,True,0.40495263,341,425,0.000000,6.116019,61.607888,True,OK
1777554184.180009,True,True,0.40513884,342,424,12.072554,6.143951,62.180841,True,OK
1777554184.211636,True,True,0.40565185,341,424,12.826342,6.164768,62.586493,True,OK
1777554184.258934,True,True,0.40495038,342,423,12.107935,6.192328,63.159179,True,OK
1777554184.306755,True,True,0.40546407,342,423,0.000000,6.163431,63.159179,True,OK
1777554184.353049,True,True,0.40550476,344,422,19.586384,6.223799,64.065916,True,OK
1777554184.401325,True,True,0.40494930,344,422,0.000000,6.194746,64.065916,True,OK
1777554184.433312,True,True,0.40507029,344,422,0.000000,6.175645,64.065916,True,OK
1777554184.481467,True,True,0.40488323,344,422,0.000000,6.147111,64.065916,True,OK
1777554184.513467,True,True,0.40477867,345,421,17.888823,6.183053,64.638359,True,OK
1777554184.561340,True,True,0.40438758,346,421,8.447045,6.193373,65.042747,True,OK
1777554184.608749,True,True,0.40483291,346,421,0.000000,6.165540,65.042747,True,OK
1777554184.640737,True,True,0.40498996,347,421,12.660533,6.185175,65.447737,True,OK
1777554184.672656,True,True,0.40431974,345,421,25.334676,6.242765,66.256376,True,OK
1777554184.704503,True,True,0.40447201,347,421,25.400568,6.300080,67.065320,True,OK
1777554184.720510,True,True,0.40440972,347,421,0.000000,6.290621,67.065320,True,OK
1777554184.752268,True,True,0.40482971,347,422,12.747302,6.309797,67.470150,True,OK
1777554184.783985,True,True,0.40414378,347,421,12.741965,6.328820,67.874294,True,OK
1777554184.827780,True,True,0.40390204,348,420,13.042851,6.356126,68.445497,True,OK
1777554184.848340,True,True,0.40333998,348,420,0.000000,6.344013,68.445497,True,OK
1777554184.879055,True,True,0.40473380,348,420,0.000000,6.326004,68.445497,True,OK
1777554184.910805,True,True,0.40473380,348,420,0.000000,6.307494,68.445497,True,OK
1777554184.926903,True,True,0.40446393,348,420,0.000000,6.298151,68.445497,True,OK
1777554184.958793,True,True,0.40454357,349,420,12.685532,6.316840,68.850041,True,OK
1777554185.006456,True,True,0.40462536,348,420,8.489387,6.326299,69.254666,True,OK
1777554185.054284,True,True,0.40442269,349,420,8.455780,6.335562,69.659089,True,OK
1777554185.085922,True,True,0.40512692,348,421,18.109025,6.369343,70.232025,True,OK
1777554185.137048,True,True,0.40602723,349,422,11.231151,6.391782,70.806234,True,OK
1777554185.181355,True,True,0.40634721,347,422,18.342351,6.439389,71.618929,True,OK
1777554185.197478,True,True,0.40555679,348,423,35.573954,6.481562,72.192473,True,OK
1777554185.239448,True,True,0.40597356,348,424,9.672943,6.493542,72.598446,True,OK
1777554185.277651,True,True,0.40681409,346,425,23.811471,6.552517,73.508110,True,OK
1777554185.309755,True,True,0.40848921,347,425,12.723740,6.570127,73.916599,True,OK
1777554185.341772,True,True,0.40741080,347,427,25.449471,6.623703,74.731421,True,OK
1777554185.356919,True,True,0.40689476,346,428,37.991372,6.665757,75.306857,True,OK
1777554185.404849,True,True,0.40796327,347,428,8.511647,6.673555,75.714820,True,OK
1777554185.436546,True,True,0.40838778,347,429,12.884197,6.690858,76.123208,True,OK
1777554185.468728,True,True,0.40875696,347,430,12.701330,6.707812,76.531965,True,OK
1777554185.516275,True,True,0.40905170,347,430,0.000000,6.679974,76.531965,True,OK
1777554185.548041,True,True,0.40846591,345,430,25.717613,6.732611,77.348897,True,OK
1777554185.595409,True,True,0.40860469,347,431,19.288598,6.784168,78.262565,True,OK
1777554185.644342,True,True,0.41002623,347,431,0.000000,6.755513,78.262565,True,OK
1777554185.691016,True,True,0.40915039,347,431,0.000000,6.728405,78.262565,True,OK
1777554185.722875,True,True,0.41002580,347,431,0.000000,6.710026,78.262565,True,OK
1777554185.770650,True,True,0.41006591,345,431,17.166623,6.752682,79.082696,True,OK
1777554185.818175,True,True,0.41006591,345,431,0.000000,6.725390,79.082696,True,OK
1777554185.866179,True,True,0.40960542,347,432,19.079621,6.775620,79.998602,True,OK
1777554185.898212,True,True,0.41012668,347,432,0.000000,6.757287,79.998602,True,OK
1777554185.930140,True,True,0.40935931,347,432,0.000000,6.739113,79.998602,True,OK
1777554185.962124,True,True,0.40965912,346,432,12.808406,6.755422,80.408261,True,OK
1777554185.993265,True,True,0.40991835,346,433,13.162981,6.772142,80.818180,True,OK
1777554186.009385,True,True,0.41008034,348,433,50.880847,6.831640,81.638340,True,OK
1777554186.056874,True,True,0.40926701,348,432,8.618156,6.838711,82.047607,True,OK
1777554186.089537,True,True,0.40853124,348,433,12.507421,6.854102,82.456138,True,OK
1777554186.120312,True,True,0.40877397,347,433,13.282530,6.870506,82.864912,True,OK
1777554186.152110,True,True,0.40924460,347,433,0.000000,6.852439,82.864912,True,OK
1777554186.183867,True,True,0.40924460,347,433,0.000000,6.834491,82.864912,True,OK
1777554186.215388,True,True,0.40968131,347,433,0.000000,6.816769,82.864912,True,OK
1777554186.247373,True,True,0.40840222,348,433,12.768537,6.832388,83.273315,True,OK
1777554186.279435,True,True,0.40984550,349,433,12.783074,6.848001,83.683160,True,OK
1777554186.310859,True,True,0.40883379,350,433,13.010024,6.863806,84.091994,True,OK
1777554186.342685,True,True,0.43693673,352,451,248.646825,7.490250,92.005255,True,OK
1777554186.374185,True,True,0.43594957,352,452,13.839625,7.506491,92.441204,True,OK
1777554186.405278,True,True,0.43775813,352,453,14.078722,7.523044,92.878962,True,OK
1777554186.437386,True,True,0.43774004,353,453,13.633638,7.538894,93.316702,True,OK
1777554186.468650,True,True,0.43687062,353,454,13.973250,7.555105,93.753573,True,OK
1777554186.500905,True,True,0.43626761,353,454,0.000000,7.535518,93.753573,True,OK
1777554186.547131,True,True,0.43624026,352,453,13.345957,7.557027,94.370510,True,OK
1777554186.579979,True,True,0.43674001,352,453,0.000000,7.537201,94.370510,True,OK
1777554186.610228,True,True,0.43575416,353,454,20.372797,7.568136,94.986759,True,OK
1777554186.642399,True,True,0.43575416,353,454,0.000000,7.548787,94.986759,True,OK
1777554186.678055,True,True,0.43578171,353,453,12.221842,7.561991,95.422541,True,OK
1777554186.705640,True,True,0.43579517,353,454,15.798386,7.579957,95.858336,True,OK
1777554186.721384,True,True,0.43536238,353,453,27.652641,7.604915,96.293699,True,OK
1777554186.757678,True,True,0.43575905,353,455,24.012428,7.651811,97.165217,True,OK
1777554186.784739,True,True,0.43523772,353,454,16.083304,7.669741,97.600455,True,OK
1777554186.816350,True,True,0.40661492,351,437,220.184079,8.196329,104.560581,True,OK
1777554186.848331,True,True,0.40661492,351,437,0.000000,8.175833,104.560581,True,OK
1777554186.866379,True,True,0.40680426,351,437,0.000000,8.164311,104.560581,True,OK
1777554186.896058,True,True,0.40685598,351,437,0.000000,8.145435,104.560581,True,OK
1777554186.927743,True,True,0.40795856,351,438,12.875111,8.157081,104.968539,True,OK
1777554186.961244,True,True,0.40795856,351,438,0.000000,8.135901,104.968539,True,OK
1777554187.006723,True,True,0.40727297,351,440,17.910445,8.170235,105.783085,True,OK
1777554187.054522,True,True,0.40671065,351,440,0.000000,8.140183,105.783085,True,OK
1777554187.101825,True,True,0.40782236,351,443,25.864101,8.204466,107.006552,True,OK
1777554187.149178,True,True,0.40833836,351,445,17.246731,8.237176,107.823229,True,OK
1777554187.197087,True,True,0.40849068,351,446,8.526298,8.238231,108.231720,True,OK
1777554187.244534,True,True,0.40866443,351,448,17.226070,8.270574,109.049049,True,OK
1777554187.278722,True,True,0.40866056,351,449,11.953655,8.280099,109.457709,True,OK
1777554187.323920,True,True,0.40970129,351,451,18.129097,8.313659,110.277112,True,OK
1777554187.371340,True,True,0.41085457,352,451,8.664071,8.314907,110.687966,True,OK
1777554187.419381,True,True,0.41002751,351,452,12.070275,8.328411,111.267833,True,OK
1777554187.451070,True,True,0.41002751,351,452,0.000000,8.308703,111.267833,True,OK
1777554187.498694,True,True,0.41048353,351,453,8.619281,8.309804,111.678316,True,OK
1777554187.546675,True,True,0.41103328,350,454,12.114974,8.323340,112.259605,True,OK
1777554187.579052,True,True,0.41103328,350,454,0.000000,8.303407,112.259605,True,OK
1777554187.611039,True,True,0.41145130,352,455,28.763191,8.351699,113.179638,True,OK
1777554187.643105,True,True,0.41179705,351,455,12.842319,8.362300,113.591435,True,OK
1777554187.675200,True,True,0.41224788,351,455,0.000000,8.342588,113.591435,True,OK
1777554187.707451,True,True,0.41205203,351,456,12.776363,8.353065,114.003487,True,OK
1777554187.739167,True,True,0.41266135,351,456,0.000000,8.333699,114.003487,True,OK
1777554187.771042,True,True,0.41246388,351,457,12.940086,8.344407,114.415951,True,OK
1777554187.802849,True,True,0.41215889,351,456,12.958238,8.355085,114.828110,True,OK
1777554187.834765,True,True,0.41215889,351,456,0.000000,8.335727,114.828110,True,OK
1777554187.882397,True,True,0.41242858,351,457,8.658736,8.336840,115.240539,True,OK
1777554187.914072,True,True,0.41245731,351,457,0.000000,8.317780,115.240539,True,OK
1777554187.945840,True,True,0.41176335,352,457,12.961542,8.328404,115.652302,True,OK
1777554187.961829,True,True,0.41176335,352,457,0.000000,8.318825,115.652302,True,OK
1777554188.010110,True,True,0.41166760,350,457,17.053002,8.349052,116.475637,True,OK
1777554188.028535,True,True,0.41240333,350,457,0.000000,8.338041,116.475637,True,OK
1777554188.074733,True,True,0.41224897,349,457,8.923545,8.339970,116.887886,True,OK
1777554188.105508,True,True,0.41324739,350,457,13.428096,8.351118,117.301134,True,OK
1777554188.137457,True,True,0.41326759,350,457,0.000000,8.332166,117.301134,True,OK
1777554188.169146,True,True,0.41332764,351,457,13.043380,8.342747,117.714461,True,OK
1777554188.200868,True,True,0.41311194,350,456,18.417100,8.365345,118.298690,True,OK
1777554188.232425,True,True,0.41321878,350,456,0.000000,8.346720,118.298690,True,OK
1777554188.263933,True,True,0.41325864,350,456,0.000000,8.328205,118.298690,True,OK
1777554188.295532,True,True,0.41233290,349,456,13.048707,8.338683,118.711023,True,OK
1777554188.343297,True,True,0.41244494,349,456,0.000000,8.310799,118.711023,True,OK
1777554188.390908,True,True,0.41298900,349,456,0.000000,8.283190,118.711023,True,OK
1777554188.438900,True,True,0.41271578,349,456,0.000000,8.255545,118.711023,True,OK
1777554188.486359,True,True,0.41237611,349,455,8.688992,8.256971,119.123399,True,OK
1777554188.534225,True,True,0.41230659,349,455,0.000000,8.229666,119.123399,True,OK
1777554188.582568,True,True,0.41275600,349,455,0.000000,8.202273,119.123399,True,OK
1777554188.614315,True,True,0.41210408,349,455,0.000000,8.184382,119.123399,True,OK
1777554188.647614,True,True,0.41242276,349,455,0.000000,8.165700,119.123399,True,OK
1777554188.677326,True,True,0.41242276,349,455,0.000000,8.149103,119.123399,True,OK
1777554188.708133,True,True,0.41202121,349,454,13.373954,8.160091,119.535420,True,OK
1777554188.742923,True,True,0.41207987,350,454,11.845010,8.168822,119.947500,True,OK
1777554188.786813,True,True,0.41137332,349,454,9.372724,8.172410,120.358873,True,OK
1777554188.834597,True,True,0.41179073,350,454,8.617737,8.173850,120.770664,True,OK
1777554188.881429,True,True,0.41225337,350,453,8.802932,8.175838,121.182917,True,OK
1777554188.929244,True,True,0.41261585,349,452,12.203825,8.188790,121.766444,True,OK
1777554188.960792,True,True,0.41306647,349,453,13.093359,8.199173,122.179511,True,OK
1777554189.008321,True,True,0.41207559,351,452,19.386385,8.234743,123.100940,True,OK
1777554189.040222,True,True,0.41178268,350,451,18.254939,8.256080,123.683288,True,OK
1777554189.071828,True,True,0.41173612,350,451,0.000000,8.238698,123.683288,True,OK
1777554189.103819,True,True,0.41197510,351,451,12.877842,8.248563,124.095264,True,OK
1777554189.135334,True,True,0.41283909,349,450,29.292517,8.292553,125.018400,True,OK
1777554189.151363,True,True,0.41272122,349,450,0.000000,8.283745,125.018400,True,OK
1777554189.198270,True,True,0.41290528,349,450,0.000000,8.258078,125.018400,True,OK
1777554189.214151,True,True,0.41283633,349,450,0.000000,8.249425,125.018400,True,OK
1777554189.245829,True,True,0.41282504,349,449,13.031932,8.259401,125.431225,True,OK
1777554189.282712,True,True,0.41168769,350,449,11.161955,8.266433,125.842913,True,OK
1777554189.313382,True,True,0.41148738,351,449,13.416536,8.276788,126.254400,True,OK
1777554189.341239,True,True,0.41238174,351,448,14.803742,8.288686,126.666782,True,OK
1777554189.382606,True,True,0.41285215,351,448,0.000000,8.266310,126.666782,True,OK
1777554189.404778,True,True,0.41285215,351,448,0.000000,8.254366,126.666782,True,OK
1777554189.436672,True,True,0.41216017,350,448,12.922728,8.264049,127.078942,True,OK
1777554189.468754,True,True,0.41124695,350,448,0.000000,8.246843,127.078942,True,OK
1777554189.500764,True,True,0.41282066,350,448,0.000000,8.229747,127.078942,True,OK
1777554189.532597,True,True,0.41153313,349,448,12.927905,8.239413,127.490475,True,OK
1777554189.564110,True,True,0.41229979,351,448,26.166788,8.275850,128.315075,True,OK
1777554189.595898,True,True,0.41151948,349,448,25.891991,8.311892,129.138113,True,OK
1777554189.611735,True,True,0.41154373,350,449,36.748508,8.340850,129.720124,True,OK
1777554189.643758,True,True,0.41258116,349,449,12.884112,8.350186,130.132705,True,OK
1777554189.683586,True,True,0.41234682,349,450,10.353049,8.355291,130.545052,True,OK
1777554189.706990,True,True,0.41274244,349,451,17.635460,8.369172,130.957795,True,OK
1777554189.738555,True,True,0.41274244,349,451,0.000000,8.352323,130.957795,True,OK
1777554189.770222,True,True,0.41308425,350,453,29.168901,8.394281,131.881479,True,OK
1777554189.802083,True,True,0.41308425,350,453,0.000000,8.377292,131.881479,True,OK
1777554189.818156,True,True,0.41352429,350,455,51.455806,8.421229,132.708528,True,OK
1777554189.850117,True,True,0.41300058,350,456,12.921742,8.430339,133.121528,True,OK
1777554189.883807,True,True,0.41333809,350,457,12.269135,8.438511,133.534866,True,OK
1777554189.914204,True,True,0.41305172,350,458,13.588490,8.448385,133.947918,True,OK
1777554189.946151,True,True,0.41405560,350,459,12.960455,8.457459,134.361974,True,OK
1777554189.978280,True,True,0.41414900,350,461,25.781111,8.492422,135.190272,True,OK
1777554189.993771,True,True,0.41414900,350,461,0.000000,8.484165,135.190272,True,OK
1777554190.025991,True,True,0.41499843,350,462,12.880195,8.493036,135.605270,True,OK
1777554190.058003,True,True,0.41471236,350,463,12.955005,8.501964,136.019982,True,OK
1777554190.086149,True,True,0.41471236,350,463,0.000000,8.487033,136.019982,True,OK
1777554190.120909,True,True,0.41410432,350,466,35.739976,8.546013,137.262295,True,OK
1777554190.148301,True,True,0.41595897,350,467,15.185732,8.557317,137.678254,True,OK
1777554190.184014,True,True,0.41554446,350,469,23.271200,8.589905,138.509343,True,OK
1777554190.209617,True,True,0.41554446,350,469,0.000000,8.576287,138.509343,True,OK
1777554190.242462,True,True,0.41677366,349,470,17.945224,8.595302,139.098750,True,OK
1777554190.279062,True,True,0.41718323,350,472,25.488126,8.633421,140.031600,True,OK
1777554190.310711,True,True,0.41657526,350,474,26.324609,8.667874,140.864751,True,OK
1777554190.342637,True,True,0.41670393,350,476,26.103845,8.702060,141.698159,True,OK
1777554190.374169,True,True,0.41586656,350,474,26.377588,8.736222,142.529892,True,OK
1777554190.406010,True,True,0.39504354,351,475,17.546044,8.753382,143.088568,True,OK
1777554190.437411,True,True,0.38496154,350,477,27.413008,8.789158,143.949368,True,OK
1777554190.469318,True,True,0.38492546,351,478,17.060875,8.805241,144.493735,True,OK
1777554190.500197,True,True,0.37747650,352,481,38.657441,8.861308,145.687420,True,OK
1777554190.516065,True,True,0.37688586,352,481,0.000000,8.852764,145.687420,True,OK
1777554190.551621,True,True,0.37597998,351,482,14.954292,8.865918,146.219136,True,OK
1777554190.595396,True,True,0.37709227,351,483,8.614313,8.865252,146.596228,True,OK
1777554190.626812,True,True,0.37710184,345,483,72.021118,8.985011,148.858840,True,OK
1777554190.659012,True,True,0.37628095,345,485,23.371590,9.012918,149.611401,True,OK
1777554190.690403,True,True,0.37628095,345,485,0.000000,8.995906,149.611401,True,OK
1777554190.725846,True,True,0.37713193,353,462,259.116575,9.527807,158.795164,True,OK
1777554190.753297,True,True,0.37706209,353,486,329.650717,10.054222,167.844654,True,OK
1777554190.784942,True,True,0.37692158,353,487,11.911093,10.057735,168.221576,True,OK
1777554190.816917,True,True,0.37791626,345,463,298.997885,10.609068,177.782185,True,OK
1777554190.848826,True,True,0.37663656,345,463,0.000000,10.588906,177.782185,True,OK
1777554190.869260,True,True,0.37739113,345,464,18.468441,10.598484,178.159576,True,OK
1777554190.902042,True,True,0.37739113,345,464,0.000000,10.577856,178.159576,True,OK
1777554190.928297,True,True,0.37730700,346,488,345.195118,11.098665,187.222802,True,OK
1777554190.960492,True,True,0.37670902,353,488,81.906965,11.233546,189.859765,True,OK
1777554190.991213,True,True,0.37673900,353,488,0.000000,11.213164,189.859765,True,OK
1777554191.023049,True,True,0.37644639,353,488,0.000000,11.192120,189.859765,True,OK
1777554191.038409,True,True,0.37618287,353,488,0.000000,11.181995,189.859765,True,OK
1777554191.085640,True,True,0.37656919,349,488,31.891886,11.239444,191.366041,True,OK
1777554191.116417,True,True,0.37579119,347,488,24.420468,11.263227,192.117624,True,OK
1777554191.149169,True,True,0.37569378,349,489,25.649232,11.290797,192.957701,True,OK
1777554191.180774,True,True,0.37569378,349,489,0.000000,11.269956,192.957701,True,OK
1777554191.212460,True,True,0.37580441,349,489,0.000000,11.249138,192.957701,True,OK
1777554191.244517,True,True,0.37638020,349,489,0.000000,11.228153,192.957701,True,OK
1777554191.276613,True,True,0.37592933,348,489,11.712687,11.229056,193.333630,True,OK
1777554191.308704,True,True,0.37609941,351,489,35.159703,11.273577,194.461928,True,OK
1777554191.328393,True,True,0.37571392,351,488,19.082347,11.282480,194.837642,True,OK
1777554191.372550,True,True,0.37547398,351,488,0.000000,11.253705,194.837642,True,OK
1777554191.404179,True,True,0.37489728,351,487,11.852928,11.254797,195.212539,True,OK
1777554191.431844,True,True,0.37483480,351,488,13.548761,11.258450,195.587374,True,OK
1777554191.467381,True,True,0.37555497,356,488,52.839632,11.343335,197.465149,True,OK
1777554191.486147,True,True,0.37533013,356,488,0.000000,11.331120,197.465149,True,OK
1777554191.530886,True,True,0.37531906,351,487,42.775849,11.411641,199.378908,True,OK
1777554191.578748,True,True,0.37400164,352,487,7.814197,11.401813,199.752910,True,OK
1777554191.596632,True,True,0.37435149,351,487,20.932741,11.411532,200.127261,True,OK
1777554191.642015,True,True,0.37505863,351,486,8.264172,11.403408,200.502320,True,OK
1777554191.673865,True,True,0.37415632,350,486,11.747678,11.404031,200.876476,True,OK
1777554191.705528,True,True,0.37497424,347,485,37.450140,11.450765,202.062249,True,OK
1777554191.737347,True,True,0.37474242,350,485,35.331302,11.493749,203.186476,True,OK
1777554191.768776,True,True,0.37453062,349,485,11.916791,11.494500,203.561007,True,OK
1777554191.800396,True,True,0.37472293,353,484,48.861774,11.561101,205.106029,True,OK
1777554191.832014,True,True,0.37490894,350,460,286.794610,12.050746,214.173867,True,OK
1777554191.864061,True,True,0.37444191,352,461,26.126717,12.076081,215.011144,True,OK
1777554191.895857,True,True,0.37495483,349,484,273.525546,12.542150,223.708157,True,OK
1777554191.920585,True,True,0.37528492,350,484,15.176188,12.545797,224.083442,True,OK
1777554191.959522,True,True,0.37479270,350,483,9.625595,12.539445,224.458234,True,OK
1777554191.990999,True,True,0.37512340,350,483,0.000000,12.517434,224.458234,True,OK
1777554192.022546,True,True,0.37445168,352,483,23.738878,12.537141,225.207138,True,OK
1777554192.038375,True,True,0.37477525,351,482,33.484951,12.555583,225.737150,True,OK
1777554192.086668,True,True,0.37633678,351,482,0.000000,12.521948,225.737150,True,OK
1777554192.117516,True,True,0.37534962,348,482,36.502263,12.562914,226.863199,True,OK
1777554192.133545,True,True,0.37534962,348,482,0.000000,12.551773,226.863199,True,OK
1777554192.180744,True,True,0.37525826,350,480,22.487448,12.577651,227.924589,True,OK
1777554192.227702,True,True,0.37617186,351,481,11.329183,12.574424,228.456577,True,OK
1777554192.275018,True,True,0.37484885,351,481,0.000000,12.541762,228.456577,True,OK
1777554192.307106,True,True,0.37591399,351,481,0.000000,12.519707,228.456577,True,OK
1777554192.338896,True,True,0.37587304,348,481,35.470855,12.559622,229.584196,True,OK
1777554192.370586,True,True,0.37577161,348,480,11.857957,12.558407,229.959967,True,OK
1777554192.402450,True,True,0.37577161,348,480,0.000000,12.536592,229.959967,True,OK
1777554192.433977,True,True,0.37597175,350,480,23.850386,12.556004,230.711911,True,OK
1777554192.457267,True,True,0.37538863,349,480,16.117909,12.560513,231.087300,True,OK
1777554192.496920,True,True,0.37526684,350,480,9.463754,12.553853,231.462566,True,OK
1777554192.528720,True,True,0.37645532,349,480,11.838295,12.552621,231.839022,True,OK
1777554192.576657,True,True,0.37534872,350,480,7.830017,12.540396,232.214370,True,OK
1777554192.604775,True,True,0.37579329,349,480,13.364802,12.541646,232.590164,True,OK
1777554192.639837,True,True,0.37601839,351,480,21.449162,12.558454,233.342201,True,OK
1777554192.671601,True,True,0.37681999,349,480,23.726207,12.577513,234.095840,True,OK
1777554192.703523,True,True,0.37657227,351,480,23.593024,12.596374,234.848985,True,OK
1777554192.734907,True,True,0.37690440,349,480,24.018713,12.615569,235.602794,True,OK
1777554192.783141,True,True,0.37601236,348,480,7.795590,12.603152,235.978806,True,OK
1777554192.815233,True,True,0.37601236,348,480,0.000000,12.581588,235.978806,True,OK
1777554192.847356,True,True,0.37671113,347,480,11.726853,12.580127,236.355517,True,OK
1777554192.879464,True,True,0.37658793,349,480,23.458049,12.598685,237.108693,True,OK
1777554192.910627,True,True,0.37681342,349,480,0.000000,12.577858,237.108693,True,OK
1777554192.936733,True,True,0.37681342,349,480,0.000000,12.560464,237.108693,True,OK
1777554192.974212,True,True,0.37655831,348,480,10.047010,12.555483,237.485251,True,OK
1777554193.007665,True,True,0.37661762,348,480,0.000000,12.533317,237.485251,True,OK
1777554193.036724,True,True,0.37650220,348,480,0.000000,12.514126,237.485251,True,OK
1777554193.068454,True,True,0.37651425,349,480,11.866126,12.513044,237.861766,True,OK
1777554193.100187,True,True,0.37655697,349,479,11.866313,12.511966,238.238323,True,OK
1777554193.120292,True,True,0.37620148,349,479,0.000000,12.498769,238.238323,True,OK
1777554193.163704,True,True,0.37621088,350,480,12.255731,12.498217,238.770365,True,OK
1777554193.194873,True,True,0.37628563,349,479,17.072900,12.505668,239.302513,True,OK
1777554193.226937,True,True,0.37671109,348,479,11.748913,12.504402,239.679225,True,OK
1777554193.258726,True,True,0.37627771,350,479,23.673228,12.522895,240.431780,True,OK
1777554193.292288,True,True,0.37839893,349,479,11.274723,12.520717,240.810179,True,OK
1777554193.322062,True,True,0.37755656,350,479,12.680667,12.520964,241.187735,True,OK
1777554193.354107,True,True,0.37755656,350,479,0.000000,12.500169,241.187735,True,OK
1777554193.385446,True,True,0.37733739,347,479,36.121596,12.538473,242.319748,True,OK
1777554193.417223,True,True,0.38522880,350,478,38.335456,12.580821,243.537948,True,OK
1777554193.467849,True,True,0.38444130,348,478,15.187707,12.587621,244.306831,True,OK
1777554193.512604,True,True,0.38437360,348,478,0.000000,12.558661,244.306831,True,OK
1777554193.544536,True,True,0.37902378,348,479,11.869850,12.557532,244.685854,True,OK
1777554193.576252,True,True,0.37902378,348,479,0.000000,12.537125,244.685854,True,OK
1777554193.608015,True,True,0.37781909,348,479,0.000000,12.516755,244.685854,True,OK
1777554193.640154,True,True,0.37813472,348,479,0.000000,12.496210,244.685854,True,OK
1777554193.671675,True,True,0.37989483,349,479,12.052087,12.495497,245.065749,True,OK
1777554193.703474,True,True,0.37888414,346,479,35.744823,12.533132,246.202402,True,OK
1777554193.719337,True,True,0.37912245,349,479,71.700725,12.580871,247.339769,True,OK
1777554193.751670,True,True,0.38089442,350,479,11.780051,12.579556,247.720663,True,OK
1777554193.799704,True,True,0.37865673,348,479,15.766446,12.587311,248.477977,True,OK
1777554193.823405,True,True,0.37865673,348,479,0.000000,12.572216,248.477977,True,OK
1777554193.863636,True,True,0.37550068,349,480,13.199416,12.573490,249.009015,True,OK
1777554193.895529,True,True,0.37527775,347,480,23.534066,12.591112,249.759571,True,OK
1777554193.927090,True,True,0.37425718,347,480,0.000000,12.571111,249.759571,True,OK
1777554193.943022,True,True,0.37486269,348,480,23.527737,12.579890,250.134433,True,OK
1777554193.989669,True,True,0.37531539,348,481,8.045892,12.569279,250.509749,True,OK
1777554194.021863,True,True,0.37469617,346,481,23.277637,12.586548,251.259141,True,OK
1777554194.052537,True,True,0.37486437,346,481,0.000000,12.567238,251.259141,True,OK
1777554194.084992,True,True,0.37469507,348,482,25.815006,12.588708,252.096985,True,OK
1777554194.132830,True,True,0.37502533,348,482,0.000000,12.558708,252.096985,True,OK
1777554194.166770,True,True,0.37471284,346,482,22.080693,12.574781,252.846410,True,OK
1777554194.212455,True,True,0.37543487,347,483,11.621977,12.572621,253.377355,True,OK
1777554194.244026,True,True,0.37543487,347,483,0.000000,12.552956,253.377355,True,OK
1777554194.275845,True,True,0.37482525,348,483,11.779792,12.551739,253.752181,True,OK
1777554194.291940,True,True,0.37491737,349,483,23.294484,12.560285,254.127098,True,OK
1777554194.340167,True,True,0.37444864,349,484,7.764322,12.548880,254.501547,True,OK
1777554194.356137,True,True,0.37539467,349,484,0.000000,12.539006,254.501547,True,OK
1777554194.403907,True,True,0.37576105,347,485,17.589094,12.550864,255.341774,True,OK
1777554194.419749,True,True,0.37534692,347,485,0.000000,12.541098,255.341774,True,OK
1777554194.451934,True,True,0.37581133,346,486,16.513409,12.547367,255.873251,True,OK
1777554194.499810,True,True,0.37552959,347,486,7.843816,12.536351,256.248781,True,OK
1777554194.531967,True,True,0.37528732,348,486,11.670491,12.534991,256.624068,True,OK
1777554194.564103,True,True,0.37529314,347,487,16.515475,12.541229,257.154813,True,OK
1777554194.595569,True,True,0.37485676,348,487,11.913161,12.540267,257.529670,True,OK
1777554194.627425,True,True,0.37505230,349,487,11.773254,12.539079,257.904722,True,OK
1777554194.648362,True,True,0.37529525,348,488,25.350076,12.552106,258.435470,True,OK
1777554194.675077,True,True,0.37490354,348,488,0.000000,12.535840,258.435470,True,OK
1777554194.722935,True,True,0.37502078,346,488,15.672151,12.543104,259.185511,True,OK
1777554194.754737,True,True,0.37632412,348,489,26.460220,12.564490,260.026997,True,OK
1777554194.786406,True,True,0.37594133,348,489,0.000000,12.545293,260.026997,True,OK
1777554194.833435,True,True,0.37544454,345,465,193.089121,12.954013,269.107789,True,OK
1777554194.865678,True,True,0.37549535,345,489,279.501018,13.367071,278.119678,True,OK
1777554194.897441,True,True,0.37635892,347,489,23.698066,13.382818,278.872396,True,OK
1777554194.929098,True,True,0.37618566,349,489,23.766185,13.398569,279.624767,True,OK
1777554194.960849,True,True,0.37538322,346,489,35.468256,13.432094,280.750917,True,OK
1777554194.992637,True,True,0.37565721,348,488,26.424620,13.451824,281.590912,True,OK
1777554195.008712,True,True,0.37535439,347,489,33.023357,13.466841,282.121743,True,OK
1777554195.056514,True,True,0.37546378,346,489,7.854489,13.454064,282.497207,True,OK
1777554195.103825,True,True,0.37607316,348,488,17.774475,13.463777,283.338132,True,OK
1777554195.136047,True,True,0.37519082,347,488,11.643836,13.460995,283.713323,True,OK
1777554195.168122,True,True,0.37551744,348,488,11.707507,13.458330,284.088840,True,OK
1777554195.199837,True,True,0.37548821,348,488,0.000000,13.438140,284.088840,True,OK
1777554195.231623,True,True,0.37592086,348,488,0.000000,13.417965,284.088840,True,OK
1777554195.263235,True,True,0.37579778,347,488,11.888030,13.415684,284.464638,True,OK
1777554195.295315,True,True,0.37606070,348,487,16.578033,13.420462,284.996468,True,OK
1777554195.326997,True,True,0.37643321,348,487,0.000000,13.400469,284.996468,True,OK
1777554195.359142,True,True,0.37523766,347,487,11.673274,13.397863,285.371706,True,OK
1777554195.389821,True,True,0.37615255,346,487,12.261109,13.396228,285.747858,True,OK
1777554195.421772,True,True,0.37533014,346,487,0.000000,13.376192,285.747858,True,OK
1777554195.469322,True,True,0.37575073,346,487,0.000000,13.346484,285.747858,True,OK
1777554195.501183,True,True,0.37573737,346,487,0.000000,13.326652,285.747858,True,OK
1777554195.532693,True,True,0.37580718,347,487,11.926647,13.324598,286.123665,True,OK
1777554195.564513,True,True,0.37560336,347,487,0.000000,13.304882,286.123665,True,OK
1777554195.596202,True,True,0.37510373,347,487,0.000000,13.285305,286.123665,True,OK
1777554195.627917,True,True,0.37591703,347,487,0.000000,13.265770,286.123665,True,OK
1777554195.659138,True,True,0.37628160,347,487,0.000000,13.246595,286.123665,True,OK
1777554195.690562,True,True,0.37574175,347,486,11.957323,13.244722,286.499407,True,OK
1777554195.706398,True,True,0.37574485,345,486,47.452370,13.269748,287.250897,True,OK
1777554195.756331,True,True,0.37564134,345,486,0.000000,13.239210,287.250897,True,OK
1777554195.786066,True,True,0.37533183,347,486,25.245855,13.255641,288.001561,True,OK
1777554195.817615,True,True,0.37450556,346,486,11.870429,13.253633,288.376066,True,OK
1777554195.849553,True,True,0.37474218,347,486,11.733486,13.251405,288.750808,True,OK
1777554195.881985,True,True,0.37447444,346,486,11.546421,13.248871,289.125283,True,OK
1777554195.901009,True,True,0.37479722,348,485,44.054205,13.275702,289.963355,True,OK
1777554195.944144,True,True,0.37418699,348,485,0.000000,13.249535,289.963355,True,OK
1777554195.975606,True,True,0.37404822,347,485,11.888906,13.247582,290.337403,True,OK
1777554195.998460,True,True,0.37404822,347,485,0.000000,13.233782,290.337403,True,OK
1777554196.039688,True,True,0.37435079,346,485,9.080001,13.225991,290.711754,True,OK
1777554196.071842,True,True,0.37478850,346,485,0.000000,13.206671,290.711754,True,OK
1777554196.105434,True,True,0.37377048,348,485,22.253235,13.220456,291.459295,True,OK
1777554196.119070,True,True,0.37496413,348,485,0.000000,13.212284,291.459295,True,OK
1777554196.167320,True,True,0.37464113,347,485,7.764474,13.200394,291.833936,True,OK
1777554196.193317,True,True,0.37477458,347,485,0.000000,13.184890,291.833936,True,OK
1777554196.230622,True,True,0.37366320,349,485,20.033069,13.196412,292.581262,True,OK
1777554196.267143,True,True,0.37414396,348,485,10.244570,13.191558,292.955406,True,OK
1777554196.294006,True,True,0.37446227,346,485,27.879306,13.209303,293.704331,True,OK
1777554196.325192,True,True,0.37459003,348,485,24.023248,13.224449,294.453511,True,OK
1777554196.341149,True,True,0.37371246,346,485,46.840996,13.248523,295.200936,True,OK
1777554196.388550,True,True,0.37393290,347,487,17.639540,13.257845,296.037075,True,OK
1777554196.420560,True,True,0.37367631,348,486,16.509239,13.262499,296.565533,True,OK
1777554196.453324,True,True,0.37386239,348,486,0.000000,13.243095,296.565533,True,OK
1777554196.483891,True,True,0.37406187,347,487,17.306665,13.248634,297.094537,True,OK
1777554196.516104,True,True,0.37441818,346,487,11.623039,13.246302,297.468955,True,OK
1777554196.547589,True,True,0.37441818,346,487,0.000000,13.227756,297.468955,True,OK
1777554196.579175,True,True,0.37441668,346,487,0.000000,13.209203,297.468955,True,OK
1777554196.611074,True,True,0.37379321,346,487,0.000000,13.190519,297.468955,True,OK
1777554196.642832,True,True,0.37379321,346,487,0.000000,13.171970,297.468955,True,OK
1777554196.674539,True,True,0.37409506,346,487,0.000000,13.153502,297.468955,True,OK
1777554196.706350,True,True,0.37310147,347,487,11.728606,13.151501,297.842056,True,OK
1777554196.738020,True,True,0.37240784,347,487,0.000000,13.133135,297.842056,True,OK
1777554196.770056,True,True,0.37350961,347,487,0.000000,13.114610,297.842056,True,OK
1777554196.801874,True,True,0.37350961,347,487,0.000000,13.096262,297.842056,True,OK
1777554196.833803,True,True,0.37315245,345,488,26.132789,13.114538,298.676451,True,OK
1777554196.865739,True,True,0.37434097,346,487,16.576756,13.119386,299.205849,True,OK
1777554196.897759,True,True,0.37379904,346,487,0.000000,13.100993,299.205849,True,OK
1777554196.929633,True,True,0.37283231,346,487,0.000000,13.082734,299.205849,True,OK
1777554196.961420,True,True,0.37319047,346,487,0.000000,13.064576,299.205849,True,OK
1777554196.993145,True,True,0.37348135,346,487,0.000000,13.046504,299.205849,True,OK
1777554197.025162,True,True,0.37423880,345,487,11.688407,13.044610,299.580087,True,OK
1777554197.056804,True,True,0.37407745,346,487,11.822374,13.042929,299.954165,True,OK
1777554197.088190,True,True,0.37391873,346,488,11.913590,13.041390,300.328084,True,OK
1777554197.119954,True,True,0.37385414,345,487,16.644666,13.046353,300.856793,True,OK
1777554197.151747,True,True,0.37390103,344,487,11.760704,13.044583,301.230694,True,OK
1777554197.183646,True,True,0.37283853,345,487,11.687842,13.042711,301.603533,True,OK
1777554197.215106,True,True,0.37340596,346,487,11.869302,13.041117,301.976939,True,OK
1777554197.246952,True,True,0.37252780,346,487,0.000000,13.023206,301.976939,True,OK
1777554197.278695,True,True,0.37300424,346,486,11.751002,13.021467,302.349943,True,OK
1777554197.310438,True,True,0.37302175,345,486,11.751289,13.019733,302.722965,True,OK
1777554197.331913,True,True,0.37302175,345,486,0.000000,13.007719,302.722965,True,OK
1777554197.374484,True,True,0.37313406,345,486,0.000000,12.983968,302.722965,True,OK
1777554197.406234,True,True,0.37353842,345,486,0.000000,12.966311,302.722965,True,OK
1777554197.438215,True,True,0.37335732,345,486,0.000000,12.948574,302.722965,True,OK
1777554197.470260,True,True,0.37393818,344,487,16.502740,12.953438,303.251793,True,OK
1777554197.502145,True,True,0.37328706,344,487,0.000000,12.935820,303.251793,True,OK
1777554197.533757,True,True,0.37338701,344,486,11.811411,12.934306,303.625180,True,OK
1777554197.565620,True,True,0.37302956,344,486,0.000000,12.916774,303.625180,True,OK
1777554197.597460,True,True,0.37374706,345,486,11.738167,12.915179,303.998927,True,OK
1777554197.628209,True,True,0.37269228,345,486,0.000000,12.898330,303.998927,True,OK
1777554197.660966,True,True,0.37290709,345,486,0.000000,12.880428,303.998927,True,OK
1777554197.708376,True,True,0.37293429,346,486,7.866071,12.870376,304.371861,True,OK
1777554197.740121,True,True,0.37327629,345,462,282.449174,13.231759,313.338266,True,OK
1777554197.771610,True,True,0.37297261,346,485,272.686740,13.576299,321.924740,True,OK
1777554197.796086,True,True,0.37297261,346,485,0.000000,13.562300,321.924740,True,OK
1777554197.835426,True,True,0.37241544,347,485,9.466695,13.555523,322.297155,True,OK
1777554197.851310,True,True,0.37284560,348,485,23.473144,13.562144,322.670001,True,OK
1777554197.899099,True,True,0.37180087,348,485,0.000000,13.534957,322.670001,True,OK
1777554197.914968,True,True,0.37267186,347,485,23.484414,13.541576,323.042673,True,OK
1777554197.962460,True,True,0.37229796,347,461,188.141909,13.888478,331.977824,True,OK
1777554197.994109,True,True,0.37218593,348,485,282.474840,14.243637,340.918037,True,OK
1777554198.009805,True,True,0.37161379,347,484,33.483409,14.256246,341.443578,True,OK
1777554198.057683,True,True,0.37155465,349,484,15.520961,14.258769,342.186687,True,OK
1777554198.089851,True,True,0.37215846,350,484,11.569074,14.255168,342.558846,True,OK
1777554198.121830,True,True,0.37166540,350,483,11.621967,14.251669,342.930511,True,OK
1777554198.169385,True,True,0.37038128,350,483,0.000000,14.223559,342.930511,True,OK
1777554198.196568,True,True,0.37135896,348,483,27.322827,14.238311,343.673229,True,OK
1777554198.234177,True,True,0.37141762,350,484,22.083102,14.250515,344.503744,True,OK
1777554198.264944,True,True,0.37146913,349,484,12.073543,14.247748,344.875213,True,OK
1777554198.296886,True,True,0.37191157,348,483,16.466226,14.250671,345.401175,True,OK
1777554198.328233,True,True,0.37091722,347,483,11.832609,14.247548,345.772093,True,OK
1777554198.359655,True,True,0.37147671,348,483,11.822223,14.244412,346.143569,True,OK
1777554198.391291,True,True,0.37060251,348,483,0.000000,14.225891,346.143569,True,OK
1777554198.423210,True,True,0.37051813,348,483,0.000000,14.207254,346.143569,True,OK
1777554198.455072,True,True,0.37058944,348,483,0.000000,14.188699,346.143569,True,OK
1777554198.487133,True,True,0.37033492,350,483,23.101823,14.200397,346.884239,True,OK
1777554198.534643,True,True,0.37086665,350,484,7.806051,14.187985,347.255106,True,OK
1777554198.566484,True,True,0.37086649,351,484,11.647349,14.184684,347.625972,True,OK
1777554198.597549,True,True,0.37035655,351,484,0.000000,14.166727,347.625972,True,OK
1777554198.645298,True,True,0.36935489,349,484,15.470595,14.169259,348.364682,True,OK
1777554198.693224,True,True,0.37063512,350,485,10.936814,14.162970,348.888839,True,OK
1777554198.741346,True,True,0.36948030,350,484,7.677965,14.150326,349.258320,True,OK
1777554198.773147,True,True,0.36875124,351,485,16.399012,14.153220,349.779813,True,OK
1777554198.798024,True,True,0.36875124,351,485,0.000000,14.138987,349.779813,True,OK
1777554198.836255,True,True,0.36988867,352,485,9.675004,14.132099,350.149701,True,OK
1777554198.852401,True,True,0.36883048,351,485,22.844549,14.137773,350.518532,True,OK
1777554198.900020,True,True,0.36970870,351,485,0.000000,14.110671,350.518532,True,OK
1777554198.931783,True,True,0.36891291,351,485,0.000000,14.092651,350.518532,True,OK
1777554198.963944,True,True,0.36901278,349,485,22.947844,14.104086,351.256557,True,OK
1777554198.996011,True,True,0.36910429,350,486,16.277904,14.106882,351.778550,True,OK
1777554199.027803,True,True,0.36913601,351,486,11.611086,14.103704,352.147686,True,OK
1777554199.059372,True,True,0.36840082,351,486,0.000000,14.085895,352.147686,True,OK
1777554199.091304,True,True,0.36806628,350,486,11.526610,14.082630,352.515752,True,OK
1777554199.123158,True,True,0.36809368,350,487,11.555422,14.079418,352.883846,True,OK
1777554199.155104,True,True,0.36802892,351,487,11.520364,14.076160,353.251875,True,OK
1777554199.186922,True,True,0.36890575,351,487,0.000000,14.058336,353.251875,True,OK
1777554199.219414,True,True,0.36861610,352,487,11.344937,14.054832,353.620491,True,OK
1777554199.250180,True,True,0.36804147,351,487,11.962600,14.052277,353.988532,True,OK
1777554199.266260,True,True,0.36768944,353,487,45.732795,14.072486,354.723911,True,OK
1777554199.298524,True,True,0.37185629,351,487,23.051023,14.083964,355.467624,True,OK
1777554199.345785,True,True,0.37054031,351,487,0.000000,14.057640,355.467624,True,OK
1777554199.377655,True,True,0.37507331,351,486,11.768805,14.054759,355.842697,True,OK
1777554199.409666,True,True,0.37596823,350,486,11.745046,14.051843,356.218665,True,OK
1777554199.425694,True,True,0.37596823,350,486,0.000000,14.042964,356.218665,True,OK
1777554199.473676,True,True,0.37526129,353,486,23.462757,14.060748,357.344449,True,OK
1777554199.505645,True,True,0.37549892,353,486,0.000000,14.043083,357.344449,True,OK
1777554199.528977,True,True,0.37533398,352,486,16.086415,14.044955,357.719783,True,OK
1777554199.569366,True,True,0.37528371,351,486,9.291717,14.037429,358.095067,True,OK
1777554199.600522,True,True,0.37470621,350,486,12.026935,14.034977,358.469773,True,OK
1777554199.632599,True,True,0.37487452,351,485,16.527708,14.038104,358.999926,True,OK
1777554199.664845,True,True,0.37508481,351,485,0.000000,14.020425,358.999926,True,OK
1777554199.692846,True,True,0.37489397,352,485,13.388559,14.019735,359.374820,True,OK
1777554199.720700,True,True,0.37501677,351,485,13.463791,14.019131,359.749836,True,OK
1777554199.758112,True,True,0.37516881,351,484,10.027798,14.013320,360.125005,True,OK
1777554199.792733,True,True,0.37516881,351,484,0.000000,13.994467,360.125005,True,OK
1777554199.823351,True,True,0.37546780,352,460,294.564961,14.327900,369.144051,True,OK
1777554199.839168,True,True,0.37535957,351,484,570.059037,14.668858,378.160497,True,OK
1777554199.887282,True,True,0.37504038,351,484,0.000000,14.641532,378.160497,True,OK
1777554199.919036,True,True,0.37481166,350,484,11.803687,14.638047,378.535309,True,OK
1777554199.942267,True,True,0.37511029,351,484,16.146951,14.639401,378.910419,True,OK
1777554199.982987,True,True,0.37518424,351,484,0.000000,14.616406,378.910419,True,OK
1777554200.030572,True,True,0.37513008,351,485,7.883485,14.604070,379.285550,True,OK
1777554200.062706,True,True,0.37523370,351,485,0.000000,14.586023,379.285550,True,OK
1777554200.094157,True,True,0.37534608,351,485,0.000000,14.568402,379.285550,True,OK
1777554200.110104,True,True,0.37516206,349,485,47.049402,14.588286,380.035874,True,OK
1777554200.154368,True,True,0.37486379,350,486,11.976697,14.583856,380.566011,True,OK
1777554200.176692,True,True,0.37552024,350,486,0.000000,14.571391,380.566011,True,OK
1777554200.215555,True,True,0.37346985,349,487,13.590649,14.569934,381.094177,True,OK
1777554200.246892,True,True,0.37346985,349,487,0.000000,14.552498,381.094177,True,OK
1777554200.284545,True,True,0.36740108,351,488,21.818842,14.562931,381.915711,True,OK
1777554200.315641,True,True,0.36721201,350,488,11.808805,14.559669,382.282923,True,OK
1777554200.347632,True,True,0.36839704,349,489,16.285823,14.561769,382.803915,True,OK
1777554200.397714,True,True,0.36728032,349,490,7.333619,14.548025,383.171195,True,OK
1777554200.427313,True,True,0.36895772,349,491,12.464928,14.545687,383.540153,True,OK
1777554200.474752,True,True,0.36950544,348,492,11.015433,14.539347,384.062713,True,OK
1777554200.500184,True,True,0.36950544,348,492,0.000000,14.525362,384.062713,True,OK
1777554200.538557,True,True,0.36972807,348,492,0.000000,14.504313,384.062713,True,OK
1777554200.570122,True,True,0.37000692,347,493,16.577401,14.506781,384.585982,True,OK
1777554200.600521,True,True,0.36960428,348,494,17.194712,14.509860,385.108681,True,OK
1777554200.633959,True,True,0.37009573,348,495,11.068366,14.505529,385.478777,True,OK
1777554200.665516,True,True,0.36961873,346,495,23.425052,14.516109,386.218014,True,OK
1777554200.681202,True,True,0.37089114,348,496,52.870288,14.538708,387.047352,True,OK
1777554200.728755,True,True,0.37118666,346,497,17.454244,14.543907,387.877351,True,OK
1777554200.760236,True,True,0.37157835,345,498,16.692439,14.546440,388.402842,True,OK
1777554200.792162,True,True,0.37157835,345,498,0.000000,14.529067,388.402842,True,OK
1777554200.823897,True,True,0.37067517,345,498,0.000000,14.511840,388.402842,True,OK
1777554200.855983,True,True,0.37114394,343,499,25.865620,14.525435,389.232745,True,OK
1777554200.887349,True,True,0.37193536,345,499,23.715567,14.536179,389.976615,True,OK
1777554200.918993,True,True,0.37193936,343,500,26.281961,14.550018,390.808297,True,OK
1777554200.966079,True,True,0.37169491,344,501,11.163969,14.544092,391.333953,True,OK
1777554200.998199,True,True,0.37155297,345,501,11.567656,14.540543,391.705506,True,OK
1777554201.029834,True,True,0.37230516,344,502,16.643410,14.543010,392.232025,True,OK
1777554201.061541,True,True,0.37318858,344,503,11.769982,14.539754,392.605214,True,OK
1777554201.077298,True,True,0.37318858,344,503,0.000000,14.531274,392.605214,True,OK
1777554201.110090,True,True,0.37284860,343,503,11.370325,14.527442,392.978062,True,OK
1777554201.141295,True,True,0.37300477,345,504,26.727773,14.541500,393.812126,True,OK
1777554201.172857,True,True,0.37313915,344,504,11.822563,14.538335,394.185265,True,OK
1777554201.204696,True,True,0.37310493,342,504,23.436878,14.548772,394.931475,True,OK
1777554201.236372,True,True,0.37338496,341,505,16.670072,14.551245,395.459521,True,OK
1777554201.268584,True,True,0.37421134,340,506,16.429230,14.553468,395.988736,True,OK
1777554201.300354,True,True,0.37418077,340,506,0.000000,14.536495,395.988736,True,OK
1777554201.331858,True,True,0.37412718,340,507,11.875667,14.533421,396.362863,True,OK
1777554201.347711,True,True,0.37415340,341,508,33.378612,14.544369,396.891996,True,OK
1777554201.379309,True,True,0.37550313,339,509,26.572824,14.558281,397.731647,True,OK
1777554201.427145,True,True,0.37574951,339,509,0.000000,14.532834,397.731647,True,OK
1777554201.475135,True,True,0.37512028,338,509,7.816776,14.521078,398.106767,True,OK
1777554201.502139,True,True,0.37574291,338,509,0.000000,14.506789,398.106767,True,OK
1777554201.525557,True,True,0.37590381,338,511,32.104885,14.521793,398.858575,True,OK
1777554201.570446,True,True,0.37603648,336,512,18.731519,14.528662,399.699418,True,OK
1777554201.586182,True,True,0.37625377,338,512,47.819002,14.547693,400.451925,True,OK
1777554201.633366,True,True,0.37692035,336,513,17.862404,14.553365,401.294745,True,OK
1777554201.649294,True,True,0.37635675,336,514,23.628581,14.558604,401.671102,True,OK
1777554201.697099,True,True,0.37704739,335,514,7.887302,14.547065,402.048149,True,OK
1777554201.712863,True,True,0.37825504,333,492,530.055929,14.840938,410.404076,True,OK
1777554201.760160,True,True,0.37858324,332,516,192.269904,15.143887,419.497957,True,OK
1777554201.791743,True,True,0.37858324,332,516,0.000000,15.126640,419.497957,True,OK
1777554201.823611,True,True,0.37843579,331,494,261.526091,15.409455,427.832141,True,OK
1777554201.855631,True,True,0.37843232,331,495,11.818677,15.405319,428.210573,True,OK
1777554201.887196,True,True,0.37878646,331,495,0.000000,15.387844,428.210573,True,OK
1777554201.903318,True,True,0.38018699,329,496,52.732679,15.409466,429.060697,True,OK
1777554201.935204,True,True,0.37982874,330,496,11.911958,15.405466,429.440526,True,OK
1777554201.982786,True,True,0.37973086,331,520,191.700874,15.705874,438.561974,True,OK
1777554202.029979,True,True,0.38033615,329,497,186.061003,15.993302,447.342716,True,OK
1777554202.061544,True,True,0.38059708,328,521,289.628760,16.301757,456.484972,True,OK
1777554202.093937,True,True,0.38072479,330,522,26.280818,16.313287,457.336299,True,OK
1777554202.125028,True,True,0.38105455,329,522,12.256115,16.308793,457.717353,True,OK
1777554202.156744,True,True,0.38139161,329,522,0.000000,16.290384,457.717353,True,OK
1777554202.180705,True,True,0.38160266,328,522,15.925471,16.290073,458.098956,True,OK
1777554202.212180,True,True,0.38160266,328,522,0.000000,16.271861,458.098956,True,OK
1777554202.251822,True,True,0.38058562,327,522,9.600658,16.262481,458.479541,True,OK
1777554202.283728,True,True,0.38201544,326,522,11.973106,16.257632,458.861557,True,OK
1777554202.315224,True,True,0.38156771,325,522,12.114872,16.253014,459.243125,True,OK
1777554202.347021,True,True,0.38226925,324,522,12.022025,16.248258,459.625394,True,OK
1777554202.374260,True,True,0.38824593,325,522,14.253516,16.246339,460.013640,True,OK
1777554202.409935,True,True,0.38824593,325,522,0.000000,16.225895,460.013640,True,OK
1777554202.436955,True,True,0.38813072,324,521,20.314768,16.229789,460.562539,True,OK
1777554202.457661,True,True,0.38822167,322,522,41.924690,16.248523,461.430629,True,OK
1777554202.504751,True,True,0.38767353,322,522,0.000000,16.221624,461.430629,True,OK
1777554202.526880,True,True,0.38817332,322,522,0.000000,16.209015,461.430629,True,OK
1777554202.567286,True,True,0.38761488,322,522,0.000000,16.186041,461.430629,True,OK
1777554202.599385,True,True,0.38776340,320,499,278.889621,16.481508,470.382843,True,OK
1777554202.631157,True,True,0.38809738,320,523,293.158352,16.789178,479.697180,True,OK
1777554202.647025,True,True,0.38777549,319,523,24.438392,16.793424,480.084955,True,OK
1777554202.694627,True,True,0.38810542,318,524,11.530286,16.784675,480.633819,True,OK
1777554202.726746,True,True,0.38808497,319,501,278.162788,17.077526,489.568206,True,OK
1777554202.760471,True,True,0.38803453,317,524,265.634693,17.369589,498.526679,True,OK
1777554202.780718,True,True,0.38947589,316,524,19.236470,17.370905,498.916155,True,OK
1777554202.821216,True,True,0.38411680,318,525,21.208474,17.376308,499.775066,True,OK
1777554202.853277,True,True,0.38386367,316,526,26.771972,17.386770,500.633412,True,OK
1777554202.885562,True,True,0.38358122,316,526,0.000000,17.367297,500.633412,True,OK
1777554202.917105,True,True,0.38426545,316,526,0.000000,17.348314,500.633412,True,OK
1777554202.934828,True,True,0.38408430,316,503,498.455963,17.643598,509.467350,True,OK
1777554202.980685,True,True,0.38372484,317,526,192.643745,17.921073,518.301360,True,OK
1777554203.008121,True,True,0.38372484,317,526,0.000000,17.904088,518.301360,True,OK
1777554203.043669,True,True,0.38492918,314,527,34.242543,17.924127,519.518613,True,OK
1777554203.059789,True,True,0.38492918,314,527,0.000000,17.914163,519.518613,True,OK
1777554203.094763,True,True,0.38426333,314,528,10.987083,17.905819,519.902876,True,OK
1777554203.139018,True,True,0.38396092,315,528,8.676052,17.891773,520.286837,True,OK
1777554203.156732,True,True,0.38396092,315,528,0.000000,17.880881,520.286837,True,OK
1777554203.190738,True,True,0.38424076,314,529,15.979769,17.878661,520.830235,True,OK
1777554203.218128,True,True,0.38450033,314,528,14.037736,17.875053,521.214736,True,OK
1777554203.249913,True,True,0.38398476,314,529,12.080958,17.868745,521.598720,True,OK
1777554203.277441,True,True,0.38398476,314,529,0.000000,17.851909,521.598720,True,OK
1777554203.312963,True,True,0.38491349,313,529,10.835850,17.843390,521.983634,True,OK
1777554203.344535,True,True,0.38509989,314,530,17.249832,17.842750,522.528247,True,OK
1777554203.376563,True,True,0.38464668,314,530,0.000000,17.823257,522.528247,True,OK
1777554203.408274,True,True,0.38464668,314,530,0.000000,17.803999,522.528247,True,OK
1777554203.439789,True,True,0.38437455,314,530,0.000000,17.784902,522.528247,True,OK
1777554203.461213,True,True,0.38456841,312,530,35.899819,17.798102,523.297384,True,OK
1777554203.503265,True,True,0.38422366,312,529,9.136967,17.785733,523.681608,True,OK
1777554203.534702,True,True,0.38387768,312,530,12.210768,17.779786,524.065486,True,OK
1777554203.552661,True,True,0.38395583,313,530,21.379437,17.781978,524.449441,True,OK
1777554203.582285,True,True,0.38445169,312,531,18.353706,17.782552,524.993138,True,OK
1777554203.613776,True,True,0.38456945,311,531,12.212027,17.776616,525.377708,True,OK
1777554203.645341,True,True,0.38448191,311,531,0.000000,17.757651,525.377708,True,OK
1777554203.672974,True,True,0.38448191,311,531,0.000000,17.741081,525.377708,True,OK
1777554203.709231,True,True,0.38448862,312,532,14.997065,17.737725,525.921457,True,OK
1777554203.724963,True,True,0.38448862,312,532,0.000000,17.728318,525.921457,True,OK
1777554203.772596,True,True,0.38454906,311,530,18.052261,17.728838,526.781334,True,OK
1777554203.805676,True,True,0.38454906,311,530,0.000000,17.709122,526.781334,True,OK
1777554203.835009,True,True,0.38437212,313,532,37.062237,17.728188,527.868503,True,OK
1777554203.867122,True,True,0.38478148,313,531,11.982170,17.721998,528.253284,True,OK
1777554203.898834,True,True,0.38478148,313,531,0.000000,17.703163,528.253284,True,OK
1777554203.914712,True,True,0.38451951,312,531,24.217183,17.706628,528.637804,True,OK
1777554203.962329,True,True,0.38449712,311,531,8.074834,17.691290,529.022301,True,OK
1777554203.994022,True,True,0.38502216,311,507,291.566172,17.981250,538.262833,True,OK
1777554204.041831,True,True,0.38484333,310,507,8.049579,17.965413,538.647676,True,OK
1777554204.073629,True,True,0.38484333,310,507,0.000000,17.946380,538.647676,True,OK
1777554204.089573,True,True,0.38456410,311,508,34.111383,17.954962,539.191532,True,OK
1777554204.137214,True,True,0.38453349,312,507,11.414619,17.944603,539.735345,True,OK
1777554204.168806,True,True,0.38559048,311,507,12.205454,17.938581,540.120935,True,OK
1777554204.204566,True,True,0.38457525,311,508,10.754507,17.930059,540.505510,True,OK
1777554204.248135,True,True,0.38515380,311,507,8.839973,17.916940,540.890664,True,OK
1777554204.278759,True,True,0.38432725,312,530,288.920554,18.191571,549.738542,True,OK
1777554204.311224,True,True,0.38509513,314,530,23.723550,18.197508,550.508732,True,OK
1777554204.342819,True,True,0.38509513,314,530,0.000000,18.178522,550.508732,True,OK
1777554204.361058,True,True,0.38509801,312,530,42.229028,18.192998,551.278928,True,OK
1777554204.405351,True,True,0.38515563,313,508,191.497627,18.445959,559.761101,True,OK
1777554204.436973,True,True,0.38505394,313,507,12.176891,18.439433,560.146155,True,OK
1777554204.452994,True,True,0.38502775,314,509,53.738687,18.458040,561.007103,True,OK
1777554204.500591,True,True,0.38502053,314,532,186.052259,18.720083,569.862576,True,OK
1777554204.532321,True,True,0.38470747,315,532,12.124341,18.713215,570.247283,True,OK
1777554204.564123,True,True,0.38574149,315,532,0.000000,18.693706,570.247283,True,OK
1777554204.595417,True,True,0.38524305,314,531,17.409670,18.692390,570.792099,True,OK
1777554204.627142,True,True,0.38500461,316,530,27.136073,18.701154,571.652995,True,OK
1777554204.658525,True,True,0.38462154,315,531,17.332592,18.699750,572.196932,True,OK
1777554204.690767,True,True,0.38474824,316,508,274.720965,18.969233,581.054502,True,OK
1777554204.722728,True,True,0.38478226,316,531,276.893835,19.238078,589.904494,True,OK
1777554204.742796,True,True,0.38521663,316,531,0.000000,19.225496,589.904494,True,OK
1777554204.786708,True,True,0.38475147,316,531,0.000000,19.198021,589.904494,True,OK
1777554204.818537,True,True,0.38457254,317,530,17.087368,19.195837,590.448362,True,OK
1777554204.836488,True,True,0.38475414,316,530,21.432994,19.197142,590.833116,True,OK
1777554204.868758,True,True,0.38515316,317,507,274.770329,19.464833,599.700008,True,OK
1777554204.913021,True,True,0.38494430,317,530,200.026873,19.723867,608.553727,True,OK
1777554204.960452,True,True,0.38416777,317,530,0.000000,19.693593,608.553727,True,OK
1777554204.992242,True,True,0.38451623,317,531,12.095411,19.685784,608.938243,True,OK
1777554205.023769,True,True,0.38409243,317,530,12.183044,19.678145,609.322335,True,OK
1777554205.039476,True,True,0.38431338,317,530,0.000000,19.668168,609.322335,True,OK
1777554205.071052,True,True,0.38419888,318,530,12.167465,19.660531,609.706534,True,OK
1777554205.121345,True,True,0.38375000,318,530,0.000000,19.628698,609.706534,True,OK
1777554205.166461,True,True,0.38464566,318,530,0.000000,19.600230,609.706534,True,OK
1777554205.198375,True,True,0.38366900,318,508,264.477344,19.851207,618.147252,True,OK
1777554205.246002,True,True,0.38314611,318,530,176.985821,20.091174,626.576467,True,OK
1777554205.277795,True,True,0.38314611,318,530,0.000000,20.070713,626.576467,True,OK
1777554205.305346,True,True,0.38425347,318,530,0.000000,20.053016,626.576467,True,OK
1777554205.325637,True,True,0.38449212,316,530,37.896740,20.064596,627.345451,True,OK
1777554205.357362,True,True,0.38354547,318,530,24.179255,20.068767,628.112542,True,OK
1777554205.405365,True,True,0.38389013,318,529,7.997179,20.050281,628.496432,True,OK
1777554205.436326,True,True,0.38384208,318,506,285.153238,20.311861,637.324800,True,OK
1777554205.467872,True,True,0.38354385,318,529,279.636385,20.572324,646.146308,True,OK
1777554205.499626,True,True,0.38310782,317,530,17.062291,20.568779,646.688105,True,OK
1777554205.531324,True,True,0.38341439,315,529,27.046756,20.575304,647.545445,True,OK
1777554205.562813,True,True,0.38375580,318,529,36.561337,20.591282,648.696713,True,OK
1777554205.594410,True,True,0.38350727,318,529,0.000000,20.570650,648.696713,True,OK
1777554205.626214,True,True,0.38321435,318,529,0.000000,20.549925,648.696713,True,OK
1777554205.657785,True,True,0.38377445,318,529,0.000000,20.529393,648.696713,True,OK
1777554205.705846,True,True,0.38324430,317,527,17.830631,20.525294,649.553673,True,OK
1777554205.736371,True,True,0.38283897,319,527,25.084051,20.529687,650.319351,True,OK
1777554205.767972,True,True,0.38288590,317,527,24.232738,20.533378,651.085123,True,OK
1777554205.788551,True,True,0.38288590,317,527,0.000000,20.520060,651.085123,True,OK
1777554205.831491,True,True,0.38312257,320,527,26.766744,20.528502,652.234490,True,OK
1777554205.863114,True,True,0.38284444,320,504,278.453030,20.784958,661.039913,True,OK
1777554205.879109,True,True,0.38305754,319,528,575.272296,21.063681,670.241271,True,OK
1777554205.926412,True,True,0.38326847,318,528,8.102379,21.044441,670.624539,True,OK
1777554205.958430,True,True,0.38317879,319,527,16.924652,21.040306,671.166436,True,OK
1777554205.990213,True,True,0.38360109,318,527,12.069340,21.031377,671.550037,True,OK
1777554206.022592,True,True,0.38334290,319,527,11.839451,21.022066,671.933380,True,OK
1777554206.038386,True,True,0.38327376,320,528,34.317151,21.028632,672.475411,True,OK
1777554206.086457,True,True,0.38338299,319,529,11.279036,21.013999,673.017596,True,OK
1777554206.117737,True,True,0.38382760,318,529,12.270407,21.005467,673.401424,True,OK
1777554206.149326,True,True,0.38296468,318,529,0.000000,20.984790,673.401424,True,OK
1777554206.181205,True,True,0.38306120,320,505,289.382109,21.251162,682.626759,True,OK
1777554206.213077,True,True,0.38322613,320,528,276.551750,21.504224,691.440960,True,OK
1777554206.245222,True,True,0.38299649,319,528,11.914732,21.494646,691.823956,True,OK
1777554206.277244,True,True,0.38299649,319,528,0.000000,21.473282,691.823956,True,OK
1777554206.307229,True,True,0.38352088,319,529,12.790344,21.465209,692.207477,True,OK
1777554206.341082,True,True,0.38384046,320,530,16.035187,21.459515,692.750310,True,OK
1777554206.372550,True,True,0.38361824,319,530,12.190497,21.450488,693.133928,True,OK
1777554206.404513,True,True,0.38361824,319,530,0.000000,21.429291,693.133928,True,OK
1777554206.434999,True,True,0.38416978,319,529,12.601372,21.420978,693.518098,True,OK
1777554206.468764,True,True,0.38432897,320,529,11.382440,21.410520,693.902426,True,OK
1777554206.499228,True,True,0.38403316,318,529,25.212513,21.414090,694.670493,True,OK
1777554206.515375,True,True,0.38432481,318,529,0.000000,21.403437,694.670493,True,OK
1777554206.563389,True,True,0.38496026,319,528,11.338711,21.388569,695.214909,True,OK
1777554206.595301,True,True,0.38450385,319,529,12.048666,21.379408,695.599413,True,OK
1777554206.627297,True,True,0.38489424,318,530,17.012330,21.375118,696.143735,True,OK
1777554206.658856,True,True,0.38443628,318,530,0.000000,21.354425,696.143735,True,OK
1777554206.690437,True,True,0.38471804,320,529,27.240341,21.360121,697.003991,True,OK
1777554206.721893,True,True,0.38423046,319,530,17.274154,21.356186,697.547375,True,OK
1777554206.737740,True,True,0.38476647,319,529,24.279767,21.357604,697.932141,True,OK
1777554206.787604,True,True,0.38413373,318,529,7.703731,21.336802,698.316275,True,OK
1777554206.817151,True,True,0.38408213,319,504,325.233088,21.610913,707.926007,True,OK
1777554206.848542,True,True,0.38504040,317,505,27.427369,21.616482,708.786983,True,OK
1777554206.881456,True,True,0.38422784,317,528,268.491609,21.864051,717.624224,True,OK
1777554206.908571,True,True,0.38424657,317,529,14.170941,21.857701,718.008470,True,OK
1777554206.928526,True,True,0.38440447,319,529,38.527748,21.867821,718.777279,True,OK
1777554206.976667,True,True,0.38503074,319,529,0.000000,21.835839,718.777279,True,OK
1777554206.992373,True,True,0.38471257,319,529,0.000000,21.825426,718.777279,True,OK
1777554207.040141,True,True,0.38484583,318,529,8.056421,21.805484,719.162125,True,OK
1777554207.072056,True,True,0.38484583,318,529,0.000000,21.784404,719.162125,True,OK
1777554207.104222,True,True,0.38507346,318,529,0.000000,21.763198,719.162125,True,OK
1777554207.136073,True,True,0.38507346,318,529,0.000000,21.742242,719.162125,True,OK
1777554207.167649,True,True,0.38437501,319,529,12.172951,21.733115,719.546500,True,OK
1777554207.199416,True,True,0.38439402,318,530,17.112636,21.728686,720.090115,True,OK
1777554207.232044,True,True,0.38478298,319,530,11.793095,21.718914,720.474898,True,OK
1777554207.263229,True,True,0.38499424,319,530,0.000000,21.698516,720.474898,True,OK
1777554207.295318,True,True,0.38430679,318,530,11.976280,21.689129,720.859205,True,OK
1777554207.327012,True,True,0.38485872,318,529,12.142794,21.680034,721.244064,True,OK
1777554207.358988,True,True,0.38534032,318,530,12.051109,21.670788,721.629404,True,OK
1777554207.391235,True,True,0.38548154,319,529,16.905138,21.666177,722.174557,True,OK
1777554207.423019,True,True,0.38487667,319,529,0.000000,21.645537,722.174557,True,OK
1777554207.454814,True,True,0.38479444,319,530,12.102529,21.636451,722.559352,True,OK
1777554207.486513,True,True,0.38559324,319,531,12.164048,21.627469,722.944945,True,OK
1777554207.518268,True,True,0.38485219,319,531,0.000000,21.606942,722.944945,True,OK
1777554207.550050,True,True,0.38448809,319,531,0.000000,21.586438,722.944945,True,OK
1777554207.581766,True,True,0.38533978,320,530,17.182336,21.582271,723.489898,True,OK
1777554207.613387,True,True,0.38504362,320,531,12.176932,21.573408,723.874941,True,OK
1777554207.636186,True,True,0.38504362,320,531,0.000000,21.558759,723.874941,True,OK
1777554207.677037,True,True,0.38504385,319,531,9.425541,21.544015,724.259985,True,OK
1777554207.709611,True,True,0.38537908,319,531,0.000000,21.523160,724.259985,True,OK
1777554207.741393,True,True,0.38548359,319,531,0.000000,21.502851,724.259985,True,OK
1777554207.757331,True,True,0.38509261,319,532,24.162934,21.504109,724.645078,True,OK
1777554207.789066,True,True,0.38509261,319,532,0.000000,21.483877,724.645078,True,OK
1777554207.821509,True,True,0.38545322,319,508,285.139966,21.737233,733.895955,True,OK
1777554207.852076,True,True,0.38547974,319,509,12.611301,21.728979,734.281435,True,OK
1777554207.883755,True,True,0.38510978,319,509,0.000000,21.708628,734.281435,True,OK
1777554207.915697,True,True,0.38558920,318,532,277.904570,21.950340,743.158365,True,OK
1777554207.931424,True,True,0.38504564,318,532,0.000000,21.940149,743.158365,True,OK
1777554207.963331,True,True,0.38504564,318,532,0.000000,21.919501,743.158365,True,OK
1777554207.995084,True,True,0.38466622,319,532,12.114303,21.910326,743.543031,True,OK
1777554208.026756,True,True,0.38491802,319,509,279.527056,22.150532,752.396145,True,OK
1777554208.058592,True,True,0.38456964,319,532,277.837199,22.389947,761.241247,True,OK
1777554208.090548,True,True,0.38447538,319,509,276.716351,22.628770,770.084181,True,OK
1777554208.122616,True,True,0.38501535,319,532,276.149014,22.867435,778.939534,True,OK
1777554208.138714,True,True,0.38458642,319,509,549.468521,23.116189,787.785021,True,OK
1777554208.170552,True,True,0.38500190,319,509,0.000000,23.094613,787.785021,True,OK
1777554208.202528,True,True,0.38500190,319,509,0.000000,23.072984,787.785021,True,OK
1777554208.234650,True,True,0.38483854,320,532,275.811323,23.310539,796.644670,True,OK
1777554208.250450,True,True,0.38499449,321,510,536.621802,23.547744,805.123294,True,OK
1777554208.297618,True,True,0.38447913,320,509,11.527575,23.531185,805.667030,True,OK
1777554208.329192,True,True,0.38441679,321,532,280.287658,23.767747,814.516969,True,OK
1777554208.360724,True,True,0.38442850,321,510,268.220909,23.992461,822.974396,True,OK
1777554208.392451,True,True,0.38469816,321,510,0.000000,23.970290,822.974396,True,OK
1777554208.418967,True,True,0.38434976,321,532,318.890754,24.197886,831.430091,True,OK
1777554208.456170,True,True,0.38473141,321,532,0.000000,24.171713,831.430091,True,OK
1777554208.487966,True,True,0.38406134,321,509,277.813265,24.405962,840.263501,True,OK
1777554208.520118,True,True,0.38499212,321,509,0.000000,24.383191,840.263501,True,OK
1777554208.542452,True,True,0.38463144,321,532,396.099399,24.623945,849.110025,True,OK
1777554208.583792,True,True,0.38458617,320,532,9.302817,24.605599,849.494611,True,OK
1777554208.615226,True,True,0.38382057,320,532,0.000000,24.583217,849.494611,True,OK
1777554208.648997,True,True,0.38399419,320,532,0.000000,24.559215,849.494611,True,OK
1777554208.679718,True,True,0.38399419,320,532,0.000000,24.537422,849.494611,True,OK
1777554208.709372,True,True,0.38344359,320,532,0.000000,24.516423,849.494611,True,OK
1777554208.740815,True,True,0.38354090,320,532,0.000000,24.494196,849.494611,True,OK
1777554208.772695,True,True,0.38370803,321,509,277.084417,24.726174,858.328233,True,OK
1777554208.796818,True,True,0.38370803,321,509,0.000000,24.709003,858.328233,True,OK
1777554208.836684,True,True,0.38402041,321,509,0.000000,24.680679,858.328233,True,OK
1777554208.868262,True,True,0.38512629,321,509,0.000000,24.658289,858.328233,True,OK
1777554208.900070,True,True,0.38430205,321,510,12.082059,24.646807,858.712535,True,OK
1777554208.931796,True,True,0.38474647,322,510,12.127028,24.635417,859.097282,True,OK
1777554208.963531,True,True,0.38468389,321,511,17.143167,24.628605,859.641307,True,OK
1777554208.995410,True,True,0.38413165,322,511,12.049426,24.617127,860.025438,True,OK
1777554209.020893,True,True,0.38437965,323,534,347.262363,24.852293,868.874522,True,OK
1777554209.059131,True,True,0.38385865,322,511,231.105796,25.077631,877.711612,True,OK
1777554209.074917,True,True,0.38480241,322,534,560.654580,25.319083,886.562068,True,OK
1777554209.111906,True,True,0.38405506,322,509,259.572343,25.566279,896.163444,True,OK
1777554209.154151,True,True,0.38440445,324,531,201.011760,25.777470,904.655216,True,OK
1777554209.185836,True,True,0.38453765,323,531,12.136407,25.765166,905.039753,True,OK
1777554209.211837,True,True,0.38428734,321,531,29.559725,25.767972,905.808328,True,OK
1777554209.233776,True,True,0.38428734,321,531,0.000000,25.751900,905.808328,True,OK
1777554209.265606,True,True,0.38493728,321,508,278.154883,25.980095,914.661886,True,OK
1777554209.297333,True,True,0.38438069,323,508,24.230634,25.978520,915.430647,True,OK
1777554209.329052,True,True,0.38468884,323,531,278.938564,26.206018,924.278490,True,OK
1777554209.360895,True,True,0.38475120,323,531,0.000000,26.182380,924.278490,True,OK
1777554209.392570,True,True,0.38519836,323,531,0.000000,26.158909,924.278490,True,OK
1777554209.411916,True,True,0.38486172,323,531,0.000000,26.144593,924.278490,True,OK
1777554209.456550,True,True,0.38459841,323,531,0.000000,26.111627,924.278490,True,OK
1777554209.488214,True,True,0.38522199,322,509,267.927692,26.327745,932.762124,True,OK
1777554209.512308,True,True,0.38509951,323,532,367.959570,26.559921,941.627781,True,OK
1777554209.551562,True,True,0.38564704,322,533,13.893735,26.545912,942.173168,True,OK
1777554209.567358,True,True,0.38564704,322,533,0.000000,26.534103,942.173168,True,OK
1777554209.599152,True,True,0.38613749,322,533,0.000000,26.510366,942.173168,True,OK
1777554209.647250,True,True,0.38673317,321,533,8.040470,26.485403,942.559901,True,OK
1777554209.696635,True,True,0.38622384,323,534,17.487780,26.472934,943.423524,True,OK
1777554209.726234,True,True,0.38609794,324,534,13.044206,26.461790,943.809622,True,OK
1777554209.774000,True,True,0.38681414,322,534,16.196303,26.448061,944.583250,True,OK
1777554209.805443,True,True,0.38681414,322,534,0.000000,26.424796,944.583250,True,OK
1777554209.837076,True,True,0.38688654,324,510,294.543056,26.661859,953.900712,True,OK
1777554209.868883,True,True,0.38642365,324,534,291.583362,26.897163,963.174880,True,OK
1777554209.900814,True,True,0.38670750,323,535,17.127190,26.888459,963.721767,True,OK
1777554209.932614,True,True,0.38697842,322,535,12.169029,26.875411,964.108745,True,OK
1777554209.964396,True,True,0.38657371,323,535,12.163142,26.862388,964.495319,True,OK
1777554209.980082,True,True,0.38658817,324,513,542.782769,27.087673,973.009040,True,OK
1777554210.028058,True,True,0.38704415,323,536,185.723895,27.299269,981.919466,True,OK
1777554210.060912,True,True,0.38681653,322,537,16.650632,27.289551,982.466507,True,OK
1777554210.107162,True,True,0.38730962,322,537,0.000000,27.254539,982.466507,True,OK
1777554210.138985,True,True,0.38728796,321,515,268.016533,27.466897,990.995640,True,OK
1777554210.154735,True,True,0.38754824,322,538,566.480593,27.702091,999.917670,True,OK
1777554210.202197,True,True,0.38745001,322,538,0.000000,27.665713,999.917670,True,OK
1777554210.233668,True,True,0.38712845,323,539,17.396794,27.656780,1000.465152,True,OK
1777554210.265157,True,True,0.38734600,324,539,12.300662,27.643424,1000.852498,True,OK
1777554210.296977,True,True,0.38618638,324,539,0.000000,27.619151,1000.852498,True,OK
1777554210.313991,True,True,0.38702684,323,517,500.948030,27.841286,1009.375880,True,OK
1777554210.344477,True,True,0.38750625,322,517,12.710913,27.828574,1009.763387,True,OK
1777554210.392107,True,True,0.38835009,323,540,187.708724,28.038165,1018.703877,True,OK
1777554210.424154,True,True,0.38736210,323,540,0.000000,28.013456,1018.703877,True,OK
1777554210.455623,True,True,0.38725680,323,517,283.038666,28.233956,1027.610783,True,OK
1777554210.471460,True,True,0.38738134,323,542,611.514907,28.487646,1037.295317,True,OK
1777554210.519155,True,True,0.38679769,323,542,0.000000,28.450380,1037.295317,True,OK
1777554210.550978,True,True,0.38670355,323,520,267.332065,28.658704,1045.802795,True,OK
1777554210.571549,True,True,0.38676010,323,543,432.438445,28.886188,1054.698277,True,OK
1777554210.614336,True,True,0.38689065,323,543,0.000000,28.852377,1054.698277,True,OK
1777554210.630498,True,True,0.38689065,323,543,0.000000,28.839627,1054.698277,True,OK
1777554210.678948,True,True,0.38705938,324,544,11.297763,28.816417,1055.245662,True,OK
1777554210.694738,True,True,0.38705938,324,544,0.000000,28.803998,1055.245662,True,OK
1777554210.726485,True,True,0.38806209,325,543,17.286311,28.794026,1055.794465,True,OK
1777554210.760773,True,True,0.38678564,324,543,11.280754,28.777664,1056.181250,True,OK
1777554210.789992,True,True,0.38674912,323,544,18.718593,28.769662,1056.728196,True,OK
1777554210.814690,True,True,0.38741334,323,522,345.088856,28.982217,1065.251289,True,OK
1777554210.852791,True,True,0.38782101,322,522,10.178837,28.962746,1065.639110,True,OK
1777554210.880452,True,True,0.38660375,322,545,321.455562,29.182477,1074.530997,True,OK
1777554210.916162,True,True,0.38771548,322,545,0.000000,29.154203,1074.530997,True,OK
1777554210.947964,True,True,0.38723929,322,545,0.000000,29.129068,1074.530997,True,OK
1777554210.980206,True,True,0.38729791,322,545,0.000000,29.103631,1074.530997,True,OK
1777554211.012172,True,True,0.38751658,322,545,0.000000,29.078455,1074.530997,True,OK
1777554211.044384,True,True,0.38755168,323,545,12.031187,29.063608,1074.918548,True,OK
1777554211.064192,True,True,0.38755168,323,545,0.000000,29.048051,1074.918548,True,OK
1777554211.107622,True,True,0.38786986,322,545,8.930803,29.024468,1075.306418,True,OK
1777554211.139400,True,True,0.38784895,322,545,0.000000,28.999594,1075.306418,True,OK
1777554211.155217,True,True,0.38784895,322,545,0.000000,28.987229,1075.306418,True,OK
1777554211.202866,True,True,0.38804409,322,545,0.000000,28.950043,1075.306418,True,OK
1777554211.234560,True,True,0.38827397,322,545,0.000000,28.925361,1075.306418,True,OK
1777554211.266332,True,True,0.38889741,324,545,24.480406,28.921566,1076.084213,True,OK
1777554211.297976,True,True,0.38801553,323,544,17.341409,28.911726,1076.632950,True,OK
1777554211.329687,True,True,0.38770772,323,544,0.000000,28.887126,1076.632950,True,OK
1777554211.361804,True,True,0.38829313,323,545,12.089639,28.872663,1077.021243,True,OK
1777554211.393587,True,True,0.38788098,322,544,17.259191,28.862777,1077.569790,True,OK
1777554211.425631,True,True,0.38841394,321,544,12.121474,28.848420,1077.958204,True,OK
1777554211.457283,True,True,0.38909816,321,544,0.000000,28.824004,1077.958204,True,OK
1777554211.483173,True,True,0.38895550,322,544,15.023461,28.814457,1078.347159,True,OK
1777554211.520825,True,True,0.38806497,322,543,10.306619,28.795855,1078.735224,True,OK
1777554211.552557,True,True,0.38843924,322,543,0.000000,28.771484,1078.735224,True,OK
1777554211.584388,True,True,0.38871423,321,543,12.211712,28.757436,1079.123938,True,OK
1777554211.600389,True,True,0.38893730,321,543,0.000000,28.745180,1079.123938,True,OK
1777554211.647092,True,True,0.38952535,321,543,0.000000,28.709464,1079.123938,True,OK
1777554211.678385,True,True,0.38952535,321,543,0.000000,28.685582,1079.123938,True,OK
1777554211.709783,True,True,0.38925786,321,542,12.397514,28.671999,1079.513196,True,OK
1777554211.741360,True,True,0.38945768,321,542,0.000000,28.647972,1079.513196,True,OK
1777554211.773470,True,True,0.39012844,321,542,0.000000,28.623581,1079.513196,True,OK
1777554211.805037,True,True,0.39012844,321,542,0.000000,28.599643,1079.513196,True,OK
1777554211.837069,True,True,0.38960070,321,519,279.743560,28.812592,1088.474012,True,OK
1777554211.853269,True,True,0.38953351,321,541,528.986201,29.026990,1097.043749,True,OK
1777554211.900789,True,True,0.39010317,321,541,0.000000,28.990539,1097.043749,True,OK
1777554211.932598,True,True,0.39009492,321,542,12.263722,28.976491,1097.433844,True,OK
1777554211.964839,True,True,0.39018731,321,542,0.000000,28.951845,1097.433844,True,OK
1777554211.996582,True,True,0.39022540,320,542,12.293162,28.937906,1097.824070,True,OK
1777554212.028211,True,True,0.38996451,320,542,0.000000,28.913800,1097.824070,True,OK
1777554212.059932,True,True,0.39084148,320,543,12.321177,28.899949,1098.214911,True,OK
1777554212.092012,True,True,0.39032665,320,543,0.000000,28.875573,1098.214911,True,OK
1777554212.116899,True,True,0.39083380,320,543,0.000000,28.856690,1098.214911,True,OK
1777554212.156090,True,True,0.39024433,320,543,0.000000,28.827004,1098.214911,True,OK
1777554212.187841,True,True,0.39029426,320,544,12.292562,28.813235,1098.605206,True,OK
1777554212.219916,True,True,0.39050702,320,544,0.000000,28.789017,1098.605206,True,OK
1777554212.251924,True,True,0.39013787,320,544,0.000000,28.764889,1098.605206,True,OK
1777554212.284073,True,True,0.38999914,320,544,0.000000,28.740697,1098.605206,True,OK
1777554212.315396,True,True,0.39041127,320,544,0.000000,28.717165,1098.605206,True,OK
1777554212.346914,True,True,0.38969057,320,544,0.000000,28.693525,1098.605206,True,OK
1777554212.378803,True,True,0.39063391,320,544,0.000000,28.669647,1098.605206,True,OK
1777554212.410501,True,True,0.38945145,320,545,12.286222,28.656106,1098.994657,True,OK
1777554212.441866,True,True,0.38959384,321,544,17.566540,28.647044,1099.545626,True,OK
1777554212.473612,True,True,0.38959384,321,544,0.000000,28.623369,1099.545626,True,OK
1777554212.499890,True,True,0.38946392,321,544,0.000000,28.603802,1099.545626,True,OK
1777554212.537523,True,True,0.38880076,320,544,10.331394,28.585931,1099.934427,True,OK
1777554212.569116,True,True,0.38978694,320,543,12.337823,28.572601,1100.324214,True,OK
1777554212.601054,True,True,0.38955493,320,542,12.197013,28.559031,1100.713769,True,OK
1777554212.633582,True,True,0.38956440,320,542,0.000000,28.534949,1100.713769,True,OK
1777554212.664191,True,True,0.38902837,320,542,0.000000,28.512325,1100.713769,True,OK
1777554212.696235,True,True,0.38982841,320,541,12.165345,28.498767,1101.103597,True,OK
1777554212.728235,True,True,0.38950146,321,540,17.213660,28.489428,1101.654435,True,OK
1777554212.759781,True,True,0.38855704,320,538,27.541483,28.488655,1102.523275,True,OK
1777554212.791656,True,True,0.38855704,320,538,0.000000,28.465211,1102.523275,True,OK
1777554212.823845,True,True,0.38853945,320,535,36.211015,28.471643,1103.688893,True,OK
1777554212.854864,True,True,0.38760942,320,535,0.000000,28.448879,1103.688893,True,OK
1777554212.886351,True,True,0.38769775,320,533,24.625716,28.445778,1104.464289,True,OK
1777554212.917884,True,True,0.38771320,321,534,17.388425,28.436806,1105.012598,True,OK
1777554212.949568,True,True,0.38806885,321,532,24.496448,28.433595,1105.788736,True,OK
1777554212.968803,True,True,0.38801638,320,531,28.526842,28.433641,1106.337474,True,OK
1777554213.012598,True,True,0.38747398,320,530,8.847619,28.411621,1106.724948,True,OK
1777554213.028414,True,True,0.38747398,320,530,0.000000,28.400090,1106.724948,True,OK
1777554213.075737,True,True,0.38678146,321,528,18.275796,28.387810,1107.589818,True,OK
1777554213.108058,True,True,0.38678146,321,528,0.000000,28.364314,1107.589818,True,OK
1777554213.133761,True,True,0.38732871,321,526,30.138849,28.365481,1108.364475,True,OK
1777554213.169712,True,True,0.38718896,320,525,15.230790,28.353407,1108.912043,True,OK
1777554213.201490,True,True,0.38695047,320,524,12.176732,28.340274,1109.298993,True,OK
1777554213.234126,True,True,0.38683925,321,523,16.762916,28.330629,1109.846067,True,OK
1777554213.264568,True,True,0.38644738,320,522,17.952519,28.322570,1110.392586,True,OK
1777554213.280461,True,True,0.38687919,320,521,24.343499,28.320958,1110.779465,True,OK
1777554213.328040,True,True,0.38714154,320,519,16.273695,28.306361,1111.553748,True,OK
1777554213.360083,True,True,0.38610431,319,519,12.049307,28.293106,1111.939852,True,OK
1777554213.391831,True,True,0.38602922,319,518,12.159419,28.280084,1112.325882,True,OK
1777554213.423774,True,True,0.38652692,319,516,24.200978,28.276774,1113.098935,True,OK
1777554213.455725,True,True,0.38610682,319,515,12.084181,28.263641,1113.485042,True,OK
1777554213.487799,True,True,0.38659240,319,515,0.000000,28.240650,1113.485042,True,OK
1777554213.518974,True,True,0.38667770,319,514,12.403305,28.228137,1113.871720,True,OK
1777554213.551002,True,True,0.38593883,320,512,26.945355,28.227097,1114.734705,True,OK
1777554213.582890,True,True,0.38670679,320,512,0.000000,28.204323,1114.734705,True,OK
1777554213.598631,True,True,0.38670679,320,512,0.000000,28.193094,1114.734705,True,OK
1777554213.646193,True,True,0.38602090,319,511,11.478130,28.173012,1115.280621,True,OK
1777554213.678551,True,True,0.38572943,319,486,298.011102,28.393400,1124.923857,True,OK
1777554213.712394,True,True,0.38572943,319,486,0.000000,28.369167,1124.923857,True,OK
1777554213.742455,True,True,0.38627071,318,509,295.823781,28.571768,1133.816477,True,OK
1777554213.774517,True,True,0.38474046,318,508,11.999870,28.558389,1134.201217,True,OK
1777554213.806286,True,True,0.38474046,318,508,0.000000,28.535563,1134.201217,True,OK
1777554213.838166,True,True,0.38567896,318,508,0.000000,28.512694,1134.201217,True,OK
1777554213.854337,True,True,0.38567896,318,508,0.000000,28.501107,1134.201217,True,OK
1777554213.902073,True,True,0.38510766,318,507,8.067459,28.476625,1134.586325,True,OK
1777554213.933519,True,True,0.38589847,318,506,12.271883,28.463846,1134.972223,True,OK
1777554213.955375,True,True,0.38505628,318,506,0.000000,28.448252,1134.972223,True,OK
1777554213.996598,True,True,0.38504884,318,506,0.000000,28.418889,1134.972223,True,OK
1777554214.028321,True,True,0.38534562,319,506,12.146917,28.405974,1135.357569,True,OK
1777554214.060414,True,True,0.38563500,319,506,0.000000,28.383183,1135.357569,True,OK
1777554214.092568,True,True,0.38518876,319,506,0.000000,28.360387,1135.357569,True,OK
1777554214.124335,True,True,0.38499869,320,506,12.119313,28.347509,1135.742568,True,OK
1777554214.140304,True,True,0.38460545,320,506,0.000000,28.336215,1135.742568,True,OK
1777554214.188334,True,True,0.38480749,321,507,11.330554,28.315861,1136.286768,True,OK
1777554214.220647,True,True,0.38532590,321,506,11.924843,28.302674,1136.672094,True,OK
1777554214.252075,True,True,0.38530020,320,506,12.259736,28.290129,1137.057394,True,OK
1777554214.267982,True,True,0.38612233,320,506,0.000000,28.278937,1137.057394,True,OK
1777554214.315869,True,True,0.38392142,321,506,8.017142,28.254834,1137.441315,True,OK
1777554214.348030,True,True,0.38406587,321,507,11.942065,28.241813,1137.825381,True,OK
1777554214.379947,True,True,0.38425723,321,507,0.000000,28.219457,1137.825381,True,OK
1777554214.411890,True,True,0.38447585,325,508,49.627219,28.236403,1139.410616,True,OK
1777554214.443337,True,True,0.38491644,323,508,24.480751,28.233479,1140.180449,True,OK
1777554214.475168,True,True,0.38491644,323,508,0.000000,28.211242,1140.180449,True,OK
1777554214.507229,True,True,0.38467034,323,509,11.998396,28.198391,1140.565119,True,OK
1777554214.539026,True,True,0.38467034,323,509,0.000000,28.176241,1140.565119,True,OK
1777554214.562644,True,True,0.38487535,324,509,16.296025,28.169313,1140.949994,True,OK
1777554214.602576,True,True,0.38488784,324,510,9.638579,28.151062,1141.334882,True,OK
1777554214.634096,True,True,0.38455147,323,510,12.200187,28.138671,1141.719434,True,OK
1777554214.665637,True,True,0.38472617,325,511,27.275099,28.138000,1142.579707,True,OK
1777554214.697377,True,True,0.38469754,323,511,24.240225,28.134955,1143.349102,True,OK
1777554214.728926,True,True,0.38446816,324,512,17.234289,28.126499,1143.892823,True,OK
1777554214.760547,True,True,0.38432416,325,513,17.188346,28.118001,1144.436339,True,OK
1777554214.792380,True,True,0.38432416,325,513,0.000000,28.096027,1144.436339,True,OK
1777554214.824423,True,True,0.38514630,325,513,0.000000,28.073943,1144.436339,True,OK
1777554214.856793,True,True,0.38500687,325,513,0.000000,28.051668,1144.436339,True,OK
1777554214.888095,True,True,0.38481404,323,514,27.488702,28.051236,1145.296809,True,OK
1777554214.920107,True,True,0.38459316,325,513,26.864202,28.050306,1146.156786,True,OK
1777554214.940165,True,True,0.38378968,323,514,42.785092,28.057536,1147.014966,True,OK
1777554214.983782,True,True,0.38396308,324,514,8.803203,28.037015,1147.398929,True,OK
1777554215.031861,True,True,0.38425172,326,515,17.870764,28.025085,1148.258142,True,OK
1777554215.063263,True,True,0.38441672,327,515,12.241841,28.012998,1148.642558,True,OK
1777554215.094940,True,True,0.38384452,326,515,12.117175,28.000727,1149.026403,True,OK
1777554215.126451,True,True,0.38461032,325,516,17.261664,27.992487,1149.570324,True,OK
1777554215.158077,True,True,0.38387547,325,516,0.000000,27.970946,1149.570324,True,OK
1777554215.189919,True,True,0.38345862,326,516,12.042815,27.958616,1149.953783,True,OK
1777554215.222129,True,True,0.38483283,327,517,16.896302,27.949959,1150.498018,True,OK
1777554215.269591,True,True,0.38449329,327,517,0.000000,27.917769,1150.498018,True,OK
1777554215.285245,True,True,0.38464534,328,517,24.571560,27.916498,1150.882664,True,OK
1777554215.333194,True,True,0.38419454,329,518,11.331575,27.897231,1151.425997,True,OK
1777554215.365463,True,True,0.38488402,326,518,35.782083,27.903391,1152.580649,True,OK
1777554215.395911,True,True,0.38495221,328,518,25.286307,27.901463,1153.350553,True,OK
1777554215.428878,True,True,0.38512263,326,519,26.121441,27.900045,1154.211714,True,OK
1777554215.451241,True,True,0.38578174,327,519,17.250751,27.894291,1154.597495,True,OK
1777554215.491608,True,True,0.38523328,325,519,19.086598,27.885710,1155.367962,True,OK
1777554215.522806,True,True,0.38499240,325,520,12.340470,27.874014,1155.752954,True,OK
1777554215.540491,True,True,0.38460524,326,520,21.747325,27.871402,1156.137560,True,OK
1777554215.586082,True,True,0.38622950,327,520,8.471640,27.850103,1156.523789,True,OK
1777554215.617536,True,True,0.38562871,327,521,12.260144,27.838304,1156.909418,True,OK
1777554215.633215,True,True,0.38549060,327,521,0.000000,27.827805,1156.909418,True,OK
1777554215.680640,True,True,0.38617171,326,522,11.515575,27.809218,1157.455547,True,OK
1777554215.712350,True,True,0.38596436,326,522,0.000000,27.788047,1157.455547,True,OK
1777554215.744067,True,True,0.38596436,326,522,0.000000,27.766904,1157.455547,True,OK
1777554215.775800,True,True,0.38651313,326,523,12.179875,27.755047,1157.842060,True,OK
1777554215.807498,True,True,0.38651313,326,523,0.000000,27.733974,1157.842060,True,OK
1777554215.823370,True,True,0.38653098,325,522,34.440354,27.736522,1158.388698,True,OK
1777554215.871012,True,True,0.38708354,324,523,11.490201,27.718010,1158.936116,True,OK
1777554215.902690,True,True,0.38708354,324,523,0.000000,27.697026,1158.936116,True,OK
1777554215.934823,True,True,0.38738945,324,524,12.056043,27.685024,1159.323506,True,OK
1777554215.956571,True,True,0.38772040,325,524,17.828006,27.679908,1159.711226,True,OK
1777554215.997785,True,True,0.38836459,325,524,0.000000,27.652705,1159.711226,True,OK
1777554216.029582,True,True,0.38729017,324,525,17.225537,27.644806,1160.258937,True,OK
1777554216.061172,True,True,0.38947784,325,525,12.328876,27.633286,1160.648415,True,OK
1777554216.092911,True,True,0.38843389,323,526,27.366671,27.633085,1161.516980,True,OK
1777554216.124598,True,True,0.38897399,325,526,24.550813,27.630763,1162.294928,True,OK
1777554216.156625,True,True,0.38849198,323,526,24.260455,27.628199,1163.071912,True,OK
1777554216.172530,True,True,0.38887296,323,527,24.449512,27.626999,1163.460785,True,OK
1777554216.204169,True,True,0.38887296,323,527,0.000000,27.606258,1163.460785,True,OK
1777554216.235977,True,True,0.38925418,322,526,17.306402,27.598490,1164.011273,True,OK
1777554216.267811,True,True,0.38958318,322,527,12.238277,27.586906,1164.400856,True,OK
1777554216.299572,True,True,0.38959444,324,527,24.532383,27.584609,1165.180045,True,OK
1777554216.324041,True,True,0.38984009,322,527,31.864131,27.587087,1165.959725,True,OK
1777554216.347881,True,True,0.39030970,322,526,16.371921,27.580764,1166.350035,True,OK
1777554216.379708,True,True,0.39006536,321,527,17.332723,27.573057,1166.901671,True,OK
1777554216.411789,True,True,0.39045919,321,527,0.000000,27.552171,1166.901671,True,OK
1777554216.443896,True,True,0.39058938,321,527,0.000000,27.531300,1166.901671,True,OK
1777554216.475559,True,True,0.39019790,321,527,0.000000,27.510748,1166.901671,True,OK
1777554216.507139,True,True,0.39070817,321,527,0.000000,27.490281,1166.901671,True,OK
1777554216.538858,True,True,0.39049025,321,527,0.000000,27.469754,1166.901671,True,OK
1777554216.570639,True,True,0.38997760,321,527,0.000000,27.449218,1166.901671,True,OK
1777554216.602479,True,True,0.38997760,321,527,0.000000,27.428675,1166.901671,True,OK
1777554216.634533,True,True,0.39069939,321,527,0.000000,27.408024,1166.901671,True,OK
1777554216.666383,True,True,0.39088427,321,527,0.000000,27.387536,1166.901671,True,OK
1777554216.682397,True,True,0.39036982,322,527,24.377359,27.386405,1167.292041,True,OK
1777554216.729667,True,True,0.39054323,322,527,0.000000,27.356066,1167.292041,True,OK
1777554216.761327,True,True,0.39019373,321,504,283.730624,27.546147,1176.274975,True,OK
1777554216.777080,True,True,0.39019373,321,504,0.000000,27.535989,1176.274975,True,OK
1777554216.825341,True,True,0.39109948,321,503,8.103893,27.514060,1176.666074,True,OK
1777554216.856547,True,True,0.39136092,321,525,275.905407,27.695178,1185.276015,True,OK
1777554216.888391,True,True,0.38967878,322,526,17.305434,27.687453,1185.827104,True,OK
1777554216.920221,True,True,0.39107863,322,526,0.000000,27.666892,1185.827104,True,OK
1777554216.952008,True,True,0.39107945,322,503,282.972609,27.856094,1194.821931,True,OK
1777554216.983733,True,True,0.39032891,323,526,283.244484,28.044851,1203.807977,True,OK
1777554217.016026,True,True,0.39065720,321,527,27.050853,28.044104,1204.681513,True,OK
1777554217.048070,True,True,0.39012605,321,526,12.174452,28.032275,1205.071639,True,OK
1777554217.063991,True,True,0.39073810,322,525,34.709893,28.034747,1205.624227,True,OK
1777554217.096084,True,True,0.39000173,321,526,17.185832,28.026656,1206.175772,True,OK
1777554217.143791,True,True,0.39046560,321,526,0.000000,27.995622,1206.175772,True,OK
1777554217.159590,True,True,0.39046560,321,526,0.000000,27.985360,1206.175772,True,OK
1777554217.191676,True,True,0.38999943,321,526,0.000000,27.964542,1206.175772,True,OK
1777554217.223384,True,True,0.38994534,323,526,24.596391,27.962068,1206.955663,True,OK
1777554217.239419,True,True,0.39038268,323,525,24.344816,27.960724,1207.346046,True,OK
1777554217.287350,True,True,0.38921752,323,525,0.000000,27.929722,1207.346046,True,OK
1777554217.319139,True,True,0.38931879,322,525,12.247125,27.918198,1207.735364,True,OK
1777554217.351042,True,True,0.39011460,322,525,0.000000,27.897624,1207.735364,True,OK
1777554217.383146,True,True,0.38851457,322,525,0.000000,27.876951,1207.735364,True,OK
1777554217.399055,True,True,0.38851457,322,525,0.000000,27.866718,1207.735364,True,OK
1777554217.446433,True,True,0.38896866,322,523,16.419614,27.854218,1208.513302,True,OK
1777554217.478164,True,True,0.38851058,323,524,17.315652,27.846516,1209.062739,True,OK
1777554217.501420,True,True,0.38847496,324,523,23.623853,27.844256,1209.612125,True,OK
1777554217.531139,True,True,0.38847496,324,523,0.000000,27.825220,1209.612125,True,OK
1777554217.560364,True,True,0.38837455,323,501,292.666185,28.003144,1218.165187,True,OK
1777554217.588437,True,True,0.38817250,324,523,304.507724,28.181472,1226.713800,True,OK
1777554217.620234,True,True,0.38784428,325,523,12.197629,28.169805,1227.101644,True,OK
1777554217.643745,True,True,0.38791962,324,501,363.361027,28.350621,1235.644688,True,OK
1777554217.684820,True,True,0.38771013,325,523,207.876587,28.519649,1244.183118,True,OK
1777554217.700246,True,True,0.38737744,325,501,552.449377,28.704850,1252.705421,True,OK
1777554217.747482,True,True,0.38842411,326,524,189.310935,28.878497,1261.647616,True,OK
1777554217.779628,True,True,0.38753037,326,524,0.000000,28.857264,1261.647616,True,OK
1777554217.811779,True,True,0.38665559,324,524,24.052489,28.853733,1262.420927,True,OK
1777554217.831562,True,True,0.38818078,327,525,62.049203,28.868736,1263.648462,True,OK
1777554217.859523,True,True,0.38818078,327,525,0.000000,28.850307,1263.648462,True,OK
1777554217.891232,True,True,0.38688347,326,526,17.254931,28.841919,1264.195598,True,OK
1777554217.923122,True,True,0.38701829,326,525,12.135981,28.829773,1264.582616,True,OK
1777554217.954944,True,True,0.38646608,326,525,0.000000,28.808873,1264.582616,True,OK
1777554217.986630,True,True,0.38652592,327,525,12.198608,28.796892,1264.969142,True,OK
1777554218.002624,True,True,0.38665143,327,525,0.000000,28.786410,1264.969142,True,OK
1777554218.050264,True,True,0.38675535,326,525,8.118276,28.764028,1265.355898,True,OK
1777554218.073150,True,True,0.38573084,328,526,37.688409,28.768668,1266.218418,True,OK
1777554218.113934,True,True,0.38613359,328,504,208.287918,28.934862,1274.713357,True,OK
1777554218.136091,True,True,0.38721905,328,527,401.965262,29.122375,1283.619395,True,OK
1777554218.177698,True,True,0.38660636,329,527,9.291774,29.103673,1284.006002,True,OK
1777554218.193582,True,True,0.38613185,330,527,24.309603,29.101948,1284.392133,True,OK
1777554218.228116,True,True,0.38613185,330,527,0.000000,29.079194,1284.392133,True,OK
1777554218.272396,True,True,0.38605440,330,527,0.000000,29.050071,1284.392133,True,OK
1777554218.304359,True,True,0.38696314,329,527,12.106464,29.037830,1284.779097,True,OK
1777554218.328250,True,True,0.38564345,330,527,16.142129,29.030871,1285.164740,True,OK
1777554218.367654,True,True,0.38643763,330,527,0.000000,29.005053,1285.164740,True,OK
1777554218.383417,True,True,0.38595911,331,527,24.485432,29.003446,1285.550699,True,OK
1777554218.430932,True,True,0.38602673,330,527,8.124205,28.981087,1285.936726,True,OK
1777554218.447042,True,True,0.38613788,331,527,23.968561,28.979268,1286.322864,True,OK
1777554218.494538,True,True,0.38616051,331,526,8.130407,28.956983,1286.709024,True,OK
1777554218.526465,True,True,0.38637160,331,525,12.101859,28.944881,1287.095396,True,OK
1777554218.553400,True,True,0.38588587,331,525,0.000000,28.927360,1287.095396,True,OK
1777554218.581386,True,True,0.38558517,331,525,0.000000,28.909176,1287.095396,True,OK
1777554218.621764,True,True,0.38537783,330,525,9.544230,28.891629,1287.480774,True,OK
1777554218.652637,True,True,0.38540787,331,503,274.923441,29.061963,1295.968502,True,OK
1777554218.700250,True,True,0.38610817,330,503,8.109318,29.039616,1296.354610,True,OK
1777554218.731595,True,True,0.38610817,330,503,0.000000,29.019239,1296.354610,True,OK
1777554218.763358,True,True,0.38650705,330,525,267.711677,29.188831,1304.857765,True,OK
1777554218.796042,True,True,0.38650705,330,525,0.000000,29.167506,1304.857765,True,OK
1777554218.811015,True,True,0.38592479,333,502,597.843020,29.357772,1313.809224,True,OK
1777554218.858727,True,True,0.38579229,331,501,18.080578,29.345762,1314.671881,True,OK
1777554218.890328,True,True,0.38597577,332,524,281.184419,29.523283,1323.557711,True,OK
1777554218.922367,True,True,0.38513583,331,524,12.021140,29.510785,1323.942847,True,OK
1777554218.954285,True,True,0.38643419,332,501,278.723701,29.687964,1332.839230,True,OK
1777554218.986399,True,True,0.38536435,332,524,275.997134,29.864027,1341.702610,True,OK
1777554219.018277,True,True,0.38593379,331,524,12.106408,29.851435,1342.088544,True,OK
1777554219.050325,True,True,0.38617785,332,524,12.049988,29.838755,1342.474721,True,OK
1777554219.081762,True,True,0.38672085,333,524,12.301673,29.826510,1342.861442,True,OK
1777554219.101371,True,True,0.38604301,332,524,19.687297,29.822096,1343.247485,True,OK
1777554219.145030,True,True,0.38571919,330,523,19.754936,29.812347,1344.109980,True,OK
1777554219.176593,True,True,0.38598556,333,523,36.687381,29.817157,1345.267936,True,OK
1777554219.208561,True,True,0.38616646,332,501,266.026639,29.984407,1353.772370,True,OK
1777554219.230886,True,True,0.38616646,332,501,0.000000,29.969588,1353.772370,True,OK
1777554219.256496,True,True,0.38681767,333,524,347.721162,30.149637,1362.677582,True,OK
1777554219.304297,True,True,0.38666945,331,524,16.178213,30.134876,1363.450921,True,OK
1777554219.336391,True,True,0.38666945,331,524,0.000000,30.113516,1363.450921,True,OK
1777554219.368592,True,True,0.38608273,331,525,11.989844,30.100636,1363.837004,True,OK
1777554219.384726,True,True,0.38731511,332,524,33.950265,30.102006,1364.384750,True,OK
1777554219.431989,True,True,0.38614898,331,524,8.170151,30.079160,1364.770899,True,OK
1777554219.463990,True,True,0.38643522,331,523,12.075536,30.066471,1365.157334,True,OK
1777554219.495959,True,True,0.38626769,331,524,12.082814,30.053818,1365.543602,True,OK
1777554219.511982,True,True,0.38586117,330,523,34.056843,30.055229,1366.089292,True,OK
1777554219.559488,True,True,0.38617399,330,523,0.000000,30.023849,1366.089292,True,OK
1777554219.591314,True,True,0.38621214,332,523,24.270032,30.019827,1366.861716,True,OK
1777554219.623599,True,True,0.38566572,332,523,0.000000,29.998556,1366.861716,True,OK
1777554219.655373,True,True,0.38534924,331,500,279.207109,30.172217,1375.733122,True,OK
1777554219.687375,True,True,0.38610017,331,500,0.000000,30.151055,1375.733122,True,OK
1777554219.719139,True,True,0.38586390,331,522,267.250158,30.315999,1384.222128,True,OK
1777554219.750528,True,True,0.38493903,331,522,0.000000,30.295172,1384.222128,True,OK
1777554219.782629,True,True,0.38493903,331,522,0.000000,30.273903,1384.222128,True,OK
1777554219.814310,True,True,0.38433835,331,498,291.160050,30.454539,1393.446248,True,OK
1777554219.845023,True,True,0.38453837,332,521,288.235507,30.627462,1402.298986,True,OK
1777554219.864080,True,True,0.38413666,331,520,28.507313,30.626580,1402.842237,True,OK
1777554219.908523,True,True,0.38453384,331,520,0.000000,30.596892,1402.842237,True,OK
1777554219.940314,True,True,0.38411328,333,520,24.164929,30.592436,1403.610464,True,OK
1777554219.972131,True,True,0.38407345,333,519,12.071344,30.579601,1403.994537,True,OK
1777554219.988359,True,True,0.38407345,333,519,0.000000,30.568796,1403.994537,True,OK
1777554220.020206,True,True,0.38412274,332,519,12.061505,30.555972,1404.378660,True,OK
1777554220.052269,True,True,0.38297676,330,519,23.889188,30.551325,1405.144614,True,OK
1777554220.084058,True,True,0.38405247,330,520,12.081005,30.538567,1405.528666,True,OK
1777554220.117092,True,True,0.38295152,330,520,0.000000,30.516664,1405.528666,True,OK
1777554220.148235,True,True,0.38245533,331,520,12.280451,30.504341,1405.911122,True,OK
1777554220.168794,True,True,0.38272409,329,520,37.231650,30.507341,1406.676570,True,OK
1777554220.211543,True,True,0.38288593,328,520,8.956671,30.487380,1407.059456,True,OK
1777554220.243148,True,True,0.38261235,330,520,24.211954,30.483085,1407.824680,True,OK
1777554220.275174,True,True,0.38245821,329,497,274.933847,30.652478,1416.629530,True,OK
1777554220.307022,True,True,0.38192925,330,499,26.815330,30.649835,1417.483549,True,OK
1777554220.338652,True,True,0.38192925,330,499,0.000000,30.628887,1417.483549,True,OK
1777554220.354585,True,True,0.38216598,329,521,528.255264,30.800143,1425.899882,True,OK
1777554220.392700,True,True,0.38223814,331,522,22.424082,30.793253,1426.754592,True,OK
1777554220.434222,True,True,0.38209452,331,522,0.000000,30.765682,1426.754592,True,OK
1777554220.449999,True,True,0.38203722,329,522,48.430032,30.771689,1427.518667,True,OK
1777554220.498011,True,True,0.38170125,330,522,7.950198,30.748095,1427.900368,True,OK
1777554220.531727,True,True,0.38102434,329,499,260.163204,30.914540,1436.672207,True,OK
1777554220.551918,True,True,0.38078300,330,523,453.021556,31.097850,1445.818929,True,OK
1777554220.593026,True,True,0.38074331,331,524,13.098363,31.081949,1446.357381,True,OK
1777554220.624948,True,True,0.38057117,330,525,16.860197,31.072200,1446.895590,True,OK
1777554220.656737,True,True,0.38047375,329,525,11.968609,31.059167,1447.276064,True,OK
1777554220.688430,True,True,0.38050044,329,525,0.000000,31.038057,1447.276064,True,OK
1777554220.720437,True,True,0.37948676,330,525,11.856464,31.024899,1447.655551,True,OK
1777554220.736316,True,True,0.37932344,330,526,23.887063,31.022471,1448.034874,True,OK
1777554220.783844,True,True,0.37912664,328,525,17.837174,31.009059,1448.882627,True,OK
1777554220.808388,True,True,0.37913611,327,527,34.540321,31.010913,1449.730401,True,OK
1777554220.847020,True,True,0.37848545,327,527,0.000000,30.985308,1449.730401,True,OK
1777554220.878616,True,True,0.37856188,328,526,16.944435,30.975833,1450.265768,True,OK
1777554220.900471,True,True,0.37875923,328,503,398.596253,31.147359,1458.977231,True,OK
1777554220.931830,True,True,0.37914441,328,503,0.000000,31.126521,1458.977231,True,OK
1777554220.958371,True,True,0.37914441,328,503,0.000000,31.108905,1458.977231,True,OK
1777554220.989992,True,True,0.37846356,329,503,11.968749,31.096009,1459.355694,True,OK
1777554221.006075,True,True,0.37836963,327,526,543.165367,31.271426,1468.091036,True,OK
1777554221.037589,True,True,0.37727087,330,527,37.856535,31.275843,1469.284071,True,OK
1777554221.053475,True,True,0.37727087,330,527,0.000000,31.265270,1469.284071,True,OK
1777554221.085376,True,True,0.37787954,328,527,23.691029,31.260132,1470.039830,True,OK
1777554221.117260,True,True,0.37682609,329,528,16.714005,31.250277,1470.572742,True,OK
1777554221.148906,True,True,0.37595988,329,528,0.000000,31.229276,1470.572742,True,OK
1777554221.180894,True,True,0.37563148,329,528,0.000000,31.208076,1470.572742,True,OK
1777554221.212553,True,True,0.37615498,330,528,11.881586,31.195100,1470.948897,True,OK
1777554221.244381,True,True,0.37603234,330,528,0.000000,31.174057,1470.948897,True,OK
1777554221.276322,True,True,0.37545797,330,528,0.000000,31.152969,1470.948897,True,OK
1777554221.307878,True,True,0.37547628,329,529,16.827020,31.143401,1471.479901,True,OK
1777554221.332494,True,True,0.37547628,329,529,0.000000,31.127184,1471.479901,True,OK
1777554221.371021,True,True,0.37545940,328,529,9.745415,31.109773,1471.855360,True,OK
1777554221.402876,True,True,0.37472770,328,529,0.000000,31.088841,1471.855360,True,OK
1777554221.434738,True,True,0.37472770,328,529,0.000000,31.067932,1471.855360,True,OK
1777554221.450593,True,True,0.37520290,329,528,33.467205,31.068735,1472.385977,True,OK
1777554221.498360,True,True,0.37400483,328,528,7.829787,31.045335,1472.759982,True,OK
1777554221.530332,True,True,0.37440383,329,528,11.710217,31.032312,1473.134386,True,OK
1777554221.562114,True,True,0.37357149,328,527,16.623098,31.022672,1473.662696,True,OK
1777554221.578145,True,True,0.37395509,328,529,46.654610,31.027946,1474.410606,True,OK
1777554221.625669,True,True,0.37398131,328,505,188.860807,31.185640,1483.386158,True,OK
1777554221.641754,True,True,0.37339315,327,527,511.240241,31.347917,1491.609289,True,OK
1777554221.689546,True,True,0.37380171,327,527,0.000000,31.316463,1491.609289,True,OK
1777554221.739005,True,True,0.37424927,327,527,0.000000,31.283978,1491.609289,True,OK
1777554221.768525,True,True,0.37394874,328,526,17.914583,31.275705,1492.138132,True,OK
1777554221.791481,True,True,0.37394874,328,526,0.000000,31.260664,1492.138132,True,OK
1777554221.816526,True,True,0.37475053,329,503,344.473991,31.424921,1500.765537,True,OK
1777554221.848503,True,True,0.37435536,329,526,269.263974,31.584064,1509.375710,True,OK
1777554221.880417,True,True,0.37470242,329,503,270.039107,31.743203,1517.993866,True,OK
1777554221.900084,True,True,0.37436923,329,503,0.000000,31.730153,1517.993866,True,OK
1777554221.933525,True,True,0.37436923,329,503,0.000000,31.707989,1517.993866,True,OK
1777554221.959870,True,True,0.37464981,328,526,327.398587,31.870613,1526.618952,True,OK
1777554221.975897,True,True,0.37520689,328,526,0.000000,31.859953,1526.618952,True,OK
1777554222.024046,True,True,0.37461534,326,526,15.560711,31.843591,1527.368183,True,OK
1777554222.054359,True,True,0.37489050,327,525,17.490020,31.834525,1527.898358,True,OK
1777554222.087027,True,True,0.37516525,328,525,11.484142,31.820683,1528.273524,True,OK
1777554222.118418,True,True,0.37466653,327,526,16.879748,31.810924,1528.803382,True,OK
1777554222.149842,True,True,0.37494711,326,526,11.931582,31.797934,1529.178329,True,OK
1777554222.182098,True,True,0.37577250,326,526,0.000000,31.776620,1529.178329,True,OK
1777554222.213696,True,True,0.37592076,326,525,11.897125,31.763576,1529.554250,True,OK
1777554222.245377,True,True,0.37493350,327,503,260.628637,31.914050,1537.811304,True,OK
1777554222.277102,True,True,0.37475175,326,503,11.812710,31.900824,1538.186056,True,OK
1777554222.309283,True,True,0.37582000,327,525,257.188115,32.051083,1546.462633,True,OK
1777554222.341320,True,True,0.37577057,326,503,258.312103,32.201215,1554.738121,True,OK
1777554222.357416,True,True,0.37577057,326,503,0.000000,32.190483,1554.738121,True,OK
1777554222.405143,True,True,0.37572841,326,527,188.937426,32.345225,1563.755603,True,OK
1777554222.426351,True,True,0.37572841,326,527,0.000000,32.331043,1563.755603,True,OK
1777554222.468716,True,True,0.37753246,326,527,0.000000,32.302748,1563.755603,True,OK
1777554222.500564,True,True,0.37662071,326,528,11.825763,32.289286,1564.132224,True,OK
1777554222.532190,True,True,0.37702719,326,527,11.921347,32.275997,1564.509251,True,OK
1777554222.548018,True,True,0.37604617,327,526,33.599010,32.276429,1565.041060,True,OK
1777554222.595564,True,True,0.37589637,326,526,7.905927,32.252555,1565.416957,True,OK
1777554222.627485,True,True,0.37652410,326,526,0.000000,32.231358,1565.416957,True,OK
1777554222.658919,True,True,0.37712472,326,526,0.000000,32.210510,1565.416957,True,OK
1777554222.674992,True,True,0.37760129,326,526,0.000000,32.199861,1565.416957,True,OK
1777554222.706631,True,True,0.37779171,326,526,0.000000,32.178919,1565.416957,True,OK
1777554222.754109,True,True,0.37831566,326,526,0.000000,32.147544,1565.416957,True,OK
1777554222.785938,True,True,0.37831566,326,526,0.000000,32.126545,1565.416957,True,OK
1777554222.817740,True,True,0.37836709,326,526,0.000000,32.105591,1565.416957,True,OK
1777554222.839103,True,True,0.37805347,326,527,17.696631,32.099280,1565.795010,True,OK
1777554222.865533,True,True,0.37845606,326,527,0.000000,32.081898,1565.795010,True,OK
1777554222.897416,True,True,0.37845606,326,527,0.000000,32.060954,1565.795010,True,OK
1777554222.929427,True,True,0.37816051,326,527,0.000000,32.039953,1565.795010,True,OK
1777554222.961236,True,True,0.37859235,326,527,0.000000,32.019112,1565.795010,True,OK
1777554222.992649,True,True,0.37872357,325,527,12.056147,32.006297,1566.173734,True,OK
1777554223.010691,True,True,0.37901150,325,528,21.007075,32.002243,1566.552745,True,OK
1777554223.056397,True,True,0.37970990,325,528,0.000000,31.972391,1566.552745,True,OK
1777554223.088179,True,True,0.37885434,326,505,274.429116,32.129558,1575.274627,True,OK
1777554223.122234,True,True,0.37892340,325,528,256.154777,32.285058,1583.998099,True,OK
1777554223.151224,True,True,0.37943600,326,528,13.088392,32.273722,1584.377535,True,OK
1777554223.167206,True,True,0.37926393,325,528,23.731884,32.270942,1584.756799,True,OK
1777554223.198934,True,True,0.38029689,326,527,16.950975,32.261051,1585.294620,True,OK
1777554223.230863,True,True,0.38029689,326,527,0.000000,32.240102,1585.294620,True,OK
1777554223.262377,True,True,0.37957963,326,527,0.000000,32.219453,1585.294620,True,OK
1777554223.286143,True,True,0.37972341,326,527,0.000000,32.203897,1585.294620,True,OK
1777554223.325922,True,True,0.37938889,326,526,9.537486,32.185596,1585.674009,True,OK
1777554223.357829,True,True,0.38031737,325,525,16.856507,32.175675,1586.211859,True,OK
1777554223.389794,True,True,0.37955791,326,525,11.874166,32.162520,1586.591417,True,OK
1777554223.421729,True,True,0.38078679,326,524,11.923905,32.149426,1586.972203,True,OK
1777554223.469401,True,True,0.38068249,326,523,7.985407,32.126112,1587.352886,True,OK
1777554223.517288,True,True,0.37997520,327,523,7.934934,32.102690,1587.732861,True,OK
1777554223.548799,True,True,0.38068799,327,523,0.000000,32.082249,1587.732861,True,OK
1777554223.580986,True,True,0.38081018,327,522,11.831273,32.069087,1588.113671,True,OK
1777554223.612782,True,True,0.38096256,328,523,16.943849,32.059382,1588.652434,True,OK
1777554223.644950,True,True,0.38045090,327,523,11.827031,32.046256,1589.032885,True,OK
1777554223.676955,True,True,0.38191763,326,523,11.933390,32.033283,1589.414802,True,OK
1777554223.708423,True,True,0.38191763,326,523,0.000000,32.012980,1589.414802,True,OK
1777554223.724352,True,True,0.38031868,328,522,53.387317,32.019835,1590.265221,True,OK
1777554223.774168,True,True,0.38110017,327,522,7.650282,31.995416,1590.646321,True,OK
1777554223.820159,True,True,0.38124720,328,520,18.535757,31.982976,1591.498815,True,OK
1777554223.852062,True,True,0.38083997,328,520,0.000000,31.962484,1591.498815,True,OK
1777554223.883865,True,True,0.38196662,328,521,12.010617,31.949749,1591.880782,True,OK
1777554223.906604,True,True,0.38145129,328,521,0.000000,31.935174,1591.880782,True,OK
1777554223.947213,True,True,0.38115414,328,520,9.385924,31.916819,1592.261936,True,OK
1777554223.966918,True,True,0.38260919,327,520,19.416802,31.911884,1592.644545,True,OK
1777554224.011229,True,True,0.38197504,328,519,12.191224,31.894390,1593.184740,True,OK
1777554224.042929,True,True,0.38182449,329,519,12.044885,31.881802,1593.566564,True,OK
1777554224.074841,True,True,0.38196643,328,519,11.969423,31.869097,1593.948531,True,OK
1777554224.106573,True,True,0.38149419,328,519,0.000000,31.848890,1593.948531,True,OK
1777554224.138445,True,True,0.38172750,328,518,11.976969,31.836243,1594.330258,True,OK
1777554224.170146,True,True,0.38096555,329,519,16.995466,31.826854,1594.869025,True,OK
1777554224.201609,True,True,0.38096555,329,519,0.000000,31.806883,1594.869025,True,OK
1777554224.234730,True,True,0.38142793,329,519,0.000000,31.785888,1594.869025,True,OK
1777554224.264611,True,True,0.38164669,330,518,18.062790,31.777720,1595.408755,True,OK
1777554224.284425,True,True,0.38068800,331,518,19.212374,31.772763,1595.789443,True,OK
1777554224.327554,True,True,0.38092830,332,518,8.832454,31.753081,1596.170371,True,OK
1777554224.359178,True,True,0.38069630,332,518,0.000000,31.733117,1596.170371,True,OK
1777554224.390632,True,True,0.38079781,331,517,17.120998,31.723986,1596.708900,True,OK
1777554224.422202,True,True,0.38072216,331,517,0.000000,31.704099,1596.708900,True,OK
1777554224.437853,True,True,0.38071628,334,517,72.978375,31.716921,1597.851049,True,OK
1777554224.485912,True,True,0.38035989,334,517,0.000000,31.686694,1597.851049,True,OK
1777554224.501864,True,True,0.38035165,334,517,0.000000,31.676673,1597.851049,True,OK
1777554224.537986,True,True,0.37971653,335,517,10.512033,31.661528,1598.230766,True,OK
1777554224.581342,True,True,0.38006308,336,517,8.765968,31.641880,1598.610829,True,OK
1777554224.613428,True,True,0.37991824,334,517,23.681852,31.636828,1599.370665,True,OK
1777554224.637855,True,True,0.38027139,334,517,0.000000,31.621548,1599.370665,True,OK
1777554224.677174,True,True,0.37982946,337,518,30.548024,31.620714,1600.571792,True,OK
1777554224.709257,True,True,0.37983119,338,518,11.839180,31.608184,1600.951623,True,OK
1777554224.738056,True,True,0.37960718,338,495,303.165925,31.762503,1609.682588,True,OK
1777554224.772810,True,True,0.37978363,335,494,34.556834,31.764418,1610.883569,True,OK
1777554224.804270,True,True,0.37978363,335,494,0.000000,31.744725,1610.883569,True,OK
1777554224.836215,True,True,0.37959993,340,494,59.413296,31.762133,1612.781569,True,OK
1777554224.867818,True,True,0.37959993,340,494,0.000000,31.742377,1612.781569,True,OK
1777554224.899714,True,True,0.37996420,341,517,274.249651,31.894519,1621.529002,True,OK
1777554224.915781,True,True,0.37956293,340,517,23.623717,31.891906,1621.908565,True,OK
1777554224.963633,True,True,0.38019754,338,494,183.430884,32.034359,1630.686106,True,OK
1777554224.995180,True,True,0.38006997,338,494,0.000000,32.014518,1630.686106,True,OK
1777554225.027308,True,True,0.38011631,339,517,272.380429,32.166033,1639.437041,True,OK
1777554225.059141,True,True,0.37978362,340,516,16.872184,32.156487,1639.974136,True,OK
1777554225.077701,True,True,0.38062585,338,516,41.016920,32.159710,1640.735388,True,OK
1777554225.123188,True,True,0.38010359,340,516,16.712564,32.145950,1641.495595,True,OK
1777554225.155630,True,True,0.38084863,340,516,0.000000,32.125540,1641.495595,True,OK
1777554225.186536,True,True,0.38061139,340,516,0.000000,32.106120,1641.495595,True,OK
1777554225.218094,True,True,0.38061102,339,515,17.056232,32.096836,1642.033860,True,OK
1777554225.250203,True,True,0.38056130,338,515,11.852073,32.084138,1642.414422,True,OK
1777554225.282161,True,True,0.38124852,338,515,0.000000,32.064121,1642.414422,True,OK
1777554225.314056,True,True,0.38177360,338,515,0.000000,32.044168,1642.414422,True,OK
1777554225.345941,True,True,0.38051387,338,515,0.000000,32.024246,1642.414422,True,OK
1777554225.377457,True,True,0.38166158,339,515,12.110152,32.012016,1642.796083,True,OK
1777554225.409282,True,True,0.38199310,338,516,16.974538,32.002696,1643.336303,True,OK
1777554225.432118,True,True,0.38199310,338,516,0.000000,31.988471,1643.336303,True,OK
1777554225.472505,True,True,0.38147176,338,515,9.445429,31.970762,1643.717775,True,OK
1777554225.522507,True,True,0.38115203,339,493,167.871410,32.102806,1652.111778,True,OK
1777554225.552544,True,True,0.38226495,337,516,293.814071,32.255467,1660.937049,True,OK
1777554225.584265,True,True,0.38166492,337,516,0.000000,32.235609,1660.937049,True,OK
1777554225.616013,True,True,0.38212945,337,516,0.000000,32.215759,1660.937049,True,OK
1777554225.647676,True,True,0.38276548,337,516,0.000000,32.195986,1660.937049,True,OK
1777554225.679551,True,True,0.38263849,337,516,0.000000,32.176105,1660.937049,True,OK
1777554225.727536,True,True,0.38375922,337,516,0.000000,32.146223,1660.937049,True,OK
1777554225.775407,True,True,0.38424648,335,517,17.948130,32.133080,1661.796250,True,OK
1777554225.823317,True,True,0.38261447,336,517,7.986113,32.110731,1662.178865,True,OK
1777554225.855394,True,True,0.38309591,334,517,23.885964,32.105638,1662.945057,True,OK
1777554225.887671,True,True,0.38404130,335,493,285.808040,32.263635,1672.170045,True,OK
1777554225.903001,True,True,0.38419826,332,493,75.185195,32.276326,1673.322640,True,OK
1777554225.951171,True,True,0.38387308,333,493,7.969196,32.253763,1673.706513,True,OK
1777554225.983158,True,True,0.38283287,334,517,287.488870,32.410998,1682.902474,True,OK
1777554226.014585,True,True,0.38433871,334,517,0.000000,32.391393,1682.902474,True,OK
1777554226.040573,True,True,0.38470232,334,517,0.000000,32.375199,1682.902474,True,OK
1777554226.078618,True,True,0.38470767,333,517,10.111993,32.358917,1683.287182,True,OK
1777554226.110757,True,True,0.38451675,332,518,16.919871,32.349384,1683.830971,True,OK
1777554226.126448,True,True,0.38488303,333,518,24.528093,32.347027,1684.215854,True,OK
1777554226.160412,True,True,0.38488303,333,518,0.000000,32.325940,1684.215854,True,OK
1777554226.205159,True,True,0.38429762,332,519,12.145757,32.308624,1684.759333,True,OK
1777554226.237059,True,True,0.38429762,332,519,0.000000,32.288871,1684.759333,True,OK
1777554226.252891,True,True,0.38496081,332,519,0.000000,32.279077,1684.759333,True,OK
1777554226.300698,True,True,0.38451968,331,519,8.043130,32.256898,1685.143852,True,OK
1777554226.332213,True,True,0.38558184,333,520,27.358097,32.253944,1686.006040,True,OK
1777554226.365872,True,True,0.38633963,332,520,11.477892,32.240575,1686.392379,True,OK
1777554226.390021,True,True,0.38511541,331,521,22.553849,32.236105,1686.937015,True,OK
1777554226.427342,True,True,0.38589850,330,521,10.339826,32.220500,1687.322913,True,OK
1777554226.458363,True,True,0.38518920,331,521,12.417285,32.208776,1687.708102,True,OK
1777554226.490789,True,True,0.38476555,331,521,0.000000,32.188857,1687.708102,True,OK
1777554226.521955,True,True,0.38597903,331,522,12.384399,32.177091,1688.094081,True,OK
1777554226.553416,True,True,0.38541595,331,523,12.250687,32.165149,1688.479497,True,OK
1777554226.584888,True,True,0.38640661,331,523,0.000000,32.145876,1688.479497,True,OK
1777554226.616819,True,True,0.38521388,331,523,0.000000,32.126346,1688.479497,True,OK
1777554226.648641,True,True,0.38526409,331,523,0.000000,32.106907,1688.479497,True,OK
1777554226.679956,True,True,0.38545819,330,524,17.407457,32.098159,1689.024618,True,OK
1777554226.697618,True,True,0.38575883,330,524,0.000000,32.087389,1689.024618,True,OK
1777554226.727152,True,True,0.38575883,330,524,0.000000,32.069396,1689.024618,True,OK
1777554226.770282,True,True,0.38594787,330,522,17.897286,32.057800,1689.796513,True,OK
1777554226.791857,True,True,0.38472777,328,498,429.454596,32.220391,1699.061985,True,OK
1777554226.837121,True,True,0.38489621,329,522,204.254530,32.367935,1708.307509,True,OK
1777554226.869023,True,True,0.38554557,328,521,17.091553,32.358707,1708.852753,True,OK
1777554226.902565,True,True,0.38554557,328,521,0.000000,32.338168,1708.852753,True,OK
1777554226.931952,True,True,0.38540445,330,522,29.325573,32.336493,1709.714544,True,OK
1777554226.963571,True,True,0.38486363,330,522,0.000000,32.317167,1709.714544,True,OK
1777554226.994942,True,True,0.38603572,330,522,0.000000,32.298015,1709.714544,True,OK
1777554227.026544,True,True,0.38508012,330,522,0.000000,32.278744,1709.714544,True,OK
1777554227.058758,True,True,0.38514147,329,522,11.955656,32.266391,1710.099685,True,OK
1777554227.090302,True,True,0.38500914,329,523,12.205752,32.254459,1710.484694,True,OK
1777554227.121775,True,True,0.38504109,329,524,12.233858,32.242584,1710.869735,True,OK
1777554227.153208,True,True,0.38479085,330,523,17.312076,32.233745,1711.413912,True,OK
1777554227.185141,True,True,0.38511859,331,522,17.055799,32.224622,1711.958552,True,OK
1777554227.216770,True,True,0.38434891,330,521,17.185048,32.215673,1712.502103,True,OK
1777554227.248521,True,True,0.38491460,330,521,0.000000,32.196442,1712.502103,True,OK
1777554227.279982,True,True,0.38422634,330,522,12.212689,32.184629,1712.886330,True,OK
1777554227.311871,True,True,0.38434167,329,522,12.052589,32.172574,1713.270671,True,OK
1777554227.329680,True,True,0.38450148,329,521,21.590106,32.169036,1713.655173,True,OK
1777554227.375549,True,True,0.38413522,331,521,16.749276,32.155770,1714.423443,True,OK
1777554227.402874,True,True,0.38429677,330,521,14.064092,32.146502,1714.807740,True,OK
1777554227.439039,True,True,0.38394256,329,520,15.013677,32.134895,1715.350717,True,OK
1777554227.469990,True,True,0.38427379,329,520,0.000000,32.116273,1715.350717,True,OK
1777554227.501564,True,True,0.38427379,329,520,0.000000,32.097298,1715.350717,True,OK
1777554227.532460,True,True,0.38423043,329,519,12.436273,32.085938,1715.734947,True,OK
1777554227.566442,True,True,0.38412288,329,520,11.303783,32.072740,1716.119070,True,OK
1777554227.595890,True,True,0.38450758,328,520,13.057263,32.062280,1716.503578,True,OK
1777554227.627667,True,True,0.38463347,329,519,17.117771,32.053415,1717.047531,True,OK
1777554227.659379,True,True,0.38490526,328,520,17.165025,32.044607,1717.591870,True,OK
1777554227.691112,True,True,0.38425446,328,520,0.000000,32.025647,1717.591870,True,OK
1777554227.722787,True,True,0.38414526,328,519,12.127399,32.013901,1717.976015,True,OK
1777554227.754329,True,True,0.38439440,328,519,0.000000,31.995096,1717.976015,True,OK
1777554227.785804,True,True,0.38439440,328,519,0.000000,31.976351,1717.976015,True,OK
1777554227.817599,True,True,0.38508909,328,519,0.000000,31.957439,1717.976015,True,OK
1777554227.849092,True,True,0.38463613,328,519,0.000000,31.938729,1717.976015,True,OK
1777554227.880700,True,True,0.38449714,328,518,12.164511,31.927116,1718.360512,True,OK
1777554227.912087,True,True,0.38433472,328,519,12.244900,31.915644,1718.744847,True,OK
1777554227.943770,True,True,0.38514752,328,519,0.000000,31.896879,1718.744847,True,OK
1777554227.975367,True,True,0.38562174,328,518,12.204417,31.885338,1719.130469,True,OK
1777554228.006723,True,True,0.38542657,328,518,0.000000,31.866805,1719.130469,True,OK
1777554228.038243,True,True,0.38468235,328,518,0.000000,31.848198,1719.130469,True,OK
1777554228.059019,True,True,0.38468235,328,518,0.000000,31.835944,1719.130469,True,OK
1777554228.101427,True,True,0.38495908,328,518,0.000000,31.810962,1719.130469,True,OK
1777554228.133083,True,True,0.38495908,328,518,0.000000,31.792339,1719.130469,True,OK
1777554228.164752,True,True,0.38492709,330,495,280.618065,31.937979,1728.017201,True,OK
1777554228.180397,True,True,0.38444082,330,495,0.000000,31.928746,1728.017201,True,OK
1777554228.227745,True,True,0.38498654,329,517,179.067493,32.057358,1736.495650,True,OK
1777554228.259330,True,True,0.38446380,329,517,0.000000,32.038677,1736.495650,True,OK
