timestamp_s,tag_detected,object_detected,cm_per_px,object_x_px,object_y_px,instant_cm_s,average_cm_s,distance_total_cm,valid,reason
1777554365.183794,True,True,0.38731430,281,299,0.000000,0.000000,0.000000,True,Primera muestra
1777554365.267054,True,True,0.38695382,281,324,116.188640,116.188640,9.673845,True,OK
1777554365.326649,True,True,0.38699486,281,324,0.000000,67.717741,9.673845,True,OK
1777554365.392496,True,True,0.38747954,281,325,5.884551,48.208974,10.061325,True,OK
1777554365.437934,True,True,0.38779549,281,299,221.899542,79.263311,20.144008,True,OK
1777554365.485934,True,True,0.38770486,281,325,210.009503,100.034283,30.224334,True,OK
1777554365.517552,True,True,0.38776923,281,299,318.865400,120.765105,40.306334,True,OK
1777554365.580763,True,True,0.38708890,279,325,159.687575,126.962904,50.400378,True,OK
1777554365.628867,True,True,0.38729932,277,326,18.003306,115.186476,51.266405,True,OK
1777554365.675522,True,True,0.38712471,279,326,16.595314,105.832234,52.040655,True,OK
1777554365.739462,True,True,0.38718710,278,300,157.558652,111.784332,62.114962,True,OK
1777554365.790102,True,True,0.38718347,279,325,191.298432,118.425487,71.802290,True,OK
1777554365.850794,True,True,0.38669799,280,326,9.010626,108.469540,72.349163,True,OK
1777554365.882542,True,True,0.38645167,281,326,12.172451,104.094220,72.735615,True,OK
1777554365.946323,True,True,0.38622546,279,326,12.110938,96.400337,73.508066,True,OK
1777554365.993954,True,True,0.38631785,278,326,8.110716,91.209653,73.894384,True,OK
1777554366.042161,True,True,0.38637556,279,326,8.014919,86.537324,74.280759,True,OK
1777554366.111614,True,True,0.38629703,280,326,5.561992,80.475823,74.667056,True,OK
1777554366.153231,True,True,0.38611799,280,326,0.000000,77.021060,74.667056,True,OK
1777554366.184838,True,True,0.38601612,280,300,317.533950,84.615114,84.703476,True,OK
1777554366.232755,True,True,0.38600540,280,326,209.451000,90.317604,94.739616,True,OK
1777554366.280641,True,True,0.38636785,280,326,0.000000,86.374481,94.739616,True,OK
1777554366.312543,True,True,0.38572328,279,326,12.091033,84.275023,95.125339,True,OK
1777554366.375912,True,True,0.38613820,280,325,8.617455,80.253304,95.671421,True,OK
1777554366.423346,True,True,0.38605303,280,326,8.138807,77.493716,96.057474,True,OK
1777554366.471182,True,True,0.38573998,279,326,8.063790,74.913876,96.443214,True,OK
1777554366.534505,True,True,0.38544126,280,325,8.608217,71.805395,96.988310,True,OK
1777554366.582543,True,True,0.38512986,280,325,0.000000,69.339330,96.988310,True,OK
1777554366.629930,True,True,0.38518688,280,325,0.000000,67.067202,96.988310,True,OK
1777554366.661660,True,True,0.38511667,280,300,303.433219,72.142004,106.616227,True,OK
1777554366.711801,True,True,0.38541338,280,300,0.000000,69.774697,106.616227,True,OK
1777554366.756716,True,True,0.38501738,281,299,12.122967,68.128462,107.160724,True,OK
1777554366.788509,True,True,0.38501738,281,299,0.000000,66.778660,107.160724,True,OK
1777554366.851845,True,True,0.38531958,280,324,152.215306,70.022689,116.801417,True,OK
1777554366.899232,True,True,0.38467745,281,324,8.117804,68.312642,117.186094,True,OK
1777554366.931180,True,True,0.38485595,281,324,0.000000,67.063639,117.186094,True,OK
1777554366.979082,True,True,0.38473470,281,324,0.000000,65.274265,117.186094,True,OK
1777554367.026665,True,True,0.38400025,282,324,8.070056,63.797239,117.570095,True,OK
1777554367.074535,True,True,0.38482108,282,298,209.010130,67.473768,127.575443,True,OK
1777554367.122128,True,True,0.38450350,282,323,201.977357,70.776269,137.188030,True,OK
1777554367.169994,True,True,0.38494883,282,323,0.000000,69.070607,137.188030,True,OK
1777554367.217707,True,True,0.38506918,282,323,0.000000,67.450298,137.188030,True,OK
1777554367.281246,True,True,0.38458627,282,298,151.318345,69.990958,146.802687,True,OK
1777554367.327812,True,True,0.38480864,282,298,0.000000,68.470830,146.802687,True,OK
1777554367.375728,True,True,0.38454855,281,298,8.025444,67.149480,147.187235,True,OK
1777554367.423429,True,True,0.38486853,281,323,201.709337,70.015404,156.808949,True,OK
1777554367.455485,True,True,0.38428204,281,323,0.000000,69.027409,156.808949,True,OK
1777554367.487137,True,True,0.38446563,281,323,0.000000,68.078851,156.808949,True,OK
1777554367.534939,True,True,0.38448629,282,323,8.043274,66.858240,157.193435,True,OK
1777554367.572777,True,True,0.38396358,281,323,10.147698,65.960040,157.577399,True,OK
1777554367.629900,True,True,0.38431085,281,323,0.000000,64.419688,157.577399,True,OK
1777554367.661281,True,True,0.38410658,281,323,0.000000,63.603728,157.577399,True,OK
1777554367.692796,True,True,0.38413723,281,322,12.188981,62.957916,157.961536,True,OK
1777554367.758672,True,True,0.38422663,281,322,0.000000,61.347181,157.961536,True,OK
1777554367.788528,True,True,0.38408938,283,297,322.646146,64.342240,167.594448,True,OK
1777554367.837150,True,True,0.38456182,282,297,7.909309,63.308135,167.979010,True,OK
1777554367.882424,True,True,0.38365816,281,328,262.836217,66.655534,179.878599,True,OK
1777554367.929503,True,True,0.38385308,281,302,211.984330,69.147441,189.858780,True,OK
1777554367.967682,True,True,0.38380418,281,327,251.322569,71.645804,199.453884,True,OK
1777554368.009171,True,True,0.38355390,281,304,212.625317,73.716035,208.275624,True,OK
1777554368.057041,True,True,0.38365416,280,329,200.525080,75.828724,217.874648,True,OK
1777554368.105123,True,True,0.38357706,280,330,7.977581,74.711969,218.258225,True,OK
1777554368.172248,True,True,0.38409369,280,330,0.000000,73.033828,218.258225,True,OK
1777554368.215165,True,True,0.38451144,281,330,8.959318,72.126675,218.642736,True,OK
1777554368.262579,True,True,0.38427969,280,330,8.104884,71.140738,219.027016,True,OK
1777554368.310041,True,True,0.38387971,279,330,8.088029,70.183472,219.410896,True,OK
1777554368.357650,True,True,0.38395793,280,330,8.064964,69.251688,219.794854,True,OK
1777554368.393224,True,True,0.38351161,280,330,0.000000,68.484088,219.794854,True,OK
1777554368.436809,True,True,0.38339743,281,323,62.200880,68.399904,222.505883,True,OK
1777554368.484144,True,True,0.38354770,281,328,40.513845,67.999947,224.423621,True,OK
1777554368.531399,True,True,0.38410628,282,323,41.446282,67.625110,226.382187,True,OK
1777554368.568704,True,True,0.38371246,282,323,0.000000,66.879827,226.382187,True,OK
1777554368.626546,True,True,0.38300586,281,322,9.364297,65.913499,226.923839,True,OK
1777554368.690076,True,True,0.38316486,282,322,6.031291,64.828507,227.307004,True,OK
1777554368.738070,True,True,0.38301762,282,321,7.980469,64.060873,227.690021,True,OK
1777554368.785788,True,True,0.38317124,283,295,208.933897,65.980085,237.659840,True,OK
1777554368.833618,True,True,0.38268215,283,295,0.000000,65.115431,237.659840,True,OK
1777554368.865510,True,True,0.38318424,283,295,0.000000,64.551378,237.659840,True,OK
1777554368.913760,True,True,0.38217852,282,294,11.201599,63.861251,238.200322,True,OK
1777554368.964872,True,True,0.38246506,283,294,7.482996,63.099151,238.582787,True,OK
1777554369.009765,True,True,0.38222348,284,319,213.019187,64.858304,248.146015,True,OK
1777554369.057543,True,True,0.38183115,283,318,11.302219,64.197763,248.686006,True,OK
1777554369.089657,True,True,0.38201274,283,318,0.000000,63.669921,248.686006,True,OK
1777554369.136909,True,True,0.38213918,282,292,210.423418,65.424087,258.628971,True,OK
1777554369.184901,True,True,0.38159034,283,291,11.244757,64.774233,259.168621,True,OK
1777554369.231921,True,True,0.38181292,283,291,0.000000,64.021857,259.168621,True,OK
1777554369.263787,True,True,0.38150887,284,316,299.552536,65.861388,268.713970,True,OK
1777554369.314152,True,True,0.38124965,284,315,7.569667,65.150580,269.095219,True,OK
1777554369.358444,True,True,0.38118926,283,315,8.606237,64.550656,269.476409,True,OK
1777554369.392302,True,True,0.38134597,283,315,0.000000,64.031344,269.476409,True,OK
1777554369.430043,True,True,0.37990900,284,288,271.972812,65.879553,279.740985,True,OK
1777554369.485977,True,True,0.38068159,284,313,170.147813,67.235176,289.258024,True,OK
1777554369.533386,True,True,0.38041333,284,313,0.000000,66.502328,289.258024,True,OK
1777554369.612219,True,True,0.38064943,284,313,0.000000,65.318494,289.258024,True,OK
1777554369.675399,True,True,0.38045168,284,312,6.021714,64.484411,289.638476,True,OK
1777554369.722377,True,True,0.38023021,284,313,8.093711,63.900716,290.018706,True,OK
1777554369.754402,True,True,0.38023021,284,313,0.000000,63.452977,290.018706,True,OK
1777554369.802353,True,True,0.38018981,286,287,206.758747,64.940789,299.932843,True,OK
1777554369.833918,True,True,0.37989910,285,312,301.127426,66.544020,309.437916,True,OK
1777554369.865474,True,True,0.37989910,285,312,0.000000,66.095493,309.437916,True,OK
1777554369.892103,True,True,0.38010086,285,312,0.000000,65.721671,309.437916,True,OK
1777554369.928797,True,True,0.37972754,285,312,0.000000,65.213432,309.437916,True,OK
1777554369.960568,True,True,0.38009998,285,312,0.000000,64.779680,309.437916,True,OK
1777554370.023772,True,True,0.37872316,285,313,5.992116,64.011994,309.816639,True,OK
1777554370.095140,True,True,0.37899179,285,287,138.070136,65.088151,319.670426,True,OK
1777554370.141618,True,True,0.37955740,285,287,0.000000,64.477970,319.670426,True,OK
1777554370.188468,True,True,0.37987427,285,287,0.000000,63.874370,319.670426,True,OK
1777554370.245784,True,True,0.37987019,286,313,172.446739,65.103711,329.554353,True,OK
1777554370.294768,True,True,0.37902573,286,287,201.182155,66.407893,339.409022,True,OK
1777554370.324171,True,True,0.37905483,286,313,335.184682,67.945297,349.264448,True,OK
1777554370.368825,True,True,0.37912160,285,314,12.007056,67.463556,349.800606,True,OK
1777554370.420076,True,True,0.37860705,285,315,7.387217,66.875541,350.179213,True,OK
1777554370.451540,True,True,0.37888678,284,315,12.041876,66.548021,350.558100,True,OK
1777554370.499266,True,True,0.37835068,286,316,17.726769,66.109675,351.404118,True,OK
1777554370.546936,True,True,0.37873203,284,316,15.889781,65.663299,352.161582,True,OK
1777554370.578413,True,True,0.37904097,285,316,12.041940,65.350427,352.540623,True,OK
1777554370.626305,True,True,0.37906224,285,316,0.000000,64.775364,352.540623,True,OK
1777554370.673848,True,True,0.37868410,284,316,7.965038,64.283393,352.919307,True,OK
1777554370.721684,True,True,0.37914308,285,316,7.925844,63.796576,353.298450,True,OK
1777554370.753346,True,True,0.37914308,285,316,0.000000,63.433909,353.298450,True,OK
1777554370.833309,True,True,0.37845197,286,316,4.732812,62.603051,353.676902,True,OK
1777554370.880961,True,True,0.37868382,285,316,7.946900,62.145901,354.055586,True,OK
1777554370.912508,True,True,0.37930199,283,316,24.047279,61.936103,354.814190,True,OK
1777554370.959658,True,True,0.37898080,282,290,209.134846,63.137737,364.674976,True,OK
1777554371.007234,True,True,0.37906819,283,317,215.271700,64.380643,374.916835,True,OK
1777554371.038929,True,True,0.37862944,283,291,310.602553,65.713467,384.761200,True,OK
1777554371.086620,True,True,0.37905079,282,292,11.240113,65.273352,385.297259,True,OK
1777554371.133891,True,True,0.37905111,281,292,8.018720,64.818490,385.676310,True,OK
1777554371.181395,True,True,0.37899247,282,319,215.557087,66.012414,395.916123,True,OK
1777554371.216670,True,True,0.37896556,279,319,32.229764,65.814884,397.053019,True,OK
1777554371.261028,True,True,0.37901635,282,292,232.118288,67.028753,407.349436,True,OK
1777554371.308493,True,True,0.37935708,280,319,216.386553,68.186232,417.620140,True,OK
1777554371.339940,True,True,0.37986323,284,319,48.317999,68.084741,419.139592,True,OK
1777554371.387047,True,True,0.37960267,284,293,209.515008,69.158756,429.009262,True,OK
1777554371.434841,True,True,0.37883671,282,292,17.723952,68.765495,429.856367,True,OK
1777554371.482312,True,True,0.37838655,281,318,207.399527,69.810345,439.701691,True,OK
1777554371.529295,True,True,0.37831557,281,318,0.000000,69.293453,439.701691,True,OK
1777554371.562892,True,True,0.37839658,283,292,293.696095,70.475330,449.569066,True,OK
1777554371.624620,True,True,0.37881106,283,292,0.000000,69.799912,449.569066,True,OK
1777554371.656069,True,True,0.37872106,281,291,26.927122,69.591588,450.415912,True,OK
1777554371.719257,True,True,0.37805497,278,292,18.919943,69.101669,451.611427,True,OK
1777554371.758939,True,True,0.37805497,278,292,0.000000,68.684636,451.611427,True,OK
1777554371.798314,True,True,0.37846213,282,292,38.446648,68.504634,453.125276,True,OK
1777554371.834031,True,True,0.37872084,282,292,0.000000,68.136708,453.125276,True,OK
1777554371.877614,True,True,0.37852313,282,318,225.815755,69.163332,462.966877,True,OK
1777554371.924777,True,True,0.37884352,281,318,8.032681,68.735636,463.345721,True,OK
1777554371.972820,True,True,0.37890111,281,292,205.052317,69.700300,473.197150,True,OK
1777554372.020609,True,True,0.37899333,281,292,0.000000,69.213097,473.197150,True,OK
1777554372.051979,True,True,0.37887970,281,292,0.000000,68.896974,473.197150,True,OK
1777554372.117770,True,True,0.37831629,281,292,0.000000,68.243264,473.197150,True,OK
1777554372.160362,True,True,0.37893682,282,292,8.896991,67.880958,473.576086,True,OK
1777554372.210662,True,True,0.37928710,281,292,7.540445,67.449023,473.955373,True,OK
1777554372.258168,True,True,0.37916711,281,292,0.000000,66.996087,473.955373,True,OK
1777554372.308646,True,True,0.37865377,282,318,195.180619,67.904241,483.807651,True,OK
1777554372.352702,True,True,0.37880490,282,292,223.552625,68.860776,493.656578,True,OK
1777554372.384316,True,True,0.37855455,283,292,11.974335,68.611017,494.035133,True,OK
1777554372.432050,True,True,0.37849227,281,292,15.858307,68.263608,494.792117,True,OK
1777554372.479560,True,True,0.37847228,282,292,7.966176,67.870952,495.170589,True,OK
1777554372.527238,True,True,0.37893253,281,292,7.947785,67.481897,495.549522,True,OK
1777554372.559244,True,True,0.37866820,282,293,16.731778,67.261665,496.085040,True,OK
1777554372.622667,True,True,0.37915935,282,293,0.000000,66.688198,496.085040,True,OK
1777554372.670331,True,True,0.37948256,282,293,0.000000,66.263622,496.085040,True,OK
1777554372.705657,True,True,0.37893844,281,293,10.726826,66.002795,496.463978,True,OK
1777554372.766198,True,True,0.37958474,282,292,8.866925,65.546597,497.000792,True,OK
1777554372.813536,True,True,0.37943063,280,292,16.030616,65.239379,497.759653,True,OK
1777554372.861463,True,True,0.37958300,280,292,0.000000,64.832136,497.759653,True,OK
1777554372.893071,True,True,0.37891206,280,292,0.000000,64.566324,497.759653,True,OK
1777554372.936110,True,True,0.37922943,280,292,0.000000,64.207866,497.759653,True,OK
1777554372.990286,True,True,0.38014197,280,292,0.000000,63.762270,497.759653,True,OK
1777554373.042732,True,True,0.38025707,279,293,10.253659,63.405183,498.297418,True,OK
1777554373.082705,True,True,0.38039086,279,293,0.000000,63.084317,498.297418,True,OK
1777554373.130504,True,True,0.38050227,279,318,199.012159,63.901913,507.809975,True,OK
1777554373.178123,True,True,0.38053484,280,318,7.991182,63.568872,508.190509,True,OK
1777554373.218811,True,True,0.38019018,279,293,233.788886,64.430834,517.702865,True,OK
1777554373.274111,True,True,0.38013006,280,293,6.874051,64.037420,518.082995,True,OK
1777554373.305911,True,True,0.38015686,280,293,0.000000,63.786696,518.082995,True,OK
1777554373.369453,True,True,0.38049764,279,293,5.988116,63.338028,518.463492,True,OK
1777554373.416825,True,True,0.38081933,280,293,8.038975,63.019845,518.844312,True,OK
1777554373.448630,True,True,0.38087932,280,293,0.000000,62.777326,518.844312,True,OK
1777554373.496450,True,True,0.38108443,279,294,11.270105,62.481023,519.383247,True,OK
1777554373.543748,True,True,0.38092586,280,294,8.053708,62.173089,519.764172,True,OK
1777554373.575697,True,True,0.38109977,280,294,0.000000,61.936390,519.764172,True,OK
1777554373.619426,True,True,0.38113558,280,295,8.715888,61.660504,520.145308,True,OK
1777554373.670817,True,True,0.38088627,281,294,10.481518,61.350604,520.683963,True,OK
1777554373.719475,True,True,0.38097748,281,294,0.000000,61.000871,520.683963,True,OK
1777554373.750097,True,True,0.38102701,281,320,323.515786,61.939284,530.590665,True,OK
1777554373.781883,True,True,0.38101153,282,294,311.882166,62.863303,540.504289,True,OK
1777554373.819685,True,True,0.38094951,282,294,0.000000,62.588133,540.504289,True,OK
1777554373.863428,True,True,0.38106084,282,294,0.000000,62.272708,540.504289,True,OK
1777554373.908782,True,True,0.38054053,282,295,8.390384,61.992616,540.884830,True,OK
1777554373.956048,True,True,0.38021492,282,295,0.000000,61.658595,540.884830,True,OK
1777554373.987263,True,True,0.38097885,282,320,305.122957,62.521867,550.409301,True,OK
1777554374.023506,True,True,0.38066283,282,321,10.502945,62.308586,550.789964,True,OK
1777554374.066123,True,True,0.38098851,282,295,232.434994,63.124846,560.695665,True,OK
1777554374.114292,True,True,0.38110447,281,296,11.188972,62.844715,561.234628,True,OK
1777554374.161682,True,True,0.38066223,281,296,0.000000,62.512990,561.234628,True,OK
1777554374.240615,True,True,0.38130153,277,321,122.303888,63.034084,570.888412,True,OK
1777554374.289107,True,True,0.38099666,278,296,196.579688,63.745305,580.420945,True,OK
1777554374.319741,True,True,0.38036152,281,322,324.966953,64.621213,590.375959,True,OK
1777554374.366466,True,True,0.38039457,281,296,211.667212,65.369448,600.266218,True,OK
1777554374.414125,True,True,0.38100383,281,296,0.000000,65.031928,600.266218,True,OK
1777554374.445807,True,True,0.38076925,280,323,324.716213,65.920228,610.554036,True,OK
1777554374.493293,True,True,0.38091412,280,323,0.000000,65.583982,610.554036,True,OK
1777554374.539918,True,True,0.38011173,279,298,203.975643,66.273641,620.064429,True,OK
1777554374.587055,True,True,0.38071862,279,298,0.000000,65.941424,620.064429,True,OK
1777554374.620225,True,True,0.38077868,279,299,11.479698,65.749987,620.445207,True,OK
1777554374.650806,True,True,0.38050328,278,298,17.596316,65.594437,620.983320,True,OK
1777554374.682701,True,True,0.38036495,278,299,11.925475,65.414229,621.363685,True,OK
1777554374.729787,True,True,0.38057311,276,299,16.165185,65.171309,622.124831,True,OK
1777554374.777331,True,True,0.38057311,276,299,0.000000,64.848327,622.124831,True,OK
1777554374.828953,True,True,0.37955911,277,299,7.352742,64.540607,622.504390,True,OK
1777554374.869550,True,True,0.37998197,275,299,18.719394,64.348549,623.264354,True,OK
1777554374.904623,True,True,0.38014028,274,299,10.838753,64.155488,623.644495,True,OK
1777554374.951866,True,True,0.38003265,274,299,0.000000,63.845198,623.644495,True,OK
1777554374.999195,True,True,0.38021003,274,299,0.000000,63.537340,623.644495,True,OK
1777554375.062436,True,True,0.38006467,274,299,0.000000,63.130589,623.644495,True,OK
1777554375.109596,True,True,0.38000497,275,299,8.057797,62.868925,624.024500,True,OK
1777554375.141469,True,True,0.38048309,275,298,11.937567,62.705903,624.404983,True,OK
1777554375.188976,True,True,0.37995156,274,298,7.997834,62.446137,624.784934,True,OK
1777554375.289126,True,True,0.37984750,277,297,11.993772,61.946120,625.986118,True,OK
1777554375.325889,True,True,0.37933128,277,297,0.000000,61.721578,625.986118,True,OK
1777554375.347548,True,True,0.37914418,278,297,17.505047,61.627352,626.365262,True,OK
1777554375.395154,True,True,0.38012170,277,296,11.292078,61.392685,626.902835,True,OK
1777554375.430735,True,True,0.37912052,278,296,10.655249,61.216508,627.281956,True,OK
1777554375.472900,True,True,0.37827463,278,296,0.000000,60.965643,627.281956,True,OK
1777554375.504613,True,True,0.37885754,279,295,16.894563,60.830223,627.817741,True,OK
1777554375.536529,True,True,0.37845244,280,294,16.769463,60.694390,628.352954,True,OK
1777554375.584008,True,True,0.37898547,280,294,0.000000,60.417309,628.352954,True,OK
1777554375.631471,True,True,0.37845384,279,293,11.276473,60.194066,628.888168,True,OK
1777554375.663189,True,True,0.37875582,279,293,0.000000,60.011878,628.888168,True,OK
1777554375.694822,True,True,0.37857351,278,292,16.924649,59.882205,629.423552,True,OK
1777554375.742238,True,True,0.37838871,278,291,7.980275,59.649126,629.801941,True,OK
1777554375.789784,True,True,0.37878009,278,292,7.966618,59.417437,630.180721,True,OK
1777554375.821614,True,True,0.37830629,279,291,16.808189,59.289943,630.715727,True,OK
1777554375.868405,True,True,0.37841846,279,291,0.000000,59.030293,630.715727,True,OK
1777554375.916050,True,True,0.37897076,278,291,7.954115,58.803547,631.094697,True,OK
1777554375.962805,True,True,0.37830559,278,290,8.091137,58.583574,631.473003,True,OK
1777554375.994575,True,True,0.37820532,278,290,0.000000,58.411416,631.473003,True,OK
1777554376.042419,True,True,0.37805474,279,289,11.174712,58.203285,632.007653,True,OK
1777554376.073441,True,True,0.37814478,280,315,317.169676,58.941003,641.846687,True,OK
1777554376.120047,True,True,0.37805587,280,289,210.903934,59.588613,651.676139,True,OK
1777554376.155849,True,True,0.37829650,280,289,0.000000,59.394173,651.676139,True,OK
1777554376.183734,True,True,0.37777741,280,289,0.000000,59.243609,651.676139,True,OK
1777554376.231140,True,True,0.37656345,281,315,206.681570,59.876286,661.474028,True,OK
1777554376.273719,True,True,0.37736101,281,315,0.000000,59.646392,661.474028,True,OK
1777554376.309802,True,True,0.37826041,281,315,0.000000,59.452953,661.474028,True,OK
1777554376.357336,True,True,0.37835577,280,315,7.959729,59.233893,661.852384,True,OK
1777554376.397067,True,True,0.37772386,281,289,247.366895,59.900485,671.680465,True,OK
1777554376.452459,True,True,0.37753729,280,316,184.148600,60.511244,681.880961,True,OK
1777554376.484167,True,True,0.37718700,280,316,0.000000,60.341457,681.880961,True,OK
1777554376.546967,True,True,0.37839162,280,316,0.000000,60.007974,681.880961,True,OK
1777554376.582598,True,True,0.37847896,280,291,265.549653,60.650479,691.342935,True,OK
1777554376.636257,True,True,0.37784189,280,317,183.081747,61.224109,701.166824,True,OK
1777554376.693106,True,True,0.37828486,280,318,6.654148,60.954564,701.545109,True,OK
1777554376.768881,True,True,0.37795149,280,292,129.682874,61.404099,711.371848,True,OK
1777554376.816978,True,True,0.37820404,279,292,7.863494,61.182741,711.750052,True,OK
1777554376.860317,True,True,0.37828361,279,293,8.728430,60.988049,712.128336,True,OK
1777554376.912085,True,True,0.37799939,279,293,0.000000,60.718848,712.128336,True,OK
1777554376.959748,True,True,0.37832987,279,293,0.000000,60.473091,712.128336,True,OK
1777554377.006824,True,True,0.37829529,279,294,8.035803,60.264299,712.506631,True,OK
1777554377.053784,True,True,0.37842283,278,294,8.058511,60.057765,712.885054,True,OK
1777554377.111505,True,True,0.37865957,277,295,9.277459,59.812027,713.420559,True,OK
1777554377.163790,True,True,0.37806425,279,295,14.461618,59.614101,714.176688,True,OK
1777554377.211343,True,True,0.37796960,278,295,7.948455,59.409834,714.554657,True,OK
1777554377.258646,True,True,0.37795212,276,296,17.866252,59.247087,715.399784,True,OK
1777554377.305283,True,True,0.37828898,275,296,8.111297,59.050343,715.778073,True,OK
1777554377.353535,True,True,0.37711647,279,296,31.262332,58.940166,717.286539,True,OK
1777554377.400905,True,True,0.37721298,276,297,25.181238,58.809269,718.479391,True,OK
1777554377.432290,True,True,0.37710804,278,297,24.031690,58.720159,719.233607,True,OK
1777554377.495065,True,True,0.37763209,277,297,6.015563,58.451415,719.611239,True,OK
1777554377.527103,True,True,0.37724030,276,298,16.652435,58.342925,720.144737,True,OK
1777554377.574689,True,True,0.37767192,280,299,32.723049,58.244533,721.701919,True,OK
1777554377.606539,True,True,0.37706149,278,299,23.677434,58.155909,722.456042,True,OK
1777554377.654145,True,True,0.37699636,279,299,7.919134,57.964129,722.833038,True,OK
1777554377.701520,True,True,0.37693446,279,299,0.000000,57.744754,722.833038,True,OK
1777554377.748991,True,True,0.37760093,281,299,15.908844,57.586701,723.588240,True,OK
1777554377.796609,True,True,0.37740714,280,299,7.925699,57.399212,723.965647,True,OK
1777554377.828584,True,True,0.37734526,280,299,0.000000,57.254067,723.965647,True,OK
1777554377.870333,True,True,0.37711479,282,300,20.198076,57.132122,724.808901,True,OK
1777554377.907267,True,True,0.37691268,282,300,0.000000,56.966277,724.808901,True,OK
1777554377.954228,True,True,0.37699214,282,299,8.027800,56.786315,725.185893,True,OK
1777554377.988080,True,True,0.37748849,282,299,0.000000,56.636186,725.185893,True,OK
1777554378.040004,True,True,0.37743114,282,299,0.000000,56.407438,725.185893,True,OK
1777554378.097262,True,True,0.37779108,282,299,0.000000,56.157332,725.185893,True,OK
1777554378.144997,True,True,0.37762923,283,299,7.910836,55.979642,725.563523,True,OK
1777554378.192260,True,True,0.37720852,282,299,7.981149,55.805254,725.940731,True,OK
1777554378.231368,True,True,0.37734852,282,299,0.000000,55.637986,725.940731,True,OK
1777554378.287529,True,True,0.37730911,283,299,6.718271,55.428320,726.318040,True,OK
1777554378.335160,True,True,0.37672320,283,299,0.000000,55.227574,726.318040,True,OK
1777554378.366940,True,True,0.37754393,283,299,0.000000,55.094440,726.318040,True,OK
1777554378.425539,True,True,0.37707012,283,300,6.434780,54.879106,726.695110,True,OK
1777554378.462156,True,True,0.37678950,283,299,10.289937,54.756144,727.071900,True,OK
1777554378.509681,True,True,0.37681290,283,299,0.000000,54.560864,727.071900,True,OK
1777554378.557092,True,True,0.37756044,283,299,0.000000,54.367433,727.071900,True,OK
1777554378.605202,True,True,0.37753900,283,299,0.000000,54.172552,727.071900,True,OK
1777554378.657760,True,True,0.37815905,283,299,0.000000,53.961239,727.071900,True,OK
1777554378.700005,True,True,0.37779660,284,299,8.942958,53.820534,727.449696,True,OK
1777554378.763642,True,True,0.37755605,284,299,0.000000,53.568326,727.449696,True,OK
1777554378.811375,True,True,0.37852525,283,323,190.485198,54.047904,736.542185,True,OK
1777554378.843248,True,True,0.37846303,283,324,11.874188,53.949497,736.920648,True,OK
1777554378.874712,True,True,0.37783158,283,324,0.000000,53.825509,736.920648,True,OK
1777554378.922648,True,True,0.37787545,283,324,0.000000,53.637707,736.920648,True,OK
1777554378.971055,True,True,0.37841535,283,323,7.817510,53.476835,737.299063,True,OK
1777554379.016471,True,True,0.37825400,282,323,8.328542,53.328601,737.677317,True,OK
1777554379.066811,True,True,0.37775259,282,322,7.503998,53.162440,738.055070,True,OK
1777554379.111394,True,True,0.37867583,282,296,220.837678,53.699175,747.900642,True,OK
1777554379.158996,True,True,0.37840513,281,295,11.242211,53.554561,748.435787,True,OK
1777554379.199309,True,True,0.37893099,281,295,0.000000,53.400520,748.435787,True,OK
1777554379.254285,True,True,0.37905573,281,295,0.000000,53.191875,748.435787,True,OK
1777554379.293184,True,True,0.37857686,281,295,0.000000,53.045228,748.435787,True,OK
1777554379.333500,True,True,0.37833449,281,295,0.000000,52.894089,748.435787,True,OK
1777554379.381515,True,True,0.37804874,282,320,196.994821,53.381424,757.894564,True,OK
1777554379.417411,True,True,0.37858003,281,320,10.546561,53.273398,758.273144,True,OK
1777554379.476854,True,True,0.37773064,281,294,165.217049,53.738957,768.094140,True,OK
1777554379.508641,True,True,0.37855186,281,320,309.637501,54.306793,777.936488,True,OK
1777554379.556098,True,True,0.37794709,281,320,0.000000,54.127474,777.936488,True,OK
1777554379.602755,True,True,0.37854389,281,320,0.000000,53.952328,777.936488,True,OK
1777554379.650607,True,True,0.37822427,281,294,205.504951,54.453620,787.770320,True,OK
1777554379.698268,True,True,0.37757108,280,294,7.922002,54.300825,788.147891,True,OK
1777554379.745287,True,True,0.37817658,280,294,0.000000,54.125485,788.147891,True,OK
1777554379.792763,True,True,0.37844167,280,294,0.000000,53.949589,788.147891,True,OK
1777554379.826551,True,True,0.37760732,279,294,11.175793,53.850889,788.525498,True,OK
1777554379.872090,True,True,0.37704019,280,293,11.709069,53.720236,789.058713,True,OK
1777554379.903900,True,True,0.37704019,280,293,0.000000,53.604145,789.058713,True,OK
1777554379.938799,True,True,0.37690857,276,294,44.529775,53.582682,790.612747,True,OK
1777554379.983710,True,True,0.37687095,276,294,0.000000,53.420082,790.612747,True,OK
1777554380.017462,True,True,0.37711070,279,293,35.332627,53.378928,791.805276,True,OK
1777554380.062922,True,True,0.37692876,278,293,8.291440,53.241172,792.182205,True,OK
1777554380.094285,True,True,0.37763627,276,293,24.081634,53.179838,792.937477,True,OK
1777554380.142094,True,True,0.37780374,275,293,7.902375,53.035124,793.315281,True,OK
1777554380.190064,True,True,0.37750474,276,293,7.869474,52.890743,793.692786,True,OK
1777554380.224291,True,True,0.37680352,276,293,0.000000,52.770384,793.692786,True,OK
1777554380.253766,True,True,0.37691115,277,293,12.787497,52.692182,794.069697,True,OK
1777554380.301418,True,True,0.37648390,275,293,15.801466,52.575900,794.822665,True,OK
1777554380.338587,True,True,0.37740348,277,293,20.307313,52.496757,795.577472,True,OK
1777554380.381072,True,True,0.37688283,277,292,8.870863,52.374796,795.954354,True,OK
1777554380.428307,True,True,0.37697651,277,292,0.000000,52.212513,795.954354,True,OK
1777554380.476147,True,True,0.37715283,276,291,11.149275,52.084054,796.487729,True,OK
1777554380.508058,True,True,0.37672269,276,291,0.000000,51.975593,796.487729,True,OK
1777554380.571427,True,True,0.37637775,274,291,11.878962,51.810469,797.240484,True,OK
1777554380.603065,True,True,0.37667460,274,291,0.000000,51.704163,797.240484,True,OK
1777554380.650396,True,True,0.37659961,274,291,0.000000,51.545936,797.240484,True,OK
1777554380.697987,True,True,0.37674564,274,291,0.000000,51.387814,797.240484,True,OK
1777554380.745705,True,True,0.37699432,275,291,7.900534,51.254469,797.617479,True,OK
1777554380.792980,True,True,0.37615152,274,291,7.956577,51.123333,797.993630,True,OK
1777554380.840441,True,True,0.37617304,274,290,7.926014,50.992387,798.369803,True,OK
1777554380.887567,True,True,0.37592624,275,290,7.977076,50.863301,798.745730,True,OK
1777554380.919342,True,True,0.37580277,275,290,0.000000,50.760593,798.745730,True,OK
1777554380.965983,True,True,0.37547448,275,290,0.000000,50.610581,798.745730,True,OK
1777554381.013894,True,True,0.37651921,274,290,7.858694,50.481188,799.122249,True,OK
1777554381.044748,True,True,0.37617708,274,290,0.000000,50.382987,799.122249,True,OK
1777554381.100142,True,True,0.37609182,275,289,9.601626,50.241055,799.654123,True,OK
1777554381.139829,True,True,0.37603189,275,290,9.475015,50.139659,800.030155,True,OK
1777554381.188586,True,True,0.37538047,275,289,7.698919,50.010366,800.405535,True,OK
1777554381.218319,True,True,0.37597664,275,289,0.000000,49.917634,800.405535,True,OK
1777554381.265934,True,True,0.37601387,275,289,0.000000,49.769842,800.405535,True,OK
1777554381.328884,True,True,0.37616451,274,290,8.450736,49.608737,800.937512,True,OK
1777554381.376282,True,True,0.37568351,275,289,11.209187,49.496334,801.468809,True,OK
1777554381.423584,True,True,0.37514734,275,289,0.000000,49.352164,801.468809,True,OK
1777554381.455446,True,True,0.37569117,275,289,0.000000,49.255527,801.468809,True,OK
1777554381.493164,True,True,0.37563842,275,289,0.000000,49.141616,801.468809,True,OK
1777554381.534382,True,True,0.37569145,275,290,9.114786,49.040713,801.844500,True,OK
1777554381.582253,True,True,0.37585104,276,290,7.851429,48.920473,802.220351,True,OK
1777554381.651617,True,True,0.37586428,276,290,0.000000,48.714413,802.220351,True,OK
1777554381.708503,True,True,0.37611323,275,290,6.611762,48.569477,802.596465,True,OK
1777554381.761847,True,True,0.37639236,273,291,15.777430,48.463960,803.438104,True,OK
1777554381.793349,True,True,0.37527800,275,290,26.637892,48.422564,804.277251,True,OK
1777554381.835003,True,True,0.37554086,275,290,0.000000,48.301432,804.277251,True,OK
1777554381.884601,True,True,0.37599085,274,290,7.580770,48.180500,804.653242,True,OK
1777554381.916404,True,True,0.37610974,275,290,11.826275,48.111403,805.029351,True,OK
1777554381.962049,True,True,0.37565284,275,290,0.000000,47.980516,805.029351,True,OK
1777554382.013298,True,True,0.37582571,275,290,0.000000,47.834407,805.029351,True,OK
1777554382.073512,True,True,0.37563827,272,290,18.715224,47.730593,806.156266,True,OK
1777554382.142608,True,True,0.37596642,273,291,7.695035,47.567475,806.687963,True,OK
1777554382.203820,True,True,0.37619508,274,290,8.691495,47.427659,807.219983,True,OK
1777554382.247933,True,True,0.37635354,274,290,0.000000,47.305053,807.219983,True,OK
1777554382.295483,True,True,0.37586363,274,290,0.000000,47.173601,807.219983,True,OK
1777554382.330918,True,True,0.37618284,273,290,10.616006,47.098053,807.596166,True,OK
1777554382.384247,True,True,0.37483670,273,290,0.000000,46.952029,807.596166,True,OK
1777554382.444059,True,True,0.37525662,274,291,8.872674,46.820073,808.126859,True,OK
1777554382.484535,True,True,0.37515445,274,291,0.000000,46.710533,808.126859,True,OK
1777554382.532055,True,True,0.37540005,274,291,0.000000,46.582586,808.126859,True,OK
1777554382.579668,True,True,0.37523594,275,291,7.880932,46.476658,808.502095,True,OK
1777554382.642975,True,True,0.37545245,273,291,11.861316,46.351142,809.253000,True,OK
1777554382.692954,True,True,0.37492780,274,292,10.609072,46.249119,809.783228,True,OK
1777554382.738268,True,True,0.37556787,274,292,0.000000,46.129734,809.783228,True,OK
1777554382.786049,True,True,0.37546202,274,292,0.000000,46.004516,809.783228,True,OK
1777554382.834170,True,True,0.37518791,274,293,7.796842,45.900350,810.158416,True,OK
1777554382.870785,True,True,0.37545248,273,292,14.501192,45.835347,810.689386,True,OK
1777554382.913101,True,True,0.37552020,273,292,0.000000,45.725948,810.689386,True,OK
1777554382.951104,True,True,0.37562812,272,292,9.884241,45.649286,811.065014,True,OK
1777554382.985408,True,True,0.37514003,272,293,10.935707,45.582392,811.440154,True,OK
1777554383.039547,True,True,0.37545993,272,292,6.935062,45.465212,811.815614,True,OK
1777554383.086684,True,True,0.37521630,274,293,17.799637,45.392372,812.654623,True,OK
1777554383.133923,True,True,0.37572032,273,293,7.953634,45.293845,813.030343,True,OK
1777554383.181490,True,True,0.37613203,273,294,7.907354,45.195034,813.406475,True,OK
1777554383.264437,True,True,0.37572393,273,294,0.000000,44.987696,813.406475,True,OK
1777554383.325717,True,True,0.37565912,274,294,6.130182,44.856443,813.782134,True,OK
1777554383.370294,True,True,0.37517066,274,294,0.000000,44.746496,813.782134,True,OK
1777554383.412533,True,True,0.37546083,274,294,0.000000,44.642811,813.782134,True,OK
1777554383.449330,True,True,0.37631477,274,294,0.000000,44.552876,813.782134,True,OK
1777554383.496726,True,True,0.37631724,274,294,0.000000,44.437566,813.782134,True,OK
1777554383.544766,True,True,0.37613520,274,294,0.000000,44.321299,813.782134,True,OK
1777554383.576529,True,True,0.37645572,274,294,0.000000,44.244759,813.782134,True,OK
1777554383.632516,True,True,0.37623621,275,294,6.720135,44.130883,814.158371,True,OK
1777554383.671296,True,True,0.37646935,273,295,21.707232,44.083846,815.000182,True,OK
1777554383.720731,True,True,0.37665661,274,295,7.619135,43.986599,815.376838,True,OK
1777554383.781913,True,True,0.37688575,273,294,8.711761,43.870557,815.909835,True,OK
1777554383.813472,True,True,0.37699206,273,294,0.000000,43.796240,815.909835,True,OK
1777554383.850889,True,True,0.37680090,273,294,0.000000,43.708452,815.909835,True,OK
1777554383.881032,True,True,0.37680162,273,294,0.000000,43.637989,815.909835,True,OK
1777554383.923202,True,True,0.37694393,273,294,0.000000,43.539787,815.909835,True,OK
1777554383.955099,True,True,0.37675780,275,294,23.623703,43.505945,816.663351,True,OK
1777554384.002770,True,True,0.37687387,274,295,11.180367,43.424060,817.196331,True,OK
1777554384.049937,True,True,0.37650304,274,295,0.000000,43.315494,817.196331,True,OK
1777554384.097507,True,True,0.37660156,275,295,7.916828,43.226463,817.572932,True,OK
1777554384.133325,True,True,0.37641770,274,296,14.862377,43.172851,818.105268,True,OK
1777554384.176603,True,True,0.37577130,274,296,0.000000,43.074474,818.105268,True,OK
1777554384.208282,True,True,0.37583580,274,296,0.000000,43.002748,818.105268,True,OK
1777554384.259894,True,True,0.37607746,274,296,0.000000,42.886400,818.105268,True,OK
1777554384.302813,True,True,0.37630012,274,296,0.000000,42.790129,818.105268,True,OK
1777554384.350488,True,True,0.37614258,273,297,11.157556,42.711445,818.637213,True,OK
1777554384.398113,True,True,0.37657615,273,297,0.000000,42.605580,818.637213,True,OK
1777554384.434092,True,True,0.37641092,274,297,10.461952,42.545503,819.013624,True,OK
1777554384.477851,True,True,0.37646991,274,297,0.000000,42.449009,819.013624,True,OK
1777554384.516219,True,True,0.37669121,274,297,0.000000,42.364764,819.013624,True,OK
1777554384.557266,True,True,0.37690495,273,297,9.182363,42.294460,819.390529,True,OK
1777554384.623441,True,True,0.37701550,273,297,0.000000,42.150484,819.390529,True,OK
1777554384.685552,True,True,0.37642289,273,298,6.060473,42.035541,819.766952,True,OK
1777554384.734623,True,True,0.37609861,273,299,7.664439,41.949273,820.143051,True,OK
1777554384.781448,True,True,0.37661592,273,298,8.043064,41.868260,820.519667,True,OK
1777554384.830690,True,True,0.37705907,272,298,7.657226,41.782515,820.896726,True,OK
1777554384.876181,True,True,0.37677206,272,297,8.282260,41.705126,821.273498,True,OK
1777554384.923934,True,True,0.37756631,272,297,0.000000,41.604238,821.273498,True,OK
1777554384.987826,True,True,0.37708503,272,297,0.000000,41.470014,821.273498,True,OK
1777554385.019669,True,True,0.37663887,271,297,11.828104,41.422430,821.650137,True,OK
1777554385.067018,True,True,0.37748021,272,297,7.972339,41.342774,822.027617,True,OK
1777554385.115139,True,True,0.37665831,272,296,7.827204,41.261854,822.404275,True,OK
1777554385.146986,True,True,0.37712935,272,297,11.842000,41.214922,822.781405,True,OK
1777554385.194236,True,True,0.37764821,272,297,0.000000,41.117604,822.781405,True,OK
1777554385.225773,True,True,0.37645233,271,297,11.936645,41.071685,823.157857,True,OK
1777554385.273635,True,True,0.37643326,271,297,0.000000,40.973836,823.157857,True,OK
1777554385.307836,True,True,0.37681851,271,297,0.000000,40.904202,823.157857,True,OK
1777554385.353131,True,True,0.37720699,271,297,0.000000,40.812341,823.157857,True,OK
1777554385.401146,True,True,0.37644039,270,296,11.087489,40.741746,823.690224,True,OK
1777554385.449425,True,True,0.37764179,271,297,11.062178,40.671041,824.224290,True,OK
1777554385.481385,True,True,0.37601085,271,297,0.000000,40.607000,824.224290,True,OK
1777554385.536000,True,True,0.37704086,270,298,9.763180,40.524231,824.757506,True,OK
1777554385.592032,True,True,0.37620725,270,298,0.000000,40.412970,824.757506,True,OK
1777554385.654184,True,True,0.37560971,270,299,6.043414,40.308618,825.133116,True,OK
1777554385.685695,True,True,0.37542987,271,299,11.914222,40.264976,825.508546,True,OK
1777554385.733440,True,True,0.37594092,270,299,7.873935,40.189719,825.884487,True,OK
1777554385.781439,True,True,0.37591082,270,298,7.831615,40.114314,826.260398,True,OK
1777554385.813245,True,True,0.37581152,270,298,0.000000,40.052466,826.260398,True,OK
1777554385.844801,True,True,0.37567898,270,298,0.000000,39.991293,826.260398,True,OK
1777554385.891970,True,True,0.37581760,269,298,7.967516,39.918350,826.636215,True,OK
1777554385.923434,True,True,0.37657906,269,298,0.000000,39.857790,826.636215,True,OK
1777554385.971187,True,True,0.37589468,270,298,7.871630,39.784311,827.012110,True,OK
1777554386.019211,True,True,0.37611161,270,299,7.831675,39.710662,827.388222,True,OK
1777554386.082634,True,True,0.37631656,269,298,8.391130,39.615615,827.920414,True,OK
1777554386.129826,True,True,0.37644769,269,298,0.000000,39.526360,827.920414,True,OK
1777554386.177495,True,True,0.37647219,269,298,0.000000,39.436610,827.920414,True,OK
1777554386.216091,True,True,0.37685697,269,298,0.000000,39.364241,827.920414,True,OK
1777554386.273186,True,True,0.37604484,268,299,9.314389,39.282888,828.452221,True,OK
1777554386.304888,True,True,0.37662898,268,299,0.000000,39.223925,828.452221,True,OK
1777554386.354014,True,True,0.37644392,270,299,15.325900,39.168470,829.205109,True,OK
1777554386.384138,True,True,0.37659300,270,299,0.000000,39.112813,829.205109,True,OK
1777554386.431489,True,True,0.37612746,270,299,0.000000,39.025649,829.205109,True,OK
1777554386.478993,True,True,0.37603862,269,300,11.195005,38.963567,829.736908,True,OK
1777554386.526889,True,True,0.37513392,269,300,0.000000,38.876129,829.736908,True,OK
1777554386.574909,True,True,0.37543581,270,300,7.818263,38.806408,830.112344,True,OK
1777554386.622297,True,True,0.37533136,269,300,7.920455,38.738138,830.487675,True,OK
1777554386.654023,True,True,0.37593778,270,300,11.849383,38.698405,830.863613,True,OK
1777554386.702390,True,True,0.37539020,270,300,0.000000,38.611423,830.863613,True,OK
1777554386.749215,True,True,0.37461473,270,301,8.000367,38.544957,831.238228,True,OK
1777554386.775237,True,True,0.37504990,265,302,73.489926,38.587074,833.150615,True,OK
1777554386.813023,True,True,0.37444766,268,301,31.337788,38.574410,834.334722,True,OK
1777554386.844877,True,True,0.37556921,270,301,23.580196,38.552359,835.085860,True,OK
1777554386.892339,True,True,0.37599784,270,302,7.922203,38.485393,835.461858,True,OK
1777554386.939870,True,True,0.37485433,270,302,0.000000,38.401312,835.461858,True,OK
1777554386.971841,True,True,0.37511002,271,302,11.732917,38.362180,835.836968,True,OK
1777554387.019898,True,True,0.37559119,269,302,15.631045,38.312153,836.588151,True,OK
1777554387.051807,True,True,0.37593350,270,302,11.781341,38.273440,836.964084,True,OK
1777554387.099361,True,True,0.37505934,270,303,7.887017,38.207505,837.339144,True,OK
1777554387.146725,True,True,0.37583028,271,303,7.934976,38.142222,837.714974,True,OK
1777554387.186531,True,True,0.37514432,268,303,28.272688,38.124366,838.840407,True,OK
1777554387.227115,True,True,0.37488584,259,294,117.572530,38.270637,843.611925,True,OK
1777554387.258723,True,True,0.37579192,270,303,168.973314,38.457787,848.952931,True,OK
1777554387.322566,True,True,0.37530026,259,295,79.956652,38.577459,854.057567,True,OK
1777554387.355063,True,True,0.37646627,263,304,114.094116,38.688147,857.765329,True,OK
1777554387.401750,True,True,0.37624462,258,295,82.970955,38.781200,861.639005,True,OK
1777554387.465198,True,True,0.37604916,269,303,80.614447,38.900323,866.753827,True,OK
1777554387.512716,True,True,0.37563903,258,294,112.353887,39.056639,872.092660,True,OK
1777554387.560338,True,True,0.37537563,270,303,118.236669,39.225150,877.723295,True,OK
1777554387.612291,True,True,0.37499180,269,304,10.207643,39.157934,878.253613,True,OK
1777554387.664674,True,True,0.37495561,270,303,10.122992,39.090280,878.783880,True,OK
1777554387.707853,True,True,0.37641017,269,303,8.717429,39.032055,879.160291,True,OK
1777554387.766611,True,True,0.37559061,271,302,14.293128,38.967686,880.000137,True,OK
1777554387.798543,True,True,0.37570720,270,302,11.765810,38.929277,880.375844,True,OK
1777554387.846701,True,True,0.37630383,270,302,0.000000,38.846554,880.375844,True,OK
1777554387.877197,True,True,0.37596472,269,302,12.328473,38.810918,880.751809,True,OK
1777554387.925820,True,True,0.37639953,269,302,0.000000,38.727939,880.751809,True,OK
1777554387.974562,True,True,0.37566967,269,302,0.000000,38.645113,880.751809,True,OK
1777554388.021014,True,True,0.37557290,269,302,0.000000,38.566506,880.751809,True,OK
1777554388.068501,True,True,0.37626255,269,303,7.923561,38.502921,881.128071,True,OK
1777554388.103745,True,True,0.37576421,269,303,0.000000,38.443715,881.128071,True,OK
1777554388.165333,True,True,0.37544790,270,303,6.096140,38.357027,881.503519,True,OK
1777554388.204343,True,True,0.37618397,270,304,9.643199,38.308369,881.879703,True,OK
1777554388.258096,True,True,0.37681021,270,304,0.000000,38.219128,881.879703,True,OK
1777554388.305958,True,True,0.37673420,270,304,0.000000,38.140016,881.879703,True,OK
1777554388.340546,True,True,0.37817788,270,304,0.000000,38.083048,881.879703,True,OK
1777554388.385016,True,True,0.37683849,271,304,8.474116,38.026297,882.256541,True,OK
1777554388.416492,True,True,0.37723361,270,303,16.948929,37.997741,882.790030,True,OK
1777554388.466342,True,True,0.37741353,270,303,0.000000,37.916383,882.790030,True,OK
1777554388.527543,True,True,0.37756266,270,302,6.169310,37.833152,883.167593,True,OK
1777554388.593921,True,True,0.37760155,271,301,8.044901,37.748689,883.701602,True,OK
1777554388.654192,True,True,0.37878505,271,301,0.000000,37.651752,883.701602,True,OK
1777554388.703547,True,True,0.37793134,270,300,10.829255,37.595467,884.236078,True,OK
1777554388.749372,True,True,0.37842676,271,300,8.257913,37.538417,884.614505,True,OK
1777554388.797462,True,True,0.37852059,271,300,0.000000,37.461969,884.614505,True,OK
1777554388.833632,True,True,0.37787615,271,299,10.447500,37.420654,884.992381,True,OK
1777554388.876529,True,True,0.37799019,270,298,12.461385,37.375463,885.526940,True,OK
1777554388.925815,True,True,0.37860812,270,298,0.000000,37.297876,885.526940,True,OK
1777554388.971067,True,True,0.37872268,270,298,0.000000,37.226921,885.526940,True,OK
1777554389.027671,True,True,0.37948951,271,298,6.704270,37.154462,885.906429,True,OK
1777554389.073164,True,True,0.37888033,270,298,8.328473,37.099569,886.285310,True,OK
1777554389.105519,True,True,0.37848480,270,298,0.000000,37.049390,886.285310,True,OK
1777554389.153280,True,True,0.37890183,270,298,0.000000,36.975565,886.285310,True,OK
1777554389.197572,True,True,0.37859671,270,298,0.000000,36.907367,886.285310,True,OK
1777554389.246271,True,True,0.37916687,270,298,0.000000,36.832672,886.285310,True,OK
1777554389.288332,True,True,0.37944384,270,298,0.000000,36.768401,886.285310,True,OK
1777554389.329161,True,True,0.37886076,270,297,9.279112,36.721917,886.664170,True,OK
1777554389.374771,True,True,0.37861868,269,298,11.739773,36.674815,887.199618,True,OK
1777554389.418509,True,True,0.37850396,270,298,8.653820,36.624244,887.578122,True,OK
1777554389.466280,True,True,0.37831929,270,297,7.919517,36.567773,887.956441,True,OK
1777554389.526111,True,True,0.37919490,270,297,0.000000,36.477894,887.956441,True,OK
1777554389.560830,True,True,0.37927207,270,297,0.000000,36.425940,887.956441,True,OK
1777554389.612720,True,True,0.37943994,270,297,0.000000,36.348567,887.956441,True,OK
1777554389.669494,True,True,0.37889862,270,296,6.673817,36.279761,888.335340,True,OK
1777554389.712001,True,True,0.37902941,270,296,0.000000,36.216889,888.335340,True,OK
1777554389.774025,True,True,0.37893243,270,296,0.000000,36.125539,888.335340,True,OK
1777554389.813090,True,True,0.37821055,270,295,9.681599,36.083596,888.713550,True,OK
1777554389.849494,True,True,0.37820706,269,295,10.389056,36.045673,889.091757,True,OK
1777554389.893619,True,True,0.37813348,270,295,8.569535,35.996608,889.469891,True,OK
1777554389.931355,True,True,0.37843316,270,295,0.000000,35.941719,889.469891,True,OK
1777554389.970446,True,True,0.37835060,269,295,9.678804,35.900300,889.848241,True,OK
1777554390.002195,True,True,0.37825549,270,295,11.913751,35.869615,890.226497,True,OK
1777554390.036867,True,True,0.37859493,270,295,0.000000,35.819574,890.226497,True,OK
1777554390.065619,True,True,0.37842701,269,295,13.161941,35.793393,890.604924,True,OK
1777554390.112365,True,True,0.37851686,270,295,8.097225,35.741456,890.983441,True,OK
1777554390.143906,True,True,0.37822526,269,295,11.991592,35.711445,891.361666,True,OK
1777554390.175632,True,True,0.37830396,270,295,11.923963,35.681247,891.739970,True,OK
1777554390.207143,True,True,0.37825526,269,295,12.003976,35.651432,892.118225,True,OK
1777554390.238989,True,True,0.37828528,269,295,0.000000,35.606117,892.118225,True,OK
1777554390.254693,True,True,0.37789945,269,295,0.000000,35.583815,892.118225,True,OK
1777554390.302300,True,True,0.37789026,269,295,0.000000,35.516372,892.118225,True,OK
1777554390.350370,True,True,0.37779459,269,296,7.859267,35.463545,892.496020,True,OK
1777554390.398045,True,True,0.37804389,269,296,0.000000,35.396492,892.496020,True,OK
1777554390.429979,True,True,0.37830756,269,296,0.000000,35.351719,892.496020,True,OK
1777554390.477315,True,True,0.37823687,270,296,7.990412,35.300512,892.874257,True,OK
1777554390.509393,True,True,0.37778033,268,296,23.554188,35.285634,893.629817,True,OK
1777554390.545041,True,True,0.37854660,268,296,0.000000,35.236036,893.629817,True,OK
1777554390.589018,True,True,0.37720872,267,297,12.130151,35.196039,894.163271,True,OK
1777554390.637012,True,True,0.37819728,270,297,23.640218,35.174250,895.297863,True,OK
1777554390.668740,True,True,0.37799374,270,297,0.000000,35.130460,895.297863,True,OK
1777554390.716628,True,True,0.37741333,269,298,11.145533,35.085474,895.831606,True,OK
1777554390.764645,True,True,0.37752740,269,298,0.000000,35.019618,895.831606,True,OK
1777554390.780398,True,True,0.37752740,269,298,0.000000,34.998065,895.831606,True,OK
1777554390.812508,True,True,0.37686019,269,297,11.736458,34.968920,896.208466,True,OK
1777554390.861372,True,True,0.37772912,270,298,10.932144,34.923179,896.742656,True,OK
1777554390.875960,True,True,0.37732607,269,298,25.866148,34.918036,897.119982,True,OK
1777554390.908196,True,True,0.37802640,268,298,11.726803,34.888974,897.498008,True,OK
1777554390.955718,True,True,0.37777797,268,299,7.949567,34.839300,897.875786,True,OK
1777554390.987276,True,True,0.37767457,269,299,11.967619,34.811327,898.253461,True,OK
1777554391.007234,True,True,0.37815057,269,299,0.000000,34.784423,898.253461,True,OK
1777554391.050712,True,True,0.37783960,269,299,0.000000,34.725956,898.253461,True,OK
1777554391.082305,True,True,0.37760470,269,299,0.000000,34.683595,898.253461,True,OK
1777554391.102008,True,True,0.37751892,270,300,27.097131,34.677827,898.787353,True,OK
1777554391.146066,True,True,0.37769329,269,301,12.123584,34.639553,899.321492,True,OK
1777554391.177938,True,True,0.37796240,269,301,0.000000,34.597080,899.321492,True,OK
1777554391.193642,True,True,0.37781653,270,302,34.024204,34.596734,899.855805,True,OK
1777554391.225124,True,True,0.37733746,271,303,16.950899,34.575402,900.389441,True,OK
1777554391.257236,True,True,0.37736472,271,303,0.000000,34.532818,900.389441,True,OK
1777554391.296736,True,True,0.37736472,271,303,0.000000,34.480582,900.389441,True,OK
1777554391.336607,True,True,0.37775596,270,304,13.398829,34.448442,900.923669,True,OK
1777554391.368064,True,True,0.37775596,270,304,0.000000,34.407057,900.923669,True,OK
1777554391.399632,True,True,0.37774472,269,304,11.966136,34.380035,901.301414,True,OK
1777554391.446833,True,True,0.37779347,269,304,0.000000,34.318245,901.301414,True,OK
1777554391.478286,True,True,0.37719145,270,304,11.992265,34.291540,901.678605,True,OK
1777554391.511672,True,True,0.37732912,269,305,15.983240,34.268323,902.212229,True,OK
1777554391.542275,True,True,0.37788748,269,305,0.000000,34.228537,902.212229,True,OK
1777554391.592664,True,True,0.37743530,270,304,10.593007,34.183439,902.746003,True,OK
1777554391.637675,True,True,0.37736465,269,305,11.856517,34.145450,903.279677,True,OK
1777554391.685275,True,True,0.37767197,267,307,22.441420,34.124428,904.347895,True,OK
1777554391.733231,True,True,0.37821453,269,308,17.635199,34.094644,905.193608,True,OK
1777554391.780739,True,True,0.37633367,270,308,7.921520,34.047893,905.569942,True,OK
1777554391.802707,True,True,0.37728948,268,309,38.402718,34.051487,906.413587,True,OK
1777554391.844680,True,True,0.37883238,263,309,45.129006,34.068926,908.307749,True,OK
1777554391.876419,True,True,0.37713274,259,302,95.796123,34.142325,911.348290,True,OK
1777554391.909879,True,True,0.37682037,259,302,0.000000,34.099581,911.348290,True,OK
1777554391.939637,True,True,0.37725634,259,303,12.677385,34.075755,911.725546,True,OK
1777554391.955503,True,True,0.37725634,259,303,0.000000,34.055560,911.725546,True,OK
1777554391.987417,True,True,0.37705161,264,311,111.460532,34.147721,915.282644,True,OK
1777554392.019592,True,True,0.37693929,258,303,117.151748,34.247241,919.052037,True,OK
1777554392.051486,True,True,0.37711804,258,303,0.000000,34.206586,919.052037,True,OK
1777554392.067345,True,True,0.37722000,259,304,33.638526,34.206251,919.585507,True,OK
1777554392.099021,True,True,0.37639371,259,304,0.000000,34.165995,919.585507,True,OK
1777554392.130738,True,True,0.37639371,259,304,0.000000,34.125781,919.585507,True,OK
1777554392.162372,True,True,0.37725791,259,304,0.000000,34.085766,919.585507,True,OK
1777554392.178442,True,True,0.37694635,259,305,23.456339,34.079438,919.962453,True,OK
1777554392.212223,True,True,0.37746154,260,306,15.802425,34.056595,920.496264,True,OK
1777554392.241955,True,True,0.37675831,260,309,38.015145,34.060945,921.626539,True,OK
1777554392.274509,True,True,0.37740646,261,310,16.395487,34.039717,922.160273,True,OK
1777554392.307317,True,True,0.37770128,262,312,25.742812,34.029682,923.004838,True,OK
1777554392.319941,True,True,0.37770128,262,312,0.000000,34.013850,923.004838,True,OK
1777554392.364017,True,True,0.37753473,261,312,8.565454,33.972582,923.382373,True,OK
1777554392.383792,True,True,0.37892109,261,314,38.323412,33.975745,924.140215,True,OK
1777554392.416004,True,True,0.37729714,262,316,26.190909,33.966537,924.983877,True,OK
1777554392.448700,True,True,0.37740806,262,320,46.172432,33.981174,926.493510,True,OK
1777554392.478980,True,True,0.37787968,262,321,12.479467,33.957321,926.871389,True,OK
1777554392.510924,True,True,0.37822326,262,323,23.680721,33.945308,927.627836,True,OK
1777554392.544827,True,True,0.37889692,262,325,22.351899,33.930943,928.385630,True,OK
1777554392.575611,True,True,0.37878339,260,327,34.802118,33.931922,929.456991,True,OK
1777554392.606050,True,True,0.37919852,261,328,17.617703,33.913813,929.993259,True,OK
1777554392.637589,True,True,0.37906194,261,336,96.150767,33.985311,933.025754,True,OK
1777554392.663647,True,True,0.37906194,261,336,0.000000,33.953084,933.025754,True,OK
1777554392.685218,True,True,0.37911959,261,334,35.150211,33.954023,933.783993,True,OK
1777554392.716790,True,True,0.38049988,261,336,24.103913,33.942728,934.544993,True,OK
1777554392.732575,True,True,0.37987745,261,336,0.000000,33.923279,934.544993,True,OK
1777554392.764333,True,True,0.37973691,261,345,107.614607,34.008133,937.962625,True,OK
1777554392.780457,True,True,0.37973691,261,345,0.000000,33.988262,937.962625,True,OK
1777554392.812291,True,True,0.37925016,262,344,16.847980,33.968513,938.498966,True,OK
1777554392.843181,True,True,0.38050666,261,346,27.544585,33.961339,939.349805,True,OK
1777554392.859119,True,True,0.38050666,261,346,0.000000,33.941781,939.349805,True,OK
1777554392.906566,True,True,0.38202956,261,349,24.155152,33.925031,940.495893,True,OK
1777554392.938330,True,True,0.38192615,262,351,26.885959,33.916975,941.349906,True,OK
1777554392.970196,True,True,0.38293298,262,353,24.033898,33.905641,942.115772,True,OK
1777554393.001972,True,True,0.38276299,260,354,26.935165,33.897679,942.971656,True,OK
1777554393.033546,True,True,0.38276299,260,354,0.000000,33.859248,942.971656,True,OK
1777554393.065222,True,True,0.38336259,260,364,121.027815,33.958278,946.805282,True,OK
1777554393.096827,True,True,0.38383350,262,365,27.156593,33.950577,947.663560,True,OK
1777554393.128600,True,True,0.38356819,261,368,38.175072,33.955380,948.876509,True,OK
1777554393.160396,True,True,0.38345510,262,369,17.055092,33.936173,949.418796,True,OK
1777554393.192195,True,True,0.38505218,263,371,27.076347,33.928384,950.279799,True,OK
1777554393.223794,True,True,0.38464253,270,373,88.617866,33.990015,953.080039,True,OK
1777554393.249268,True,True,0.38517087,269,374,21.383070,33.978573,953.624753,True,OK
1777554393.288608,True,True,0.38507385,270,376,21.887812,33.961649,954.485804,True,OK
1777554393.319047,True,True,0.38511807,270,377,12.651772,33.938593,954.870922,True,OK
1777554393.334910,True,True,0.38665309,267,378,77.080458,33.962903,956.093627,True,OK
1777554393.382921,True,True,0.38676239,270,379,25.474337,33.948451,957.316677,True,OK
1777554393.430344,True,True,0.38669021,268,380,18.233270,33.922067,958.181343,True,OK
1777554393.477220,True,True,0.38672763,266,381,18.447515,33.896429,959.046092,True,OK
1777554393.524786,True,True,0.38684406,267,382,11.501453,33.858842,959.593172,True,OK
1777554393.567205,True,True,0.38684406,267,382,0.000000,33.808240,959.593172,True,OK
1777554393.619896,True,True,0.38769129,272,384,39.623665,33.819015,961.680953,True,OK
1777554393.652186,True,True,0.38742869,268,384,47.992607,33.835092,963.230668,True,OK
1777554393.698747,True,True,0.38737959,270,384,16.639914,33.807015,964.005427,True,OK
1777554393.730394,True,True,0.38806147,271,384,12.262201,33.783130,964.393489,True,OK
1777554393.761989,True,True,0.38806147,271,384,0.000000,33.745780,964.393489,True,OK
1777554393.793733,True,True,0.38806147,271,384,0.000000,33.708337,964.393489,True,OK
1777554393.825308,True,True,0.38661907,270,386,27.379700,33.701361,965.257995,True,OK
1777554393.858002,True,True,0.38720568,270,386,0.000000,33.662935,965.257995,True,OK
1777554393.888506,True,True,0.38790487,269,385,17.984029,33.646273,965.806576,True,OK
1777554393.904413,True,True,0.38747184,268,386,34.448635,33.646718,966.354544,True,OK
1777554393.954282,True,True,0.38725106,269,385,10.981716,33.607431,966.902199,True,OK
1777554393.983754,True,True,0.38682357,268,384,18.562104,33.592035,967.449250,True,OK
1777554394.015626,True,True,0.38711357,267,385,17.176725,33.573889,967.996712,True,OK
1777554394.047664,True,True,0.38620247,267,384,12.054433,33.550002,968.382914,True,OK
1777554394.094869,True,True,0.38650973,268,383,11.579561,33.514130,968.929521,True,OK
1777554394.143113,True,True,0.38664164,263,381,43.157872,33.530196,971.011650,True,OK
1777554394.175599,True,True,0.38702736,268,381,59.568400,33.559373,972.946787,True,OK
1777554394.224868,True,True,0.38703719,269,381,7.855637,33.515766,973.333824,True,OK
1777554394.254709,True,True,0.38538336,263,381,77.486256,33.560902,975.646125,True,OK
1777554394.286312,True,True,0.38575047,266,380,38.599941,33.566373,976.865975,True,OK
1777554394.333602,True,True,0.38624871,264,381,18.263321,33.541547,977.729653,True,OK
1777554394.365012,True,True,0.38624871,264,381,0.000000,33.505444,977.729653,True,OK
1777554394.413451,True,True,0.38606366,271,381,55.789844,33.542374,980.432099,True,OK
1777554394.445011,True,True,0.38599788,265,381,73.383758,33.585345,982.748086,True,OK
1777554394.495292,True,True,0.38466807,267,380,17.106804,33.557078,983.608230,True,OK
1777554394.538886,True,True,0.38460716,266,380,8.822503,33.520346,983.992837,True,OK
1777554394.570813,True,True,0.38460716,266,380,0.000000,33.483929,983.992837,True,OK
1777554394.602433,True,True,0.38529151,269,380,36.554315,33.487229,985.148712,True,OK
1777554394.651293,True,True,0.38560804,263,380,47.353458,33.510220,987.462360,True,OK
1777554394.698753,True,True,0.38498944,262,380,8.111736,33.469379,987.847349,True,OK
1777554394.729981,True,True,0.38528982,262,379,12.338028,33.447045,988.232639,True,OK
1777554394.777404,True,True,0.38485454,265,381,29.260256,33.440335,989.620252,True,OK
1777554394.808878,True,True,0.38496201,267,378,44.100075,33.451660,991.008252,True,OK
1777554394.840913,True,True,0.38500335,267,378,0.000000,33.415527,991.008252,True,OK
1777554394.856703,True,True,0.38505256,263,379,100.545523,33.451249,992.595864,True,OK
1777554394.904022,True,True,0.38505970,263,379,0.000000,33.397990,992.595864,True,OK
1777554394.936820,True,True,0.38439763,262,378,16.574655,33.379445,993.139485,True,OK
1777554394.967929,True,True,0.38505970,263,379,17.504607,33.362864,993.684041,True,OK
1777554394.984060,True,True,0.38505970,263,379,0.000000,33.344805,993.684041,True,OK
1777554395.031931,True,True,0.38403334,273,378,80.622068,33.420630,997.543529,True,OK
1777554395.063724,True,True,0.38435692,265,381,103.292676,33.494974,1000.827476,True,OK
1777554395.095213,True,True,0.38435692,265,381,0.000000,33.459713,1000.827476,True,OK
1777554395.133658,True,True,0.38391817,265,381,0.000000,33.416762,1000.827476,True,OK
1777554395.174565,True,True,0.38402181,264,382,13.276214,33.389290,1001.370565,True,OK
1777554395.205994,True,True,0.38387386,270,381,74.295311,33.432113,1003.705578,True,OK
1777554395.253979,True,True,0.38378273,269,381,7.997960,33.391526,1004.089361,True,OK
1777554395.285646,True,True,0.38481300,268,381,12.152047,33.369182,1004.474174,True,OK
1777554395.333537,True,True,0.38350244,262,381,48.046292,33.392496,1006.775188,True,OK
1777554395.365299,True,True,0.38405959,270,380,97.486790,33.459947,1009.871576,True,OK
1777554395.381391,True,True,0.38405959,270,380,0.000000,33.442117,1009.871576,True,OK
1777554395.420434,True,True,0.38448467,262,379,79.394017,33.501453,1012.971390,True,OK
1777554395.461425,True,True,0.38457327,269,380,66.341065,33.545912,1015.690734,True,OK
1777554395.493371,True,True,0.38457327,269,380,0.000000,33.510555,1015.690734,True,OK
1777554395.541175,True,True,0.38441268,262,380,56.289895,33.546426,1018.381623,True,OK
1777554395.573919,True,True,0.38390720,262,380,0.000000,33.510281,1018.381623,True,OK
1777554395.604598,True,True,0.38440629,262,378,25.059907,33.501759,1019.150435,True,OK
1777554395.637161,True,True,0.38438587,261,380,26.394829,33.494160,1020.009948,True,OK
1777554395.668484,True,True,0.38442286,267,379,74.654146,33.536451,1022.348301,True,OK
1777554395.716454,True,True,0.38426118,261,378,48.725594,33.560315,1024.685671,True,OK
1777554395.764507,True,True,0.38410593,263,380,22.608571,33.543106,1025.772086,True,OK
1777554395.796394,True,True,0.38500069,263,380,0.000000,33.508166,1025.772086,True,OK
1777554395.816820,True,True,0.38500069,263,380,0.000000,33.485823,1025.772086,True,OK
1777554395.860622,True,True,0.38423739,261,379,19.615204,33.466018,1026.631267,True,OK
1777554395.892589,True,True,0.38423739,261,379,0.000000,33.431181,1026.631267,True,OK
1777554395.924425,True,True,0.38427325,260,380,17.069978,33.414236,1027.174712,True,OK
1777554395.955965,True,True,0.38431413,260,380,0.000000,33.379988,1027.174712,True,OK
1777554395.987541,True,True,0.38474422,260,379,12.184552,33.358261,1027.559456,True,OK
1777554396.003191,True,True,0.38457369,261,378,34.752488,33.358969,1028.103325,True,OK
1777554396.035211,True,True,0.38483054,260,378,12.018498,33.336821,1028.488156,True,OK
1777554396.082865,True,True,0.38363750,260,378,0.000000,33.285407,1028.488156,True,OK
1777554396.114622,True,True,0.38467544,260,378,0.000000,33.251232,1028.488156,True,OK
1777554396.130719,True,True,0.38408922,260,376,47.723049,33.258760,1029.256334,True,OK
1777554396.178485,True,True,0.38417955,261,376,8.042915,33.219899,1029.640514,True,OK
1777554396.210578,True,True,0.38416098,261,376,0.000000,33.185538,1029.640514,True,OK
1777554396.242533,True,True,0.38484923,260,376,12.043383,33.163786,1030.025363,True,OK
1777554396.274435,True,True,0.38517815,260,380,48.295059,33.179312,1031.566076,True,OK
1777554396.305828,True,True,0.38472804,261,379,17.331335,33.163326,1032.110163,True,OK
1777554396.353986,True,True,0.38385233,260,376,25.205561,33.151031,1033.324011,True,OK
1777554396.401571,True,True,0.38463635,260,376,0.000000,33.100500,1033.324011,True,OK
1777554396.433465,True,True,0.38403239,264,376,48.162559,33.115873,1034.860140,True,OK
1777554396.468511,True,True,0.38362568,260,376,43.785560,33.127825,1036.394643,True,OK
1777554396.512731,True,True,0.38402987,261,376,8.684675,33.093325,1036.778673,True,OK
1777554396.560122,True,True,0.38468572,264,376,24.351486,33.080121,1037.932730,True,OK
1777554396.607924,True,True,0.38467217,260,378,35.988186,33.084545,1039.653036,True,OK
1777554396.639730,True,True,0.38424556,263,379,38.202929,33.089720,1040.868128,True,OK
1777554396.687146,True,True,0.38284399,261,378,18.054636,33.067091,1041.724193,True,OK
1777554396.728621,True,True,0.38483224,260,376,20.747437,33.050893,1042.584704,True,OK
1777554396.765447,True,True,0.38442094,262,378,29.525407,33.046782,1043.672010,True,OK
1777554396.798470,True,True,0.38420486,261,377,16.453912,33.029450,1044.215358,True,OK
1777554396.813935,True,True,0.38399839,263,377,49.658716,33.037581,1044.983355,True,OK
1777554396.849045,True,True,0.38399839,263,377,0.000000,33.000950,1044.983355,True,OK
1777554396.893759,True,True,0.38353457,260,376,27.124180,32.992663,1046.196198,True,OK
1777554396.924078,True,True,0.38353457,260,376,0.000000,32.961148,1046.196198,True,OK
1777554396.940081,True,True,0.38398164,260,377,23.993441,32.956629,1046.580179,True,OK
1777554396.987643,True,True,0.38414944,261,377,8.076793,32.919422,1046.964329,True,OK
1777554397.019451,True,True,0.38422677,261,377,0.000000,32.886532,1046.964329,True,OK
1777554397.052108,True,True,0.38418135,260,378,16.636924,32.869880,1047.507643,True,OK
1777554397.099165,True,True,0.38414673,261,377,11.544861,32.838438,1048.050909,True,OK
1777554397.130917,True,True,0.38366917,264,378,38.210641,32.843777,1049.264177,True,OK
1777554397.178846,True,True,0.38355684,262,378,16.005113,32.818552,1050.031291,True,OK
1777554397.227600,True,True,0.38339268,262,382,31.455448,32.816478,1051.564862,True,OK
1777554397.274522,True,True,0.38382548,261,380,18.291309,32.795240,1052.423122,True,OK
1777554397.321910,True,True,0.38347617,260,373,57.220850,32.831256,1055.134708,True,OK
1777554397.355207,True,True,0.38395085,260,375,23.061981,32.821145,1055.902609,True,OK
1777554397.401618,True,True,0.38408543,261,383,66.721790,32.869980,1058.999205,True,OK
1777554397.433783,True,True,0.38425306,263,381,33.788462,32.870896,1060.086037,True,OK
1777554397.481130,True,True,0.38437585,262,381,8.118302,32.834609,1060.470413,True,OK
1777554397.512748,True,True,0.38426949,261,382,17.187845,32.819307,1061.013852,True,OK
1777554397.544298,True,True,0.38441663,262,384,27.244505,32.813872,1061.873433,True,OK
1777554397.576254,True,True,0.38340757,262,384,0.000000,32.781500,1061.873433,True,OK
1777554397.609070,True,True,0.38355494,261,384,11.688240,32.760153,1062.256988,True,OK
1777554397.656936,True,True,0.38325537,263,384,16.013643,32.735468,1063.023499,True,OK
1777554397.703988,True,True,0.38447895,261,380,36.543517,32.740978,1064.742941,True,OK
1777554397.734713,True,True,0.38400165,261,384,49.990911,32.757261,1066.278948,True,OK
1777554397.766212,True,True,0.38310132,263,385,27.195676,32.751884,1067.135588,True,OK
1777554397.797903,True,True,0.38349970,263,385,0.000000,32.720060,1067.135588,True,OK
1777554397.813630,True,True,0.38473257,262,384,34.596078,32.720964,1067.679682,True,OK
1777554397.845473,True,True,0.38473257,262,384,0.000000,32.689063,1067.679682,True,OK
1777554397.877423,True,True,0.38373123,262,384,0.000000,32.657118,1067.679682,True,OK
1777554397.909196,True,True,0.38434109,263,383,17.106941,32.642020,1068.223223,True,OK
1777554397.927098,True,True,0.38430659,261,375,177.019724,32.720959,1071.392296,True,OK
1777554397.971922,True,True,0.38436150,262,384,77.649259,32.782379,1074.872838,True,OK
1777554397.987811,True,True,0.38498930,262,384,0.000000,32.766500,1074.872838,True,OK
1777554398.035491,True,True,0.38496612,262,384,0.000000,32.718944,1074.872838,True,OK
1777554398.067442,True,True,0.38496612,262,384,0.000000,32.687153,1074.872838,True,OK
1777554398.115201,True,True,0.38450352,262,382,16.101806,32.663100,1075.641845,True,OK
1777554398.147020,True,True,0.38439384,262,381,12.080961,32.643233,1076.026239,True,OK
1777554398.196049,True,True,0.38410136,263,380,11.079052,32.611206,1076.569440,True,OK
1777554398.226597,True,True,0.38410136,263,380,0.000000,32.581057,1076.569440,True,OK
1777554398.258444,True,True,0.38496117,264,380,12.087651,32.561324,1076.954401,True,OK
1777554398.290375,True,True,0.38544951,264,382,24.142890,32.553204,1077.725300,True,OK
1777554398.322311,True,True,0.38588806,261,382,36.249043,32.556766,1078.882964,True,OK
1777554398.354044,True,True,0.38480058,264,378,60.632279,32.583625,1080.806967,True,OK
1777554398.369739,True,True,0.38537211,266,379,54.904498,32.594181,1081.668685,True,OK
1777554398.417303,True,True,0.38552253,266,378,8.105257,32.559132,1082.054208,True,OK
1777554398.433252,True,True,0.38492882,267,378,24.134604,32.555091,1082.439137,True,OK
1777554398.480883,True,True,0.38472018,267,377,8.077133,32.520076,1082.823857,True,OK
1777554398.512996,True,True,0.38483648,266,377,11.983794,32.500289,1083.208693,True,OK
1777554398.544782,True,True,0.38471397,262,377,48.413425,32.515450,1084.747549,True,OK
1777554398.576473,True,True,0.38473525,262,378,12.140360,32.496114,1085.132285,True,OK
1777554398.592253,True,True,0.38508126,267,377,124.426573,32.539538,1087.095821,True,OK
1777554398.640193,True,True,0.38543404,268,377,8.040043,32.504433,1087.481255,True,OK
1777554398.671958,True,True,0.38516897,273,377,60.627007,32.531109,1089.407100,True,OK
1777554398.705566,True,True,0.38408025,273,377,0.000000,32.498494,1089.407100,True,OK
1777554398.735621,True,True,0.38479535,273,377,0.000000,32.469382,1089.407100,True,OK
1777554398.783344,True,True,0.38503736,273,378,8.068203,32.434724,1089.792138,True,OK
1777554398.799314,True,True,0.38574875,272,377,34.158742,32.435543,1090.337669,True,OK
1777554398.831719,True,True,0.38540812,273,377,11.893601,32.415761,1090.723077,True,OK
1777554398.878395,True,True,0.38511382,272,377,8.250803,32.382286,1091.108191,True,OK
1777554398.925501,True,True,0.38707870,272,377,0.000000,32.337077,1091.108191,True,OK
1777554398.967017,True,True,0.38607713,273,377,9.299517,32.308766,1091.494268,True,OK
1777554399.003411,True,True,0.38646870,272,377,10.619057,32.285426,1091.880737,True,OK
1777554399.036020,True,True,0.38610898,272,377,0.000000,32.254326,1091.880737,True,OK
1777554399.067100,True,True,0.38620515,271,377,12.426065,32.236138,1092.266942,True,OK
1777554399.117722,True,True,0.38670505,271,377,0.000000,32.188049,1092.266942,True,OK
1777554399.162614,True,True,0.38643973,274,378,27.221503,32.181487,1093.488971,True,OK
1777554399.196960,True,True,0.38643973,274,378,0.000000,32.148991,1093.488971,True,OK
1777554399.242253,True,True,0.38575745,273,377,12.044674,32.122255,1094.034515,True,OK
1777554399.289206,True,True,0.38548489,272,377,8.210064,32.089335,1094.420000,True,OK
1777554399.321201,True,True,0.38602999,274,377,24.130601,32.081876,1095.192060,True,OK
1777554399.369208,True,True,0.38589632,274,378,8.038292,32.048111,1095.577956,True,OK
1777554399.400780,True,True,0.38604186,274,378,0.000000,32.018541,1095.577956,True,OK
1777554399.448255,True,True,0.38594663,274,378,0.000000,31.974177,1095.577956,True,OK
1777554399.479909,True,True,0.38602473,274,378,0.000000,31.944666,1095.577956,True,OK
1777554399.527530,True,True,0.38506401,274,378,0.000000,31.900372,1095.577956,True,OK
1777554399.558733,True,True,0.38506401,274,378,0.000000,31.871415,1095.577956,True,OK
1777554399.606189,True,True,0.38579659,274,378,0.000000,31.827476,1095.577956,True,OK
1777554399.653516,True,True,0.38609884,274,378,0.000000,31.783777,1095.577956,True,OK
1777554399.701057,True,True,0.38599568,271,378,24.357578,31.773549,1096.735943,True,OK
1777554399.716851,True,True,0.38574167,273,378,48.846489,31.781358,1097.507426,True,OK
1777554399.765040,True,True,0.38623195,274,378,8.014953,31.748239,1097.893658,True,OK
1777554399.796947,True,True,0.38698306,274,378,0.000000,31.718973,1097.893658,True,OK
1777554399.828621,True,True,0.38561143,274,379,12.174327,31.701104,1098.279270,True,OK
1777554399.849075,True,True,0.38558518,274,379,0.000000,31.682399,1098.279270,True,OK
1777554399.892044,True,True,0.38596594,274,379,0.000000,31.643177,1098.279270,True,OK
1777554399.923779,True,True,0.38599715,274,379,0.000000,31.614270,1098.279270,True,OK
1777554399.957286,True,True,0.38599715,274,379,0.000000,31.583807,1098.279270,True,OK
1777554399.971263,True,True,0.38595051,274,379,0.000000,31.571118,1098.279270,True,OK
1777554400.018550,True,True,0.38555232,274,379,0.000000,31.528261,1098.279270,True,OK
1777554400.050484,True,True,0.38642061,274,379,0.000000,31.499384,1098.279270,True,OK
1777554400.082319,True,True,0.38580966,273,378,17.138741,31.486284,1098.824887,True,OK
1777554400.129699,True,True,0.38639339,272,379,11.533260,31.459232,1099.371330,True,OK
1777554400.161457,True,True,0.38554512,274,379,24.280317,31.452714,1100.142420,True,OK
1777554400.209477,True,True,0.38703476,271,380,25.487342,31.444535,1101.366331,True,OK
1777554400.240536,True,True,0.38678959,271,379,12.453563,31.427710,1101.753121,True,OK
1777554400.288240,True,True,0.38606058,273,380,18.095954,31.409593,1102.616379,True,OK
1777554400.320145,True,True,0.38613480,273,380,0.000000,31.381072,1102.616379,True,OK
1777554400.360153,True,True,0.38574668,274,380,9.641895,31.356347,1103.002125,True,OK
1777554400.399727,True,True,0.38596242,274,380,0.000000,31.321110,1103.002125,True,OK
1777554400.447839,True,True,0.38648547,273,380,8.033011,31.289337,1103.388611,True,OK
1777554400.495516,True,True,0.38542452,270,381,25.564329,31.281608,1104.607430,True,OK
1777554400.543000,True,True,0.38534580,271,380,11.476581,31.255011,1105.152391,True,OK
1777554400.574397,True,True,0.38509056,270,381,17.345821,31.242672,1105.696992,True,OK
1777554400.608514,True,True,0.38524239,270,380,11.291807,31.223457,1106.082234,True,OK
1777554400.653958,True,True,0.38499959,270,380,0.000000,31.183454,1106.082234,True,OK
1777554400.701316,True,True,0.38504313,272,380,16.260860,31.163557,1106.852320,True,OK
1777554400.733012,True,True,0.38574293,271,381,17.211051,31.151116,1107.397843,True,OK
1777554400.780560,True,True,0.38503298,273,381,16.195855,31.131141,1108.167909,True,OK
1777554400.812410,True,True,0.38524135,273,381,0.000000,31.103311,1108.167909,True,OK
1777554400.844270,True,True,0.38510419,269,382,49.837401,31.120049,1109.755734,True,OK
1777554400.876130,True,True,0.38477216,270,382,12.076833,31.103050,1110.140507,True,OK
1777554400.891926,True,True,0.38541129,272,382,48.798023,31.110878,1110.911329,True,OK
1777554400.939508,True,True,0.38467905,272,382,0.000000,31.069477,1110.911329,True,OK
1777554400.971133,True,True,0.38505284,272,382,0.000000,31.042021,1110.911329,True,OK
1777554400.986903,True,True,0.38473075,270,382,48.791393,31.049839,1111.680791,True,OK
1777554401.034571,True,True,0.38537860,270,382,0.000000,31.008555,1111.680791,True,OK
1777554401.066159,True,True,0.38527469,271,382,12.197023,30.991995,1112.066065,True,OK
1777554401.098269,True,True,0.38499737,271,382,0.000000,30.964286,1112.066065,True,OK
1777554401.147042,True,True,0.38582117,270,382,7.910540,30.933021,1112.451887,True,OK
1777554401.205272,True,True,0.38544152,270,382,0.000000,30.883016,1112.451887,True,OK
1777554401.241289,True,True,0.38478595,270,382,0.000000,30.852168,1112.451887,True,OK
1777554401.273902,True,True,0.38527758,272,381,26.415832,30.848159,1113.313393,True,OK
1777554401.321479,True,True,0.38520978,272,382,8.096530,30.818205,1113.698603,True,OK
1777554401.352979,True,True,0.38486304,271,382,12.217835,30.802006,1114.083466,True,OK
1777554401.400336,True,True,0.38559246,271,381,8.142234,30.772376,1114.469059,True,OK
1777554401.448069,True,True,0.38614185,271,381,0.000000,30.731872,1114.469059,True,OK
1777554401.496506,True,True,0.38680876,271,381,0.000000,30.690879,1114.469059,True,OK
1777554401.546392,True,True,0.38671633,265,381,46.512685,30.712585,1116.789357,True,OK
1777554401.575263,True,True,0.38678670,270,381,66.984087,30.741361,1118.723290,True,OK
1777554401.622876,True,True,0.38696321,270,381,0.000000,30.701193,1118.723290,True,OK
1777554401.670270,True,True,0.38595262,270,381,0.000000,30.661314,1118.723290,True,OK
1777554401.702117,True,True,0.38638252,269,381,12.132371,30.645155,1119.109673,True,OK
1777554401.734109,True,True,0.38642440,270,381,12.079068,30.628904,1119.496097,True,OK
1777554401.784662,True,True,0.38625487,271,386,38.959282,30.640410,1121.465618,True,OK
1777554401.797794,True,True,0.38678140,266,386,147.268359,30.682240,1123.399525,True,OK
1777554401.831572,True,True,0.38692143,267,382,47.228896,30.697491,1124.994843,True,OK
1777554401.877477,True,True,0.38594281,267,385,25.222604,30.690642,1126.152672,True,OK
1777554401.909015,True,True,0.38622777,267,385,0.000000,30.664286,1126.152672,True,OK
1777554401.940976,True,True,0.38549711,266,385,12.061588,30.648110,1126.538169,True,OK
1777554401.972953,True,True,0.38582361,266,385,0.000000,30.621471,1126.538169,True,OK
1777554402.004441,True,True,0.38617661,267,385,12.264270,30.605772,1126.924345,True,OK
1777554402.035833,True,True,0.38646246,267,385,0.000000,30.579701,1126.924345,True,OK
1777554402.063106,True,True,0.38646246,267,385,0.000000,30.557087,1126.924345,True,OK
1777554402.099443,True,True,0.38594873,268,385,10.621191,30.537463,1127.310294,True,OK
1777554402.130995,True,True,0.38594873,268,385,0.000000,30.511386,1127.310294,True,OK
1777554402.146758,True,True,0.38571073,266,385,48.938609,30.519244,1128.081716,True,OK
1777554402.195046,True,True,0.38542623,268,385,15.963530,30.500253,1128.852568,True,OK
1777554402.226959,True,True,0.38552317,268,384,12.080698,30.484385,1129.238091,True,OK
1777554402.258585,True,True,0.38523552,270,384,24.361410,30.479162,1130.008562,True,OK
1777554402.290085,True,True,0.38543337,271,383,17.304364,30.467977,1130.553647,True,OK
1777554402.305934,True,True,0.38499415,270,385,54.319249,30.478160,1131.414520,True,OK
1777554402.353627,True,True,0.38518918,270,384,8.076347,30.449416,1131.799710,True,OK
1777554402.385286,True,True,0.38572306,271,382,27.244039,30.446688,1132.662213,True,OK
1777554402.416820,True,True,0.38676631,271,382,0.000000,30.420902,1132.662213,True,OK
1777554402.448479,True,True,0.38600764,271,381,12.192618,30.405415,1133.048220,True,OK
1777554402.463848,True,True,0.38620997,271,381,0.000000,30.392880,1133.048220,True,OK
1777554402.511319,True,True,0.38675545,273,380,18.217937,30.377397,1133.913032,True,OK
1777554402.542794,True,True,0.38644859,273,380,0.000000,30.351804,1133.913032,True,OK
1777554402.575053,True,True,0.38621927,274,379,16.931483,30.340225,1134.459228,True,OK
1777554402.606850,True,True,0.38664816,274,379,0.000000,30.314446,1134.459228,True,OK
1777554402.638470,True,True,0.38696078,275,379,12.237747,30.299186,1134.846189,True,OK
1777554402.664240,True,True,0.38578691,275,378,14.970695,30.288647,1135.231976,True,OK
1777554402.701660,True,True,0.38701981,275,377,10.342451,30.268752,1135.618996,True,OK
1777554402.733771,True,True,0.38695111,275,377,0.000000,30.242868,1135.618996,True,OK
1777554402.765422,True,True,0.38596977,275,377,0.000000,30.217398,1135.618996,True,OK
1777554402.797219,True,True,0.38596977,275,377,0.000000,30.191853,1135.618996,True,OK
1777554402.836064,True,True,0.38620765,274,376,14.060563,30.175211,1136.165176,True,OK
1777554402.876242,True,True,0.38720466,274,375,9.637274,30.153318,1136.552380,True,OK
1777554402.907940,True,True,0.38724337,274,375,0.000000,30.127982,1136.552380,True,OK
1777554402.939814,True,True,0.38734888,276,375,24.304687,30.123066,1137.327078,True,OK
1777554402.971300,True,True,0.38748664,274,374,27.518437,30.120895,1138.193525,True,OK
1777554403.003023,True,True,0.38820109,275,375,17.306020,30.110146,1138.742524,True,OK
1777554403.034721,True,True,0.38722125,274,374,17.276101,30.099398,1139.290137,True,OK
1777554403.066738,True,True,0.38798282,275,374,12.117938,30.084201,1139.678120,True,OK
1777554403.098312,True,True,0.38729033,275,374,0.000000,30.059148,1139.678120,True,OK
1777554403.130258,True,True,0.38729033,275,374,0.000000,30.033842,1139.678120,True,OK
1777554403.162060,True,True,0.38769147,274,374,12.190812,30.018901,1140.065812,True,OK
1777554403.194075,True,True,0.38799743,274,373,12.119477,30.003825,1140.453809,True,OK
1777554403.225648,True,True,0.38748580,276,373,24.545160,29.999295,1141.228781,True,OK
1777554403.257169,True,True,0.38818341,275,373,12.314948,29.984654,1141.616964,True,OK
1777554403.304648,True,True,0.38777257,274,373,8.167258,29.957480,1142.004737,True,OK
1777554403.336687,True,True,0.38813226,273,373,12.114486,29.942497,1142.392869,True,OK
1777554403.383927,True,True,0.38880882,273,399,213.992915,30.170102,1152.501898,True,OK
1777554403.415316,True,True,0.38868225,274,374,309.818764,30.399698,1162.226725,True,OK
1777554403.446060,True,True,0.38929284,273,399,316.812377,30.629834,1171.966829,True,OK
1777554403.495039,True,True,0.38977993,272,399,7.958057,30.600849,1172.356609,True,OK
1777554403.526194,True,True,0.38977993,272,399,0.000000,30.575984,1172.356609,True,OK
1777554403.558049,True,True,0.38924112,272,374,305.482381,30.804185,1182.087637,True,OK
1777554403.589824,True,True,0.38904275,271,374,12.243583,30.788829,1182.476680,True,OK
1777554403.621260,True,True,0.38940372,271,400,322.067297,31.027050,1192.601176,True,OK
1777554403.653060,True,True,0.38918364,271,400,0.000000,31.001402,1192.601176,True,OK
1777554403.684989,True,True,0.38964851,271,400,0.000000,30.975693,1192.601176,True,OK
1777554403.716619,True,True,0.38910840,271,399,12.301585,30.960364,1192.990285,True,OK
1777554403.748487,True,True,0.38910840,271,399,0.000000,30.934780,1192.990285,True,OK
1777554403.780092,True,True,0.38798431,271,374,306.896367,31.160757,1202.689892,True,OK
1777554403.811913,True,True,0.38830073,270,374,12.202926,31.145141,1203.078193,True,OK
1777554403.843971,True,True,0.38930707,269,375,17.173721,31.133555,1203.628756,True,OK
1777554403.875915,True,True,0.38979178,269,374,12.202424,31.117926,1204.018548,True,OK
1777554403.907679,True,True,0.38990095,269,400,319.152723,31.354188,1214.155973,True,OK
1777554403.939527,True,True,0.38963407,268,375,306.099453,31.579963,1223.904614,True,OK
1777554403.971559,True,True,0.38978978,268,376,12.168757,31.563933,1224.294404,True,OK
1777554404.003426,True,True,0.38911716,267,376,12.210560,31.548046,1224.683521,True,OK
1777554404.019141,True,True,0.38881899,268,376,24.741334,31.545291,1225.072340,True,OK
1777554404.067039,True,True,0.38867241,268,376,0.000000,31.506433,1225.072340,True,OK
1777554404.098769,True,True,0.39040802,266,376,24.607812,31.500808,1225.853156,True,OK
1777554404.130758,True,True,0.38874667,268,376,24.305129,31.494898,1226.630649,True,OK
1777554404.162545,True,True,0.38932233,268,376,0.000000,31.469214,1226.630649,True,OK
1777554404.194419,True,True,0.38932233,268,376,0.000000,31.443501,1226.630649,True,OK
1777554404.241891,True,True,0.38860939,268,377,8.186117,31.415234,1227.019259,True,OK
1777554404.275644,True,True,0.38956336,268,377,0.000000,31.388110,1227.019259,True,OK
1777554404.321503,True,True,0.38763966,268,377,0.000000,31.351330,1227.019259,True,OK
1777554404.346590,True,True,0.38790458,269,377,15.462448,31.341152,1227.407163,True,OK
1777554404.385073,True,True,0.38859977,269,378,10.098109,31.320299,1227.795763,True,OK
1777554404.417098,True,True,0.38865955,268,378,12.136092,31.304639,1228.184423,True,OK
1777554404.467322,True,True,0.38757994,268,378,0.000000,31.264616,1228.184423,True,OK
1777554404.512359,True,True,0.38780068,268,379,8.610798,31.238674,1228.572223,True,OK
1777554404.560025,True,True,0.38758737,268,379,0.000000,31.200859,1228.572223,True,OK
1777554404.593703,True,True,0.38776314,268,380,11.513985,31.184035,1228.959986,True,OK
1777554404.639877,True,True,0.38883950,268,383,25.263378,31.177107,1230.126505,True,OK
1777554404.690852,True,True,0.38730252,269,383,7.597879,31.146683,1230.513807,True,OK
1777554404.718710,True,True,0.38875314,267,384,31.203352,31.146723,1231.383086,True,OK
1777554404.750535,True,True,0.38875314,267,384,0.000000,31.121671,1231.383086,True,OK
1777554404.783769,True,True,0.38757358,269,386,32.985358,31.123235,1232.479310,True,OK
1777554404.814021,True,True,0.38859290,269,385,12.845206,31.109282,1232.867902,True,OK
1777554404.845525,True,True,0.38713131,267,385,24.576524,31.104093,1233.642165,True,OK
1777554404.877610,True,True,0.38792091,268,385,12.090255,31.088724,1234.030086,True,OK
1777554404.909138,True,True,0.38835599,267,386,17.420415,31.077876,1234.579304,True,OK
1777554404.941172,True,True,0.38884849,268,386,12.138558,31.062616,1234.968153,True,OK
1777554404.988832,True,True,0.38847887,269,386,8.151109,31.035183,1235.356632,True,OK
1777554405.036308,True,True,0.38802373,268,387,11.558367,31.011980,1235.905380,True,OK
1777554405.084051,True,True,0.38888632,269,387,8.145315,30.984619,1236.294266,True,OK
1777554405.115519,True,True,0.38865569,269,387,0.000000,30.960202,1236.294266,True,OK
1777554405.147141,True,True,0.38904229,269,387,0.000000,30.935704,1236.294266,True,OK
1777554405.178919,True,True,0.38826615,271,387,24.436452,30.930540,1237.070799,True,OK
1777554405.210963,True,True,0.39001176,271,387,0.000000,30.905778,1237.070799,True,OK
1777554405.242867,True,True,0.38885180,272,387,12.188281,30.890871,1237.459650,True,OK
1777554405.274437,True,True,0.38938922,270,387,24.668526,30.885971,1238.238429,True,OK
1777554405.322456,True,True,0.38948169,270,387,0.000000,30.849021,1238.238429,True,OK
1777554405.354044,True,True,0.39062301,271,387,12.366340,30.834487,1238.629052,True,OK
1777554405.386651,True,True,0.39073395,271,387,0.000000,30.809478,1238.629052,True,OK
1777554405.417619,True,True,0.39104838,271,387,0.000000,30.785764,1238.629052,True,OK
1777554405.448610,True,True,0.39061295,271,388,12.604045,30.771770,1239.019665,True,OK
1777554405.480457,True,True,0.39060450,270,387,17.345246,30.761159,1239.572063,True,OK
1777554405.512347,True,True,0.39084662,270,386,12.256028,30.746526,1239.962910,True,OK
1777554405.528044,True,True,0.39084662,270,386,0.000000,30.734563,1239.962910,True,OK
1777554405.575081,True,True,0.39063006,270,386,0.000000,30.698772,1239.962910,True,OK
1777554405.606406,True,True,0.39142389,270,413,337.374299,30.936431,1250.531355,True,OK
1777554405.641811,True,True,0.39142389,270,413,0.000000,30.909359,1250.531355,True,OK
1777554405.685014,True,True,0.39227926,270,385,254.235340,31.147584,1261.515174,True,OK
1777554405.717421,True,True,0.39240616,270,412,326.938851,31.384069,1272.110140,True,OK
1777554405.748113,True,True,0.39313940,270,412,0.000000,31.360323,1272.110140,True,OK
1777554405.796046,True,True,0.39200342,270,410,16.356191,31.342614,1272.894147,True,OK
1777554405.843767,True,True,0.39276395,269,412,18.404001,31.327429,1273.772394,True,OK
1777554405.875530,True,True,0.39324912,270,412,12.380607,31.312639,1274.165643,True,OK
1777554405.907032,True,True,0.39281303,270,412,0.000000,31.288417,1274.165643,True,OK
1777554405.938450,True,True,0.39354156,269,412,12.525956,31.273953,1274.559185,True,OK
1777554405.969707,True,True,0.39303802,271,412,25.149252,31.269259,1275.345261,True,OK
1777554406.001239,True,True,0.39293804,269,412,24.923089,31.264356,1276.131137,True,OK
1777554406.026251,True,True,0.39363582,269,412,0.000000,31.245210,1276.131137,True,OK
1777554406.061241,True,True,0.39310277,269,412,0.000000,31.218465,1276.131137,True,OK
1777554406.080210,True,True,0.39330014,269,412,0.000000,31.203985,1276.131137,True,OK
1777554406.120349,True,True,0.39330014,269,412,0.000000,31.173388,1276.131137,True,OK
1777554406.159416,True,True,0.39357790,270,412,10.074549,31.153273,1276.524715,True,OK
1777554406.206989,True,True,0.39404109,270,412,0.000000,31.117145,1276.524715,True,OK
1777554406.239174,True,True,0.39356728,271,411,17.293490,31.106308,1277.081303,True,OK
1777554406.286447,True,True,0.39385155,271,411,0.000000,31.070532,1277.081303,True,OK
1777554406.318719,True,True,0.39387118,271,411,0.000000,31.046156,1277.081303,True,OK
1777554406.350538,True,True,0.39414360,271,411,0.000000,31.022160,1277.081303,True,OK
1777554406.398922,True,True,0.39347266,269,411,16.264514,31.004835,1277.868248,True,OK
1777554406.430856,True,True,0.39452185,271,411,24.708375,30.999961,1278.657292,True,OK
1777554406.478742,True,True,0.39471185,272,411,8.242717,30.973571,1279.052004,True,OK
1777554406.510415,True,True,0.39484154,272,411,0.000000,30.949832,1279.052004,True,OK
1777554406.557903,True,True,0.39502149,271,411,8.318390,30.923857,1279.447025,True,OK
1777554406.594280,True,True,0.39502149,271,411,0.000000,30.896692,1279.447025,True,OK
1777554406.638060,True,True,0.39575381,272,411,9.039683,30.873608,1279.842779,True,OK
1777554406.670022,True,True,0.39613240,271,411,12.393795,30.859371,1280.238912,True,OK
1777554406.718059,True,True,0.39565480,272,412,11.648158,30.837152,1280.798452,True,OK
1777554406.765752,True,True,0.39500244,271,387,207.219208,31.039457,1290.681410,True,OK
1777554406.788150,True,True,0.39569621,270,412,442.017955,31.260710,1300.581726,True,OK
1777554406.830423,True,True,0.39560606,271,412,9.358511,31.238479,1300.977332,True,OK
1777554406.862340,True,True,0.39591973,271,412,0.000000,31.214556,1300.977332,True,OK
1777554406.894073,True,True,0.39608103,270,413,17.651868,31.204238,1301.537475,True,OK
1777554406.923337,True,True,0.39608103,270,413,0.000000,31.182361,1301.537475,True,OK
1777554406.957330,True,True,0.39597078,272,413,23.296865,31.175944,1302.329417,True,OK
1777554406.988732,True,True,0.39670755,272,414,12.633149,31.162015,1302.726124,True,OK
1777554407.020541,True,True,0.39668966,272,413,12.471139,31.147804,1303.122814,True,OK
1777554407.052431,True,True,0.39647172,270,413,24.864836,31.143019,1303.915757,True,OK
1777554407.084181,True,True,0.39627317,270,414,12.481247,31.128878,1304.312031,True,OK
1777554407.115932,True,True,0.39653342,272,415,27.925567,31.126453,1305.198706,True,OK
1777554407.164059,True,True,0.39615522,272,415,0.000000,31.090769,1305.198706,True,OK
1777554407.195804,True,True,0.39615522,272,415,0.000000,31.067276,1305.198706,True,OK
1777554407.243238,True,True,0.39666393,272,415,0.000000,31.032239,1305.198706,True,OK
1777554407.290587,True,True,0.39766481,272,416,8.398467,31.006787,1305.596371,True,OK
1777554407.322510,True,True,0.39673843,273,416,12.427959,30.992712,1305.993110,True,OK
1777554407.354434,True,True,0.39644385,273,417,12.418453,30.978651,1306.389553,True,OK
1777554407.386179,True,True,0.39628728,274,417,12.483659,30.964739,1306.785841,True,OK
1777554407.417558,True,True,0.39631243,273,418,17.860923,30.955003,1307.346311,True,OK
1777554407.465383,True,True,0.39619238,271,418,16.568635,30.938731,1308.138696,True,OK
1777554407.497138,True,True,0.39593226,273,418,24.936523,30.934226,1308.930560,True,OK
1777554407.544510,True,True,0.39596615,273,418,0.000000,30.899632,1308.930560,True,OK
1777554407.592524,True,True,0.39599811,273,418,0.000000,30.864649,1308.930560,True,OK
1777554407.640454,True,True,0.39593591,273,418,0.000000,30.829805,1308.930560,True,OK
1777554407.673842,True,True,0.39541532,273,419,11.843157,30.814886,1309.325976,True,OK
1777554407.719782,True,True,0.39500787,273,419,0.000000,30.781605,1309.325976,True,OK
1777554407.751436,True,True,0.39500787,273,419,0.000000,30.758716,1309.325976,True,OK
1777554407.799095,True,True,0.39507762,273,420,8.289564,30.733587,1309.721053,True,OK
1777554407.830902,True,True,0.39543604,273,420,0.000000,30.710665,1309.721053,True,OK
1777554407.877968,True,True,0.39427248,273,420,0.000000,30.676810,1309.721053,True,OK
1777554407.909442,True,True,0.39445542,272,420,12.532694,30.663444,1310.115509,True,OK
1777554407.941272,True,True,0.39397190,272,420,0.000000,30.640617,1310.115509,True,OK
1777554407.974143,True,True,0.39410011,272,420,0.000000,30.617079,1310.115509,True,OK
1777554408.005006,True,True,0.39392700,270,419,28.540745,30.615583,1310.996356,True,OK
1777554408.036877,True,True,0.39324850,270,419,0.000000,30.592813,1310.996356,True,OK
1777554408.054600,True,True,0.39388661,270,419,0.000000,30.580166,1310.996356,True,OK
1777554408.116103,True,True,0.39357759,270,419,0.000000,30.536358,1310.996356,True,OK
1777554408.147272,True,True,0.39351370,272,419,25.249990,30.532523,1311.783384,True,OK
1777554408.195060,True,True,0.39379460,272,419,0.000000,30.498600,1311.783384,True,OK
1777554408.242399,True,True,0.39421836,272,419,0.000000,30.465069,1311.783384,True,OK
1777554408.274903,True,True,0.39369902,272,419,0.000000,30.442089,1311.783384,True,OK
1777554408.321061,True,True,0.39276036,271,419,8.509072,30.418620,1312.176144,True,OK
1777554408.352955,True,True,0.39338193,271,419,0.000000,30.396147,1312.176144,True,OK
1777554408.384309,True,True,0.39291090,271,419,0.000000,30.374085,1312.176144,True,OK
1777554408.431510,True,True,0.39295723,271,418,8.325203,30.350021,1312.569101,True,OK
1777554408.463507,True,True,0.39283518,270,418,12.277355,30.336660,1312.961936,True,OK
1777554408.513296,True,True,0.39330438,271,417,11.171429,30.314638,1313.518153,True,OK
1777554408.542486,True,True,0.39264293,271,417,0.000000,30.294229,1313.518153,True,OK
1777554408.590066,True,True,0.39243967,271,417,0.000000,30.261022,1313.518153,True,OK
1777554408.637505,True,True,0.39286969,271,416,8.281600,30.237027,1313.911022,True,OK
1777554408.685514,True,True,0.39301383,271,416,0.000000,30.203657,1313.911022,True,OK
1777554408.717163,True,True,0.39349119,270,416,12.433023,30.190738,1314.304514,True,OK
1777554408.748732,True,True,0.39310306,271,416,12.452278,30.177884,1314.697617,True,OK
1777554408.780195,True,True,0.39329169,271,415,12.499886,30.165125,1315.090908,True,OK
1777554408.828228,True,True,0.39248222,271,415,0.000000,30.131927,1315.090908,True,OK
1777554408.853073,True,True,0.39248222,271,415,0.000000,30.114784,1315.090908,True,OK
1777554408.891318,True,True,0.39299487,271,415,0.000000,30.088433,1315.090908,True,OK
1777554408.922865,True,True,0.39299487,271,415,0.000000,30.066732,1315.090908,True,OK
1777554408.954693,True,True,0.39358526,271,415,0.000000,30.044869,1315.090908,True,OK
1777554408.986532,True,True,0.39216583,270,415,12.316825,30.031983,1315.483074,True,OK
1777554409.018563,True,True,0.39231815,269,416,17.321751,30.022695,1316.037896,True,OK
1777554409.065639,True,True,0.39327570,271,415,18.680155,30.010527,1316.917287,True,OK
1777554409.116474,True,True,0.39348025,271,415,0.000000,29.975801,1316.917287,True,OK
1777554409.148459,True,True,0.39246455,271,414,12.270435,29.962920,1317.309752,True,OK
1777554409.177113,True,True,0.39193040,272,414,13.678215,29.952314,1317.701682,True,OK
1777554409.224541,True,True,0.39244421,272,414,0.000000,29.920058,1317.701682,True,OK
1777554409.256534,True,True,0.39281080,272,414,0.000000,29.898338,1317.701682,True,OK
1777554409.304985,True,True,0.39262522,270,413,18.120292,29.885404,1318.579619,True,OK
1777554409.336891,True,True,0.39287229,273,413,36.939865,29.890502,1319.758236,True,OK
1777554409.384517,True,True,0.39234103,272,413,8.237873,29.867171,1320.150577,True,OK
1777554409.431751,True,True,0.39259395,273,412,11.754596,29.847837,1320.705788,True,OK
1777554409.478880,True,True,0.39266000,273,412,0.000000,29.816079,1320.705788,True,OK
1777554409.526586,True,True,0.39244413,273,412,0.000000,29.784002,1320.705788,True,OK
1777554409.574153,True,True,0.39187484,272,412,8.238271,29.760914,1321.097663,True,OK
1777554409.621882,True,True,0.39320335,272,411,8.238246,29.737797,1321.490866,True,OK
1777554409.653926,True,True,0.39290432,273,411,12.261517,29.725205,1321.883771,True,OK
1777554409.701577,True,True,0.39279658,272,411,8.243229,29.702211,1322.276567,True,OK
1777554409.749160,True,True,0.39251520,273,411,8.249087,29.679305,1322.669083,True,OK
1777554409.777271,True,True,0.39251520,273,411,0.000000,29.660596,1322.669083,True,OK
1777554409.811980,True,True,0.39283732,273,411,0.000000,29.637528,1322.669083,True,OK
1777554409.831896,True,True,0.39311730,273,411,0.000000,29.624307,1322.669083,True,OK
1777554409.875499,True,True,0.39229670,273,410,8.996827,29.604182,1323.061379,True,OK
1777554409.899688,True,True,0.39259147,273,385,405.766207,29.807660,1332.876166,True,OK
1777554409.939063,True,True,0.39282567,272,410,249.612152,30.001041,1342.704661,True,OK
1777554409.970648,True,True,0.39330040,272,410,0.000000,29.979884,1342.704661,True,OK
1777554410.002451,True,True,0.39203358,273,410,12.326979,29.967357,1343.096695,True,OK
1777554410.050168,True,True,0.39237850,272,410,8.223059,29.944231,1343.489073,True,OK
1777554410.097163,True,True,0.39251999,272,410,0.000000,29.912899,1343.489073,True,OK
1777554410.129168,True,True,0.39317370,272,410,0.000000,29.891598,1343.489073,True,OK
1777554410.161165,True,True,0.39342938,272,410,0.000000,29.870334,1343.489073,True,OK
1777554410.210572,True,True,0.39341178,272,410,0.000000,29.837558,1343.489073,True,OK
1777554410.240164,True,True,0.39285746,272,410,0.000000,29.817961,1343.489073,True,OK
1777554410.287986,True,True,0.39310586,272,410,0.000000,29.786346,1343.489073,True,OK
1777554410.322103,True,True,0.39270492,272,410,0.000000,29.763832,1343.489073,True,OK
1777554410.351505,True,True,0.39215525,271,410,13.337807,29.753140,1343.881228,True,OK
1777554410.398790,True,True,0.39283385,272,410,8.307818,29.730713,1344.274062,True,OK
1777554410.448747,True,True,0.39347214,272,409,7.876248,29.706593,1344.667534,True,OK
1777554410.478534,True,True,0.39288597,271,410,18.652773,29.699324,1345.223159,True,OK
1777554410.525322,True,True,0.39382280,272,410,8.417265,29.677363,1345.616982,True,OK
1777554410.557244,True,True,0.39350705,272,410,0.000000,29.656484,1345.616982,True,OK
1777554410.604700,True,True,0.39403481,271,410,8.303198,29.634174,1346.011017,True,OK
1777554410.636359,True,True,0.39348867,271,409,12.428824,29.622190,1346.404505,True,OK
1777554410.683057,True,True,0.39324862,271,408,8.421171,29.600430,1346.797754,True,OK
1777554410.714440,True,True,0.39351875,271,408,0.000000,29.580027,1346.797754,True,OK
1777554410.760971,True,True,0.39390857,271,409,8.465559,29.558471,1347.191663,True,OK
1777554410.792790,True,True,0.39302768,271,409,0.000000,29.537850,1347.191663,True,OK
1777554410.840117,True,True,0.39400491,270,409,8.325112,29.515861,1347.585667,True,OK
1777554410.871964,True,True,0.39382917,269,409,12.366566,29.503907,1347.979497,True,OK
1777554410.905566,True,True,0.39356186,268,409,11.712121,29.490831,1348.373058,True,OK
1777554410.946760,True,True,0.39338180,269,409,9.549667,29.472881,1348.766440,True,OK
1777554410.982907,True,True,0.39328311,269,409,0.000000,29.449619,1348.766440,True,OK
1777554411.030550,True,True,0.39351931,268,410,11.681182,29.431155,1349.322961,True,OK
1777554411.079265,True,True,0.39317527,268,411,8.070830,29.408482,1349.716136,True,OK
1777554411.125473,True,True,0.39395946,269,411,8.525714,29.387478,1350.110095,True,OK
1777554411.157015,True,True,0.39360052,269,411,0.000000,29.367316,1350.110095,True,OK
1777554411.204929,True,True,0.39235731,269,412,8.188737,29.345266,1350.502453,True,OK
1777554411.236679,True,True,0.39316587,268,412,12.383377,29.333572,1350.895619,True,OK
1777554411.284454,True,True,0.39296762,269,412,8.225377,29.311697,1351.288586,True,OK
1777554411.316487,True,True,0.39283723,268,412,12.263347,29.299859,1351.681423,True,OK
1777554411.332380,True,True,0.39263238,268,412,0.000000,29.289769,1351.681423,True,OK
1777554411.395300,True,True,0.39233245,268,412,0.000000,29.249889,1351.681423,True,OK
1777554411.442642,True,True,0.39255746,267,413,11.726454,29.231955,1352.236584,True,OK
1777554411.490289,True,True,0.39270588,266,413,8.241986,29.210358,1352.629289,True,OK
1777554411.522161,True,True,0.39306726,266,413,0.000000,29.190266,1352.629289,True,OK
1777554411.569511,True,True,0.39333539,267,413,8.306990,29.168949,1353.022625,True,OK
1777554411.601192,True,True,0.39230963,267,413,0.000000,29.149041,1353.022625,True,OK
1777554411.648813,True,True,0.39252128,268,413,8.242524,29.127614,1353.415146,True,OK
1777554411.699023,True,True,0.39170226,268,413,0.000000,29.096173,1353.415146,True,OK
1777554411.728522,True,True,0.39170226,268,413,0.000000,29.077733,1353.415146,True,OK
1777554411.760082,True,True,0.39251218,266,387,324.318237,29.277787,1363.650612,True,OK
1777554411.808114,True,True,0.39221403,267,387,8.165715,29.256037,1364.042826,True,OK
1777554411.839987,True,True,0.39146101,266,388,17.368847,29.247916,1364.596435,True,OK
1777554411.872031,True,True,0.39056377,267,387,17.236850,29.239673,1365.148776,True,OK
1777554411.903572,True,True,0.39056377,267,387,0.000000,29.219933,1365.148776,True,OK
1777554411.935590,True,True,0.38999176,267,388,12.180593,29.208263,1365.538767,True,OK
1777554411.967543,True,True,0.39103762,267,388,0.000000,29.188314,1365.538767,True,OK
1777554411.999102,True,True,0.39143372,267,388,0.000000,29.168638,1365.538767,True,OK
1777554412.030587,True,True,0.39143372,267,388,0.000000,29.149034,1365.538767,True,OK
1777554412.078084,True,True,0.39148728,267,387,8.242352,29.127859,1365.930255,True,OK
1777554412.095820,True,True,0.39121416,268,387,22.057981,29.125186,1366.321469,True,OK
1777554412.141548,True,True,0.39126200,267,387,8.556251,29.105156,1366.712731,True,OK
1777554412.191278,True,True,0.39180233,267,387,0.000000,29.074365,1366.712731,True,OK
1777554412.252202,True,True,0.39113421,267,386,6.420029,29.045042,1367.103865,True,OK
1777554412.315110,True,True,0.39119388,267,386,0.000000,29.006274,1367.103865,True,OK
1777554412.361791,True,True,0.39136452,266,387,11.856573,28.989305,1367.657338,True,OK
1777554412.392922,True,True,0.39136452,266,387,0.000000,28.970189,1367.657338,True,OK
1777554412.425129,True,True,0.39193237,265,387,12.169163,28.958734,1368.049270,True,OK
1777554412.456260,True,True,0.39209521,265,386,12.594900,28.947958,1368.441366,True,OK
1777554412.488008,True,True,0.39244865,264,387,17.481580,28.940262,1368.996372,True,OK
1777554412.535223,True,True,0.39104195,263,387,8.282158,28.919664,1369.387414,True,OK
1777554412.582609,True,True,0.39173224,262,387,8.266805,28.899016,1369.779146,True,OK
1777554412.630279,True,True,0.39225507,262,387,0.000000,28.869982,1369.779146,True,OK
1777554412.679652,True,True,0.39289193,260,387,15.915129,28.856515,1370.564930,True,OK
1777554412.715393,True,True,0.39258585,260,386,10.984160,28.843076,1370.957516,True,OK
1777554412.757657,True,True,0.39232615,259,387,13.127944,28.829115,1371.512349,True,OK
1777554412.807565,True,True,0.39232615,259,387,0.000000,28.798902,1371.512349,True,OK
1777554412.852860,True,True,0.39144397,260,386,12.221777,28.783151,1372.065934,True,OK
1777554412.884148,True,True,0.39242203,260,386,0.000000,28.764272,1372.065934,True,OK
1777554412.900293,True,True,0.39224370,260,386,0.000000,28.754539,1372.065934,True,OK
1777554412.935400,True,True,0.39185866,260,386,0.000000,28.733399,1372.065934,True,OK
1777554412.981885,True,True,0.39085688,260,386,0.000000,28.705455,1372.065934,True,OK
1777554413.027889,True,True,0.39231991,260,386,0.000000,28.677853,1372.065934,True,OK
1777554413.052572,True,True,0.39231991,260,386,0.000000,28.663066,1372.065934,True,OK
1777554413.091813,True,True,0.39134535,259,386,9.972729,28.647757,1372.457279,True,OK
1777554413.118880,True,True,0.39112194,258,387,20.435445,28.643120,1373.010409,True,OK
1777554413.155602,True,True,0.39163931,259,387,10.665063,28.629358,1373.402049,True,OK
1777554413.187305,True,True,0.39231623,259,387,0.000000,28.610450,1373.402049,True,OK
1777554413.218724,True,True,0.39279550,259,388,12.502020,28.599914,1373.794844,True,OK
1777554413.266830,True,True,0.39224596,258,388,8.153833,28.579458,1374.187090,True,OK
1777554413.298153,True,True,0.39224596,258,388,0.000000,28.560852,1374.187090,True,OK
1777554413.314193,True,True,0.39182781,258,388,0.000000,28.551334,1374.187090,True,OK
1777554413.361806,True,True,0.39148701,258,388,0.000000,28.523117,1374.187090,True,OK
1777554413.393872,True,True,0.39206469,257,388,12.226854,28.512278,1374.579155,True,OK
1777554413.425716,True,True,0.39214891,258,389,17.415522,28.504953,1375.133737,True,OK
1777554413.449764,True,True,0.39214891,258,389,0.000000,28.490751,1375.133737,True,OK
1777554413.489095,True,True,0.39252065,259,390,14.113682,28.479045,1375.688845,True,OK
1777554413.536192,True,True,0.39160471,257,389,18.592593,28.469415,1376.564500,True,OK
1777554413.578434,True,True,0.39034126,257,389,0.000000,28.444565,1376.564500,True,OK
1777554413.614954,True,True,0.39067097,251,389,64.185546,28.471516,1378.908526,True,OK
1777554413.646529,True,True,0.39067097,251,389,0.000000,28.452966,1378.908526,True,OK
1777554413.693335,True,True,0.39063774,251,389,0.000000,28.425512,1378.908526,True,OK
1777554413.709355,True,True,0.39063774,251,389,0.000000,28.416127,1378.908526,True,OK
1777554413.759419,True,True,0.39078516,251,388,7.805661,28.394885,1379.299311,True,OK
1777554413.789134,True,True,0.39128722,256,388,65.841466,28.417778,1381.255747,True,OK
1777554413.820975,True,True,0.39026246,253,389,38.758440,28.424548,1382.489865,True,OK
1777554413.852853,True,True,0.39026246,253,389,0.000000,28.405930,1382.489865,True,OK
1777554413.870521,True,True,0.39120892,256,390,70.019845,28.421031,1383.726976,True,OK
1777554413.916110,True,True,0.39179992,256,390,0.000000,28.394443,1383.726976,True,OK
1777554413.948122,True,True,0.39179992,256,390,0.000000,28.375803,1383.726976,True,OK
1777554413.979740,True,True,0.39179992,256,390,0.000000,28.357417,1383.726976,True,OK
1777554414.011512,True,True,0.39155466,256,390,0.000000,28.338965,1383.726976,True,OK
1777554414.043178,True,True,0.39030897,257,391,17.431431,28.331895,1384.278957,True,OK
1777554414.075539,True,True,0.39030897,257,391,0.000000,28.313143,1384.278957,True,OK
1777554414.107189,True,True,0.39030897,257,391,0.000000,28.294826,1384.278957,True,OK
1777554414.139341,True,True,0.39091409,256,391,12.158337,28.284228,1384.669871,True,OK
1777554414.158591,True,True,0.39111537,256,393,40.636044,28.289083,1385.452102,True,OK
1777554414.202087,True,True,0.39097327,247,385,108.237575,28.360025,1390.160043,True,OK
1777554414.253553,True,True,0.39135607,256,393,91.567592,28.426319,1394.872594,True,OK
1777554414.297308,True,True,0.39164015,253,392,28.304728,28.426210,1396.111069,True,OK
1777554414.344912,True,True,0.39062834,253,393,8.205774,28.406630,1396.501698,True,OK
1777554414.376502,True,True,0.39062834,253,393,0.000000,28.388389,1396.501698,True,OK
1777554414.423730,True,True,0.38969149,255,393,16.502444,28.376988,1397.281080,True,OK
1777554414.455577,True,True,0.38965588,254,394,17.303121,28.369831,1397.832137,True,OK
1777554414.503231,True,True,0.38954378,254,393,8.174434,28.350317,1398.221681,True,OK
1777554414.534959,True,True,0.38955043,254,394,12.277709,28.339984,1398.611231,True,OK
1777554414.583582,True,True,0.38897318,257,395,25.297598,28.336989,1399.841273,True,OK
1777554414.597346,True,True,0.38894674,257,395,0.000000,28.329096,1399.841273,True,OK
1777554414.644423,True,True,0.38869915,257,394,8.256678,28.309991,1400.229972,True,OK
1777554414.691596,True,True,0.38828091,254,395,26.028428,28.307817,1401.457824,True,OK
1777554414.707580,True,True,0.38828091,254,395,0.000000,28.298681,1401.457824,True,OK
1777554414.755662,True,True,0.38833472,257,395,24.229832,28.294734,1402.622828,True,OK
1777554414.783717,True,True,0.38756407,257,394,13.814110,28.286544,1403.010392,True,OK
1777554414.818441,True,True,0.38798914,257,394,0.000000,28.266755,1403.010392,True,OK
1777554414.865826,True,True,0.38814599,257,395,8.191248,28.247607,1403.398538,True,OK
1777554414.894229,True,True,0.38940920,256,395,13.710352,28.239301,1403.787947,True,OK
1777554414.913625,True,True,0.38914511,257,396,28.374197,28.239354,1404.338281,True,OK
1777554414.945292,True,True,0.38867792,252,396,61.368176,28.260437,1406.281671,True,OK
1777554414.976811,True,True,0.38816302,254,397,27.537488,28.259979,1407.149630,True,OK
1777554415.008225,True,True,0.38837120,254,396,12.363172,28.249956,1407.538001,True,OK
1777554415.039926,True,True,0.38843393,249,396,61.264618,28.270949,1409.480171,True,OK
1777554415.068279,True,True,0.38724753,258,397,123.681357,28.325177,1412.986846,True,OK
1777554415.103494,True,True,0.38717709,255,396,34.767807,28.329722,1414.211208,True,OK
1777554415.134930,True,True,0.38702462,249,396,73.869137,28.358381,1416.533356,True,OK
1777554415.166660,True,True,0.38693649,249,397,12.194865,28.348120,1416.920292,True,OK
1777554415.213957,True,True,0.38731719,249,396,8.188919,28.329062,1417.307609,True,OK
1777554415.244955,True,True,0.38749871,249,397,12.500864,28.319261,1417.695108,True,OK
1777554415.293938,True,True,0.38759360,251,396,17.693566,28.308875,1418.561794,True,OK
1777554415.339598,True,True,0.38693740,251,398,16.948719,28.298533,1419.335668,True,OK
1777554415.371574,True,True,0.38678561,250,397,17.106636,28.291402,1419.882666,True,OK
1777554415.403131,True,True,0.38689918,250,397,0.000000,28.273624,1419.882666,True,OK
1777554415.454120,True,True,0.38598215,250,396,7.569852,28.252625,1420.268648,True,OK
1777554415.498572,True,True,0.38611350,250,396,0.000000,28.227664,1420.268648,True,OK
1777554415.546158,True,True,0.38693438,251,395,11.499296,28.211858,1420.815856,True,OK
1777554415.584619,True,True,0.38610054,249,395,20.077276,28.205650,1421.588057,True,OK
1777554415.613739,True,True,0.38610054,249,395,0.000000,28.189364,1421.588057,True,OK
1777554415.657195,True,True,0.38652763,253,394,36.673679,28.196669,1423.181751,True,OK
1777554415.704837,True,True,0.38538671,250,386,69.113661,28.235254,1426.474497,True,OK
1777554415.751947,True,True,0.38462582,256,396,95.212999,28.297651,1430.959966,True,OK
1777554415.784703,True,True,0.38462582,256,396,0.000000,28.279333,1430.959966,True,OK
1777554415.814639,True,True,0.38462582,256,396,0.000000,28.262613,1430.959966,True,OK
1777554415.846371,True,True,0.38493334,253,396,36.391372,28.267704,1432.114766,True,OK
1777554415.878241,True,True,0.38593272,254,398,27.078170,28.266957,1432.977738,True,OK
1777554415.904780,True,True,0.38593272,254,398,0.000000,28.252166,1432.977738,True,OK
1777554415.941920,True,True,0.38514857,256,397,23.188946,28.248462,1433.838956,True,OK
1777554415.973447,True,True,0.38514857,256,397,0.000000,28.230927,1433.838956,True,OK
1777554415.989235,True,True,0.38396762,253,392,141.807182,28.266222,1436.077853,True,OK
1777554416.027963,True,True,0.38396762,253,392,0.000000,28.244691,1436.077853,True,OK
1777554416.069171,True,True,0.38415072,254,391,13.183777,28.232495,1436.621124,True,OK
1777554416.096456,True,True,0.38385257,255,393,31.456930,28.234223,1437.479445,True,OK
1777554416.132560,True,True,0.38424592,255,392,10.642974,28.221757,1437.863690,True,OK
1777554416.183397,True,True,0.38393488,256,392,7.552231,28.201153,1438.247625,True,OK
1777554416.215962,True,True,0.38393488,256,392,0.000000,28.183158,1438.247625,True,OK
1777554416.243487,True,True,0.38389349,256,392,0.000000,28.167965,1438.247625,True,OK
1777554416.275424,True,True,0.38390707,256,392,0.000000,28.150357,1438.247625,True,OK
1777554416.307377,True,True,0.38390707,256,392,0.000000,28.132763,1438.247625,True,OK
1777554416.339373,True,True,0.38339101,257,396,49.404958,28.146068,1439.828387,True,OK
1777554416.354725,True,True,0.38368818,260,398,90.112458,28.164659,1441.211794,True,OK
1777554416.402756,True,True,0.38382229,255,391,68.741886,28.202710,1444.513559,True,OK
1777554416.434520,True,True,0.38382229,255,391,0.000000,28.185231,1444.513559,True,OK
1777554416.466268,True,True,0.38417929,256,392,17.112966,28.178377,1445.056870,True,OK
1777554416.498668,True,True,0.38417929,256,392,0.000000,28.160585,1445.056870,True,OK
1777554416.529786,True,True,0.38417929,256,392,0.000000,28.143519,1445.056870,True,OK
1777554416.561625,True,True,0.38568651,257,391,17.130961,28.136694,1445.602313,True,OK
1777554416.593386,True,True,0.38568651,257,391,0.000000,28.119311,1445.602313,True,OK
1777554416.625190,True,True,0.38480061,257,391,0.000000,28.101926,1445.602313,True,OK
1777554416.657258,True,True,0.38480420,256,390,16.970287,28.094991,1446.146509,True,OK
1777554416.689135,True,True,0.38480420,256,390,0.000000,28.077603,1446.146509,True,OK
1777554416.720469,True,True,0.38480420,256,390,0.000000,28.060532,1446.146509,True,OK
1777554416.745514,True,True,0.38480420,256,390,0.000000,28.046902,1446.146509,True,OK
1777554416.775789,True,True,0.38449013,257,390,12.700077,28.037896,1446.530999,True,OK
1777554416.815208,True,True,0.38449013,257,390,0.000000,28.016490,1446.530999,True,OK
1777554416.843060,True,True,0.38450450,258,399,125.011814,28.068785,1450.012835,True,OK
1777554416.878806,True,True,0.38540194,259,398,15.247557,28.059919,1450.557876,True,OK
1777554416.910467,True,True,0.38529972,259,399,12.169524,28.050193,1450.943175,True,OK
1777554416.957972,True,True,0.38534941,258,399,8.111782,28.031899,1451.328525,True,OK
1777554416.989552,True,True,0.38631178,258,400,12.232718,28.022268,1451.714837,True,OK
1777554417.021276,True,True,0.38735146,264,399,74.271974,28.050572,1454.071004,True,OK
1777554417.052905,True,True,0.38506001,265,398,17.217102,28.043966,1454.615561,True,OK
1777554417.084923,True,True,0.38752016,265,399,12.103217,28.034132,1455.003081,True,OK
1777554417.116591,True,True,0.38798689,266,400,17.326551,28.027602,1455.551777,True,OK
1777554417.148205,True,True,0.38798259,269,400,36.817680,28.032950,1456.715725,True,OK
1777554417.179685,True,True,0.38661172,268,399,17.367784,28.026493,1457.262476,True,OK
1777554417.211441,True,True,0.38661172,268,399,0.000000,28.009387,1457.262476,True,OK
1777554417.243170,True,True,0.38777346,266,399,24.442304,28.007213,1458.038023,True,OK
1777554417.274860,True,True,0.38835048,268,399,24.509799,28.005085,1458.814724,True,OK
1777554417.306577,True,True,0.38849429,267,399,12.248656,27.995497,1459.203219,True,OK
1777554417.353552,True,True,0.38898404,268,399,8.280721,27.977746,1459.592203,True,OK
1777554417.385390,True,True,0.38851354,268,398,12.202756,27.968124,1459.980716,True,OK
1777554417.417092,True,True,0.38866366,267,397,17.337978,27.961672,1460.530370,True,OK
1777554417.449049,True,True,0.38864007,268,398,17.198786,27.955092,1461.079990,True,OK
1777554417.496856,True,True,0.38812267,268,397,8.118495,27.936964,1461.468112,True,OK
1777554417.527102,True,True,0.38812267,268,397,0.000000,27.920820,1461.468112,True,OK
1777554417.560474,True,True,0.38814342,270,397,23.262006,27.917852,1462.244399,True,OK
1777554417.612332,True,True,0.38924106,267,396,23.735770,27.913715,1463.475287,True,OK
1777554417.672397,True,True,0.38860442,268,395,9.149505,27.892243,1464.024857,True,OK
1777554417.719645,True,True,0.38975277,268,394,8.249105,27.874577,1464.414610,True,OK
1777554417.751333,True,True,0.38975277,268,394,0.000000,27.857774,1464.414610,True,OK
1777554417.798653,True,True,0.38844281,268,394,0.000000,27.832720,1464.414610,True,OK
1777554417.814582,True,True,0.38844281,268,394,0.000000,27.824296,1464.414610,True,OK
1777554417.846486,True,True,0.38920242,268,394,0.000000,27.807439,1464.414610,True,OK
1777554417.878464,True,True,0.39066767,269,393,17.277300,27.801049,1464.967097,True,OK
1777554417.910109,True,True,0.38860793,269,393,0.000000,27.784363,1464.967097,True,OK
1777554417.942066,True,True,0.38918976,268,393,12.178670,27.774911,1465.356287,True,OK
1777554417.973547,True,True,0.38939377,268,392,12.369063,27.765723,1465.745681,True,OK
1777554418.005111,True,True,0.38974056,269,391,17.462318,27.759567,1466.296857,True,OK
1777554418.020797,True,True,0.38979133,270,391,24.849199,27.758703,1466.686649,True,OK
1777554418.052249,True,True,0.38976652,270,391,0.000000,27.742188,1466.686649,True,OK
1777554418.099863,True,True,0.38987963,270,390,8.188323,27.724594,1467.076528,True,OK
1777554418.132160,True,True,0.39065568,270,390,0.000000,27.707683,1467.076528,True,OK
1777554418.163637,True,True,0.39006622,269,389,17.524829,27.701633,1467.628165,True,OK
1777554418.195535,True,True,0.39052018,269,389,0.000000,27.684964,1467.628165,True,OK
1777554418.227663,True,True,0.39025974,269,389,0.000000,27.668196,1467.628165,True,OK
1777554418.259820,True,True,0.39113426,267,390,27.197743,27.667911,1468.502768,True,OK
1777554418.291776,True,True,0.38934613,267,390,0.000000,27.651263,1468.502768,True,OK
1777554418.307705,True,True,0.38934613,267,390,0.000000,27.642972,1468.502768,True,OK
1777554418.355291,True,True,0.38981341,266,390,8.191732,27.625564,1468.892581,True,OK
1777554418.386883,True,True,0.38981341,266,390,0.000000,27.609160,1468.892581,True,OK
1777554418.418676,True,True,0.38906980,267,389,17.306636,27.603007,1469.442809,True,OK
1777554418.450305,True,True,0.38920805,266,390,17.402441,27.596950,1469.993232,True,OK
1777554418.466334,True,True,0.38895137,266,390,0.000000,27.588648,1469.993232,True,OK
1777554418.513636,True,True,0.38864325,266,390,0.000000,27.564178,1469.993232,True,OK
1777554418.545940,True,True,0.38874906,266,389,12.033800,27.554776,1470.381982,True,OK
1777554418.570017,True,True,0.38862816,265,390,22.827634,27.552644,1470.931585,True,OK
1777554418.609343,True,True,0.38957970,265,390,0.000000,27.532363,1470.931585,True,OK
1777554418.625304,True,True,0.38853504,264,390,24.342516,27.531410,1471.320120,True,OK
1777554418.673259,True,True,0.38937601,264,390,0.000000,27.506727,1471.320120,True,OK
1777554418.720873,True,True,0.39036624,264,390,0.000000,27.482264,1471.320120,True,OK
1777554418.752789,True,True,0.38957787,265,389,17.262180,27.476175,1471.871066,True,OK
1777554418.789938,True,True,0.38957787,265,389,0.000000,27.457134,1471.871066,True,OK
1777554418.831981,True,True,0.38928828,265,389,0.000000,27.435616,1471.871066,True,OK
1777554418.863728,True,True,0.38883255,265,388,12.247904,27.426634,1472.259899,True,OK
1777554418.895279,True,True,0.38952598,264,388,12.345588,27.417775,1472.649425,True,OK
1777554418.926945,True,True,0.38895659,265,388,12.283360,27.408858,1473.038381,True,OK
1777554418.958932,True,True,0.38913719,265,388,0.000000,27.392554,1473.038381,True,OK
1777554418.990648,True,True,0.38917606,265,388,0.000000,27.376408,1473.038381,True,OK
1777554419.021106,True,True,0.38932896,265,388,0.000000,27.360920,1473.038381,True,OK
1777554419.053051,True,True,0.38932896,265,388,0.000000,27.344695,1473.038381,True,OK
1777554419.084480,True,True,0.38945887,264,388,12.391683,27.335976,1473.427840,True,OK
1777554419.116247,True,True,0.38979925,265,388,12.270337,27.327102,1473.817639,True,OK
1777554419.148133,True,True,0.38934796,264,388,12.210768,27.318170,1474.206987,True,OK
1777554419.180149,True,True,0.38937312,263,388,12.161724,27.309183,1474.596360,True,OK
1777554419.212553,True,True,0.38905180,265,388,24.012972,27.307206,1475.374464,True,OK
1777554419.243729,True,True,0.38944694,265,388,0.000000,27.291458,1475.374464,True,OK
1777554419.276168,True,True,0.39024283,265,388,0.000000,27.275092,1475.374464,True,OK
1777554419.306684,True,True,0.38945109,263,388,25.524462,27.274105,1476.153366,True,OK
1777554419.338614,True,True,0.38947284,263,388,0.000000,27.258024,1476.153366,True,OK
1777554419.370218,True,True,0.39027257,263,388,0.000000,27.242126,1476.153366,True,OK
1777554419.401695,True,True,0.39074482,261,388,24.827155,27.240723,1476.934856,True,OK
1777554419.448847,True,True,0.38985351,264,388,24.804403,27.238607,1478.104416,True,OK
1777554419.497281,True,True,0.38952414,263,388,8.042327,27.221488,1478.493941,True,OK
1777554419.528238,True,True,0.38897438,263,388,0.000000,27.205981,1478.493941,True,OK
1777554419.559972,True,True,0.38932220,262,388,12.268303,27.197264,1478.883263,True,OK
1777554419.591218,True,True,0.38817893,262,387,12.423242,27.188779,1479.271442,True,OK
1777554419.639211,True,True,0.38884532,263,388,11.458320,27.174916,1479.821352,True,OK
1777554419.671152,True,True,0.38933235,264,388,12.188952,27.166131,1480.210684,True,OK
1777554419.702946,True,True,0.38998759,264,388,0.000000,27.150288,1480.210684,True,OK
1777554419.750398,True,True,0.38924462,263,388,8.202918,27.133811,1480.599929,True,OK
1777554419.782286,True,True,0.38924462,263,388,0.000000,27.117964,1480.599929,True,OK
1777554419.814425,True,True,0.38933371,260,388,36.342372,27.123390,1481.767930,True,OK
1777554419.834646,True,True,0.38951116,260,389,19.262029,27.120482,1482.157441,True,OK
1777554419.877970,True,True,0.38887041,261,390,12.693863,27.109054,1482.707387,True,OK
1777554419.909608,True,True,0.38838799,259,391,27.449837,27.109251,1483.575849,True,OK
1777554419.941430,True,True,0.38849962,259,391,0.000000,27.093497,1483.575849,True,OK
1777554419.973265,True,True,0.38905718,259,390,12.221204,27.084856,1483.964906,True,OK
1777554420.020836,True,True,0.38914766,261,390,16.360729,27.075553,1484.743201,True,OK
1777554420.052979,True,True,0.38862833,261,388,24.180585,27.073857,1485.520458,True,OK
1777554420.084832,True,True,0.38886715,262,389,17.265253,27.068166,1486.070399,True,OK
1777554420.116781,True,True,0.38886715,262,389,0.000000,27.052423,1486.070399,True,OK
1777554420.148986,True,True,0.38883603,261,389,12.073828,27.043647,1486.459235,True,OK
1777554420.180745,True,True,0.38901625,261,389,0.000000,27.028030,1486.459235,True,OK
1777554420.215157,True,True,0.38880888,261,389,0.000000,27.011129,1486.459235,True,OK
1777554420.260034,True,True,0.38735787,261,389,0.000000,26.989120,1486.459235,True,OK
1777554420.292235,True,True,0.38821957,261,389,0.000000,26.973349,1486.459235,True,OK
1777554420.323888,True,True,0.38971751,263,388,27.531147,26.973670,1487.330670,True,OK
1777554420.355339,True,True,0.38867081,262,388,12.357797,26.965338,1487.719341,True,OK
1777554420.386811,True,True,0.38850113,261,388,12.344448,26.957002,1488.107842,True,OK
1777554420.418464,True,True,0.38952525,262,387,17.403374,26.951527,1488.658714,True,OK
1777554420.449999,True,True,0.38952525,262,387,0.000000,26.936149,1488.658714,True,OK
1777554420.481925,True,True,0.38972847,262,387,0.000000,26.920597,1488.658714,True,OK
1777554420.513838,True,True,0.39063339,262,387,0.000000,26.905070,1488.658714,True,OK
1777554420.547091,True,True,0.39130377,264,387,23.535315,26.903046,1489.441322,True,OK
1777554420.577872,True,True,0.38998883,264,387,0.000000,26.888097,1489.441322,True,OK
1777554420.609818,True,True,0.39063988,263,386,17.292962,26.882566,1489.993770,True,OK
1777554420.641603,True,True,0.39151439,262,386,12.317487,26.874218,1490.385284,True,OK
1777554420.674598,True,True,0.39038297,264,386,23.663512,26.872309,1491.166050,True,OK
1777554420.705380,True,True,0.39050643,263,385,17.940858,26.867358,1491.718310,True,OK
1777554420.737385,True,True,0.39113612,263,385,0.000000,26.851879,1491.718310,True,OK
1777554420.769000,True,True,0.39113612,263,385,0.000000,26.836607,1491.718310,True,OK
1777554420.802825,True,True,0.39223943,264,386,16.399457,26.830259,1492.273020,True,OK
1777554420.832358,True,True,0.39237282,264,388,26.571690,26.830122,1493.057766,True,OK
1777554420.864077,True,True,0.39209134,264,388,0.000000,26.814838,1493.057766,True,OK
1777554420.896104,True,True,0.39166471,264,387,12.229292,26.806453,1493.449430,True,OK
1777554420.927690,True,True,0.39167174,264,388,12.400196,26.798290,1493.841102,True,OK
1777554420.959682,True,True,0.39358985,263,388,12.302683,26.789976,1494.234692,True,OK
1777554420.991284,True,True,0.39158504,264,389,17.523913,26.784729,1494.788477,True,OK
1777554421.023350,True,True,0.39335448,263,389,12.266895,26.776392,1495.181831,True,OK
1777554421.055037,True,True,0.39260183,261,390,27.705274,26.776919,1496.059716,True,OK
1777554421.103097,True,True,0.39376023,262,390,8.193107,26.760947,1496.453476,True,OK
1777554421.134742,True,True,0.39384439,262,390,0.000000,26.745811,1496.453476,True,OK
1777554421.166341,True,True,0.39398778,261,389,17.632636,26.740667,1497.010659,True,OK
1777554421.198580,True,True,0.39336115,261,389,0.000000,26.725277,1497.010659,True,OK
1777554421.228927,True,True,0.39411760,262,390,18.366666,26.720751,1497.568025,True,OK
1777554421.261149,True,True,0.39431871,262,389,12.237549,26.712429,1497.962344,True,OK
1777554421.292421,True,True,0.39353273,262,389,0.000000,26.697540,1497.962344,True,OK
1777554421.339880,True,True,0.39327842,261,389,8.286760,26.681981,1498.355622,True,OK
1777554421.371879,True,True,0.39248579,262,391,27.426540,26.682405,1499.233247,True,OK
1777554421.419647,True,True,0.39280778,262,392,8.223303,26.666726,1499.626055,True,OK
1777554421.451633,True,True,0.39321420,263,392,12.293231,26.658555,1500.019269,True,OK
1777554421.483436,True,True,0.39321420,263,392,0.000000,26.643496,1500.019269,True,OK
1777554421.531357,True,True,0.39277641,263,392,0.000000,26.620837,1500.019269,True,OK
1777554421.563108,True,True,0.39259805,263,392,0.000000,26.605845,1500.019269,True,OK
1777554421.611083,True,True,0.39288962,263,392,0.000000,26.583224,1500.019269,True,OK
1777554421.643172,True,True,0.39274967,262,393,17.309109,26.577953,1500.574701,True,OK
1777554421.674592,True,True,0.39301113,263,393,12.508504,26.570128,1500.967712,True,OK
1777554421.707830,True,True,0.39342796,263,393,0.000000,26.554503,1500.967712,True,OK
1777554421.740432,True,True,0.39376884,262,393,12.078296,26.546159,1501.361481,True,OK
1777554421.770402,True,True,0.39376884,262,393,0.000000,26.532099,1501.361481,True,OK
1777554421.799234,True,True,0.39390723,263,393,13.662400,26.525545,1501.755388,True,OK
1777554421.834033,True,True,0.39310166,263,394,11.296162,26.516190,1502.148490,True,OK
1777554421.865978,True,True,0.39332607,263,394,0.000000,26.501246,1502.148490,True,OK
1777554421.898144,True,True,0.39347546,263,393,12.232740,26.493153,1502.541965,True,OK
1777554421.945689,True,True,0.39338832,263,393,0.000000,26.470962,1502.541965,True,OK
1777554421.995745,True,True,0.39440888,263,392,7.879318,26.454581,1502.936374,True,OK
1777554422.025056,True,True,0.39390086,263,392,0.000000,26.440940,1502.936374,True,OK
1777554422.059303,True,True,0.39551895,263,392,0.000000,26.425019,1502.936374,True,OK
1777554422.104643,True,True,0.39525607,263,417,217.937461,26.577569,1512.817776,True,OK
1777554422.139603,True,True,0.39413864,260,417,33.821704,26.582015,1514.000192,True,OK
1777554422.183717,True,True,0.39589750,262,391,234.026136,26.742561,1524.323936,True,OK
1777554422.199632,True,True,0.39583250,263,391,24.871419,26.742039,1524.719768,True,OK
1777554422.240248,True,True,0.39594607,261,416,244.491536,26.897046,1534.650045,True,OK
1777554422.265391,True,True,0.39540272,261,416,0.000000,26.885198,1534.650045,True,OK
1777554422.315134,True,True,0.39531960,259,416,15.894502,26.875629,1535.440684,True,OK
1777554422.356475,True,True,0.39552009,259,416,0.000000,26.856195,1535.440684,True,OK
1777554422.388201,True,True,0.39570923,259,416,0.000000,26.841301,1535.440684,True,OK
1777554422.422297,True,True,0.39601912,260,416,11.614826,26.832231,1535.836703,True,OK
1777554422.473043,True,True,0.39565601,260,416,0.000000,26.808463,1535.836703,True,OK
1777554422.517842,True,True,0.39553978,261,416,8.829098,26.794414,1536.232243,True,OK
1777554422.549786,True,True,0.39546634,261,416,0.000000,26.779494,1536.232243,True,OK
1777554422.581606,True,True,0.39566380,260,417,17.584786,26.774397,1536.791796,True,OK
1777554422.629173,True,True,0.39561065,261,417,8.316975,26.759113,1537.187407,True,OK
1777554422.676536,True,True,0.39542358,261,416,8.348779,26.743947,1537.582831,True,OK
1777554422.723947,True,True,0.39579602,261,417,8.348238,26.728789,1537.978627,True,OK
1777554422.755654,True,True,0.39515621,261,417,0.000000,26.714069,1537.978627,True,OK
1777554422.787152,True,True,0.39515621,261,417,0.000000,26.699461,1537.978627,True,OK
1777554422.834918,True,True,0.39590268,261,391,215.500120,26.855888,1548.272096,True,OK
1777554422.858360,True,True,0.39456377,261,416,420.782414,27.016002,1558.136190,True,OK
1777554422.897694,True,True,0.39445186,261,416,0.000000,26.997590,1558.136190,True,OK
1777554422.929610,True,True,0.39475088,261,416,0.000000,26.982668,1558.136190,True,OK
1777554422.961331,True,True,0.39459064,261,416,0.000000,26.967854,1558.136190,True,OK
1777554422.993165,True,True,0.39447307,261,416,0.000000,26.953004,1558.136190,True,OK
1777554423.009308,True,True,0.39447921,261,416,0.000000,26.945479,1558.136190,True,OK
1777554423.057264,True,True,0.39470094,260,416,8.230564,26.929971,1558.530891,True,OK
1777554423.105476,True,True,0.39513626,261,416,8.195839,26.914378,1558.926028,True,OK
1777554423.137066,True,True,0.39528040,261,415,12.512839,26.906528,1559.321308,True,OK
1777554423.184266,True,True,0.39418350,262,415,8.351225,26.891427,1559.715491,True,OK
1777554423.216308,True,True,0.39558888,261,415,12.346122,26.883397,1560.111080,True,OK
1777554423.264075,True,True,0.39531256,261,416,8.275864,26.868093,1560.506393,True,OK
1777554423.298779,True,True,0.39479590,261,416,0.000000,26.852049,1560.506393,True,OK
1777554423.327487,True,True,0.39559808,261,416,0.000000,26.838791,1560.506393,True,OK
1777554423.374988,True,True,0.39486445,261,415,8.312662,26.823668,1560.901257,True,OK
1777554423.422742,True,True,0.39547384,261,415,0.000000,26.801673,1560.901257,True,OK
1777554423.468941,True,True,0.39537675,261,415,0.000000,26.780429,1560.901257,True,OK
1777554423.501510,True,True,0.39552636,261,415,0.000000,26.765473,1560.901257,True,OK
1777554423.532345,True,True,0.39525283,261,415,0.000000,26.751328,1560.901257,True,OK
1777554423.563989,True,True,0.39454081,261,415,0.000000,26.736828,1560.901257,True,OK
1777554423.597637,True,True,0.39508927,261,416,11.741997,26.728191,1561.296347,True,OK
1777554423.642949,True,True,0.39427494,262,415,12.305373,26.717012,1561.853936,True,OK
1777554423.674608,True,True,0.39387675,261,415,12.441269,26.709285,1562.247812,True,OK
1777554423.706455,True,True,0.39434449,261,415,0.000000,26.694750,1562.247812,True,OK
1777554423.738191,True,True,0.39361663,262,416,17.540589,26.689789,1562.804470,True,OK
1777554423.786102,True,True,0.39306060,265,391,206.570065,26.836852,1572.701483,True,OK
1777554423.817788,True,True,0.39306060,265,391,0.000000,26.822350,1572.701483,True,OK
1777554423.833907,True,True,0.39296779,262,391,73.136404,26.835079,1573.880387,True,OK
1777554423.869709,True,True,0.39345369,263,417,285.946594,26.993151,1584.117746,True,OK
1777554423.913236,True,True,0.39422799,263,391,235.479808,27.147673,1594.367674,True,OK
1777554423.945038,True,True,0.39350620,263,416,309.343674,27.300398,1604.205329,True,OK
1777554423.976886,True,True,0.39342068,263,391,308.831904,27.452900,1614.040846,True,OK
1777554424.008502,True,True,0.39366147,263,416,311.283693,27.605448,1623.882383,True,OK
1777554424.040492,True,True,0.39353345,263,416,0.000000,27.590443,1623.882383,True,OK
1777554424.072187,True,True,0.39338116,264,416,12.411315,27.582273,1624.275764,True,OK
1777554424.103910,True,True,0.39437668,264,416,0.000000,27.567423,1624.275764,True,OK
1777554424.135485,True,True,0.39480195,264,416,0.000000,27.552658,1624.275764,True,OK
1777554424.167257,True,True,0.39392220,264,417,12.398447,27.544495,1624.669686,True,OK
1777554424.200343,True,True,0.39412844,264,418,11.912134,27.535731,1625.063814,True,OK
1777554424.230609,True,True,0.39418743,264,418,0.000000,27.521617,1625.063814,True,OK
1777554424.262429,True,True,0.39393339,263,417,17.508011,27.516223,1625.620920,True,OK
1777554424.293972,True,True,0.39290376,264,418,17.615754,27.510940,1626.176570,True,OK
1777554424.341666,True,True,0.39314044,264,417,8.243063,27.495406,1626.569711,True,OK
1777554424.389361,True,True,0.39380835,264,416,8.256695,27.479908,1626.963519,True,OK
1777554424.436673,True,True,0.39475508,262,415,18.657163,27.472863,1627.846218,True,OK
1777554424.484601,True,True,0.39452561,264,416,18.406450,27.465535,1628.728404,True,OK
1777554424.516765,True,True,0.39452561,264,416,0.000000,27.450646,1628.728404,True,OK
1777554424.548811,True,True,0.39446979,264,416,0.000000,27.435828,1628.728404,True,OK
1777554424.580354,True,True,0.39473956,264,416,0.000000,27.421258,1628.728404,True,OK
1777554424.612040,True,True,0.39458992,264,416,0.000000,27.406638,1628.728404,True,OK
1777554424.643326,True,True,0.39401843,264,417,12.594273,27.398844,1629.122423,True,OK
1777554424.674933,True,True,0.39411965,264,417,0.000000,27.384287,1629.122423,True,OK
1777554424.706235,True,True,0.39365116,265,417,12.575633,27.376499,1629.516074,True,OK
1777554424.753629,True,True,0.39366186,264,417,8.306189,27.361327,1629.909736,True,OK
1777554424.801034,True,True,0.39374714,265,417,8.305983,27.346175,1630.303483,True,OK
1777554424.848142,True,True,0.39486903,265,416,8.382261,27.331202,1630.698352,True,OK
1777554424.879667,True,True,0.39486903,265,416,0.000000,27.316769,1630.698352,True,OK
1777554424.927434,True,True,0.39511147,265,416,0.000000,27.294928,1630.698352,True,OK
1777554424.959380,True,True,0.39496059,265,416,0.000000,27.280341,1630.698352,True,OK
1777554424.982500,True,True,0.39470822,263,416,34.144418,27.282994,1631.487768,True,OK
1777554425.022694,True,True,0.39478446,263,416,0.000000,27.264668,1631.487768,True,OK
1777554425.054667,True,True,0.39481319,265,416,24.696751,27.263297,1632.277395,True,OK
1777554425.086362,True,True,0.39481319,265,416,0.000000,27.248872,1632.277395,True,OK
1777554425.136951,True,True,0.39492459,264,416,7.806555,27.232466,1632.672319,True,OK
1777554425.166066,True,True,0.39520354,263,416,13.573899,27.225837,1633.067523,True,OK
1777554425.213907,True,True,0.39510875,263,417,8.258654,27.210720,1633.462632,True,OK
1777554425.261601,True,True,0.39572479,265,417,16.594582,27.202293,1634.254081,True,OK
1777554425.309436,True,True,0.39633971,263,417,16.571079,27.193835,1635.046761,True,OK
1777554425.357130,True,True,0.39681443,264,418,11.766275,27.181607,1635.607941,True,OK
1777554425.408345,True,True,0.39594647,265,418,7.731111,27.165066,1636.003887,True,OK
1777554425.437187,True,True,0.39677514,265,418,0.000000,27.152063,1636.003887,True,OK
1777554425.468801,True,True,0.39672761,264,418,12.549086,27.144405,1636.400615,True,OK
1777554425.516248,True,True,0.39599563,265,418,8.345985,27.129621,1636.796611,True,OK
1777554425.547765,True,True,0.39613925,265,418,0.000000,27.115456,1636.796611,True,OK
1777554425.579696,True,True,0.39645672,264,419,17.558850,27.110404,1637.357285,True,OK
1777554425.628482,True,True,0.39669341,264,419,0.000000,27.088522,1637.357285,True,OK
1777554425.658035,True,True,0.39663598,264,419,0.000000,27.075284,1637.357285,True,OK
1777554425.707782,True,True,0.39735152,264,419,0.000000,27.053031,1637.357285,True,OK
1777554425.744135,True,True,0.39645705,264,419,0.000000,27.036791,1637.357285,True,OK
1777554425.784217,True,True,0.39695484,263,419,9.903515,27.025459,1637.754240,True,OK
1777554425.831287,True,True,0.39624773,264,394,210.622669,27.167955,1647.668355,True,OK
1777554425.881105,True,True,0.39549526,263,420,206.561313,27.315194,1657.958835,True,OK
1777554425.910437,True,True,0.39542575,263,420,0.000000,27.302000,1657.958835,True,OK
1777554425.942531,True,True,0.39658567,261,420,24.713822,27.300633,1658.752006,True,OK
1777554425.973779,True,True,0.39550301,263,420,25.314317,27.299612,1659.543012,True,OK
1777554426.005606,True,True,0.39639247,263,421,12.454515,27.291844,1659.939404,True,OK
1777554426.037191,True,True,0.39638364,262,421,12.549847,27.284192,1660.335788,True,OK
1777554426.053189,True,True,0.39665863,263,421,24.794070,27.283538,1660.732447,True,OK
1777554426.094926,True,True,0.39657020,262,420,13.437408,27.274051,1661.293282,True,OK
1777554426.116730,True,True,0.39657020,262,420,0.000000,27.264291,1661.293282,True,OK
1777554426.164082,True,True,0.39637371,263,420,8.370946,27.249620,1661.689655,True,OK
1777554426.195681,True,True,0.39702940,262,395,314.366222,27.398322,1671.623328,True,OK
1777554426.243038,True,True,0.39692768,261,420,209.705221,27.539719,1681.554455,True,OK
1777554426.274676,True,True,0.39628647,261,421,12.525686,27.531944,1681.950742,True,OK
1777554426.306891,True,True,0.39659572,261,421,0.000000,27.517433,1681.950742,True,OK
1777554426.338426,True,True,0.39607470,261,421,0.000000,27.503244,1681.950742,True,OK
1777554426.371806,True,True,0.39610154,261,421,0.000000,27.488240,1681.950742,True,OK
1777554426.402790,True,True,0.39607510,260,421,12.783245,27.480797,1682.346817,True,OK
1777554426.434068,True,True,0.39713058,260,421,0.000000,27.466764,1682.346817,True,OK
1777554426.481839,True,True,0.39688735,260,421,0.000000,27.445359,1682.346817,True,OK
1777554426.513783,True,True,0.39688735,260,421,0.000000,27.431063,1682.346817,True,OK
1777554426.529961,True,True,0.39693552,261,421,24.535675,27.430300,1682.743752,True,OK
1777554426.577464,True,True,0.39603964,260,421,8.337235,27.415527,1683.139792,True,OK
1777554426.609416,True,True,0.39596207,260,420,12.392070,27.407712,1683.535754,True,OK
1777554426.657213,True,True,0.39568324,260,420,0.000000,27.386402,1683.535754,True,OK
1777554426.705283,True,True,0.39571736,261,420,8.232073,27.371435,1683.931471,True,OK
1777554426.737033,True,True,0.39559848,260,420,12.459809,27.363744,1684.327070,True,OK
1777554426.785171,True,True,0.39454740,260,395,204.904748,27.502482,1694.190755,True,OK
1777554426.816960,True,True,0.39454740,260,395,0.000000,27.488297,1694.190755,True,OK
1777554426.848814,True,True,0.39427693,261,395,12.377568,27.480491,1694.585032,True,OK
1777554426.880818,True,True,0.39520556,261,394,12.348769,27.472642,1694.980237,True,OK
1777554426.913749,True,True,0.39520556,261,394,0.000000,27.457986,1694.980237,True,OK
1777554426.928688,True,True,0.39520556,261,394,0.000000,27.451343,1694.980237,True,OK
1777554426.962835,True,True,0.39480859,261,394,0.000000,27.436170,1694.980237,True,OK
1777554427.007944,True,True,0.39559541,261,394,0.000000,27.416151,1694.980237,True,OK
1777554427.023912,True,True,0.39483773,261,394,0.000000,27.409072,1694.980237,True,OK
1777554427.057882,True,True,0.39493666,261,393,11.626084,27.400407,1695.375174,True,OK
1777554427.103901,True,True,0.39543936,262,418,214.994277,27.539827,1705.269063,True,OK
1777554427.134964,True,True,0.39543936,262,418,0.000000,27.526019,1705.269063,True,OK
1777554427.167162,True,True,0.39482323,261,394,294.552257,27.664729,1714.753043,True,OK
1777554427.199251,True,True,0.39478862,262,419,307.812316,27.809690,1724.630651,True,OK
1777554427.247312,True,True,0.39480789,262,419,0.000000,27.788155,1724.630651,True,OK
1777554427.279171,True,True,0.39451106,261,419,12.382971,27.780251,1725.025162,True,OK
1777554427.327169,True,True,0.39490927,261,394,205.689669,27.917665,1734.897894,True,OK
1777554427.359290,True,True,0.39460738,259,394,24.570281,27.915935,1735.687108,True,OK
1777554427.406837,True,True,0.39519249,259,394,0.000000,27.894604,1735.687108,True,OK
1777554427.446073,True,True,0.39425311,259,393,10.048232,27.883357,1736.081362,True,OK
1777554427.486192,True,True,0.39399804,259,393,0.000000,27.865402,1736.081362,True,OK
1777554427.518361,True,True,0.39376954,260,417,294.025249,28.002762,1745.540030,True,OK
1777554427.550072,True,True,0.39390257,260,392,310.537627,28.146422,1755.387595,True,OK
1777554427.581463,True,True,0.39382204,260,392,0.000000,28.132262,1755.387595,True,OK
1777554427.612929,True,True,0.39370219,259,391,17.694350,28.127001,1755.944374,True,OK
1777554427.644738,True,True,0.39382704,260,391,12.381237,28.118983,1756.338201,True,OK
1777554427.676545,True,True,0.39380383,260,391,0.000000,28.104671,1756.338201,True,OK
1777554427.708287,True,True,0.39374920,260,390,12.404638,28.096700,1756.731950,True,OK
1777554427.724386,True,True,0.39331173,260,390,0.000000,28.089468,1756.731950,True,OK
1777554427.772337,True,True,0.39296857,259,390,8.195132,28.074226,1757.124918,True,OK
1777554427.803684,True,True,0.39244276,258,390,12.519294,28.066440,1757.517361,True,OK
1777554427.826831,True,True,0.39326765,259,390,16.989927,28.062347,1757.910629,True,OK
1777554427.865903,True,True,0.39274667,259,390,0.000000,28.044855,1757.910629,True,OK
1777554427.898219,True,True,0.39259952,259,390,0.000000,28.030403,1757.910629,True,OK
1777554427.913434,True,True,0.39261180,259,390,0.000000,28.023605,1757.910629,True,OK
1777554427.944570,True,True,0.39261180,259,390,0.000000,28.009702,1757.910629,True,OK
1777554427.976425,True,True,0.39346360,259,390,0.000000,27.995493,1757.910629,True,OK
1777554428.023683,True,True,0.39332434,258,390,8.322891,27.980698,1758.303953,True,OK
1777554428.055479,True,True,0.39332434,258,390,0.000000,27.966548,1758.303953,True,OK
1777554428.103279,True,True,0.39243254,258,390,0.000000,27.945301,1758.303953,True,OK
1777554428.135042,True,True,0.39333239,258,390,0.000000,27.931201,1758.303953,True,OK
1777554428.182982,True,True,0.39334725,257,390,8.204866,27.916190,1758.697300,True,OK
1777554428.214703,True,True,0.39278369,258,390,12.382591,27.908372,1759.090084,True,OK
1777554428.262254,True,True,0.39287383,258,390,0.000000,27.887334,1759.090084,True,OK
1777554428.294000,True,True,0.39307638,257,390,12.381953,27.879535,1759.483161,True,OK
1777554428.309940,True,True,0.39278547,257,389,24.641573,27.878717,1759.875946,True,OK
1777554428.357939,True,True,0.39278547,257,389,0.000000,27.857535,1759.875946,True,OK
1777554428.389604,True,True,0.39293257,257,389,0.000000,27.843579,1759.875946,True,OK
1777554428.421456,True,True,0.39238410,258,389,12.318976,27.835759,1760.268330,True,OK
1777554428.453386,True,True,0.39278049,258,390,12.301311,27.827919,1760.661111,True,OK
1777554428.485144,True,True,0.39124464,258,390,0.000000,27.813958,1760.661111,True,OK
1777554428.517006,True,True,0.39124464,258,390,0.000000,27.799966,1760.661111,True,OK
1777554428.533086,True,True,0.39169003,257,390,24.358258,27.799092,1761.052801,True,OK
1777554428.580861,True,True,0.39169003,257,390,0.000000,27.778143,1761.052801,True,OK
1777554428.612841,True,True,0.39049223,257,391,12.210590,27.770294,1761.443293,True,OK
1777554428.644603,True,True,0.39105628,258,391,12.312125,27.762557,1761.834349,True,OK
1777554428.676176,True,True,0.39105628,258,391,0.000000,27.748752,1761.834349,True,OK
1777554428.723919,True,True,0.38956242,258,391,0.000000,27.727902,1761.834349,True,OK
1777554428.756242,True,True,0.38925756,258,392,12.042874,27.719927,1762.223607,True,OK
1777554428.788787,True,True,0.38925756,258,392,0.000000,27.705743,1762.223607,True,OK
1777554428.806169,True,True,0.38867127,253,392,111.804940,27.728719,1764.166963,True,OK
1777554428.851867,True,True,0.38892253,253,391,8.510681,27.714925,1764.555886,True,OK
1777554428.867634,True,True,0.38910980,256,392,78.039388,27.727385,1765.786359,True,OK
1777554428.899435,True,True,0.38938865,256,392,0.000000,27.713546,1765.786359,True,OK
1777554428.931001,True,True,0.38938865,256,392,0.000000,27.699823,1765.786359,True,OK
1777554428.963009,True,True,0.38971726,256,391,12.175465,27.692032,1766.176076,True,OK
1777554428.986368,True,True,0.38914563,256,391,0.000000,27.681894,1766.176076,True,OK
1777554429.010292,True,True,0.38952949,256,390,16.282365,27.677621,1766.565606,True,OK
1777554429.057942,True,True,0.38910532,258,390,16.331856,27.669157,1767.343816,True,OK
1777554429.089224,True,True,0.38805655,257,391,17.543366,27.664200,1767.892611,True,OK
1777554429.120912,True,True,0.38767344,257,391,0.000000,27.650490,1767.892611,True,OK
1777554429.152766,True,True,0.38812812,257,391,0.000000,27.636721,1767.892611,True,OK
1777554429.184399,True,True,0.38866457,256,391,12.286441,27.629134,1768.281276,True,OK
1777554429.216329,True,True,0.38866457,256,391,0.000000,27.615356,1768.281276,True,OK
1777554429.232310,True,True,0.38901328,256,392,24.341572,27.614540,1768.670289,True,OK
1777554429.264432,True,True,0.38901328,256,392,0.000000,27.600697,1768.670289,True,OK
1777554429.311969,True,True,0.38848630,257,391,11.557520,27.588805,1769.219691,True,OK
1777554429.344049,True,True,0.38848630,257,391,0.000000,27.575011,1769.219691,True,OK
1777554429.375805,True,True,0.38894517,257,391,0.000000,27.561369,1769.219691,True,OK
1777554429.407452,True,True,0.38864543,257,391,0.000000,27.547788,1769.219691,True,OK
1777554429.439190,True,True,0.38940127,257,391,0.000000,27.534181,1769.219691,True,OK
1777554429.470876,True,True,0.38950115,258,391,12.292505,27.526668,1769.609193,True,OK
1777554429.502907,True,True,0.38950115,258,391,0.000000,27.512960,1769.609193,True,OK
1777554429.534936,True,True,0.38919191,258,390,12.151449,27.505314,1769.998385,True,OK
1777554429.582169,True,True,0.38957565,258,390,0.000000,27.485140,1769.998385,True,OK
1777554429.613626,True,True,0.38908814,258,391,12.369003,27.477760,1770.387473,True,OK
1777554429.645466,True,True,0.38893447,259,391,12.215154,27.470221,1770.776407,True,OK
1777554429.677376,True,True,0.38893447,259,391,0.000000,27.456630,1770.776407,True,OK
1777554429.726482,True,True,0.38895090,259,390,7.920658,27.441766,1771.165358,True,OK
1777554429.772154,True,True,0.38895090,259,390,0.000000,27.422361,1771.165358,True,OK
1777554429.804135,False,True,0.00000000,259,391,0.000000,27.422361,1771.165358,False,Sin AprilTag: medicion congelada
1777554429.835892,False,True,0.00000000,252,389,0.000000,27.422361,1771.165358,False,Sin AprilTag: medicion congelada
1777554429.867353,False,True,0.00000000,259,390,0.000000,27.422361,1771.165358,False,Sin AprilTag: medicion congelada
1777554429.883419,False,True,0.00000000,259,390,0.000000,27.422361,1771.165358,False,Sin AprilTag: medicion congelada
1777554429.931239,False,True,0.00000000,252,389,0.000000,27.422361,1771.165358,False,Sin AprilTag: medicion congelada
1777554429.962980,True,True,0.39169003,257,390,4.105207,27.353674,1771.948738,True,OK
1777554429.984879,True,True,0.39169003,257,390,0.000000,27.344430,1771.948738,True,OK
1777554430.026645,True,True,0.39178295,257,390,0.000000,27.326817,1771.948738,True,OK
1777554430.074680,True,True,0.39183580,257,390,0.000000,27.306589,1771.948738,True,OK
1777554430.123231,True,True,0.39183580,257,390,0.000000,27.286174,1771.948738,True,OK
1777554430.155232,True,True,0.39183580,257,390,0.000000,27.272734,1771.948738,True,OK
1777554430.184579,True,True,0.39183580,257,390,0.000000,27.260420,1771.948738,True,OK
1777554430.231459,True,True,0.39183580,257,390,0.000000,27.240774,1771.948738,True,OK
1777554430.263729,True,True,0.39183580,257,390,0.000000,27.227267,1771.948738,True,OK
1777554430.295788,True,True,0.39183580,257,390,0.000000,27.213861,1771.948738,True,OK
1777554430.319933,True,True,0.39131231,257,390,0.000000,27.203773,1771.948738,True,OK
1777554430.359380,True,True,0.39131231,257,390,0.000000,27.187308,1771.948738,True,OK
1777554430.375247,True,True,0.39131231,257,390,0.000000,27.180691,1771.948738,True,OK
1777554430.412671,True,True,0.39131231,257,390,0.000000,27.165096,1771.948738,True,OK
1777554430.444636,True,True,0.39131231,257,390,0.000000,27.151791,1771.948738,True,OK
1777554430.490277,True,True,0.39131231,257,390,0.000000,27.132815,1771.948738,True,OK
1777554430.527215,True,True,0.39131231,257,390,0.000000,27.117478,1771.948738,True,OK
1777554430.554111,True,True,0.39247617,257,390,0.000000,27.106320,1771.948738,True,OK
1777554430.599749,True,True,0.39247617,257,390,0.000000,27.087409,1771.948738,True,OK
1777554430.629537,True,True,0.39246192,258,390,13.174950,27.081077,1772.341200,True,OK
1777554430.655408,True,True,0.39246192,258,390,0.000000,27.070376,1772.341200,True,OK
1777554430.693536,True,True,0.39119789,257,390,10.260341,27.060592,1772.732398,True,OK
1777554430.724438,True,True,0.38959325,257,389,12.607320,27.053777,1773.121991,True,OK
1777554430.756685,True,True,0.38921557,257,389,0.000000,27.040473,1773.121991,True,OK
1777554430.806986,True,True,0.38885052,257,389,0.000000,27.019746,1773.121991,True,OK
1777554430.846907,True,True,0.38885052,257,389,0.000000,27.003319,1773.121991,True,OK
1777554430.874294,True,True,0.38921557,257,389,0.000000,26.992061,1773.121991,True,OK
1777554430.916077,True,True,0.39144733,257,391,18.736902,26.986814,1773.904886,True,OK
1777554430.948206,True,True,0.39131231,257,390,12.179393,26.979580,1774.296198,True,OK
1777554430.979279,True,True,0.39127375,258,390,12.592333,26.972785,1774.687472,True,OK
1777554431.027141,True,True,0.39211773,258,390,0.000000,26.953178,1774.687472,True,OK
1777554431.075264,True,True,0.39196781,258,390,0.000000,26.933493,1774.687472,True,OK
1777554431.122733,True,True,0.39228036,257,390,8.263861,26.920053,1775.079752,True,OK
1777554431.155174,True,True,0.38969266,258,389,16.988330,26.915169,1775.630861,True,OK
1777554431.202742,True,True,0.39026474,258,389,0.000000,26.895776,1775.630861,True,OK
1777554431.234240,True,True,0.38970857,256,388,27.666178,26.896144,1776.502276,True,OK
1777554431.250324,True,True,0.39198039,256,390,48.741067,26.901462,1777.286237,True,OK
1777554431.281911,True,True,0.39099828,256,390,0.000000,26.888606,1777.286237,True,OK
1777554431.314209,True,True,0.38992500,257,390,12.072607,26.881370,1777.676162,True,OK
1777554431.346312,True,True,0.39099828,256,390,12.179741,26.874237,1778.067160,True,OK
1777554431.378114,True,True,0.38992500,257,390,12.260769,26.867216,1778.457085,True,OK
1777554431.425415,True,True,0.38991641,258,391,11.657952,26.856355,1779.008510,True,OK
1777554431.456988,True,True,0.38953809,256,391,24.675162,26.855316,1779.787586,True,OK
1777554431.488826,True,True,0.38953809,256,391,0.000000,26.842421,1779.787586,True,OK
1777554431.512727,True,True,0.38953809,256,391,0.000000,26.832749,1779.787586,True,OK
1777554431.552623,True,True,0.38971820,257,390,13.814698,26.824923,1780.338731,True,OK
1777554431.584343,True,True,0.38953809,256,391,17.367320,26.820405,1780.889621,True,OK
1777554431.616260,True,True,0.38883732,256,391,0.000000,26.807519,1780.889621,True,OK
1777554431.647992,True,True,0.38878903,251,391,61.261650,26.823969,1782.833566,True,OK
1777554431.663979,True,True,0.38798127,251,392,24.269032,26.823354,1783.221547,True,OK
1777554431.712612,True,True,0.38843684,252,393,11.295393,26.812003,1783.770880,True,OK
1777554431.727772,True,True,0.38843684,252,393,0.000000,26.805895,1783.770880,True,OK
1777554431.759362,True,True,0.38844789,250,392,27.496133,26.806222,1784.639476,True,OK
1777554431.791265,True,True,0.38844789,250,392,0.000000,26.793383,1784.639476,True,OK
1777554431.822819,True,True,0.38843684,252,393,27.526514,26.793730,1785.508047,True,OK
1777554431.854411,True,True,0.38843684,252,393,0.000000,26.781034,1785.508047,True,OK
1777554431.886368,True,True,0.38815245,254,392,27.160156,26.781215,1786.375982,True,OK
1777554431.913026,True,True,0.39078566,246,385,155.827982,26.832769,1790.530091,True,OK
1777554431.949870,True,True,0.38759332,246,384,10.519777,26.823767,1790.917684,True,OK
1777554431.981658,True,True,0.38724251,246,384,0.000000,26.811002,1790.917684,True,OK
1777554432.013254,True,True,0.38512348,246,383,12.189016,26.804089,1791.302808,True,OK
1777554432.045048,True,True,0.38480950,246,383,0.000000,26.791343,1791.302808,True,OK
1777554432.060763,True,True,0.38369423,246,383,0.000000,26.785048,1791.302808,True,OK
1777554432.092795,True,True,0.38431907,246,383,0.000000,26.772225,1791.302808,True,OK
1777554432.124234,True,True,0.38279062,246,384,12.175359,26.765369,1791.685598,True,OK
1777554432.157902,True,True,0.38287870,246,384,0.000000,26.751914,1791.685598,True,OK
1777554432.187441,True,True,0.38319605,246,385,12.972708,26.745840,1792.068794,True,OK
1777554432.213622,True,True,0.38319605,246,385,0.000000,26.735393,1792.068794,True,OK
1777554432.237329,True,True,0.38362632,246,386,16.181719,26.731662,1792.452421,True,OK
1777554432.273468,True,True,0.38412973,246,388,21.258453,26.728714,1793.220680,True,OK
1777554432.297632,True,True,0.38362389,246,389,15.875556,26.724806,1793.604304,True,OK
1777554432.345974,True,True,0.38467932,247,391,17.793503,26.718377,1794.464473,True,OK
1777554432.376899,True,True,0.38526565,247,392,12.458146,26.711814,1794.849739,True,OK
1777554432.408630,True,True,0.38486661,248,394,27.121658,26.712008,1795.710327,True,OK
1777554432.424507,True,True,0.38632372,256,404,311.605148,26.779277,1800.657684,True,OK
1777554432.456374,True,True,0.38390206,260,405,49.671051,26.790121,1802.240553,True,OK
1777554432.487851,True,True,0.38390206,260,405,0.000000,26.777592,1802.240553,True,OK
1777554432.519762,True,True,0.38659601,257,405,36.344034,26.782125,1803.400341,True,OK
1777554432.551671,True,True,0.38673804,253,405,48.480500,26.792403,1804.947293,True,OK
1777554432.583763,True,True,0.38818962,257,407,54.095464,26.805403,1806.683330,True,OK
1777554432.630592,True,True,0.38976860,258,409,18.611222,26.799714,1807.554879,True,OK
1777554432.661717,True,True,0.38976860,258,409,0.000000,26.787352,1807.554879,True,OK
1777554432.693479,True,True,0.39216748,258,435,321.024855,26.925785,1817.751233,True,OK
1777554432.725658,True,True,0.39276536,258,437,24.411195,26.924587,1818.536764,True,OK
1777554432.757316,True,True,0.39276536,258,437,0.000000,26.911973,1818.536764,True,OK
1777554432.788900,True,True,0.39247356,258,438,12.426238,26.905205,1818.929238,True,OK
1777554432.820835,True,True,0.39288475,258,439,12.302739,26.898311,1819.322122,True,OK
1777554432.852711,True,True,0.39545693,254,415,301.850426,27.027830,1828.944005,True,OK
1777554432.876707,True,True,0.39487631,254,441,427.860434,27.169917,1839.210789,True,OK
1777554432.900059,True,True,0.39530405,253,442,23.939497,27.168803,1839.769833,True,OK
1777554432.931844,True,True,0.39458718,257,442,49.656641,27.179353,1841.348182,True,OK
1777554432.963351,True,True,0.39532906,256,443,17.745014,27.174968,1841.907262,True,OK
1777554432.997024,True,True,0.39532906,256,443,0.000000,27.161474,1841.907262,True,OK
1777554433.026787,True,True,0.39545130,256,444,13.287002,27.155387,1842.302713,True,OK
1777554433.058244,True,True,0.39515671,256,444,0.000000,27.142801,1842.302713,True,OK
1777554433.073895,True,True,0.39515671,256,444,0.000000,27.136544,1842.302713,True,OK
1777554433.121698,True,True,0.39497638,260,444,33.050724,27.140705,1843.882618,True,OK
1777554433.171482,True,True,0.39535667,260,446,15.882822,27.132462,1844.673332,True,OK
1777554433.217277,True,True,0.39563381,259,446,8.639288,27.120013,1845.068966,True,OK
1777554433.248737,True,True,0.39646502,258,445,17.822302,27.115716,1845.629652,True,OK
1777554433.280199,True,True,0.39646502,258,445,0.000000,27.103188,1845.629652,True,OK
1777554433.312040,True,True,0.39619405,259,448,39.348412,27.108911,1846.882527,True,OK
1777554433.344085,True,True,0.39393160,258,448,12.293118,27.101945,1847.276459,True,OK
1777554433.375905,True,True,0.39429154,258,448,0.000000,27.089299,1847.276459,True,OK
1777554433.407479,True,True,0.39545610,258,448,0.000000,27.076762,1847.276459,True,OK
1777554433.423568,True,True,0.39454928,259,447,34.680215,27.078554,1847.834436,True,OK
1777554433.470784,True,True,0.39533455,257,447,16.745640,27.071410,1848.625105,True,OK
1777554433.502353,True,True,0.39465102,259,448,27.953997,27.071818,1849.507572,True,OK
1777554433.534343,True,True,0.39500341,259,448,0.000000,27.059147,1849.507572,True,OK
1777554433.565835,True,True,0.39441918,257,448,25.048664,27.058221,1850.296410,True,OK
1777554433.597400,True,True,0.39444282,257,448,0.000000,27.045737,1850.296410,True,OK
1777554433.646897,True,True,0.39356547,257,449,7.951394,27.031933,1850.689975,True,OK
1777554433.695616,True,True,0.39410771,258,449,8.089298,27.018462,1851.084083,True,OK
1777554433.740269,True,True,0.39421092,258,449,0.000000,27.000864,1851.084083,True,OK
1777554433.772118,True,True,0.39436618,259,450,17.511763,26.996458,1851.641801,True,OK
1777554433.803605,True,True,0.39436618,259,450,0.000000,26.984070,1851.641801,True,OK
1777554433.850789,True,True,0.39308478,259,450,0.000000,26.965528,1851.641801,True,OK
1777554433.882502,True,True,0.39349330,258,450,12.408132,26.958808,1852.035294,True,OK
1777554433.915228,True,True,0.39370815,259,450,12.030421,26.951700,1852.429003,True,OK
1777554433.930320,True,True,0.39370815,259,450,0.000000,26.945784,1852.429003,True,OK
1777554433.965202,True,True,0.39398314,260,450,11.294564,26.937846,1852.822986,True,OK
1777554433.993899,True,True,0.39279444,260,449,13.687755,26.932320,1853.215780,True,OK
1777554434.025666,True,True,0.39341063,259,449,12.384297,26.925607,1853.609191,True,OK
1777554434.048027,True,True,0.39225600,259,450,17.541939,26.922560,1854.001447,True,OK
1777554434.082692,True,True,0.39220422,259,450,0.000000,26.909015,1854.001447,True,OK
1777554434.120675,True,True,0.39271176,259,450,0.000000,26.894188,1854.001447,True,OK
1777554434.154149,True,True,0.39260947,257,450,23.457265,26.892520,1854.786666,True,OK
1777554434.168179,True,True,0.39257417,259,450,55.962186,26.898432,1855.571814,True,OK
1777554434.201503,True,True,0.39257417,259,450,0.000000,26.885445,1855.571814,True,OK
1777554434.231396,True,True,0.39249477,259,450,0.000000,26.873805,1855.571814,True,OK
1777554434.280663,True,True,0.39235407,259,451,7.963900,26.860322,1855.964168,True,OK
1777554434.294282,True,True,0.39220200,260,452,40.726182,26.863055,1856.518826,True,OK
1777554434.325973,True,True,0.39367322,259,453,17.567792,26.858794,1857.075564,True,OK
1777554434.373161,True,True,0.39338316,260,453,8.336459,26.846162,1857.468947,True,OK
1777554434.404831,True,True,0.39313247,259,454,17.555548,26.841911,1858.024920,True,OK
1777554434.433787,True,True,0.39263452,258,456,30.320466,26.843366,1858.902877,True,OK
1777554434.460272,True,True,0.39272699,258,457,14.828165,26.838772,1859.295604,True,OK
1777554434.496181,True,True,0.39382106,259,458,15.510088,26.832903,1859.852552,True,OK
1777554434.515975,True,True,0.39302796,259,459,19.855688,26.830911,1860.245579,True,OK
1777554434.546932,True,True,0.39328597,259,461,25.408350,26.830276,1861.032151,True,OK
1777554434.581585,True,True,0.39328597,259,461,0.000000,26.816879,1861.032151,True,OK
1777554434.610288,True,True,0.39410622,260,463,30.702333,26.818485,1861.913400,True,OK
1777554434.626106,True,True,0.39454697,259,465,55.776989,26.825081,1862.795634,True,OK
1777554434.668747,True,True,0.39442192,260,467,20.683165,26.821312,1863.677588,True,OK
1777554434.688565,True,True,0.39479498,260,468,19.920244,26.819344,1864.072383,True,OK
1777554434.735689,True,True,0.39469376,260,470,16.751317,26.812523,1864.861770,True,OK
1777554434.779500,True,True,0.39479233,260,472,18.022585,26.806989,1865.651355,True,OK
1777554434.816617,True,True,0.39542954,260,474,21.307328,26.804058,1866.442214,True,OK
1777554434.848865,True,True,0.39611997,262,453,259.121641,26.911598,1874.798374,True,OK
1777554434.894021,True,True,0.39628498,261,455,19.623530,26.906877,1875.684494,True,OK
1777554434.916811,True,True,0.39539281,262,483,486.093854,27.056947,1886.762551,True,OK
1777554434.948658,True,True,0.39560866,261,484,17.567461,27.052615,1887.322026,True,OK
1777554434.973289,True,True,0.39560866,261,484,0.000000,27.043068,1887.322026,True,OK
1777554434.989048,True,True,0.39644458,260,487,79.551339,27.054922,1888.575694,True,OK
1777554435.021284,True,True,0.39700906,261,489,27.538872,27.055145,1889.463433,True,OK
1777554435.052665,True,True,0.39772419,261,491,25.348176,27.054379,1890.258882,True,OK
1777554435.080878,True,True,0.39786965,261,493,28.203964,27.054843,1891.054621,True,OK
1777554435.116658,True,True,0.39838922,261,495,22.268999,27.052394,1891.851400,True,OK
1777554435.136079,True,True,0.39838922,261,495,0.000000,27.044883,1891.851400,True,OK
1777554435.164586,True,True,0.39896051,261,497,27.990594,27.045269,1892.649321,True,OK
1777554435.194482,True,True,0.39937149,261,499,26.717581,27.045129,1893.448064,True,OK
1777554435.226238,True,True,0.39860635,262,500,17.751076,27.040915,1894.011778,True,OK
1777554435.243370,True,True,0.39897896,262,502,46.578221,27.045692,1894.809736,True,OK
1777554435.275776,True,True,0.39897896,262,502,0.000000,27.033188,1894.809736,True,OK
1777554435.295580,True,True,0.39990519,261,503,28.557773,27.033619,1895.375287,True,OK
1777554435.320477,True,True,0.35677285,262,505,32.042009,27.035397,1896.173056,True,OK
1777554435.352125,True,True,0.34850698,261,507,24.623957,27.034309,1896.952341,True,OK
1777554435.383560,True,True,0.34827861,262,508,15.668526,27.029220,1897.444881,True,OK
1777554435.408432,True,True,0.34827861,262,508,0.000000,27.019647,1897.444881,True,OK
1777554435.430611,True,True,0.34811236,262,510,31.390989,27.021027,1898.141106,True,OK
1777554435.452300,True,True,0.34926032,262,511,16.102801,27.017657,1898.490366,True,OK
1777554435.494923,True,True,0.34859942,262,512,8.178661,27.006236,1898.838966,True,OK
1777554435.516863,True,True,0.34947906,263,513,22.527299,27.004839,1899.333204,True,OK
1777554435.557472,True,True,0.34923040,263,514,8.599853,26.994219,1899.682434,True,OK
1777554435.573288,True,True,0.34998982,263,513,22.128550,26.993125,1900.032424,True,OK
1777554435.614402,True,True,0.34998982,263,513,0.000000,26.977368,1900.032424,True,OK
1777554435.638168,True,True,0.35030483,263,518,73.696392,26.993128,1901.783948,True,OK
1777554435.667802,True,True,0.35136327,263,519,11.857048,26.986764,1902.135311,True,OK
1777554435.685726,True,True,0.35035868,264,520,27.643018,26.986931,1902.630793,True,OK
1777554435.716990,True,True,0.35124519,264,518,22.469749,26.984929,1903.333284,True,OK
1777554435.746903,True,True,0.35124519,264,518,0.000000,26.973490,1903.333284,True,OK
1777554435.778881,True,True,0.35153904,263,522,45.325070,26.981803,1904.782716,True,OK
1777554435.802017,True,True,0.35153904,263,522,0.000000,26.972963,1904.782716,True,OK
1777554435.826040,True,True,0.35144731,265,498,352.330526,27.083605,1913.246688,True,OK
1777554435.845859,True,True,0.35175929,264,500,39.686532,27.087140,1914.033246,True,OK
1777554435.873943,True,True,0.35243157,266,501,28.060812,27.087527,1914.821307,True,OK
1777554435.905526,True,True,0.35243157,266,501,0.000000,27.075430,1914.821307,True,OK
1777554435.937004,True,True,0.35227609,266,502,11.191294,27.068363,1915.173583,True,OK
1777554435.953028,True,True,0.35283274,266,503,22.018536,27.067220,1915.526416,True,OK
1777554435.984610,True,True,0.35246605,267,504,15.783293,27.062186,1916.024878,True,OK
1777554436.013327,True,True,0.35246605,267,504,0.000000,27.051214,1916.024878,True,OK
1777554436.042849,True,True,0.35339385,266,505,16.928912,27.046997,1916.524653,True,OK
1777554436.079544,True,True,0.35398616,268,506,21.570706,27.044163,1917.316190,True,OK
1777554436.095276,True,True,0.35364635,268,532,584.454395,27.167829,1926.510995,True,OK
1777554436.142719,True,True,0.35358418,266,533,16.665044,27.160807,1927.301633,True,OK
1777554436.162538,True,True,0.35485897,269,509,433.068641,27.274145,1935.884526,True,OK
1777554436.206079,True,True,0.35437250,267,510,18.198782,27.268581,1936.676927,True,OK
1777554436.224133,True,True,0.35540545,269,511,44.019684,27.272838,1937.471638,True,OK
1777554436.254015,True,True,0.35476942,269,536,296.799613,27.386166,1946.340874,True,OK
1777554436.282873,True,True,0.35512867,269,513,283.047230,27.489932,1954.508833,True,OK
1777554436.301656,True,True,0.35512867,269,513,0.000000,27.482671,1954.508833,True,OK
1777554436.332836,True,True,0.35553108,272,514,36.058647,27.486430,1955.633121,True,OK
1777554436.348632,True,True,0.35617923,272,540,586.259293,27.610458,1964.893781,True,OK
1777554436.396554,True,True,0.35599110,271,540,7.428532,27.596877,1965.249772,True,OK
1777554436.428669,True,True,0.35658037,272,541,15.702236,27.591515,1965.754053,True,OK
1777554436.460835,True,True,0.35658037,272,541,0.000000,27.579064,1965.754053,True,OK
1777554436.492706,True,True,0.35700723,273,543,25.047549,27.577932,1966.552345,True,OK
1777554436.524523,True,True,0.35709781,274,545,25.095956,27.576825,1967.350840,True,OK
1777554436.551333,True,True,0.35709781,274,545,0.000000,27.566466,1967.350840,True,OK
1777554436.578096,True,True,0.35732839,271,547,48.139882,27.574178,1968.639206,True,OK
1777554436.619099,True,True,0.35736964,271,549,17.431395,27.568357,1969.353945,True,OK
1777554436.650604,True,True,0.35736739,273,549,22.685799,27.566204,1970.068680,True,OK
1777554436.682404,True,True,0.35709748,271,550,25.110422,27.565112,1970.867174,True,OK
1777554436.713224,True,True,0.35709748,271,550,0.000000,27.553235,1970.867174,True,OK
1777554436.744814,True,True,0.35749602,271,551,11.316496,27.546067,1971.224670,True,OK
1777554436.776692,True,True,0.35699906,273,551,22.397837,27.543775,1971.938668,True,OK
1777554436.800328,True,True,0.35699906,273,551,0.000000,27.534685,1971.938668,True,OK
1777554436.840434,True,True,0.35736330,270,527,215.512635,27.639897,1980.582134,True,OK
1777554436.872056,True,True,0.35736330,270,527,0.000000,27.627705,1980.582134,True,OK
1777554436.903150,True,True,0.35763022,271,527,11.501732,27.620713,1980.939764,True,OK
1777554436.934902,True,True,0.35776434,271,527,0.000000,27.608490,1980.939764,True,OK
1777554436.966673,True,True,0.35773804,271,527,0.000000,27.596271,1980.939764,True,OK
1777554436.998305,True,True,0.35749317,271,527,0.000000,27.584116,1980.939764,True,OK
1777554437.029634,True,True,0.35796654,271,527,0.000000,27.572087,1980.939764,True,OK
1777554437.061139,True,True,0.35775379,271,528,11.355422,27.564979,1981.297518,True,OK
1777554437.093112,True,True,0.35736666,272,552,268.479047,27.672099,1989.881759,True,OK
1777554437.124845,True,True,0.35761994,271,552,11.269642,27.664864,1990.239379,True,OK
1777554437.156569,True,True,0.35749607,270,527,281.949174,27.776947,1999.183928,True,OK
1777554437.188013,True,True,0.35749607,270,527,0.000000,27.764817,1999.183928,True,OK
1777554437.219692,True,True,0.35738709,272,527,22.563259,27.762529,1999.898702,True,OK
1777554437.251249,True,True,0.35648914,272,527,0.000000,27.750372,1999.898702,True,OK
1777554437.282574,True,True,0.35681217,272,552,284.769703,27.862039,2008.819006,True,OK
1777554437.313955,True,True,0.35803747,272,551,11.409237,27.854881,2009.177044,True,OK
1777554437.345504,True,True,0.35729289,271,552,16.016364,27.849705,2009.682332,True,OK
1777554437.376788,True,True,0.35729289,271,552,0.000000,27.837637,2009.682332,True,OK
1777554437.408802,True,True,0.35715046,271,551,11.156025,27.830243,2010.039483,True,OK
1777554437.442704,True,True,0.35802337,271,550,10.560486,27.822140,2010.397506,True,OK
1777554437.472140,True,True,0.35690014,272,549,17.146590,27.817793,2010.902239,True,OK
1777554437.503828,True,True,0.35663794,271,549,11.254847,27.810536,2011.258877,True,OK
1777554437.535721,True,True,0.35687384,271,549,0.000000,27.798277,2011.258877,True,OK
1777554437.567167,True,True,0.35583866,272,549,11.315614,27.791116,2011.614716,True,OK
1777554437.598923,True,True,0.35588408,271,549,11.206940,27.783843,2011.970600,True,OK
1777554437.630571,True,True,0.35622794,271,549,0.000000,27.771706,2011.970600,True,OK
1777554437.656753,True,True,0.35617433,273,549,27.207886,27.771502,2012.682949,True,OK
1777554437.694153,True,True,0.35615477,272,548,13.467348,27.764124,2013.186627,True,OK
1777554437.725729,True,True,0.35629755,272,549,11.283753,27.756951,2013.542925,True,OK
1777554437.743507,True,True,0.35583438,272,549,0.000000,27.750150,2013.542925,True,OK
1777554437.789034,True,True,0.35675793,273,548,11.082100,27.739699,2014.047457,True,OK
1777554437.818582,True,True,0.35621593,274,548,12.055432,27.733318,2014.403673,True,OK
1777554437.836273,True,True,0.35581939,273,548,20.112863,27.731462,2014.759492,True,OK
1777554437.869803,True,True,0.35581939,273,548,0.000000,27.718670,2014.759492,True,OK
1777554437.899913,True,True,0.35580058,273,548,0.000000,27.707192,2014.759492,True,OK
1777554437.931618,True,True,0.35494575,274,547,15.832420,27.702017,2015.261461,True,OK
1777554437.963102,True,True,0.35552129,273,547,11.291995,27.694918,2015.616983,True,OK
1777554437.995075,True,True,0.35552129,273,547,0.000000,27.682757,2015.616983,True,OK
1777554438.022658,True,True,0.35502996,272,547,12.871275,27.677148,2015.972013,True,OK
1777554438.060485,True,True,0.35565207,272,547,0.000000,27.662782,2015.972013,True,OK
1777554438.093597,True,True,0.35624550,272,546,10.758710,27.655105,2016.328258,True,OK
1777554438.121891,True,True,0.35530387,272,547,12.557531,27.649248,2016.683562,True,OK
1777554438.153541,True,True,0.35522448,272,547,0.000000,27.637256,2016.683562,True,OK
1777554438.185321,True,True,0.35518537,272,546,11.176379,27.630090,2017.038747,True,OK
1777554438.216838,True,True,0.35510664,272,546,0.000000,27.618166,2017.038747,True,OK
1777554438.235904,True,True,0.35510664,272,546,0.000000,27.610958,2017.038747,True,OK
1777554438.280071,True,True,0.35494660,272,546,0.000000,27.594275,2017.038747,True,OK
1777554438.311783,True,True,0.35535654,272,546,0.000000,27.582308,2017.038747,True,OK
1777554438.343670,True,True,0.35563304,273,546,11.152981,27.575148,2017.394380,True,OK
1777554438.375541,True,True,0.35532410,272,545,15.766421,27.570006,2017.896884,True,OK
1777554438.407245,True,True,0.35476886,272,545,0.000000,27.558068,2017.896884,True,OK
1777554438.438948,True,True,0.35476064,272,545,0.000000,27.546142,2017.896884,True,OK
1777554438.462459,True,True,0.35422997,273,544,21.307183,27.544141,2018.397841,True,OK
1777554438.502279,True,True,0.35429396,272,544,8.897397,27.534013,2018.752135,True,OK
1777554438.533663,True,True,0.35412732,272,544,0.000000,27.522232,2018.752135,True,OK
1777554438.564978,True,True,0.35427276,271,544,11.313079,27.515315,2019.106408,True,OK
1777554438.585666,True,True,0.35388445,271,544,0.000000,27.507560,2019.106408,True,OK
1777554438.612392,True,True,0.35398363,271,544,0.000000,27.497548,2019.106408,True,OK
1777554438.643851,True,True,0.35445938,271,544,0.000000,27.485773,2019.106408,True,OK
1777554438.667960,True,True,0.35445938,271,544,0.000000,27.476755,2019.106408,True,OK
1777554438.691127,True,True,0.35457077,272,543,21.643959,27.474917,2019.607847,True,OK
1777554438.738543,True,True,0.35436298,271,544,10.569223,27.464019,2020.108992,True,OK
1777554438.765121,True,True,0.35494040,273,544,26.709389,27.463746,2020.818873,True,OK
1777554438.801061,True,True,0.35494040,273,544,0.000000,27.450338,2020.818873,True,OK
1777554438.832630,True,True,0.35422201,272,543,15.868273,27.445374,2021.319818,True,OK
1777554438.864405,True,True,0.35459529,272,544,11.159486,27.438350,2021.674413,True,OK
1777554438.888227,True,True,0.35443819,272,544,0.000000,27.429482,2021.674413,True,OK
1777554438.928539,True,True,0.35396944,271,544,8.780839,27.419288,2022.028383,True,OK
1777554438.959033,True,True,0.35386187,272,544,11.603958,27.412751,2022.382245,True,OK
1777554438.990726,True,True,0.35387085,272,544,0.000000,27.400980,2022.382245,True,OK
1777554439.021058,True,True,0.35403654,272,544,0.000000,27.389724,2022.382245,True,OK
1777554439.054628,True,True,0.35370253,272,544,0.000000,27.377277,2022.382245,True,OK
1777554439.086197,True,True,0.35356275,272,544,0.000000,27.365582,2022.382245,True,OK
1777554439.118098,True,True,0.35448149,272,544,0.000000,27.353774,2022.382245,True,OK
1777554439.138906,True,True,0.35404561,272,545,17.014894,27.350865,2022.736290,True,OK
1777554439.174361,True,True,0.35404561,272,545,0.000000,27.337759,2022.736290,True,OK
1777554439.197285,True,True,0.35358032,272,545,0.000000,27.329292,2022.736290,True,OK
1777554439.228766,True,True,0.35334535,272,545,0.000000,27.317672,2022.736290,True,OK
1777554439.244553,True,True,0.35345222,272,545,0.000000,27.311849,2022.736290,True,OK
1777554439.292016,True,True,0.35431052,271,545,7.464956,27.299138,2023.090601,True,OK
1777554439.321666,True,True,0.35431052,271,545,0.000000,27.288220,2023.090601,True,OK
1777554439.339561,True,True,0.35347520,272,546,27.934985,27.288376,2023.590490,True,OK
1777554439.380992,True,True,0.35370613,273,546,8.537342,27.277906,2023.944196,True,OK
1777554439.419335,True,True,0.35370613,273,546,0.000000,27.263817,2023.944196,True,OK
1777554439.451386,True,True,0.35379102,273,546,0.000000,27.252051,2023.944196,True,OK
1777554439.498977,True,True,0.35361980,273,546,0.000000,27.234599,2023.944196,True,OK
1777554439.531102,True,True,0.35361980,273,546,0.000000,27.222831,2023.944196,True,OK
1777554439.562901,True,True,0.35352000,272,547,15.722124,27.217914,2024.444149,True,OK
1777554439.594912,True,True,0.35317830,272,548,11.033182,27.210952,2024.797327,True,OK
1777554439.621793,True,True,0.35317830,272,548,0.000000,27.201125,2024.797327,True,OK
1777554439.644547,True,True,0.35339573,274,548,31.062683,27.202305,2025.504119,True,OK
1777554439.674532,True,True,0.35458188,273,548,11.825328,27.196115,2025.858701,True,OK
1777554439.706120,True,True,0.35369846,273,548,0.000000,27.184588,2025.858701,True,OK
1777554439.737796,True,True,0.35369846,273,548,0.000000,27.173038,2025.858701,True,OK
1777554439.753854,True,True,0.35414279,273,548,0.000000,27.167186,2025.858701,True,OK
1777554439.801275,True,True,0.35383788,272,548,7.461557,27.154663,2026.212539,True,OK
1777554439.833260,True,True,0.35376884,274,548,22.121386,27.152506,2026.920076,True,OK
1777554439.865168,True,True,0.35378787,273,548,11.087570,27.145642,2027.273864,True,OK
1777554439.890264,True,True,0.35388972,273,549,14.101741,27.141260,2027.627754,True,OK
1777554439.917767,True,True,0.35316661,273,549,0.000000,27.131272,2027.627754,True,OK
1777554439.960007,True,True,0.35440963,272,549,8.390256,27.120685,2027.982164,True,OK
1777554440.009664,True,True,0.35434238,274,549,14.271705,27.112159,2028.690848,True,OK
1777554440.055438,True,True,0.35381993,274,550,7.729717,27.100309,2029.044668,True,OK
1777554440.092885,True,True,0.35411858,272,550,18.912826,27.096216,2029.752905,True,OK
1777554440.135296,True,True,0.35419563,272,550,0.000000,27.080884,2029.752905,True,OK
1777554440.156486,True,True,0.35424234,273,550,16.717675,27.077955,2030.107148,True,OK
1777554440.198397,True,True,0.35423327,270,550,25.356032,27.076993,2031.169848,True,OK
1777554440.230319,True,True,0.35467806,272,550,22.221639,27.074927,2031.879204,True,OK
1777554440.262217,True,True,0.35409052,271,550,11.100705,27.068140,2032.233294,True,OK
1777554440.293951,True,True,0.35381413,271,550,0.000000,27.056704,2032.233294,True,OK
1777554440.325835,True,True,0.35380503,271,551,11.096482,27.049932,2032.587099,True,OK
1777554440.357434,True,True,0.35421130,271,550,11.209726,27.043274,2032.941311,True,OK
1777554440.388911,True,True,0.35366107,272,550,11.235548,27.036657,2033.294972,True,OK
1777554440.415831,True,True,0.35369276,272,550,0.000000,27.026983,2033.294972,True,OK
1777554440.436556,True,True,0.35322318,271,551,24.103183,27.026178,2033.794505,True,OK
1777554440.468325,True,True,0.35322318,271,551,0.000000,27.014773,2033.794505,True,OK
1777554440.492452,True,True,0.35359028,271,551,0.000000,27.006118,2033.794505,True,OK
1777554440.531822,True,True,0.35350318,272,551,8.979094,26.996699,2034.148008,True,OK
1777554440.563416,True,True,0.35348030,270,551,22.376055,26.994762,2034.854968,True,OK
1777554440.579489,True,True,0.35362517,271,551,22.001535,26.993698,2035.208594,True,OK
1777554440.616937,True,True,0.35431174,271,551,0.000000,26.980297,2035.208594,True,OK
1777554440.658779,True,True,0.35388848,271,552,8.457833,26.970028,2035.562482,True,OK
1777554440.694710,True,True,0.35409954,270,552,9.855088,26.961884,2035.916582,True,OK
1777554440.738348,True,True,0.35368741,270,553,8.104857,26.950993,2036.270269,True,OK
1777554440.769853,True,True,0.35389345,270,553,0.000000,26.939760,2036.270269,True,OK
1777554440.793169,True,True,0.35389345,270,553,0.000000,26.931452,2036.270269,True,OK
1777554440.833611,True,True,0.35325337,268,551,24.705793,26.930262,2037.269420,True,OK
1777554440.849510,True,True,0.35299719,270,552,49.646427,26.935035,2038.058746,True,OK
1777554440.885735,True,True,0.35301150,267,551,30.816837,26.936893,2039.175067,True,OK
1777554440.912919,True,True,0.35287851,269,552,29.025872,26.937643,2039.964127,True,OK
1777554440.944910,True,True,0.35313753,268,553,15.611009,26.932860,2040.463539,True,OK
1777554440.976433,True,True,0.35313753,268,553,0.000000,26.921659,2040.463539,True,OK
1777554441.008136,True,True,0.35332954,268,553,0.000000,26.910402,2040.463539,True,OK
1777554441.040318,True,True,0.35421791,269,552,15.565848,26.905589,2040.964479,True,OK
1777554441.065665,True,True,0.35302632,269,552,0.000000,26.896602,2040.964479,True,OK
1777554441.104231,True,True,0.35352461,269,553,9.166773,26.887596,2041.318003,True,OK
1777554441.127381,True,True,0.35322861,268,553,15.258277,26.884051,2041.671232,True,OK
1777554441.167636,True,True,0.35299060,268,553,0.000000,26.869808,2041.671232,True,OK
1777554441.199191,True,True,0.35297330,268,553,0.000000,26.858654,2041.671232,True,OK
1777554441.224771,True,True,0.35356109,269,553,13.821945,26.854268,2042.024793,True,OK
1777554441.262262,True,True,0.35327430,268,553,9.422769,26.845678,2042.378067,True,OK
1777554441.312414,True,True,0.35327430,268,553,0.000000,26.827993,2042.378067,True,OK
1777554441.341753,True,True,0.35323171,269,553,12.039731,26.822296,2042.731299,True,OK
1777554441.375570,True,True,0.35296480,269,553,0.000000,26.810391,2042.731299,True,OK
1777554441.404663,True,True,0.35295704,268,553,12.131816,26.804788,2043.084256,True,OK
1777554441.436499,True,True,0.35310955,269,554,15.685993,26.800146,2043.583628,True,OK
1777554441.454418,True,True,0.35379997,268,553,27.921590,26.800410,2044.083977,True,OK
1777554441.486541,True,True,0.35379997,268,553,0.000000,26.789127,2044.083977,True,OK
1777554441.534232,True,True,0.35305181,269,554,10.469314,26.778933,2044.583268,True,OK
1777554441.563833,True,True,0.35342373,268,554,11.939645,26.773182,2044.936691,True,OK
1777554441.593892,True,True,0.35318773,269,553,16.616827,26.769187,2045.436174,True,OK
1777554441.624791,True,True,0.35366098,267,553,22.891560,26.767619,2046.143496,True,OK
1777554441.659415,True,True,0.35344144,267,553,0.000000,26.755500,2046.143496,True,OK
1777554441.686145,True,True,0.35372614,267,553,0.000000,26.746152,2046.143496,True,OK
1777554441.722346,True,True,0.35323761,267,553,0.000000,26.733501,2046.143496,True,OK
1777554441.754277,True,True,0.35317822,266,553,11.060695,26.726966,2046.496674,True,OK
1777554441.785772,True,True,0.35315622,267,552,15.858015,26.722497,2046.996113,True,OK
1777554441.817394,True,True,0.35228218,267,552,0.000000,26.711470,2046.996113,True,OK
1777554441.848840,True,True,0.35241148,266,552,11.206885,26.705110,2047.348524,True,OK
1777554441.880826,True,True,0.35241148,266,552,0.000000,26.693973,2047.348524,True,OK
1777554441.912484,True,True,0.35205355,266,552,0.000000,26.682959,2047.348524,True,OK
1777554441.936532,True,True,0.35215325,265,527,366.400035,26.789395,2056.159396,True,OK
1777554441.978455,True,True,0.35255488,265,551,201.829731,26.884951,2064.620713,True,OK
1777554442.025261,True,True,0.35258915,267,552,16.844244,26.878835,2065.409126,True,OK
1777554442.055285,True,True,0.35216576,265,552,23.458723,26.877499,2066.113458,True,OK
1777554442.090316,True,True,0.35216576,265,552,0.000000,26.865257,2066.113458,True,OK
1777554442.134570,True,True,0.35234106,267,552,15.923471,26.858964,2066.818140,True,OK
1777554442.166093,True,True,0.35195742,267,552,0.000000,26.847966,2066.818140,True,OK
1777554442.193465,True,True,0.35174850,266,551,18.173984,26.844883,2067.315587,True,OK
1777554442.213819,True,True,0.35174850,266,551,0.000000,26.837790,2067.315587,True,OK
1777554442.247518,True,True,0.35251973,267,551,10.460603,26.830628,2067.668107,True,OK
1777554442.277524,True,True,0.35251973,267,551,0.000000,26.820185,2067.668107,True,OK
1777554442.309126,True,True,0.35174770,266,551,11.130585,26.813756,2068.019855,True,OK
1777554442.334414,True,True,0.35265867,266,551,0.000000,26.804967,2068.019855,True,OK
1777554442.360293,True,True,0.35200949,266,552,13.602053,26.800540,2068.371864,True,OK
1777554442.404220,True,True,0.35184412,266,552,0.000000,26.785295,2068.371864,True,OK
1777554442.435587,True,True,0.35177028,266,551,11.214553,26.778972,2068.723635,True,OK
1777554442.459872,True,True,0.35131529,266,552,14.466303,26.775103,2069.074950,True,OK
1777554442.501553,True,True,0.35141314,267,552,8.431053,26.765214,2069.426363,True,OK
1777554442.534881,True,True,0.35147758,267,552,0.000000,26.753682,2069.426363,True,OK
1777554442.562719,True,True,0.35162685,267,552,0.000000,26.744057,2069.426363,True,OK
1777554442.610214,True,True,0.35164711,268,552,7.403894,26.732193,2069.778010,True,OK
1777554442.626455,True,True,0.35111501,267,552,21.619588,26.731121,2070.129125,True,OK
1777554442.674315,True,True,0.35115506,268,551,10.376290,26.721020,2070.625733,True,OK
1777554442.690419,True,True,0.35108525,268,551,0.000000,26.715468,2070.625733,True,OK
1777554442.737889,True,True,0.35063623,268,551,0.000000,26.699115,2070.625733,True,OK
1777554442.769361,True,True,0.35079967,268,552,11.146417,26.692807,2070.976533,True,OK
1777554442.801243,True,True,0.35079967,268,552,0.000000,26.681842,2070.976533,True,OK
1777554442.832879,True,True,0.35079967,268,552,0.000000,26.670972,2070.976533,True,OK
1777554442.848851,True,True,0.35064670,265,527,552.754008,26.779168,2079.805591,True,OK
1777554442.896961,True,True,0.35045364,267,552,182.693300,26.875689,2088.594924,True,OK
1777554442.928741,True,True,0.35008770,268,552,11.016057,26.869206,2088.945012,True,OK
1777554442.960341,True,True,0.35038277,268,552,0.000000,26.858289,2088.945012,True,OK
1777554442.976524,True,True,0.34995511,267,552,21.624676,26.857201,2089.294967,True,OK
1777554443.008020,True,True,0.34995511,267,552,0.000000,26.846331,2089.294967,True,OK
1777554443.039948,True,True,0.34926013,267,552,0.000000,26.835322,2089.294967,True,OK
1777554443.071461,True,True,0.34956276,267,552,0.000000,26.824464,2089.294967,True,OK
1777554443.103327,True,True,0.35016309,267,552,0.000000,26.813495,2089.294967,True,OK
1777554443.136067,True,True,0.34957497,267,552,0.000000,26.802233,2089.294967,True,OK
1777554443.151113,True,True,0.34975791,267,552,0.000000,26.797060,2089.294967,True,OK
1777554443.198603,True,True,0.34980302,266,552,7.365917,26.785232,2089.644770,True,OK
1777554443.230125,True,True,0.35023277,267,552,11.110728,26.778902,2089.995003,True,OK
1777554443.246010,True,True,0.35011123,266,552,22.039546,26.777937,2090.345114,True,OK
1777554443.293516,True,True,0.34949219,266,552,0.000000,26.761651,2090.345114,True,OK
1777554443.325274,True,True,0.35003795,268,552,22.043535,26.759733,2091.045190,True,OK
1777554443.345110,True,True,0.34916686,267,551,24.894918,26.759260,2091.538986,True,OK
1777554443.377111,True,True,0.34916686,267,551,0.000000,26.748309,2091.538986,True,OK
1777554443.403992,True,True,0.34900902,267,551,0.000000,26.739116,2091.538986,True,OK
1777554443.435933,True,True,0.34892415,267,550,10.924206,26.732661,2091.887910,True,OK
1777554443.467139,True,True,0.34847916,266,551,15.792657,26.728300,2092.380734,True,OK
1777554443.483362,True,True,0.34941539,268,551,43.075400,26.731687,2093.079565,True,OK
1777554443.530362,True,True,0.34933446,266,551,14.865243,26.724569,2093.778234,True,OK
1777554443.562247,True,True,0.34925242,267,551,10.953534,26.718153,2094.127486,True,OK
1777554443.594346,True,True,0.35030975,267,551,0.000000,26.707215,2094.127486,True,OK
1777554443.625876,True,True,0.35011373,266,552,15.703445,26.702792,2094.622622,True,OK
1777554443.657542,True,True,0.34983699,267,552,11.047869,26.696475,2094.972459,True,OK
1777554443.689548,True,True,0.35054987,266,552,10.952621,26.690056,2095.323009,True,OK
1777554443.724327,True,True,0.34980138,266,551,10.057950,26.682692,2095.672810,True,OK
1777554443.769520,True,True,0.35040253,266,552,7.753354,26.671806,2096.023213,True,OK
1777554443.785350,True,True,0.35040253,266,552,0.000000,26.666434,2096.023213,True,OK
1777554443.833142,True,True,0.35030628,265,527,183.393780,26.761670,2104.787873,True,OK
1777554443.864927,True,True,0.35081753,266,527,11.036952,26.755317,2105.138691,True,OK
1777554443.897169,True,True,0.35071985,267,527,10.877873,26.748814,2105.489411,True,OK
1777554443.930865,True,True,0.35101129,267,527,0.000000,26.737368,2105.489411,True,OK
1777554443.976371,True,True,0.35024449,267,551,184.719018,26.828609,2113.895278,True,OK
1777554443.996586,True,True,0.35016283,267,551,0.000000,26.821728,2113.895278,True,OK
1777554444.023931,True,True,0.35077230,267,552,12.827908,26.816874,2114.246051,True,OK
1777554444.055639,True,True,0.35056615,267,551,11.055912,26.810538,2114.596617,True,OK
1777554444.077168,True,True,0.35142852,268,551,16.323345,26.807676,2114.948045,True,OK
1777554444.103083,True,True,0.35142852,268,551,0.000000,26.798874,2114.948045,True,OK
1777554444.135117,True,True,0.35090496,268,550,10.954087,26.792445,2115.298950,True,OK
1777554444.166889,True,True,0.36047974,267,550,11.345867,26.786231,2115.659430,True,OK
1777554444.183096,True,True,0.36135423,48,148,10206.969534,28.874700,2281.081145,True,OK
1777554444.230866,True,True,0.36051465,76,134,236.252364,29.000025,2292.367039,True,OK
1777554444.278879,True,True,0.36064619,121,130,339.345505,29.188414,2308.660106,True,OK
1777554444.294896,True,True,0.36030969,184,134,1420.070841,29.470014,2331.405324,True,OK
1777554444.342268,True,True,0.36141060,256,183,664.440385,29.850010,2362.881262,True,OK
1777554444.358838,True,True,0.36049420,321,194,1434.310691,30.143925,2386.646553,True,OK
1777554444.390012,True,True,0.35161339,387,201,748.588717,30.426692,2409.983195,True,OK
1777554444.405791,True,True,0.35161339,387,201,0.000000,30.420632,2409.983195,True,OK
1777554444.437861,True,True,0.35086924,455,201,743.960461,30.709368,2433.842303,True,OK
1777554444.469696,True,True,0.35107638,518,195,697.916466,30.977262,2456.060196,True,OK
1777554444.485679,True,True,0.35270514,579,180,1386.251842,31.250407,2478.216143,True,OK
1777554444.517635,True,True,0.35270514,579,180,0.000000,31.237819,2478.216143,True,OK
1777554444.533320,True,True,0.35233833,638,171,1340.684773,31.496654,2499.244574,True,OK
1777554444.565551,True,True,0.35204605,699,171,666.271248,31.754391,2520.719383,True,OK
1777554444.581331,True,True,0.35188250,746,123,1498.019770,32.045811,2544.358450,True,OK
1777554444.613389,True,True,0.35188250,746,123,0.000000,32.032877,2544.358450,True,OK
1777554444.645212,True,True,0.35131166,782,134,415.554227,32.186474,2557.582896,True,OK
1777554444.661308,True,True,0.35136854,844,134,1353.462907,32.454057,2579.367746,True,OK
1777554444.692682,True,True,0.35169084,248,498,7828.403293,35.530316,2824.975896,True,OK
1777554444.708645,True,True,0.35203219,250,520,487.179093,35.620973,2832.752541,True,OK
1777554444.755947,True,True,0.35184498,254,535,115.471216,35.668441,2838.214644,True,OK
1777554444.776347,True,True,0.35250324,254,550,259.199018,35.725732,2843.502192,True,OK
1777554444.803111,True,True,0.35250324,254,550,0.000000,35.713722,2843.502192,True,OK
1777554444.835149,True,True,0.35180788,263,526,281.466326,35.812570,2852.519736,True,OK
1777554444.867030,True,True,0.35182296,264,526,11.035556,35.802657,2852.871559,True,OK
1777554444.898218,True,True,0.35156857,262,530,50.412013,35.808373,2854.443821,True,OK
1777554444.930334,True,True,0.35232053,264,531,24.530272,35.803831,2855.231634,True,OK
1777554444.957586,True,True,0.35108516,264,531,0.000000,35.791600,2855.231634,True,OK
1777554444.977437,True,True,0.35223910,264,531,0.000000,35.782695,2855.231634,True,OK
1777554445.027286,True,True,0.35165882,262,555,169.895100,35.866426,2863.700700,True,OK
1777554445.053283,True,True,0.35139839,264,555,27.033844,35.863551,2864.403497,True,OK
1777554445.089111,True,True,0.35134813,263,555,9.806623,35.851868,2864.754845,True,OK
1777554445.105216,True,True,0.35136844,262,554,30.853602,35.850861,2865.251755,True,OK
1777554445.152916,True,True,0.35147040,262,555,7.368363,35.833871,2865.603225,True,OK
1777554445.168721,True,True,0.35147040,262,555,0.000000,35.826791,2865.603225,True,OK
1777554445.216421,True,True,0.35118693,262,551,29.449535,35.822990,2867.007973,True,OK
1777554445.232324,True,True,0.35118693,262,551,0.000000,35.815873,2867.007973,True,OK
1777554445.264116,True,True,0.35099862,262,551,0.000000,35.801654,2867.007973,True,OK
1777554445.295986,True,True,0.35143415,262,551,0.000000,35.787411,2867.007973,True,OK
1777554445.327599,True,True,0.35140761,263,551,11.116217,35.777680,2867.359381,True,OK
1777554445.359346,True,True,0.35117392,263,551,0.000000,35.763513,2867.359381,True,OK
1777554445.391114,True,True,0.35101030,263,550,11.049066,35.753724,2867.710391,True,OK
1777554445.423396,True,True,0.35165682,264,550,10.893321,35.743722,2868.062048,True,OK
1777554445.444089,True,True,0.35149900,264,550,0.000000,35.734507,2868.062048,True,OK
1777554445.487089,True,True,0.35099087,266,550,16.325254,35.724114,2868.764030,True,OK
1777554445.534425,True,True,0.35090937,261,550,37.065723,35.724904,2870.518576,True,OK
1777554445.576103,True,True,0.35096769,261,549,8.420847,35.710749,2870.869544,True,OK
1777554445.629978,True,True,0.35071725,264,549,19.529510,35.699912,2871.921696,True,OK
1777554445.660150,True,True,0.35124116,262,549,23.283242,35.695257,2872.624178,True,OK
1777554445.687836,True,True,0.35011750,263,548,17.883932,35.689131,2873.119319,True,OK
1777554445.723822,True,True,0.35082933,264,548,9.749000,35.677541,2873.470148,True,OK
1777554445.755562,True,True,0.35038580,264,548,0.000000,35.663487,2873.470148,True,OK
1777554445.787357,True,True,0.35041329,264,548,0.000000,35.649419,2873.470148,True,OK
1777554445.805894,True,True,0.35041329,264,548,0.000000,35.641222,2873.470148,True,OK
1777554445.852260,True,True,0.35045160,265,547,10.689161,35.626880,2873.965762,True,OK
1777554445.866991,True,True,0.35034869,264,547,23.782817,35.624718,2874.316111,True,OK
1777554445.915196,True,True,0.35006746,264,547,0.000000,35.603446,2874.316111,True,OK
1777554445.933137,True,True,0.35006746,264,547,0.000000,35.595535,2874.316111,True,OK
1777554445.964392,True,True,0.34944163,264,547,0.000000,35.581763,2874.316111,True,OK
1777554446.010730,True,True,0.35052332,263,546,10.697950,35.567497,2874.811825,True,OK
1777554446.042511,True,True,0.34955653,263,546,0.000000,35.553518,2874.811825,True,OK
1777554446.058363,True,True,0.35033258,264,546,22.099916,35.550881,2875.162158,True,OK
1777554446.093590,True,True,0.34936755,264,546,0.000000,35.535402,2875.162158,True,OK
1777554446.121877,True,True,0.34984267,264,546,0.000000,35.522983,2875.162158,True,OK
1777554446.153799,True,True,0.34980563,265,546,10.958347,35.513299,2875.511964,True,OK
1777554446.176931,True,True,0.34994247,266,546,15.128168,35.507477,2875.861906,True,OK
1777554446.217149,True,True,0.34995101,266,547,8.701276,35.494172,2876.211857,True,OK
1777554446.238036,True,True,0.35000781,267,547,16.757099,35.489344,2876.561865,True,OK
1777554446.280842,True,True,0.35020376,266,547,8.181292,35.474930,2876.912069,True,OK
1777554446.312725,True,True,0.35002920,266,547,0.000000,35.460988,2876.912069,True,OK
1777554446.334262,True,True,0.35002920,266,547,0.000000,35.451577,2876.912069,True,OK
1777554446.362291,True,True,0.34989468,266,547,0.000000,35.439336,2876.912069,True,OK
1777554446.407523,True,True,0.35000554,266,546,7.738038,35.423910,2877.262074,True,OK
1777554446.434277,True,True,0.34976792,266,547,13.073529,35.416551,2877.611842,True,OK
1777554446.454856,True,True,0.35052289,266,547,0.000000,35.407583,2877.611842,True,OK
1777554446.502490,True,True,0.35049252,267,548,10.405958,35.392938,2878.107513,True,OK
1777554446.518551,True,True,0.35048416,266,548,21.821972,35.390258,2878.457998,True,OK
1777554446.550088,True,True,0.35097151,266,548,0.000000,35.376541,2878.457998,True,OK
1777554446.601001,True,True,0.35029944,265,549,9.730180,35.360503,2878.953396,True,OK
1777554446.634317,True,True,0.35093808,265,549,0.000000,35.346040,2878.953396,True,OK
1777554446.677866,True,True,0.35158054,266,548,11.417175,35.333252,2879.450606,True,OK
1777554446.709338,True,True,0.35158054,266,548,0.000000,35.319612,2879.450606,True,OK
1777554446.734438,True,True,0.35085773,266,549,13.978134,35.313044,2879.801463,True,OK
1777554446.757196,True,True,0.35117344,265,549,15.431088,35.307497,2880.152637,True,OK
1777554446.804346,True,True,0.35117344,265,549,0.000000,35.287101,2880.152637,True,OK
1777554446.836530,True,True,0.35075568,266,549,10.898488,35.277488,2880.503393,True,OK
1777554446.868305,True,True,0.35076367,266,549,0.000000,35.263765,2880.503393,True,OK
1777554446.900124,True,True,0.35140195,266,549,0.000000,35.250034,2880.503393,True,OK
1777554446.933333,True,True,0.35091761,266,550,10.567143,35.240007,2880.854310,True,OK
1777554446.963767,True,True,0.35176203,264,550,23.116104,35.235495,2881.557834,True,OK
1777554446.996455,True,True,0.35054466,264,550,0.000000,35.221417,2881.557834,True,OK
1777554447.027091,True,True,0.35117798,263,550,11.462892,35.212524,2881.909012,True,OK
1777554447.058375,True,True,0.35133477,264,550,11.230546,35.203360,2882.260347,True,OK
1777554447.090534,True,True,0.35139472,265,550,10.926600,35.193828,2882.611742,True,OK
1777554447.122329,True,True,0.35112403,262,550,33.130837,35.193028,2883.665114,True,OK
1777554447.154059,True,True,0.35131256,263,551,15.657997,35.185466,2884.161945,True,OK
1777554447.184531,True,True,0.35124308,263,551,0.000000,35.172391,2884.161945,True,OK
1777554447.215855,True,True,0.35140289,264,551,11.218189,35.163244,2884.513348,True,OK
1777554447.247942,True,True,0.35189143,263,551,10.966680,35.153783,2884.865239,True,OK
1777554447.279803,True,True,0.35189143,263,551,0.000000,35.140140,2884.865239,True,OK
1777554447.311610,True,True,0.35171922,264,551,11.057855,35.130813,2885.216958,True,OK
1777554447.343362,True,True,0.35180652,265,551,11.079867,35.121518,2885.568765,True,OK
1777554447.375013,True,True,0.35191298,265,551,0.000000,35.107993,2885.568765,True,OK
1777554447.406525,True,True,0.35165772,265,527,267.827474,35.197183,2894.008550,True,OK
1777554447.437940,True,True,0.35201982,265,552,280.138987,35.290732,2902.809046,True,OK
1777554447.469801,True,True,0.35207083,265,527,276.254741,35.384033,2911.610816,True,OK
1777554447.502027,True,True,0.35153333,266,526,15.426847,35.376221,2912.107960,True,OK
1777554447.533567,True,True,0.35094768,266,526,0.000000,35.362671,2912.107960,True,OK
1777554447.550382,True,True,0.35095599,266,551,521.799095,35.461975,2920.881859,True,OK
1777554447.597608,True,True,0.35074088,267,551,7.426942,35.445910,2921.232600,True,OK
1777554447.629333,True,True,0.35083950,267,551,0.000000,35.432270,2921.232600,True,OK
1777554447.645036,True,True,0.35187092,266,552,31.689601,35.431558,2921.730221,True,OK
1777554447.693065,True,True,0.35186030,267,552,7.325932,35.415197,2922.082081,True,OK
1777554447.715736,True,True,0.35201390,266,552,15.526741,35.409734,2922.434095,True,OK
1777554447.740979,True,True,0.35163818,266,552,0.000000,35.398907,2922.434095,True,OK
1777554447.791864,True,True,0.35114343,267,552,6.900699,35.381352,2922.785238,True,OK
1777554447.842704,True,True,0.35155859,266,552,6.915013,35.363844,2923.136797,True,OK
1777554447.883217,True,True,0.35101991,265,552,8.664420,35.350765,2923.487817,True,OK
1777554447.913826,True,True,0.35109547,266,552,11.470375,35.341929,2923.838912,True,OK
1777554447.937780,True,True,0.35109547,266,552,0.000000,35.331699,2923.838912,True,OK
1777554447.976599,True,True,0.35085932,267,552,9.038545,35.319371,2924.189772,True,OK
1777554447.997826,True,True,0.35085932,267,552,0.000000,35.310318,2924.189772,True,OK
1777554448.040621,True,True,0.35048823,267,552,0.000000,35.292080,2924.189772,True,OK
1777554448.060734,True,True,0.35048823,267,552,0.000000,35.283515,2924.189772,True,OK
1777554448.088657,True,True,0.35032960,268,552,12.546440,35.275857,2924.540101,True,OK
1777554448.120949,True,True,0.35092438,267,552,10.867341,35.266354,2924.891026,True,OK
1777554448.152015,True,True,0.35037747,267,552,0.000000,35.253149,2924.891026,True,OK
1777554448.168008,True,True,0.35042433,267,551,21.911925,35.250577,2925.241450,True,OK
1777554448.199755,True,True,0.35042433,267,551,0.000000,35.237097,2925.241450,True,OK
1777554448.232004,True,True,0.35044401,268,551,10.866907,35.227634,2925.591894,True,OK
1777554448.263702,True,True,0.35022891,267,552,15.625314,35.220154,2926.087193,True,OK
1777554448.295507,True,True,0.35043485,267,552,0.000000,35.206676,2926.087193,True,OK
1777554448.327316,True,True,0.35055590,268,552,11.020702,35.197423,2926.437748,True,OK
1777554448.358946,True,True,0.34954579,266,551,24.710945,35.193435,2927.219357,True,OK
1777554448.390706,True,True,0.34997936,267,551,11.019675,35.184209,2927.569336,True,OK
1777554448.422846,True,True,0.34977699,268,551,10.882993,35.174825,2927.919113,True,OK
1777554448.438551,True,True,0.34992753,267,550,31.509794,35.174134,2928.413985,True,OK
1777554448.470685,True,True,0.34992753,267,550,0.000000,35.160563,2928.413985,True,OK
1777554448.502959,True,True,0.35003928,267,550,0.000000,35.146943,2928.413985,True,OK
1777554448.534801,True,True,0.34998550,268,549,15.544189,35.139455,2928.908939,True,OK
1777554448.566545,True,True,0.34914499,269,548,15.554376,35.131999,2929.402705,True,OK
1777554448.597955,True,True,0.34936742,270,548,11.122985,35.122958,2929.752072,True,OK
1777554448.630039,True,True,0.34927989,268,546,30.791227,35.121292,2930.739985,True,OK
1777554448.661804,True,True,0.34907543,268,546,0.000000,35.107928,2930.739985,True,OK
1777554448.694731,True,True,0.34862097,267,546,10.587605,35.098260,2931.088606,True,OK
1777554448.725280,True,True,0.34937037,269,545,25.573110,35.094777,2931.869822,True,OK
1777554448.745900,True,True,0.34937388,269,544,16.942967,35.090298,2932.219196,True,OK
1777554448.789817,True,True,0.34910873,269,544,0.000000,35.071865,2932.219196,True,OK
1777554448.837395,True,True,0.34839393,269,518,190.386816,35.160201,2941.277438,True,OK
1777554448.868222,True,True,0.34912029,267,543,284.037199,35.251879,2950.033330,True,OK
1777554448.883498,True,True,0.34828197,267,543,0.000000,35.245445,2950.033330,True,OK
1777554448.915215,True,True,0.34873950,268,519,264.120810,35.332141,2958.410341,True,OK
1777554448.939461,True,True,0.34873950,268,519,0.000000,35.321912,2958.410341,True,OK
1777554448.979279,True,True,0.34840234,269,519,8.749912,35.309286,2958.758743,True,OK
1777554449.012864,True,True,0.34818241,267,519,20.734503,35.303447,2959.455108,True,OK
1777554449.037399,True,True,0.34818241,267,519,0.000000,35.293117,2959.455108,True,OK
1777554449.074506,True,True,0.34815226,267,519,0.000000,35.277506,2959.455108,True,OK
1777554449.106090,True,True,0.34815226,267,519,0.000000,35.264229,2959.455108,True,OK
1777554449.137565,True,True,0.34799927,267,544,276.408676,35.354637,2968.155089,True,OK
1777554449.153416,True,True,0.34813039,267,544,0.000000,35.347963,2968.155089,True,OK
1777554449.200976,True,True,0.34832444,268,543,10.357556,35.333817,2968.647695,True,OK
1777554449.232902,True,True,0.34766744,268,544,10.889656,35.324531,2968.995362,True,OK
1777554449.264696,True,True,0.34752887,267,519,273.488093,35.414588,2977.690531,True,OK
1777554449.296407,True,True,0.34730425,267,519,0.000000,35.401237,2977.690531,True,OK
1777554449.327940,True,True,0.34704277,267,519,0.000000,35.387970,2977.690531,True,OK
1777554449.359708,True,True,0.34689342,268,545,284.126939,35.481842,2986.716429,True,OK
1777554449.382455,True,True,0.34682883,269,545,15.246728,35.476375,2987.063258,True,OK
1777554449.423538,True,True,0.34673288,269,546,8.439892,35.463189,2987.409991,True,OK
1777554449.455523,True,True,0.34680342,269,546,0.000000,35.449729,2987.409991,True,OK
1777554449.487399,True,True,0.34593982,268,546,10.852806,35.440429,2987.755930,True,OK
1777554449.519171,True,True,0.34615466,269,547,15.407618,35.432882,2988.245467,True,OK
1777554449.549689,True,True,0.34538559,270,547,11.317418,35.424159,2988.590853,True,OK
1777554449.582192,True,True,0.34560793,268,548,23.776783,35.419673,2989.363655,True,OK
1777554449.597923,True,True,0.34560793,268,548,0.000000,35.413072,2989.363655,True,OK
1777554449.645731,True,True,0.34558278,267,549,10.222787,35.398814,2989.852383,True,OK
1777554449.677474,True,True,0.34546332,268,549,10.883117,35.389604,2990.197847,True,OK
1777554449.709299,True,True,0.34505046,266,550,24.243667,35.385407,2990.969403,True,OK
1777554449.740942,True,True,0.34505046,266,550,0.000000,35.372165,2990.969403,True,OK
1777554449.772396,True,True,0.34507569,268,550,21.941549,35.367171,2991.659554,True,OK
1777554449.804137,True,True,0.34576694,266,551,24.358241,35.363041,2992.432713,True,OK
1777554449.835083,True,True,0.34526317,266,551,0.000000,35.350114,2992.432713,True,OK
1777554449.866747,True,True,0.34525321,265,552,15.420259,35.342662,2992.920974,True,OK
1777554449.898453,True,True,0.34495561,265,527,271.988583,35.431233,3001.544865,True,OK
1777554449.930197,True,True,0.34444891,265,527,0.000000,35.417962,3001.544865,True,OK
1777554449.962027,True,True,0.34461007,265,528,10.826718,35.408729,3001.889475,True,OK
1777554449.977840,True,True,0.34553369,266,553,546.714023,35.504081,3010.534725,True,OK
1777554450.027933,True,True,0.34475411,266,554,6.882323,35.487183,3010.879479,True,OK
1777554450.056873,True,True,0.34514022,265,555,16.866020,35.480834,3011.367581,True,OK
1777554450.106442,True,True,0.34531599,264,555,6.966318,35.464190,3011.712897,True,OK
1777554450.135315,True,True,0.34504881,264,556,11.950584,35.456198,3012.057946,True,OK
1777554450.151388,True,True,0.34532284,264,556,0.000000,35.449491,3012.057946,True,OK
1777554450.199471,True,True,0.34542243,264,557,7.183975,35.433505,3012.403368,True,OK
1777554450.231931,True,True,0.34532063,263,557,10.638196,35.424041,3012.748689,True,OK
1777554450.262846,True,True,0.34553058,264,558,15.806484,35.416913,3013.237343,True,OK
1777554450.294923,True,True,0.34549895,264,558,0.000000,35.403564,3013.237343,True,OK
1777554450.326650,True,True,0.34539686,263,559,15.395838,35.396109,3013.725808,True,OK
1777554450.342320,True,True,0.34517138,264,559,22.027108,35.393649,3014.070979,True,OK
1777554450.373882,True,True,0.34517792,265,559,10.936720,35.384588,3014.416157,True,OK
1777554450.422217,True,True,0.34446601,263,560,15.935699,35.373559,3015.186407,True,OK
1777554450.472320,True,True,0.34486931,264,535,172.217952,35.453949,3023.815034,True,OK
1777554450.506561,True,True,0.34403364,263,535,10.047359,35.443753,3024.159068,True,OK
1777554450.533695,True,True,0.34428698,263,535,0.000000,35.432485,3024.159068,True,OK
1777554450.565615,True,True,0.34409973,264,535,10.780162,35.423268,3024.503167,True,OK
1777554450.597688,True,True,0.34412223,264,536,10.729416,35.413996,3024.847290,True,OK
1777554450.629617,True,True,0.34424516,263,561,269.750952,35.501563,3033.460301,True,OK
1777554450.661447,True,True,0.34443489,264,562,15.303509,35.494042,3033.947405,True,OK
1777554450.677261,True,True,0.34443489,264,562,0.000000,35.487477,3033.947405,True,OK
1777554450.709475,True,True,0.34513297,263,562,10.713702,35.478145,3034.292538,True,OK
1777554450.725385,True,True,0.34565574,263,563,21.725162,35.475587,3034.638194,True,OK
1777554450.757041,True,True,0.34613175,664,215,5805.457063,37.610071,3218.415898,True,OK
1777554450.788477,True,True,0.34574756,626,224,429.507277,37.753983,3231.917772,True,OK
1777554450.820306,True,True,0.34574756,626,224,0.000000,37.739951,3231.917772,True,OK
1777554450.851819,True,True,0.34519823,537,257,1039.780185,38.108551,3264.684340,True,OK
1777554450.883511,True,True,0.34519823,537,257,0.000000,38.094459,3264.684340,True,OK
1777554450.915259,True,True,0.34532120,438,300,1174.002602,38.515108,3301.956641,True,OK
1777554450.946885,True,True,0.34588329,375,312,701.414403,38.759553,3324.139061,True,OK
1777554450.978717,True,True,0.35660231,314,333,722.722445,39.013320,3347.144748,True,OK
1777554451.010720,True,True,0.35660231,314,333,0.000000,38.998772,3347.144748,True,OK
1777554451.032665,True,True,0.35611327,243,339,1156.312006,39.284371,3372.518912,True,OK
1777554451.044596,True,True,0.35623305,174,339,2060.113677,39.565191,3397.098992,True,OK
1777554451.074256,True,True,0.35706244,151,313,417.887869,39.695836,3409.493740,True,OK
1777554451.106123,True,True,0.35706244,151,313,0.000000,39.681114,3409.493740,True,OK
1777554451.131516,True,True,0.35690591,103,304,686.416695,39.872189,3426.923761,True,OK
1777554451.169667,True,True,0.35689241,43,293,570.634753,40.107684,3448.694199,True,OK
1777554451.187456,True,True,0.34627973,855,12,16725.485421,43.559005,3746.233932,True,OK
1777554451.232713,True,True,0.34690346,855,12,0.000000,43.536095,3746.233932,True,OK
1777554451.264484,True,True,0.34714483,855,12,0.000000,43.520027,3746.233932,True,OK
1777554451.296118,True,True,0.34656988,260,551,8795.405237,46.735155,4024.472787,True,OK
1777554451.328216,True,True,0.34700297,259,561,108.648778,46.758224,4027.960124,True,OK
1777554451.359846,True,True,0.34730197,250,596,396.803812,46.886705,4040.511139,True,OK
1777554451.391718,True,True,0.34787459,256,563,366.093851,47.004719,4052.179207,True,OK
1777554451.423163,True,True,0.34787459,256,563,0.000000,46.987580,4052.179207,True,OK
1777554451.455245,True,True,0.34700304,258,563,21.631881,46.978150,4052.873213,True,OK
1777554451.486976,True,True,0.34686033,258,563,0.000000,46.960878,4052.873213,True,OK
1777554451.518938,True,True,0.34665211,258,564,10.845786,46.947508,4053.219866,True,OK
1777554451.550657,True,True,0.34669972,258,563,10.930359,46.934281,4053.566565,True,OK
1777554451.582684,True,True,0.34734945,258,563,0.000000,46.916882,4053.566565,True,OK
1777554451.614707,True,True,0.34678775,259,563,10.829430,46.903512,4053.913353,True,OK
1777554451.646533,True,True,0.34607075,258,563,10.873831,46.890250,4054.259424,True,OK
1777554451.678617,True,True,0.34679202,260,562,24.169393,46.881822,4055.034874,True,OK
1777554451.710372,True,True,0.34669534,260,562,0.000000,46.864616,4055.034874,True,OK
1777554451.742550,True,True,0.34669534,260,562,0.000000,46.847194,4055.034874,True,OK
1777554451.774295,True,True,0.34668999,258,561,24.420882,46.838973,4055.810097,True,OK
1777554451.806141,True,True,0.34668999,258,561,0.000000,46.821753,4055.810097,True,OK
1777554451.821822,True,True,0.34651318,259,560,31.251208,46.818934,4056.300140,True,OK
1777554451.869192,True,True,0.34603131,261,560,14.609737,46.801333,4056.992203,True,OK
1777554451.901380,True,True,0.34649070,260,560,10.764613,46.787957,4057.338694,True,OK
1777554451.933555,True,True,0.34614834,261,560,10.758120,46.774594,4057.684842,True,OK
1777554451.964914,True,True,0.34597247,262,560,11.032736,46.761678,4058.030814,True,OK
1777554451.998080,True,True,0.34620670,262,559,10.438399,46.747801,4058.377021,True,OK
1777554452.028845,True,True,0.34650144,263,558,15.928163,46.736884,4058.867048,True,OK
1777554452.060628,True,True,0.34636814,262,557,15.411916,46.725424,4059.356887,True,OK
1777554452.092767,True,True,0.34616368,262,557,0.000000,46.708144,4059.356887,True,OK
1777554452.124640,True,True,0.34616368,262,557,0.000000,46.691021,4059.356887,True,OK
1777554452.152826,True,True,0.34671154,261,556,17.395967,46.681527,4059.847211,True,OK
1777554452.188302,True,True,0.34608664,262,555,13.796393,46.668118,4060.336651,True,OK
1777554452.219526,True,True,0.34608664,262,555,0.000000,46.651376,4060.336651,True,OK
1777554452.250903,True,True,0.34591805,262,554,11.024547,46.638537,4060.682569,True,OK
1777554452.281919,True,True,0.34646718,262,554,0.000000,46.621929,4060.682569,True,OK
1777554452.314032,True,True,0.34646718,262,554,0.000000,46.604746,4060.682569,True,OK
1777554452.344564,True,True,0.34591846,262,554,0.000000,46.588420,4060.682569,True,OK
1777554452.376607,True,True,0.34619814,263,555,15.279646,46.576914,4061.172167,True,OK
1777554452.393525,True,True,0.34614892,264,554,28.935460,46.573492,4061.661696,True,OK
1777554452.424819,True,True,0.34614892,264,554,0.000000,46.556785,4061.661696,True,OK
1777554452.456491,True,True,0.34646347,264,554,0.000000,46.539890,4061.661696,True,OK
1777554452.488237,True,True,0.34646347,264,554,0.000000,46.522967,4061.661696,True,OK
1777554452.520156,True,True,0.34660049,265,553,15.356363,46.511576,4062.151863,True,OK
1777554452.551834,True,True,0.34660049,265,553,0.000000,46.494712,4062.151863,True,OK
1777554452.583003,True,True,0.34660049,265,553,0.000000,46.478131,4062.151863,True,OK
1777554452.599006,True,True,0.34642151,265,554,21.647429,46.473585,4062.498285,True,OK
1777554452.646545,True,True,0.34663108,265,554,0.000000,46.448325,4062.498285,True,OK
1777554452.678315,True,True,0.34656297,264,554,10.908501,46.435420,4062.844848,True,OK
1777554452.710461,True,True,0.34618338,264,554,0.000000,46.418366,4062.844848,True,OK
1777554452.743135,True,True,0.34618338,264,554,0.000000,46.401044,4062.844848,True,OK
1777554452.773823,True,True,0.34648926,264,554,0.000000,46.384787,4062.844848,True,OK
1777554452.805703,True,True,0.34648926,264,554,0.000000,46.367911,4062.844848,True,OK
1777554452.837224,True,True,0.34591378,265,555,15.519996,46.356818,4063.334043,True,OK
1777554452.853274,True,True,0.34574470,265,555,0.000000,46.348331,4063.334043,True,OK
1777554452.884866,True,True,0.34617909,264,556,15.496617,46.337217,4063.823615,True,OK
1777554452.916770,True,True,0.34528686,264,555,10.822608,46.324302,4064.168902,True,OK
1777554452.948647,True,True,0.34528686,264,555,0.000000,46.307477,4064.168902,True,OK
1777554452.964721,True,True,0.34522708,265,555,21.477118,46.302930,4064.514129,True,OK
1777554452.996684,True,True,0.34522708,265,555,0.000000,46.286076,4064.514129,True,OK
1777554453.028285,True,True,0.34570902,265,555,0.000000,46.269425,4064.514129,True,OK
1777554453.060032,True,True,0.34570902,265,555,0.000000,46.252710,4064.514129,True,OK
1777554453.091703,True,True,0.34543369,263,555,21.813847,46.243905,4065.204996,True,OK
1777554453.123646,True,True,0.34503479,264,555,10.801872,46.231031,4065.550031,True,OK
1777554453.156279,True,True,0.34503479,264,555,0.000000,46.213882,4065.550031,True,OK
1777554453.186875,True,True,0.34510509,264,554,11.279500,46.201736,4065.895136,True,OK
1777554453.218709,True,True,0.34497165,263,554,10.836455,46.188948,4066.240107,True,OK
1777554453.250286,True,True,0.34535008,262,554,10.936639,46.176308,4066.585458,True,OK
1777554453.282066,True,True,0.34527776,262,555,10.864704,46.163570,4066.930735,True,OK
1777554453.302435,True,True,0.34527776,262,555,0.000000,46.152899,4066.930735,True,OK
1777554453.345241,True,True,0.34524341,263,554,11.406150,46.136028,4067.418983,True,OK
1777554453.376960,True,True,0.34545106,262,554,10.890747,46.123352,4067.764434,True,OK
1777554453.408744,True,True,0.34523500,263,554,10.861892,46.110648,4068.109669,True,OK
1777554453.440710,True,True,0.34498129,263,554,0.000000,46.093948,4068.109669,True,OK
1777554453.472725,True,True,0.34512833,264,553,15.245248,46.082761,4068.597754,True,OK
1777554453.504854,True,True,0.34553252,262,553,21.508881,46.073822,4069.288820,True,OK
1777554453.520995,True,True,0.34521671,264,552,47.824236,46.074142,4070.060748,True,OK
1777554453.569040,True,True,0.34459736,264,552,0.000000,46.049097,4070.060748,True,OK
1777554453.601221,True,True,0.34516350,264,552,0.000000,46.032336,4070.060748,True,OK
1777554453.633257,True,True,0.34539937,265,552,10.781579,46.019569,4070.406147,True,OK
1777554453.665169,True,True,0.34530923,262,551,34.217870,46.015312,4071.498111,True,OK
1777554453.681009,True,True,0.34530923,262,551,0.000000,46.007076,4071.498111,True,OK
1777554453.728856,True,True,0.34526347,264,551,14.431826,45.990014,4072.188638,True,OK
1777554453.768635,True,True,0.34526347,264,551,0.000000,45.969362,4072.188638,True,OK
1777554453.797723,True,True,0.34497362,263,551,11.859549,45.958166,4072.533611,True,OK
1777554453.824755,True,True,0.34536084,265,551,25.551646,45.951942,4073.224333,True,OK
1777554453.849289,True,True,0.34536084,265,551,0.000000,45.939228,4073.224333,True,OK
1777554453.890445,True,True,0.34569778,265,552,8.399682,45.921811,4073.570031,True,OK
1777554453.927299,True,True,0.34489955,264,551,13.235046,45.908236,4074.057792,True,OK
1777554453.967728,True,True,0.34515235,264,551,0.000000,45.887331,4074.057792,True,OK
1777554453.997607,True,True,0.34543545,265,551,11.561294,45.875783,4074.403228,True,OK
1777554454.030916,True,True,0.34560725,264,551,10.375723,45.862474,4074.748835,True,OK
1777554454.054501,True,True,0.34556151,264,551,0.000000,45.850303,4074.748835,True,OK
1777554454.094475,True,True,0.34556151,264,551,0.000000,45.829689,4074.748835,True,OK
1777554454.126611,True,True,0.34556151,264,551,0.000000,45.813130,4074.748835,True,OK
1777554454.157723,True,True,0.34550430,265,550,15.705357,45.802602,4075.237452,True,OK
1777554454.192084,True,True,0.34514470,264,551,14.205052,45.790404,4075.725560,True,OK
1777554454.231554,True,True,0.34513489,266,550,19.552839,45.778774,4076.497305,True,OK
1777554454.257144,True,True,0.34577429,265,550,13.512242,45.769504,4076.843079,True,OK
1777554454.300884,True,True,0.34623390,265,549,7.915635,45.750925,4077.189313,True,OK
1777554454.322252,True,True,0.34616784,264,549,16.200272,45.743841,4077.535481,True,OK
1777554454.364554,True,True,0.34584872,264,549,0.000000,45.722143,4077.535481,True,OK
1777554454.396279,True,True,0.34543214,264,550,10.888268,45.709756,4077.880913,True,OK
1777554454.428027,True,True,0.34596006,264,550,0.000000,45.693495,4077.880913,True,OK
1777554454.445031,True,True,0.34592728,264,549,20.343290,45.688666,4078.226841,True,OK
1777554454.475292,True,True,0.34592728,264,549,0.000000,45.673182,4078.226841,True,OK
1777554454.517161,True,True,0.34608640,264,549,0.000000,45.651776,4078.226841,True,OK
1777554454.545293,True,True,0.34608640,264,549,0.000000,45.637404,4078.226841,True,OK
1777554454.568847,True,True,0.34668152,264,549,0.000000,45.625378,4078.226841,True,OK
1777554454.584627,True,True,0.34646516,265,549,21.955674,45.621200,4078.573306,True,OK
1777554454.632639,True,True,0.34667076,263,550,16.145528,45.605379,4079.348485,True,OK
1777554454.664806,True,True,0.34707016,263,549,10.789728,45.592863,4079.695555,True,OK
1777554454.696480,True,True,0.34703108,262,549,10.956206,45.580607,4080.042586,True,OK
1777554454.728317,True,True,0.34647080,264,548,24.334529,45.573053,4080.817319,True,OK
1777554454.760043,True,True,0.34650679,262,548,21.843463,45.564649,4081.510332,True,OK
1777554454.792020,True,True,0.34709258,263,549,15.350533,45.553867,4082.001195,True,OK
1777554454.807885,True,True,0.34764538,265,548,48.998072,45.554476,4082.778554,True,OK
1777554454.855984,True,True,0.34691904,264,547,10.200305,45.535513,4083.269172,True,OK
1777554454.871693,True,True,0.34728395,262,546,49.432220,45.536196,4084.045722,True,OK
1777554454.906451,True,True,0.34694009,263,547,14.116256,45.524024,4084.536370,True,OK
1777554454.951333,True,True,0.34695203,263,547,0.000000,45.501263,4084.536370,True,OK
1777554454.967185,True,True,0.34693200,263,547,0.000000,45.493229,4084.536370,True,OK
1777554455.015458,True,True,0.34758764,263,547,0.000000,45.468782,4084.536370,True,OK
1777554455.047212,True,True,0.34758764,263,547,0.000000,45.452716,4084.536370,True,OK
1777554455.079260,True,True,0.34782761,263,547,0.000000,45.436511,4084.536370,True,OK
1777554455.111131,True,True,0.34772254,263,547,0.000000,45.420408,4084.536370,True,OK
1777554455.144990,True,True,0.34772847,263,547,0.000000,45.403313,4084.536370,True,OK
1777554455.162354,True,True,0.34781769,263,547,0.000000,45.394552,4084.536370,True,OK
1777554455.194669,True,True,0.34781769,263,547,0.000000,45.378254,4084.536370,True,OK
1777554455.224264,True,True,0.34888711,263,547,0.000000,45.363339,4084.536370,True,OK
1777554455.269916,True,True,0.34873885,263,548,7.639005,45.344222,4084.885108,True,OK
1777554455.285720,True,True,0.34846688,263,548,0.000000,45.336268,4084.885108,True,OK
1777554455.333099,True,True,0.34833133,263,547,7.352128,45.316306,4085.233440,True,OK
1777554455.348766,True,True,0.34809977,262,548,31.421531,45.313891,4085.725727,True,OK
1777554455.396332,True,True,0.34807756,262,547,7.317717,45.293857,4086.073805,True,OK
1777554455.428117,True,True,0.34826648,263,547,10.956941,45.281763,4086.422071,True,OK
1777554455.460023,True,True,0.34776722,262,547,10.899863,45.269612,4086.769838,True,OK
1777554455.492051,True,True,0.34770821,262,547,0.000000,45.253557,4086.769838,True,OK
1777554455.516535,True,True,0.34790513,262,547,0.000000,45.241291,4086.769838,True,OK
1777554455.555454,True,True,0.34830979,262,547,0.000000,45.221808,4086.769838,True,OK
1777554455.587372,True,True,0.34827146,263,547,10.911590,45.209694,4087.118110,True,OK
1777554455.635050,True,True,0.34856583,263,547,0.000000,45.185864,4087.118110,True,OK
1777554455.682853,True,True,0.34850867,264,548,10.310161,45.167442,4087.610976,True,OK
1777554455.714592,True,True,0.34819717,264,548,0.000000,45.151607,4087.610976,True,OK
1777554455.747458,True,True,0.34867145,263,549,15.003222,45.140666,4088.104071,True,OK
1777554455.778359,True,True,0.34866648,262,549,11.283356,45.129117,4088.452738,True,OK
1777554455.810437,True,True,0.34866648,262,549,0.000000,45.113144,4088.452738,True,OK
1777554455.842084,True,True,0.34863766,263,549,11.016464,45.101241,4088.801376,True,OK
1777554455.873832,True,True,0.34863275,261,549,21.961967,45.093140,4089.498641,True,OK
1777554455.905421,True,True,0.34833553,263,550,24.657726,45.086025,4090.277543,True,OK
1777554455.936986,True,True,0.34899678,262,551,15.635967,45.075782,4090.771099,True,OK
1777554455.952825,True,True,0.34885932,263,551,22.025530,45.071760,4091.119958,True,OK
1777554455.984892,True,True,0.34880400,261,552,24.322811,45.064432,4091.899908,True,OK
1777554456.016588,True,True,0.34902858,262,552,11.011644,45.052549,4092.248936,True,OK
1777554456.048144,True,True,0.34889660,262,552,0.000000,45.036903,4092.248936,True,OK
1777554456.063943,True,True,0.34892830,261,527,552.576620,45.125137,4100.979120,True,OK
1777554456.111849,True,True,0.34894602,261,552,182.097815,45.197302,4109.702770,True,OK
1777554456.144013,True,True,0.34894602,261,552,0.000000,45.181320,4109.702770,True,OK
1777554456.175897,True,True,0.34846080,261,552,0.000000,45.165488,4109.702770,True,OK
1777554456.207644,True,True,0.34854470,262,553,15.526700,45.155151,4110.195687,True,OK
1777554456.223680,True,True,0.34915069,261,553,21.771912,45.151032,4110.544837,True,OK
1777554456.262647,True,True,0.34898368,262,553,8.955902,45.135546,4110.893821,True,OK
1777554456.286836,True,True,0.34918645,262,553,0.000000,45.123562,4110.893821,True,OK
1777554456.318907,True,True,0.34910112,262,553,0.000000,45.107683,4110.893821,True,OK
1777554456.350571,True,True,0.34912625,262,554,11.026254,45.095846,4111.242947,True,OK
1777554456.382000,True,True,0.34892926,262,554,0.000000,45.080305,4111.242947,True,OK
1777554456.413736,True,True,0.34892926,262,554,0.000000,45.064623,4111.242947,True,OK
1777554456.445735,True,True,0.34947763,261,530,262.344886,45.140808,4119.637688,True,OK
1777554456.477771,True,True,0.34927080,262,555,272.772489,45.220688,4128.376441,True,OK
1777554456.493876,True,True,0.34927080,262,555,0.000000,45.212712,4128.376441,True,OK
1777554456.542163,True,True,0.34895555,261,556,10.220162,45.194217,4128.869938,True,OK
1777554456.573026,True,True,0.34904392,260,556,11.309357,45.182773,4129.218982,True,OK
1777554456.604519,True,True,0.34912501,260,556,0.000000,45.167209,4129.218982,True,OK
1777554456.636030,True,True,0.34933655,261,556,11.086154,45.155466,4129.568319,True,OK
1777554456.669468,True,True,0.34862062,261,557,10.425668,45.142772,4129.916939,True,OK
1777554456.699097,True,True,0.34936105,262,557,11.791474,45.131974,4130.266300,True,OK
1777554456.722813,True,True,0.34929855,262,557,0.000000,45.120282,4130.266300,True,OK
1777554456.762803,True,True,0.34963408,261,557,8.743049,45.104397,4130.615934,True,OK
1777554456.793795,True,True,0.34963408,261,557,0.000000,45.089137,4130.615934,True,OK
1777554456.826178,True,True,0.34938501,262,557,10.789319,45.077017,4130.965319,True,OK
1777554456.857409,True,True,0.34959335,260,557,22.386955,45.069287,4131.664506,True,OK
1777554456.889200,True,True,0.34954771,260,557,0.000000,45.053664,4131.664506,True,OK
1777554456.921007,True,True,0.34964871,260,557,0.000000,45.038043,4131.664506,True,OK
1777554456.941020,True,True,0.34996430,260,557,0.000000,45.028220,4131.664506,True,OK
1777554456.970828,True,True,0.34974917,259,557,11.733288,45.017407,4132.014255,True,OK
1777554457.009233,True,True,0.34974917,259,557,0.000000,44.998579,4132.014255,True,OK
1777554457.032420,True,True,0.34946227,260,557,15.070905,44.991024,4132.363718,True,OK
1777554457.050627,True,True,0.34983263,260,557,0.000000,44.982107,4132.363718,True,OK
1777554457.096014,True,True,0.34980303,259,557,7.707155,44.963700,4132.713521,True,OK
1777554457.127421,True,True,0.35010945,261,557,22.295419,44.955957,4133.413739,True,OK
1777554457.159094,True,True,0.35007628,259,557,22.105691,44.948088,4134.113892,True,OK
1777554457.190950,True,True,0.35017838,261,557,21.985040,44.940138,4134.814249,True,OK
1777554457.222707,True,True,0.35041033,261,558,11.033907,44.928439,4135.164659,True,OK
1777554457.254439,True,True,0.34965489,259,558,22.037942,44.920549,4135.863969,True,OK
1777554457.286456,True,True,0.35005349,261,558,21.866894,44.912535,4136.564076,True,OK
1777554457.302253,True,True,0.35075360,261,557,22.204622,44.908642,4136.914829,True,OK
1777554457.334444,True,True,0.35075360,261,557,0.000000,44.892954,4136.914829,True,OK
1777554457.366068,True,True,0.35031119,260,557,11.077356,44.881353,4137.265141,True,OK
1777554457.397685,True,True,0.35038511,262,557,22.164066,44.873564,4137.965911,True,OK
1777554457.429299,True,True,0.35024699,260,557,22.157836,44.865779,4138.666405,True,OK
1777554457.460950,True,True,0.35058354,261,556,15.664582,44.855763,4139.162205,True,OK
1777554457.493067,True,True,0.35048023,261,556,0.000000,44.840156,4139.162205,True,OK
1777554457.525075,True,True,0.35063243,260,556,10.954303,44.828410,4139.512837,True,OK
1777554457.556745,True,True,0.35048776,262,555,24.746386,44.821525,4140.296552,True,OK
1777554457.588221,True,True,0.35075420,263,555,11.143621,44.810053,4140.647306,True,OK
1777554457.604130,True,True,0.35078825,262,556,31.182097,44.807708,4141.143395,True,OK
1777554457.635759,True,True,0.35125356,261,555,15.705759,44.797752,4141.640143,True,OK
1777554457.669614,True,True,0.35125356,261,555,0.000000,44.781353,4141.640143,True,OK
1777554457.715361,True,True,0.35137408,261,555,0.000000,44.759213,4141.640143,True,OK
1777554457.736341,True,True,0.35143858,260,555,16.751599,44.752865,4141.991582,True,OK
1777554457.779063,True,True,0.35197296,262,554,18.422258,44.740716,4142.778617,True,OK
1777554457.810937,True,True,0.35197296,262,554,0.000000,44.725320,4142.778617,True,OK
1777554457.842876,True,True,0.35201371,263,553,15.586653,44.715276,4143.276440,True,OK
1777554457.874493,True,True,0.35156328,262,554,15.725297,44.705387,4143.773625,True,OK
1777554457.906324,True,True,0.35156328,262,554,0.000000,44.690040,4143.773625,True,OK
1777554457.938126,True,True,0.35155801,262,554,0.000000,44.674718,4143.773625,True,OK
1777554457.970204,True,True,0.35182034,261,554,10.967724,44.663065,4144.125446,True,OK
1777554458.001822,True,True,0.35243593,261,553,11.146477,44.651648,4144.477881,True,OK
1777554458.033508,True,True,0.35208314,263,553,22.223382,44.643994,4145.182048,True,OK
1777554458.066629,True,True,0.35182005,262,553,10.622230,44.631862,4145.533868,True,OK
1777554458.096972,True,True,0.35267285,260,553,23.245704,44.624878,4146.239213,True,OK
1777554458.128747,True,True,0.35253511,260,553,0.000000,44.609622,4146.239213,True,OK
1777554458.160546,True,True,0.35213161,259,553,11.073725,44.598152,4146.591345,True,OK
1777554458.192284,True,True,0.35282441,261,553,22.233366,44.590521,4147.296994,True,OK
1777554458.223946,True,True,0.35286844,260,553,11.144945,44.579139,4147.649862,True,OK
1777554458.255541,True,True,0.35267860,260,553,0.000000,44.564006,4147.649862,True,OK
1777554458.287423,True,True,0.35212459,260,553,0.000000,44.548745,4147.649862,True,OK
1777554458.311090,True,True,0.35257602,260,553,0.000000,44.537424,4147.649862,True,OK
1777554458.345919,True,True,0.35239374,261,553,10.117715,44.524556,4148.002256,True,OK
1777554458.382824,True,True,0.35284208,261,553,0.000000,44.506925,4148.002256,True,OK
1777554458.414298,True,True,0.35303097,262,553,11.216465,44.495687,4148.355287,True,OK
1777554458.446350,True,True,0.35236299,262,552,10.993547,44.484173,4148.707650,True,OK
1777554458.462137,True,True,0.35226813,260,552,44.627269,44.484197,4149.412186,True,OK
1777554458.509839,True,True,0.35310280,261,552,7.402290,44.465243,4149.765289,True,OK
1777554458.541268,True,True,0.35310280,261,552,0.000000,44.450274,4149.765289,True,OK
1777554458.573450,True,True,0.35287658,260,553,15.506789,44.440300,4150.264332,True,OK
1777554458.605167,True,True,0.35287658,260,553,0.000000,44.425212,4150.264332,True,OK
1777554458.621068,True,True,0.35224942,261,553,22.152534,44.421422,4150.616581,True,OK
1777554458.669112,True,True,0.35221152,261,552,7.331061,44.402361,4150.968793,True,OK
1777554458.700769,True,True,0.35213547,261,552,0.000000,44.387330,4150.968793,True,OK
1777554458.732526,True,True,0.35263190,261,552,0.000000,44.372261,4150.968793,True,OK
1777554458.764091,True,True,0.35261062,262,552,11.170870,44.361062,4151.321404,True,OK
1777554458.788434,True,True,0.35261062,262,552,0.000000,44.349526,4151.321404,True,OK
1777554458.830026,True,True,0.35308911,259,527,213.754563,44.424766,4160.211960,True,OK
1777554458.859512,True,True,0.35297728,259,527,0.000000,44.410783,4160.211960,True,OK
1777554458.891231,True,True,0.35288516,260,550,256.129022,44.482446,4168.335987,True,OK
1777554458.923038,True,True,0.35287461,262,551,24.806968,44.475770,4169.125038,True,OK
1777554458.955170,True,True,0.35219219,262,551,0.000000,44.460530,4169.125038,True,OK
1777554458.987466,True,True,0.35263605,263,552,15.441309,44.450538,4169.623741,True,OK
1777554459.018213,True,True,0.35307955,262,551,16.240114,44.441295,4170.123071,True,OK
1777554459.050786,True,True,0.35219628,263,551,10.812448,44.429625,4170.475267,True,OK
1777554459.082265,True,True,0.35253076,263,551,0.000000,44.414730,4170.475267,True,OK
1777554459.129584,True,True,0.35244053,264,552,10.533388,44.397665,4170.973693,True,OK
1777554459.161361,True,True,0.35239866,263,552,11.089856,44.386402,4171.326092,True,OK
1777554459.193101,True,True,0.35195267,263,552,0.000000,44.371416,4171.326092,True,OK
1777554459.225183,True,True,0.35278632,262,552,10.996366,44.360030,4171.678878,True,OK
1777554459.257010,True,True,0.35229430,262,551,11.069214,44.348767,4172.031173,True,OK
1777554459.280110,True,True,0.35220640,263,551,15.246940,44.341623,4172.383379,True,OK
1777554459.320840,True,True,0.35213476,261,551,17.291174,44.329919,4173.087648,True,OK
1777554459.368091,True,True,0.35213698,261,551,0.000000,44.307679,4173.087648,True,OK
1777554459.399716,True,True,0.35207181,262,551,11.132946,44.296544,4173.439720,True,OK
1777554459.431787,True,True,0.35196257,261,552,15.520320,44.286752,4173.937470,True,OK
1777554459.463697,True,True,0.35166420,261,552,0.000000,44.271762,4173.937470,True,OK
1777554459.495120,True,True,0.35219852,263,551,25.062265,44.265362,4174.725010,True,OK
1777554459.526950,True,True,0.35251553,263,550,11.075004,44.254164,4175.077526,True,OK
1777554459.558522,True,True,0.35142896,263,549,11.130996,44.243083,4175.428955,True,OK
1777554459.580036,True,True,0.35139673,269,553,117.780840,44.259843,4177.962913,True,OK
1777554459.610603,True,True,0.35139673,269,553,0.000000,44.245516,4177.962913,True,OK
1777554459.637584,True,True,0.35200574,845,10,10327.464342,47.182960,4456.609419,True,OK
1777554459.669236,True,True,0.35189126,844,11,15.722657,47.172421,4457.107069,True,OK
1777554459.700866,True,True,0.35203647,844,11,0.000000,47.156635,4457.107069,True,OK
1777554459.732432,True,True,0.35170650,844,11,0.000000,47.140891,4457.107069,True,OK
1777554459.764178,True,True,0.35161269,844,11,0.000000,47.125068,4457.107069,True,OK
1777554459.797910,True,True,0.35161269,844,11,0.000000,47.108267,4457.107069,True,OK
1777554459.817209,True,True,0.35196043,844,10,18.237659,47.102380,4457.459029,True,OK
1777554459.859219,True,True,0.35186825,843,10,8.375665,47.085195,4457.810897,True,OK
1777554459.890886,True,True,0.35194187,843,11,11.114006,47.073168,4458.162839,True,OK
1777554459.922850,True,True,0.35215534,243,517,8647.196783,49.974769,4734.562388,True,OK
1777554459.955282,True,True,0.35216972,249,531,165.393340,50.014267,4739.926477,True,OK
1777554459.971231,True,True,0.35185763,255,531,132.370424,50.028124,4742.037623,True,OK
1777554460.018978,True,True,0.35259848,255,555,177.232021,50.092168,4750.499986,True,OK
1777554460.050981,True,True,0.35199422,255,555,0.000000,50.075270,4750.499986,True,OK
1777554460.082700,True,True,0.35219226,255,556,11.103355,50.062244,4750.852178,True,OK
1777554460.115127,True,True,0.35161729,255,556,0.000000,50.045144,4750.852178,True,OK
1777554460.146170,True,True,0.35207793,256,556,11.341514,50.032491,4751.204256,True,OK
1777554460.162025,True,True,0.35207793,256,556,0.000000,50.024139,4751.204256,True,OK
1777554460.209757,True,True,0.35232569,256,556,0.000000,49.999012,4751.204256,True,OK
1777554460.225527,True,True,0.35232569,256,556,0.000000,49.990716,4751.204256,True,OK
1777554460.273154,True,True,0.35202543,255,556,7.391304,49.969379,4751.556282,True,OK
1777554460.289323,True,True,0.35202543,255,556,0.000000,49.960884,4751.556282,True,OK
1777554460.336950,True,True,0.35204335,256,556,7.391680,49.939576,4751.908325,True,OK
1777554460.356261,True,True,0.35176465,257,557,25.761366,49.934671,4752.405795,True,OK
1777554460.400391,True,True,0.35184529,256,556,11.275461,49.916753,4752.903380,True,OK
1777554460.431902,True,True,0.35223397,257,557,15.808344,49.905469,4753.401514,True,OK
1777554460.463791,True,True,0.35224608,257,557,0.000000,49.888766,4753.401514,True,OK
1777554460.495822,True,True,0.35182985,257,557,0.000000,49.872000,4753.401514,True,OK
1777554460.511949,True,True,0.35097235,257,557,0.000000,49.863563,4753.401514,True,OK
1777554460.559703,True,True,0.35192966,258,557,7.369740,49.842287,4753.753444,True,OK
1777554460.591611,True,True,0.35160683,258,557,0.000000,49.825618,4753.753444,True,OK
1777554460.623418,True,True,0.35187634,256,557,22.125920,49.816386,4754.457196,True,OK
1777554460.655433,True,True,0.35146574,257,558,15.525303,49.804887,4754.954244,True,OK
1777554460.688391,True,True,0.35152349,258,558,10.665946,49.791381,4755.305767,True,OK
1777554460.722254,True,True,0.35210152,258,558,0.000000,49.773733,4755.305767,True,OK
1777554460.766418,True,True,0.35131452,257,559,11.249639,49.755933,4755.802601,True,OK
1777554460.782194,True,True,0.35131452,257,559,0.000000,49.747722,4755.802601,True,OK
1777554460.813953,True,True,0.35077504,255,559,22.089787,49.738536,4756.504151,True,OK
1777554460.845577,True,True,0.35140321,254,534,278.023531,49.814002,4765.296257,True,OK
1777554460.861697,True,True,0.35140321,254,534,0.000000,49.805609,4765.296257,True,OK
1777554460.893577,True,True,0.35097365,255,534,11.009245,49.792687,4765.647230,True,OK
1777554460.925232,True,True,0.35086516,256,560,288.399518,49.871577,4774.776469,True,OK
1777554460.957255,True,True,0.35145463,256,560,0.000000,49.854901,4774.776469,True,OK
1777554460.988815,True,True,0.35086653,256,560,0.000000,49.838478,4774.776469,True,OK
1777554461.004557,True,True,0.35102399,256,560,0.000000,49.830291,4774.776469,True,OK
1777554461.036359,True,True,0.35105558,255,561,15.611236,49.818938,4775.272937,True,OK
1777554461.068247,True,True,0.35105558,255,561,0.000000,49.802369,4775.272937,True,OK
1777554461.083914,True,True,0.35124666,255,561,0.000000,49.794233,4775.272937,True,OK
1777554461.131302,True,True,0.35045790,257,561,14.790974,49.776945,4775.973853,True,OK
1777554461.162626,True,True,0.35082985,256,561,11.199981,49.764355,4776.324683,True,OK
1777554461.193581,True,True,0.35088324,258,562,25.346369,49.756482,4777.109281,True,OK
1777554461.222515,True,True,0.35061903,257,562,12.117790,49.745143,4777.459900,True,OK
1777554461.257968,True,True,0.35142954,257,562,0.000000,49.726786,4777.459900,True,OK
1777554461.288811,True,True,0.35151815,257,562,0.000000,49.710827,4777.459900,True,OK
1777554461.320238,True,True,0.35051788,257,562,0.000000,49.694577,4777.459900,True,OK
1777554461.342347,True,True,0.35129121,260,562,47.667623,49.694111,4778.513774,True,OK
1777554461.384306,True,True,0.35075671,259,563,11.822120,49.677593,4779.009819,True,OK
1777554461.432327,True,True,0.35106539,259,562,7.310652,49.656454,4779.360884,True,OK
1777554461.464381,True,True,0.35100027,259,562,0.000000,49.639923,4779.360884,True,OK
1777554461.496188,True,True,0.35108352,258,562,11.037786,49.627174,4779.711968,True,OK
1777554461.530886,True,True,0.35136445,258,562,0.000000,49.609302,4779.711968,True,OK
1777554461.560183,True,True,0.35066962,260,562,23.939046,49.601498,4780.413307,True,OK
1777554461.593371,True,True,0.35157765,257,562,31.781136,49.595364,4781.468040,True,OK
1777554461.607994,True,True,0.35125918,257,562,0.000000,49.587842,4781.468040,True,OK
1777554461.655633,True,True,0.35180781,257,562,0.000000,49.563355,4781.468040,True,OK
1777554461.671381,True,True,0.35175492,256,562,22.337124,49.558912,4781.819795,True,OK
1777554461.703559,True,True,0.35152508,257,562,10.924255,49.546032,4782.171320,True,OK
1777554461.750787,True,True,0.35155979,257,563,7.443794,49.525440,4782.522880,True,OK
1777554461.782462,True,True,0.35148509,257,563,0.000000,49.509201,4782.522880,True,OK
1777554461.814179,True,True,0.35099703,922,657,7432.383928,51.932487,5018.256262,True,OK
1777554461.845929,True,True,0.35147218,916,651,93.932793,51.946283,5021.238602,True,OK
1777554461.877484,True,True,0.35151819,911,645,87.005896,51.957724,5023.984047,True,OK
1777554461.909257,True,True,0.35151819,911,645,0.000000,51.940656,5023.984047,True,OK
1777554461.941028,True,True,0.35135484,896,639,178.664934,51.982267,5029.660358,True,OK
1777554461.973188,True,True,0.35171861,872,627,293.455158,52.062501,5039.097959,True,OK
1777554461.994427,True,True,0.35171861,872,627,0.000000,52.051079,5039.097959,True,OK
1777554462.036292,True,True,0.35183506,870,621,53.152270,52.051555,5041.323159,True,OK
1777554462.059631,True,True,0.35148786,868,615,95.247377,52.061962,5043.546163,True,OK
1777554462.083836,True,True,0.35183647,865,549,960.366480,52.288846,5066.791347,True,OK
1777554462.131493,True,True,0.35148924,861,540,72.638479,52.298849,5070.253114,True,OK
1777554462.163349,True,True,0.35225636,860,539,15.637904,52.286807,5070.751280,True,OK
1777554462.195133,True,True,0.35228323,857,529,115.717525,52.307589,5074.429225,True,OK
1777554462.227255,True,True,0.35166348,855,584,602.521425,52.489714,5093.783500,True,OK
1777554462.242986,True,True,0.35197252,850,578,174.754291,52.509529,5096.532493,True,OK
1777554462.283465,True,True,0.35210732,845,580,46.843295,52.507167,5098.428649,True,OK
1777554462.306297,True,True,0.35210732,845,580,0.000000,52.494824,5098.428649,True,OK
1777554462.338113,True,True,0.35213445,842,573,84.290156,52.505236,5101.110425,True,OK
1777554462.369704,True,True,0.35223975,838,566,89.894375,52.517390,5103.950273,True,OK
1777554462.401640,True,True,0.35164734,836,493,804.100463,52.764285,5129.630161,True,OK
1777554462.431203,True,True,0.35161550,831,544,609.486520,52.933529,5147.648525,True,OK
1777554462.464558,True,True,0.35150284,829,544,21.076472,52.922606,5148.351531,True,OK
1777554462.496187,True,True,0.35170619,827,529,168.272981,52.960098,5153.673812,True,OK
1777554462.528086,True,True,0.35162942,823,518,129.023483,52.985023,5157.789528,True,OK
1777554462.550783,True,True,0.35215674,820,507,176.904857,53.013910,5161.804733,True,OK
1777554462.585044,True,True,0.35124565,815,497,114.621498,53.035580,5165.731779,True,OK
1777554462.622797,True,True,0.35079782,810,435,577.960409,53.238967,5187.551854,True,OK
1777554462.654694,True,True,0.35176040,806,482,520.196811,53.391775,5204.144360,True,OK
1777554462.686625,True,True,0.35154278,802,476,79.389878,53.400289,5206.679371,True,OK
1777554462.702544,True,True,0.35175062,796,470,187.493474,53.422179,5209.664074,True,OK
1777554462.739212,True,True,0.35142225,791,464,74.853458,53.430234,5212.408769,True,OK
1777554462.781742,True,True,0.35138010,787,459,52.901530,53.430003,5214.658700,True,OK
1777554462.812604,True,True,0.35138010,787,459,0.000000,53.413113,5214.658700,True,OK
1777554462.860634,True,True,0.35145662,780,453,67.463935,53.420022,5217.898970,True,OK
1777554462.908025,True,True,0.35264572,776,453,29.764823,53.408551,5219.309552,True,OK
1777554462.939900,True,True,0.35283957,775,453,11.069513,53.394745,5219.662392,True,OK
1777554462.971834,True,True,0.35227965,769,455,69.769228,53.400093,5221.890404,True,OK
1777554463.003571,True,True,0.35206478,764,457,59.738973,53.402149,5223.786331,True,OK
1777554463.029979,True,True,0.35190279,762,461,59.593513,53.403820,5225.360088,True,OK
1777554463.067867,True,True,0.35183161,753,464,88.096636,53.417249,5228.697856,True,OK
1777554463.093643,True,True,0.35220191,750,457,104.060928,53.430581,5231.380146,True,OK
1777554463.131408,True,True,0.35266390,745,459,50.288043,53.429370,5233.279299,True,OK
1777554463.149416,True,True,0.35276704,742,460,61.947341,53.430936,5234.394846,True,OK
1777554463.196288,True,True,0.35288479,739,460,22.586120,53.416185,5235.453501,True,OK
1777554463.223701,True,True,0.35268163,734,458,69.284254,53.420622,5237.352749,True,OK
1777554463.244680,True,True,0.35260305,730,455,84.033615,53.427171,5239.115765,True,OK
1777554463.274127,True,True,0.35325308,726,451,67.861860,53.431504,5241.114066,True,OK
1777554463.295289,True,True,0.35325308,726,451,0.000000,53.419980,5241.114066,True,OK
1777554463.337314,True,True,0.35323659,723,458,64.013785,53.424515,5243.804236,True,OK
1777554463.365286,True,True,0.35341557,722,451,89.340305,53.434748,5246.303261,True,OK
1777554463.400470,True,True,0.35306905,721,448,31.732896,53.426973,5247.419763,True,OK
1777554463.436631,True,True,0.35296754,719,446,27.608320,53.417471,5248.418106,True,OK
1777554463.479999,True,True,0.35335470,713,447,49.561689,53.415770,5250.567479,True,OK
1777554463.510576,True,True,0.35301035,709,450,57.724023,53.417110,5252.332531,True,OK
1777554463.532844,True,True,0.35301035,709,450,0.000000,53.405015,5252.332531,True,OK
1777554463.573255,True,True,0.35410651,701,457,93.149109,53.421339,5256.096735,True,OK
1777554463.607018,True,True,0.35410651,701,457,0.000000,53.403014,5256.096735,True,OK
1777554463.631465,True,True,0.35396929,696,458,73.826178,53.408085,5257.901631,True,OK
1777554463.652215,True,True,0.35401629,689,459,120.640793,53.422253,5260.404904,True,OK
1777554463.699434,True,True,0.35436285,681,458,60.504508,53.425647,5263.261869,True,OK
1777554463.728799,True,True,0.35453678,672,455,114.540393,53.443859,5266.625300,True,OK
1777554463.762687,True,True,0.35439825,651,448,231.492145,53.505066,5274.470240,True,OK
1777554463.794320,True,True,0.35439825,651,448,0.000000,53.487903,5274.470240,True,OK
1777554463.812172,True,True,0.35440034,642,445,188.335700,53.512310,5277.832377,True,OK
1777554463.860456,True,True,0.35436036,633,444,66.458491,53.518645,5281.041246,True,OK
1777554463.890236,True,True,0.35445190,625,442,98.149563,53.532110,5283.964131,True,OK
1777554463.922056,True,True,0.35467623,616,441,100.934128,53.547386,5287.175861,True,OK
1777554463.953614,True,True,0.35470206,606,440,112.956478,53.566368,5290.740573,True,OK
1777554463.985543,True,True,0.35483406,596,438,113.332167,53.585683,5294.359184,True,OK
1777554464.017592,True,True,0.35485579,586,436,112.917523,53.604922,5297.978018,True,OK
1777554464.041828,True,True,0.35419859,577,435,132.339409,53.624225,5301.185422,True,OK
1777554464.080682,True,True,0.35512030,568,435,82.260037,53.635475,5304.381505,True,OK
1777554464.106178,True,True,0.35512030,568,435,0.000000,53.621651,5304.381505,True,OK
1777554464.144320,True,True,0.35474756,550,440,173.749524,53.667952,5311.008736,True,OK
1777554464.177824,True,True,0.35474756,550,440,0.000000,53.649788,5311.008736,True,OK
1777554464.207440,True,True,0.35480744,540,443,125.080133,53.671151,5314.713035,True,OK
1777554464.239187,True,True,0.35453297,529,446,127.328085,53.694758,5318.755332,True,OK
1777554464.270560,True,True,0.35401050,516,449,150.547334,53.725423,5323.478422,True,OK
1777554464.293010,True,True,0.35441055,502,451,223.252659,53.763825,5328.490544,True,OK
1777554464.333971,True,True,0.35446958,487,451,129.808137,53.795240,5333.807587,True,OK
1777554464.362547,True,True,0.35423387,473,451,173.547453,53.829744,5338.766862,True,OK
1777554464.391217,True,True,0.35458431,458,450,185.924969,53.867919,5344.097433,True,OK
1777554464.431677,True,True,0.35349941,446,448,106.291273,53.889290,5348.397938,True,OK
1777554464.460433,True,True,0.35283155,434,448,147.234927,53.916329,5352.631917,True,OK
1777554464.492354,True,True,0.35354271,422,447,133.370679,53.941867,5356.889135,True,OK
1777554464.523655,True,True,0.35273041,374,447,540.902527,54.095306,5373.820195,True,OK
1777554464.544939,True,True,0.35255637,368,448,100.756732,54.105301,5375.964711,True,OK
1777554464.576128,True,True,0.35292943,361,448,79.211506,54.113180,5378.435217,True,OK
1777554464.602842,True,True,0.35292943,361,448,0.000000,54.098639,5378.435217,True,OK
1777554464.634709,True,True,0.35223100,354,449,78.158152,54.106349,5380.925867,True,OK
1777554464.660620,True,True,0.35172634,348,451,85.850961,54.114617,5383.150379,True,OK
1777554464.697772,True,True,0.35212018,339,451,85.300311,54.126260,5386.319461,True,OK
1777554464.728916,True,True,0.35206937,326,455,153.760359,54.157432,5391.108122,True,OK
1777554464.760700,True,True,0.35221151,315,458,126.346327,54.180474,5395.123951,True,OK
1777554464.792587,True,True,0.35202104,300,461,168.876276,54.217190,5400.508838,True,OK
1777554464.824167,True,True,0.35164147,285,466,176.055063,54.255806,5406.068777,True,OK
1777554464.858068,True,True,0.35141737,272,467,135.156997,54.283322,5410.650699,True,OK
1777554464.887379,True,True,0.35187997,261,464,136.877768,54.307603,5414.662748,True,OK
1777554464.909350,True,True,0.35162037,245,460,263.942247,54.353789,5420.461820,True,OK
1777554464.934984,True,True,0.35162037,245,460,0.000000,54.339821,5420.461820,True,OK
1777554464.957580,True,True,0.35152019,229,456,256.577857,54.385621,5426.259240,True,OK
1777554464.982412,True,True,0.35163825,213,448,253.306723,54.435118,5432.549536,True,OK
1777554465.014517,True,True,0.35154461,199,446,154.857722,54.467412,5437.521127,True,OK
1777554465.045836,True,True,0.35048153,185,444,158.256065,54.499964,5442.477685,True,OK
1777554465.077348,True,True,0.34977021,170,443,166.865800,54.535410,5447.735884,True,OK
1777554465.100800,True,True,0.34977021,170,443,0.000000,54.522610,5447.735884,True,OK
1777554465.123794,True,True,0.35051939,155,442,229.164032,54.562791,5453.005346,True,OK
1777554465.155778,True,True,0.34987450,142,445,145.945773,54.592027,5457.673254,True,OK
1777554465.176563,True,True,0.35056406,129,451,241.483441,54.630876,5462.692567,True,OK
1777554465.221458,True,True,0.35011383,115,457,118.784078,54.659667,5468.025342,True,OK
1777554465.251361,True,True,0.35056608,104,459,131.070258,54.682501,5471.944790,True,OK
1777554465.283090,True,True,0.35094018,96,464,104.344289,54.698242,5475.255553,True,OK
1777554465.315108,True,True,0.35094018,96,464,0.000000,54.680752,5475.255553,True,OK
1777554465.330835,True,True,0.35132132,88,468,199.806222,54.703542,5478.397867,True,OK
1777554465.378550,True,True,0.35132345,70,458,151.611193,54.749692,5485.632059,True,OK
1777554465.401540,True,True,0.35132345,70,458,0.000000,54.737133,5485.632059,True,OK
1777554465.426184,True,True,0.35096340,63,456,103.679899,54.749165,5488.187111,True,OK
1777554465.475187,True,True,0.35091018,49,454,101.270504,54.771896,5493.149731,True,OK
1777554465.495670,True,True,0.35091018,49,454,0.000000,54.760712,5493.149731,True,OK
1777554465.536556,True,True,0.35042779,42,453,60.604821,54.763093,5495.627629,True,OK
1777554465.585814,True,True,0.35010571,35,453,49.752901,54.760635,5498.078369,True,OK
1777554465.631190,True,True,0.34994008,266,552,1938.193365,55.611451,5586.025490,True,OK
1777554465.666857,True,True,0.34969927,265,552,9.804511,55.595192,5586.375190,True,OK
1777554465.711453,True,True,0.34906658,263,552,15.654629,55.577473,5587.073323,True,OK
1777554465.741091,True,True,0.34791799,266,553,37.121646,55.572034,5588.173536,True,OK
1777554465.773658,True,True,0.34898292,264,552,23.961690,55.561800,5588.953886,True,OK
1777554465.804376,True,True,0.34898292,264,552,0.000000,55.544838,5588.953886,True,OK
1777554465.852242,True,True,0.34893592,260,551,30.056902,55.532719,5590.392585,True,OK
1777554465.883796,True,True,0.34886196,261,551,11.055785,55.518782,5590.741447,True,OK
1777554465.915217,True,True,0.34836268,261,551,0.000000,55.501464,5590.741447,True,OK
1777554465.946215,True,True,0.34818456,260,551,11.232401,55.487845,5591.089632,True,OK
1777554465.977831,True,True,0.34870028,259,550,15.597589,55.475333,5591.582768,True,OK
1777554466.009184,True,True,0.34822159,260,550,11.106738,55.461536,5591.930990,True,OK
1777554466.056914,True,True,0.34784617,260,550,0.000000,55.435293,5591.930990,True,OK
1777554466.088932,True,True,0.34827448,261,550,10.877477,55.421155,5592.279264,True,OK
1777554466.104685,True,True,0.34778988,261,551,22.077649,55.415950,5592.627054,True,OK
1777554466.152176,True,True,0.34835746,262,551,7.335257,55.393335,5592.975412,True,OK
1777554466.186505,True,True,0.34795698,261,551,10.135756,55.377953,5593.323369,True,OK
1777554466.221433,True,True,0.34795698,261,551,0.000000,55.358809,5593.323369,True,OK
1777554466.252575,True,True,0.34837270,261,551,0.000000,55.341751,5593.323369,True,OK
1777554466.295940,True,True,0.34802297,261,552,8.025522,55.321459,5593.671392,True,OK
1777554466.327940,True,True,0.34850356,260,553,15.401796,55.308829,5594.164250,True,OK
1777554466.359193,True,True,0.34800183,260,553,0.000000,55.291744,5594.164250,True,OK
1777554466.391243,True,True,0.34832275,260,553,0.000000,55.274234,5594.164250,True,OK
1777554466.423085,True,True,0.34848161,265,554,55.804124,55.274401,5595.941165,True,OK
1777554466.464324,True,True,0.34795842,260,553,43.023740,55.269413,5597.715412,True,OK
1777554466.502554,True,True,0.34860344,259,554,12.895402,55.253424,5598.208411,True,OK
1777554466.526035,True,True,0.34803522,259,554,0.000000,55.240622,5598.208411,True,OK
1777554466.564645,True,True,0.34847740,259,554,0.000000,55.219584,5598.208411,True,OK
1777554466.580694,True,True,0.34856150,259,555,21.719027,55.214281,5598.556973,True,OK
1777554466.622778,True,True,0.34806777,258,555,8.270744,55.194806,5598.905041,True,OK
1777554466.659171,True,True,0.34727931,258,556,9.542620,55.178433,5599.252320,True,OK
1777554466.691329,True,True,0.34778427,256,555,24.182481,55.168614,5600.029989,True,OK
1777554466.723246,True,True,0.34774397,258,555,21.790615,55.158122,5600.725477,True,OK
1777554466.763042,True,True,0.34710988,256,556,19.503444,55.144153,5601.501638,True,OK
1777554466.802712,True,True,0.34710988,256,556,0.000000,55.122626,5601.501638,True,OK
1777554466.850051,True,True,0.34700997,258,556,14.660650,55.103786,5602.195658,True,OK
1777554466.882227,True,True,0.34804566,257,556,10.817008,55.089774,5602.543704,True,OK
1777554466.913902,True,True,0.34794487,257,556,0.000000,55.072621,5602.543704,True,OK
1777554466.945635,True,True,0.34776742,258,556,10.959325,55.058865,5602.891471,True,OK
1777554466.977032,True,True,0.34738218,259,557,15.646948,55.046709,5603.382744,True,OK
1777554467.008414,True,True,0.34796222,258,557,11.088010,55.033161,5603.730706,True,OK
1777554467.040220,True,True,0.34786789,258,556,10.937099,55.019391,5604.078574,True,OK
1777554467.071576,True,True,0.34786789,258,556,0.000000,55.002459,5604.078574,True,OK
1777554467.102483,True,True,0.34702023,258,556,0.000000,54.985780,5604.078574,True,OK
1777554467.134050,True,True,0.34739102,258,556,0.000000,54.968754,5604.078574,True,OK
1777554467.165306,True,True,0.34731001,258,556,0.000000,54.951907,5604.078574,True,OK
1777554467.197026,True,True,0.34773237,259,556,10.962750,54.938229,5604.426306,True,OK
1777554467.228471,True,True,0.34825306,258,556,11.074897,54.924713,5604.774559,True,OK
1777554467.260257,True,True,0.34812597,258,556,0.000000,54.907609,5604.774559,True,OK
1777554467.291931,True,True,0.34793766,258,556,0.000000,54.890577,5604.774559,True,OK
1777554467.323573,True,True,0.34741328,259,556,10.979347,54.876974,5605.121973,True,OK
1777554467.355219,True,True,0.34790622,260,556,10.993765,54.863382,5605.469879,True,OK
1777554467.387248,True,True,0.34816915,260,556,0.000000,54.846189,5605.469879,True,OK
1777554467.419474,True,True,0.34792423,260,555,10.796194,54.832303,5605.817803,True,OK
1777554467.451549,True,True,0.34788254,260,555,0.000000,54.815106,5605.817803,True,OK
1777554467.471519,True,True,0.34752866,260,555,0.000000,54.804404,5605.817803,True,OK
1777554467.514442,True,True,0.34790235,259,555,8.105181,54.784816,5606.165706,True,OK
1777554467.546126,True,True,0.34751628,260,554,15.511758,54.772660,5606.657168,True,OK
1777554467.577843,True,True,0.34726640,259,554,10.948636,54.759085,5607.004434,True,OK
1777554467.609205,True,True,0.34733983,261,530,266.731280,54.823988,5615.369485,True,OK
1777554467.640963,True,True,0.34733296,261,529,10.936841,54.810385,5615.716818,True,OK
1777554467.667788,True,True,0.34733296,261,529,0.000000,54.796038,5615.716818,True,OK
1777554467.706542,True,True,0.34762395,260,553,215.463247,54.856772,5624.067032,True,OK
1777554467.736006,True,True,0.34690469,262,553,23.548455,54.847777,5624.760841,True,OK
1777554467.767857,True,True,0.34638934,35,562,2470.611135,55.597847,5703.452997,True,OK
1777554467.799842,True,True,0.34638934,35,562,0.000000,55.580517,5703.452997,True,OK
1777554467.825033,True,True,0.34677079,42,551,179.483485,55.610926,5707.974335,True,OK
1777554467.866278,True,True,0.34654417,45,538,112.096601,55.633615,5712.597811,True,OK
1777554467.878959,True,True,0.34679780,51,530,273.478118,55.660515,5716.065789,True,OK
1777554467.926648,True,True,0.34656946,57,512,137.887803,55.698681,5722.641482,True,OK
1777554467.957277,True,True,0.34562278,66,496,207.150331,55.743818,5728.986273,True,OK
1777554467.989773,True,True,0.34632459,74,479,200.232575,55.789490,5735.493121,True,OK
1777554468.020766,True,True,0.34642333,84,461,230.156540,55.842041,5742.626414,True,OK
1777554468.052253,True,True,0.34619074,91,453,116.879058,55.860723,5746.306472,True,OK
1777554468.083931,True,True,0.34629933,99,449,97.774666,55.873627,5749.403868,True,OK
1777554468.115598,True,True,0.34582523,107,448,88.047355,55.883525,5752.192000,True,OK
1777554468.147314,True,True,0.34615322,112,444,69.883902,55.887837,5754.408462,True,OK
1777554468.178822,True,True,0.34615322,112,444,0.000000,55.870740,5754.408462,True,OK
1777554468.210505,True,True,0.34621197,120,442,90.108841,55.881269,5757.263399,True,OK
1777554468.242168,True,True,0.34657500,158,467,497.878029,56.017066,5773.027800,True,OK
1777554468.266913,True,True,0.34657500,158,467,0.000000,56.003620,5773.027800,True,OK
1777554468.305704,True,True,0.34665569,163,437,271.795057,56.084793,5783.570921,True,OK
1777554468.337108,True,True,0.34665569,163,437,0.000000,56.067718,5783.570921,True,OK
1777554468.352957,True,True,0.34681368,174,438,241.689675,56.096235,5787.401604,True,OK
1777554468.400100,True,True,0.34707723,186,438,88.348037,56.110965,5791.566530,True,OK
1777554468.431798,True,True,0.34700719,200,440,154.813456,56.141269,5796.473953,True,OK
1777554468.463622,True,True,0.34697530,207,441,77.095766,56.147725,5798.927439,True,OK
1777554468.495598,True,True,0.34704339,222,441,162.798765,56.180735,5804.133090,True,OK
1777554468.527475,True,True,0.34731310,238,440,174.666545,56.217283,5809.700943,True,OK
1777554468.559456,True,True,0.34779465,253,437,166.357408,56.251356,5815.021178,True,OK
1777554468.590947,True,True,0.34784486,266,435,145.284182,56.278470,5819.596363,True,OK
1777554468.622888,True,True,0.34838165,276,431,117.473487,56.297366,5823.348548,True,OK
1777554468.654652,True,True,0.34764814,291,428,167.420633,56.331480,5828.666542,True,OK
1777554468.686346,True,True,0.34846814,310,425,211.490585,56.378991,5835.369460,True,OK
1777554468.718154,True,True,0.34776210,325,423,165.450567,56.412500,5840.632056,True,OK
1777554468.749779,True,True,0.34805575,338,421,144.758528,56.439477,5845.210015,True,OK
1777554468.781766,True,True,0.34768786,354,422,174.248995,56.475853,5850.783875,True,OK
1777554468.797608,True,True,0.34768786,354,422,0.000000,56.467219,5850.783875,True,OK
1777554468.845134,True,True,0.34790175,398,454,398.265119,56.623924,5869.711776,True,OK
1777554468.876720,True,True,0.34782472,410,428,315.333714,56.702730,5879.671961,True,OK
1777554468.908863,True,True,0.34786935,438,457,436.272752,56.820353,5893.695022,True,OK
1777554468.940926,True,True,0.34834407,462,454,262.775776,56.883997,5902.120341,True,OK
1777554468.972609,True,True,0.34951066,480,451,201.304469,56.928083,5908.498312,True,OK
1777554469.006221,True,True,0.34951066,480,451,0.000000,56.909653,5908.498312,True,OK
1777554469.035724,True,True,0.34830144,496,450,189.256397,56.947252,5914.082009,True,OK
1777554469.067828,True,True,0.34881490,509,448,142.906595,56.973817,5918.669953,True,OK
1777554469.099037,True,True,0.34905064,522,447,145.828736,57.000502,5923.221016,True,OK
1777554469.131174,True,True,0.34868729,536,446,152.286635,57.029962,5928.115076,True,OK
1777554469.147188,True,True,0.34938330,549,446,283.628227,57.064865,5932.657059,True,OK
1777554469.194494,True,True,0.34944544,558,420,203.237554,57.131348,5942.271572,True,OK
1777554469.226629,True,True,0.34929177,574,421,174.254065,57.167523,5947.871145,True,OK
1777554469.258349,True,True,0.35023068,588,425,160.764439,57.199097,5952.970581,True,OK
1777554469.290491,True,True,0.34976963,604,430,182.414838,57.237757,5958.833788,True,OK
1777554469.322323,True,True,0.34972635,622,435,205.247281,57.282999,5965.367215,True,OK
1777554469.353929,True,True,0.35007434,641,441,220.691987,57.332578,5972.342397,True,OK
1777554469.385594,True,True,0.34959115,656,443,167.072138,57.365925,5977.632671,True,OK
1777554469.417464,True,True,0.34959982,672,446,178.570758,57.402985,5983.323744,True,OK
1777554469.449007,True,True,0.35055200,686,446,155.586067,57.432688,5988.231472,True,OK
1777554469.480875,True,True,0.34998744,699,446,142.770345,57.458763,5992.781309,True,OK
1777554469.504124,True,True,0.35031007,712,445,196.460146,57.489741,5997.348793,True,OK
1777554469.544454,True,True,0.35111739,725,442,116.154865,57.512412,6002.033283,True,OK
1777554469.575930,True,True,0.35065236,739,439,159.504844,57.543165,6007.053861,True,OK
1777554469.607691,True,True,0.35065236,739,439,0.000000,57.525663,6007.053861,True,OK
1777554469.639039,True,True,0.35023247,764,436,281.311858,57.592824,6015.872490,True,OK
1777554469.670769,True,True,0.35023247,764,436,0.000000,57.575334,6015.872490,True,OK
1777554469.704523,True,True,0.35167507,775,439,118.794354,57.595104,6019.882202,True,OK
1777554469.723911,True,True,0.35159584,787,443,229.380012,57.626964,6024.329577,True,OK
1777554469.750103,True,True,0.35145123,813,455,384.241407,57.708775,6034.393609,True,OK
1777554469.797569,True,True,0.35145123,813,455,0.000000,57.682591,6034.393609,True,OK
1777554469.829528,True,True,0.35159594,827,461,167.572830,57.716151,6039.748958,True,OK
1777554469.860989,True,True,0.35195844,844,462,190.510035,57.756063,6045.742595,True,OK
1777554469.876949,True,True,0.35254228,854,463,221.989849,57.781100,6049.285601,True,OK
1777554469.924624,True,True,0.35275435,861,463,51.793888,57.778374,6051.754881,True,OK
1777554469.955915,True,True,0.35283609,867,462,68.587928,57.781603,6053.901099,True,OK
1777554469.987925,True,True,0.35298909,875,462,88.221460,57.790900,6056.725012,True,OK
1777554470.019815,True,True,0.35275799,881,464,69.959025,57.794601,6058.956049,True,OK
1777554470.035519,True,True,0.35249785,885,466,100.386815,57.800980,6060.532468,True,OK
1777554470.083018,True,True,0.35360719,891,467,45.282840,57.795312,6062.683376,True,OK
1777554470.114612,True,True,0.35290256,896,469,60.153168,57.796022,6064.583815,True,OK
1777554470.161917,True,True,0.35320311,901,472,43.536305,57.789596,6066.643325,True,OK
1777554470.193835,True,True,0.35380359,906,476,70.976500,57.793604,6068.908773,True,OK
1777554470.212187,True,True,0.35329392,910,479,96.258467,57.800325,6070.675243,True,OK
1777554470.258584,True,True,0.35433393,915,468,92.277342,57.815549,6074.956676,True,OK
1777554470.290002,True,True,0.35407559,919,473,72.162489,57.819837,6077.223866,True,OK
1777554470.305776,True,True,0.35424541,923,477,127.037080,57.830224,6079.227781,True,OK
1777554470.353112,True,True,0.35453306,926,479,27.004623,57.816350,6080.506068,True,OK
1777554470.371194,True,True,0.35489767,929,527,943.932830,57.968677,6097.574395,True,OK
1777554470.405332,True,True,0.35475587,931,532,55.962491,57.968026,6099.484814,True,OK
1777554470.436716,True,True,0.35475587,931,532,0.000000,57.950741,6099.484814,True,OK
1777554470.464129,True,True,0.35465191,262,555,8660.017146,60.190605,6336.887118,True,OK
1777554470.483498,True,True,0.35493635,265,555,54.975232,60.189646,6337.951927,True,OK
1777554470.527564,True,True,0.35452452,264,555,8.045360,60.167834,6338.306451,True,OK
1777554470.550860,True,True,0.35473584,265,555,15.227407,60.157898,6338.661187,True,OK
1777554470.575362,True,True,0.35517974,263,554,32.413560,60.151448,6339.455393,True,OK
1777554470.609211,True,True,0.35514392,262,554,10.491858,60.135503,6339.810537,True,OK
1777554470.638911,True,True,0.35479752,262,554,0.000000,60.118567,6339.810537,True,OK
1777554470.670676,True,True,0.35479752,262,554,0.000000,60.100464,6339.810537,True,OK
1777554470.702112,True,True,0.35464590,264,554,22.563066,60.089281,6340.519829,True,OK
1777554470.734005,True,True,0.35507856,263,553,15.744808,60.075881,6341.021986,True,OK
1777554470.766106,True,True,0.35405166,263,553,0.000000,60.057616,6341.021986,True,OK
1777554470.797743,True,True,0.35405166,263,553,0.000000,60.039626,6341.021986,True,OK
1777554470.829654,True,True,0.35417007,260,527,290.474764,60.109232,6350.291504,True,OK
1777554470.861312,True,True,0.35448334,259,528,15.835491,60.095969,6350.792819,True,OK
1777554470.893012,True,True,0.35456389,934,610,7605.278045,62.358639,6591.882967,True,OK
1777554470.924952,True,True,0.35403731,928,598,148.713569,62.384723,6596.632876,True,OK
1777554470.957086,True,True,0.35403565,922,579,219.521318,62.432461,6603.686987,True,OK
1777554470.989730,True,True,0.35486522,915,555,271.772790,62.497048,6612.558617,True,OK
1777554471.021068,True,True,0.35387742,908,518,425.229433,62.604450,6625.884346,True,OK
1777554471.052948,True,True,0.35425695,900,516,91.633148,62.613192,6628.805623,True,OK
1777554471.072366,True,True,0.35409776,892,514,150.375972,62.629286,6631.725588,True,OK
1777554471.103331,True,True,0.35409776,892,514,0.000000,62.610976,6631.725588,True,OK
1777554471.148868,True,True,0.35397521,875,510,135.756513,62.642409,6637.907499,True,OK
1777554471.199247,True,True,0.35350492,866,508,64.692362,62.643383,6641.166654,True,OK
1777554471.246819,True,True,0.35335360,857,507,67.261749,62.645455,6644.366407,True,OK
1777554471.275832,True,True,0.35404364,849,505,100.627404,62.655841,6647.285925,True,OK
1777554471.291878,True,True,0.35341788,840,504,199.449903,62.676528,6650.486260,True,OK
1777554471.323737,True,True,0.35333552,833,502,80.741612,62.681950,6653.058582,True,OK
1777554471.356037,True,True,0.35319709,823,501,109.894346,62.696313,6656.608169,True,OK
1777554471.388266,True,True,0.35334687,814,499,101.079853,62.707961,6659.865866,True,OK
1777554471.410886,True,True,0.35316468,805,498,141.376937,62.724713,6663.063908,True,OK
1777554471.451902,True,True,0.35322762,786,497,163.854014,62.763746,6669.784522,True,OK
1777554471.483684,True,True,0.35315504,767,497,211.127843,62.808104,6676.494468,True,OK
1777554471.503600,True,True,0.35315504,767,497,0.000000,62.796338,6676.494468,True,OK
1777554471.547113,True,True,0.35420161,731,494,294.060141,62.890947,6689.289924,True,OK
1777554471.579104,True,True,0.35418906,714,489,196.189303,62.931027,6695.566170,True,OK
1777554471.611398,True,True,0.35420095,697,486,189.338420,62.969384,6701.680627,True,OK
1777554471.643532,True,True,0.35374405,682,485,165.492307,63.000329,6706.998566,True,OK
1777554471.675754,True,True,0.35418581,667,479,177.581813,63.034999,6712.720613,True,OK
1777554471.707464,True,True,0.35418581,667,479,0.000000,63.016235,6712.720613,True,OK
1777554471.739624,True,True,0.35404851,652,477,166.596973,63.047497,6718.078339,True,OK
1777554471.755711,True,True,0.35466771,622,477,661.422898,63.137819,6728.718370,True,OK
1777554471.803577,True,True,0.35466771,622,477,0.000000,63.109474,6728.718370,True,OK
1777554471.826883,True,True,0.35354416,608,476,212.915161,63.142213,6733.680599,True,OK
1777554471.850991,True,True,0.35473624,595,477,191.855539,63.171303,6738.305794,True,OK
1777554471.871694,True,True,0.35448216,581,477,239.707989,63.205561,6743.268544,True,OK
1777554471.898822,True,True,0.35448216,581,477,0.000000,63.189493,6743.268544,True,OK
1777554471.946108,True,True,0.35438021,553,479,210.379813,63.254685,6753.216471,True,OK
1777554471.977769,True,True,0.35424407,537,481,180.407409,63.289417,6758.928485,True,OK
1777554471.997929,True,True,0.35424407,537,481,0.000000,63.277473,6758.928485,True,OK
1777554472.041077,True,True,0.35455384,504,493,288.537757,63.368431,6771.378324,True,OK
1777554472.072773,True,True,0.35455384,504,493,0.000000,63.349640,6771.378324,True,OK
1777554472.104589,True,True,0.35354208,488,487,189.883350,63.387292,6777.419653,True,OK
1777554472.136518,True,True,0.35399242,473,486,166.667022,63.418126,6782.741326,True,OK
1777554472.168049,True,True,0.35460600,458,485,169.073043,63.449264,6788.072223,True,OK
1777554472.191746,True,True,0.35443777,444,490,222.351592,63.484453,6793.341320,True,OK
1777554472.215495,True,True,0.35413456,430,487,213.495698,63.517740,6798.411755,True,OK
1777554472.262707,True,True,0.35418823,415,488,112.780706,63.539460,6803.736372,True,OK
1777554472.294101,True,True,0.35425784,377,489,428.956516,63.646562,6817.202830,True,OK
1777554472.341222,True,True,0.35423602,362,483,121.449528,63.671981,6822.925688,True,OK
1777554472.389875,True,True,0.35404427,354,486,62.174530,63.671301,6825.950643,True,OK
1777554472.416471,True,True,0.35393005,343,489,151.728710,63.693141,6829.986067,True,OK
1777554472.451775,True,True,0.35371121,327,488,160.617754,63.725041,6835.656489,True,OK
1777554472.483103,True,True,0.35484778,311,488,181.232686,63.759349,6841.334053,True,OK
1777554472.514634,True,True,0.35519648,296,486,170.469756,63.790698,6846.709152,True,OK
1777554472.533541,True,True,0.35552895,281,478,319.660302,63.835764,6852.753144,True,OK
1777554472.561753,True,True,0.35552895,281,478,0.000000,63.818992,6852.753144,True,OK
1777554472.594048,True,True,0.35520825,265,473,184.374590,63.855240,6858.707519,True,OK
1777554472.625656,True,True,0.35506393,249,469,185.266045,63.890957,6864.563383,True,OK
1777554472.657693,True,True,0.35483113,234,466,169.423757,63.922416,6869.991256,True,OK
1777554472.679264,True,True,0.35472402,217,464,281.482189,63.966074,6876.063153,True,OK
1777554472.721467,True,True,0.35472402,217,464,0.000000,63.940970,6876.063153,True,OK
1777554472.743779,True,True,0.35530153,175,468,671.853616,64.067073,6891.053341,True,OK
1777554472.785132,True,True,0.35605039,169,474,73.057671,64.070528,6894.074529,True,OK
1777554472.806912,True,True,0.35605039,169,474,0.000000,64.057562,6894.074529,True,OK
1777554472.836629,True,True,0.35563776,143,442,493.424662,64.176088,6908.737849,True,OK
1777554472.879896,True,True,0.35560547,99,454,374.835575,64.300897,6924.955954,True,OK
1777554472.911325,True,True,0.35560547,99,454,0.000000,64.282138,6924.955954,True,OK
1777554472.944357,True,True,0.35546425,90,457,102.087764,64.293726,6928.328184,True,OK
1777554472.959259,True,True,0.35659021,82,457,191.436786,64.311306,6931.180906,True,OK
1777554473.006472,True,True,0.35620527,74,457,60.357356,64.309575,6934.030548,True,OK
1777554473.026658,True,True,0.35674421,66,459,145.732739,64.324816,6936.972336,True,OK
1777554473.054335,True,True,0.35723165,58,460,104.062473,64.335011,6939.852429,True,OK
1777554473.086240,True,True,0.35758105,51,461,79.249245,64.339421,6942.380909,True,OK
1777554473.102068,True,True,0.35743871,43,461,180.665394,64.356482,6945.240419,True,OK
1777554473.149893,True,True,0.35768953,36,462,52.884820,64.351400,6947.769666,True,OK
1777554473.181715,True,True,0.35766409,30,464,71.085058,64.353384,6950.031732,True,OK
1777554473.200929,True,True,0.35766409,30,464,0.000000,64.341937,6950.031732,True,OK
1777554473.229485,True,True,0.35754344,24,465,76.160652,64.345061,6952.206584,True,OK
1777554473.245620,True,True,0.35808491,16,471,221.937403,64.368591,6955.787433,True,OK
1777554473.277468,True,True,0.35772062,262,533,2849.469122,65.189185,7046.538553,True,OK
1777554473.309600,True,True,0.35781240,263,533,11.135651,65.173122,7046.896365,True,OK
1777554473.341379,True,True,0.35730224,262,558,281.305827,65.236627,7055.836065,True,OK
1777554473.363325,True,True,0.35730224,262,558,0.000000,65.223393,7055.836065,True,OK
1777554473.400513,True,True,0.35749302,261,559,13.594997,65.205651,7056.341636,True,OK
1777554473.437396,True,True,0.35724584,261,559,0.000000,65.183435,7056.341636,True,OK
1777554473.469265,True,True,0.35817603,261,560,11.239034,65.167559,7056.699812,True,OK
1777554473.485013,True,True,0.35824810,261,560,0.000000,65.158083,7056.699812,True,OK
1777554473.516928,True,True,0.35809347,261,561,11.219991,65.142193,7057.057905,True,OK
1777554473.548711,True,True,0.35812767,261,561,0.000000,65.123087,7057.057905,True,OK
1777554473.581867,True,True,0.35812590,261,562,10.801189,65.106471,7057.416031,True,OK
1777554473.628260,True,True,0.35868422,260,562,7.731483,65.081926,7057.774716,True,OK
1777554473.659804,True,True,0.35825412,261,562,11.357293,65.066304,7058.132970,True,OK
1777554473.691983,True,True,0.35847631,260,562,11.140029,65.050311,7058.491446,True,OK
1777554473.707859,True,True,0.35869810,259,562,22.593315,65.044100,7058.850144,True,OK
1777554473.755337,True,True,0.35818346,260,563,10.669117,65.020322,7059.356692,True,OK
1777554473.787156,True,True,0.35818346,260,563,0.000000,65.001272,7059.356692,True,OK
1777554473.819161,True,True,0.35794450,259,563,11.183910,64.985417,7059.714637,True,OK
1777554473.851311,True,True,0.35781127,260,563,11.129505,64.969484,7060.072448,True,OK
1777554473.885275,True,True,0.35717132,261,563,10.516199,64.952470,7060.429619,True,OK
1777554473.915328,True,True,0.35782536,261,563,0.000000,64.934517,7060.429619,True,OK
1777554473.931274,True,True,0.35794937,260,564,31.745397,64.929650,7060.935836,True,OK
1777554473.963326,True,True,0.35770794,260,564,0.000000,64.910518,7060.935836,True,OK
1777554473.994884,True,True,0.35770794,260,564,0.000000,64.891693,7060.935836,True,OK
1777554474.026764,True,True,0.35797800,260,564,0.000000,64.872686,7060.935836,True,OK
1777554474.058385,True,True,0.35814931,261,564,11.326234,64.857135,7061.293985,True,OK
1777554474.090400,True,True,0.35785938,262,564,11.177920,64.841355,7061.651845,True,OK
1777554474.111055,True,True,0.35687957,262,564,0.000000,64.829059,7061.651845,True,OK
1777554474.154006,True,True,0.35785850,260,565,18.630495,64.810850,7062.452041,True,OK
1777554474.201457,True,True,0.35818539,262,566,16.879109,64.789987,7063.252968,True,OK
1777554474.222523,True,True,0.35818539,262,566,0.000000,64.777470,7063.252968,True,OK
1777554474.264827,True,True,0.35845584,262,565,8.473276,64.755634,7063.611423,True,OK
1777554474.280673,True,True,0.35776913,260,566,50.487915,64.753561,7064.411419,True,OK
1777554474.328333,True,True,0.35829354,262,565,16.809794,64.732625,7065.212588,True,OK
1777554474.360127,True,True,0.35788989,261,565,11.256498,64.717052,7065.570478,True,OK
1777554474.391895,True,True,0.35796470,261,566,11.268230,64.701505,7065.928443,True,OK
1777554474.423646,True,True,0.35792568,262,565,15.942442,64.687333,7066.434626,True,OK
1777554474.439785,True,True,0.35836462,262,565,0.000000,64.677777,7066.434626,True,OK
1777554474.488138,True,True,0.35831384,264,564,16.570198,64.656496,7067.235840,True,OK
1777554474.520031,True,True,0.35809698,262,564,22.456139,64.644186,7067.952034,True,OK
1777554474.551490,True,True,0.35846865,263,564,11.394841,64.628869,7068.310503,True,OK
1777554474.581051,True,True,0.35853188,262,564,12.128722,64.614683,7068.669035,True,OK
1777554474.632649,True,True,0.35840774,263,563,9.823243,64.588852,7069.175900,True,OK
1777554474.662174,True,True,0.35791770,264,563,12.122611,64.574703,7069.533817,True,OK
1777554474.695043,True,True,0.35911640,263,563,10.925812,64.558600,7069.892934,True,OK
1777554474.725935,True,True,0.35814898,264,562,16.395352,64.545017,7070.399433,True,OK
1777554474.757730,True,True,0.35797679,264,562,0.000000,64.526289,7070.399433,True,OK
1777554474.789584,True,True,0.35833506,265,562,11.249242,64.510805,7070.757768,True,OK
1777554474.837481,True,True,0.35784582,265,537,186.780296,64.564212,7079.703914,True,OK
1777554474.869136,True,True,0.35800258,265,537,0.000000,64.545579,7079.703914,True,OK
1777554474.884915,True,True,0.35868762,265,560,522.850311,64.611498,7087.953729,True,OK
1777554474.932530,True,True,0.35828639,266,561,10.641349,64.588082,7088.460422,True,OK
1777554474.964244,True,True,0.35846051,266,561,0.000000,64.569424,7088.460422,True,OK
1777554474.995838,True,True,0.35832202,266,560,11.341616,64.554110,7088.818744,True,OK
1777554475.011653,True,True,0.35841713,266,560,0.000000,64.544814,7088.818744,True,OK
1777554475.059232,True,True,0.35877343,267,560,7.540576,64.520130,7089.177518,True,OK
1777554475.081471,True,True,0.35797593,266,559,22.764049,64.511680,7089.683772,True,OK
1777554475.124972,True,True,0.35896631,268,559,16.504037,64.492685,7090.401705,True,OK
1777554475.156523,True,True,0.35886962,267,559,11.373969,64.477445,7090.760575,True,OK
1777554475.204534,True,True,0.35844216,267,558,7.465935,64.452566,7091.119017,True,OK
1777554475.234278,True,True,0.35905173,267,558,0.000000,64.435146,7091.119017,True,OK
1777554475.265870,True,True,0.35844905,267,559,11.346150,64.419910,7091.477466,True,OK
1777554475.297247,True,True,0.35913971,267,558,11.445839,64.404815,7091.836605,True,OK
1777554475.313447,True,True,0.35881621,267,558,0.000000,64.395341,7091.836605,True,OK
1777554475.361036,True,True,0.35900102,267,558,0.000000,64.367527,7091.836605,True,OK
1777554475.392837,True,True,0.35903502,267,558,0.000000,64.348954,7091.836605,True,OK
1777554475.408670,True,True,0.35889026,267,558,0.000000,64.339710,7091.836605,True,OK
1777554475.456302,True,True,0.35879283,268,558,7.532679,64.315173,7092.195398,True,OK
1777554475.503863,True,True,0.35944895,268,558,0.000000,64.287445,7092.195398,True,OK
1777554475.524461,True,True,0.35944895,268,558,0.000000,64.275444,7092.195398,True,OK
1777554475.551566,True,True,0.35946613,267,558,13.262057,64.262916,7092.554864,True,OK
1777554475.599050,True,True,0.35949708,269,558,15.141692,64.241792,7093.273859,True,OK
1777554475.614820,True,True,0.35978072,268,558,22.814310,64.235876,7093.633639,True,OK
1777554475.649610,True,True,0.35918758,268,558,0.000000,64.215645,7093.633639,True,OK
1777554475.694111,True,True,0.35919420,268,558,0.000000,64.189787,7093.633639,True,OK
1777554475.726923,True,True,0.35910532,268,558,0.000000,64.170733,7093.633639,True,OK
1777554475.750643,True,True,0.35878456,268,558,0.000000,64.156966,7093.633639,True,OK
1777554475.789759,True,True,0.35878456,268,558,0.000000,64.134278,7093.633639,True,OK
1777554475.821345,True,True,0.35955547,268,533,284.580838,64.197214,7102.622526,True,OK
1777554475.842161,True,True,0.35939343,268,533,0.000000,64.185137,7102.622526,True,OK
1777554475.869151,True,True,0.35939343,268,533,0.000000,64.169487,7102.622526,True,OK
1777554475.900779,True,True,0.35846632,268,556,260.676967,64.225622,7110.867251,True,OK
1777554475.932638,True,True,0.35917742,267,556,11.273745,64.210389,7111.226429,True,OK
1777554475.964415,True,True,0.35941749,269,556,22.621642,64.198460,7111.945264,True,OK
1777554475.980595,True,True,0.35942554,267,557,49.671582,64.196339,7112.748964,True,OK
1777554476.012578,True,True,0.35952345,267,556,11.241031,64.181057,7113.108487,True,OK
1777554476.044107,True,True,0.35963903,268,556,11.406543,64.166047,7113.468126,True,OK
1777554476.063649,True,True,0.35963903,268,556,0.000000,64.154739,7113.468126,True,OK
1777554476.092087,True,True,0.35948501,269,554,28.266538,64.145537,7114.271959,True,OK
1777554476.123836,True,True,0.35879247,268,554,11.300987,64.130414,7114.630752,True,OK
1777554476.155753,True,True,0.35854153,268,553,11.233526,64.115200,7114.989293,True,OK
1777554476.187628,True,True,0.35854153,268,553,0.000000,64.096789,7114.989293,True,OK
1777554476.219480,True,True,0.35871993,268,553,0.000000,64.078402,7114.989293,True,OK
1777554476.235413,True,True,0.35924004,267,553,22.546191,64.072443,7115.348533,True,OK
1777554476.283179,True,True,0.35836602,269,553,15.005152,64.051347,7116.065265,True,OK
1777554476.314920,True,True,0.35929594,268,552,16.008163,64.037625,7116.573386,True,OK
1777554476.346310,True,True,0.35907833,268,552,0.000000,64.019542,7116.573386,True,OK
1777554476.378521,True,True,0.35869290,268,552,0.000000,64.000997,7116.573386,True,OK
1777554476.410235,True,True,0.35888043,268,552,0.000000,63.982748,7116.573386,True,OK
1777554476.441934,True,True,0.35892474,267,552,11.323095,63.967745,7116.932311,True,OK
1777554476.473963,True,True,0.35865030,267,552,0.000000,63.949335,7116.932311,True,OK
1777554476.494968,True,True,0.35865030,267,552,0.000000,63.937267,7116.932311,True,OK
1777554476.521833,True,True,0.35902325,267,552,0.000000,63.921840,7116.932311,True,OK
1777554476.554076,True,True,0.35882067,268,552,11.128715,63.906556,7117.291132,True,OK
1777554476.580339,True,True,0.35872025,267,552,13.658646,63.894709,7117.649852,True,OK
1777554476.601717,True,True,0.35834144,267,552,0.000000,63.882450,7117.649852,True,OK
1777554476.649474,True,True,0.35938768,267,552,0.000000,63.855080,7117.649852,True,OK
1777554476.696578,True,True,0.35876794,267,552,0.000000,63.828107,7117.649852,True,OK
1777554476.728600,True,True,0.35837344,267,552,0.000000,63.809783,7117.649852,True,OK
1777554476.760124,True,True,0.35861605,266,551,16.088079,63.796300,7118.157012,True,OK
1777554476.791457,True,True,0.35861605,266,551,0.000000,63.778390,7118.157012,True,OK
1777554476.823183,True,True,0.35775234,267,549,25.214887,63.767431,7118.956970,True,OK
1777554476.855186,True,True,0.35810320,266,525,268.777856,63.826185,7127.558904,True,OK
1777554476.885832,True,True,0.35762266,266,549,280.073099,63.885512,7136.141848,True,OK
1777554476.918332,True,True,0.35771233,265,550,15.565346,63.871457,7136.647730,True,OK
1777554476.949446,True,True,0.35763154,263,550,22.988918,63.860076,7137.362993,True,OK
1777554476.996959,True,True,0.35695246,263,550,0.000000,63.832940,7137.362993,True,OK
1777554477.028958,True,True,0.35683266,264,550,11.151413,63.817867,7137.719826,True,OK
1777554477.060290,True,True,0.35741567,264,550,0.000000,63.799994,7137.719826,True,OK
1777554477.092017,True,True,0.35668605,264,550,0.000000,63.781906,7137.719826,True,OK
1777554477.123885,True,True,0.35636835,264,551,11.182813,63.766932,7138.076194,True,OK
1777554477.155612,True,True,0.35646024,264,550,11.235038,63.752047,7138.432654,True,OK
1777554477.187286,True,True,0.35634237,264,550,0.000000,63.734019,7138.432654,True,OK
1777554477.219481,True,True,0.35696744,264,550,0.000000,63.715704,7138.432654,True,OK
1777554477.251007,True,True,0.35639805,263,550,11.304605,63.700960,7138.789052,True,OK
1777554477.282992,True,True,0.35720148,263,550,0.000000,63.682785,7138.789052,True,OK
1777554477.314549,True,True,0.35647330,261,550,22.592114,63.671220,7139.501999,True,OK
1777554477.336648,True,True,0.35558399,261,549,16.090488,63.661845,7139.857583,True,OK
1777554477.378106,True,True,0.35554295,261,550,8.576051,63.641490,7140.213126,True,OK
1777554477.409938,True,True,0.35554295,261,550,0.000000,63.623438,7140.213126,True,OK
1777554477.441555,True,True,0.35556791,262,549,15.904423,63.609998,7140.715975,True,OK
1777554477.473505,True,True,0.35592787,263,550,15.754439,63.596382,7141.219333,True,OK
1777554477.489578,True,True,0.35592787,263,550,0.000000,63.587280,7141.219333,True,OK
1777554477.537345,True,True,0.35562659,263,549,7.444964,63.563411,7141.574959,True,OK
1777554477.569279,True,True,0.35562659,263,549,0.000000,63.545350,7141.574959,True,OK
1777554477.601257,True,True,0.35532412,261,549,22.222780,63.533595,7142.285608,True,OK
1777554477.633131,True,True,0.35534645,262,549,11.148744,63.518747,7142.640954,True,OK
1777554477.648879,True,True,0.35606242,262,549,0.000000,63.509853,7142.640954,True,OK
1777554477.696077,True,True,0.35533974,261,549,7.528580,63.486369,7142.996294,True,OK
1777554477.728035,True,True,0.35512281,261,549,0.000000,63.468341,7142.996294,True,OK
1777554477.759860,True,True,0.35532092,262,550,15.789431,63.454863,7143.498794,True,OK
1777554477.791262,True,True,0.35532092,262,550,0.000000,63.437167,7143.498794,True,OK
1777554477.823026,True,True,0.35529011,262,550,0.000000,63.419278,7143.498794,True,OK
1777554477.855214,True,True,0.35496253,262,551,11.027894,63.404311,7143.853756,True,OK
1777554477.905980,True,True,0.35448077,262,550,6.982544,63.378901,7144.208237,True,OK
1777554477.951023,True,True,0.35463635,263,552,17.605202,63.360617,7145.001228,True,OK
1777554477.999036,True,True,0.35560916,260,552,22.219788,63.343108,7146.068055,True,OK
1777554478.030452,True,True,0.35484681,263,552,33.884589,63.334907,7147.132596,True,OK
1777554478.046598,True,True,0.35521504,261,553,49.196265,63.332884,7147.926881,True,OK
1777554478.093646,True,True,0.35546355,261,553,0.000000,63.306494,7147.926881,True,OK
1777554478.109627,True,True,0.35514053,260,553,22.223392,63.300680,7148.282021,True,OK
1777554478.157091,True,True,0.35517321,260,553,0.000000,63.274085,7148.282021,True,OK
1777554478.188867,True,True,0.35501505,261,553,11.172361,63.259435,7148.637036,True,OK
1777554478.204758,True,True,0.35551091,260,552,31.639834,63.254989,7149.139805,True,OK
1777554478.252530,True,True,0.35440229,261,553,10.491528,63.232696,7149.641005,True,OK
1777554478.283920,True,True,0.35496681,261,528,282.707354,63.293609,7158.515175,True,OK
1777554478.305641,True,True,0.35467160,262,527,23.091363,63.285890,7159.016757,True,OK
1777554478.347357,True,True,0.35480435,261,552,212.801602,63.341006,7167.893959,True,OK
1777554478.379065,True,True,0.35498310,261,552,0.000000,63.323264,7167.893959,True,OK
1777554478.411167,True,True,0.35511936,262,552,11.062182,63.308447,7168.249078,True,OK
1777554478.432746,True,True,0.35568440,263,527,412.392280,63.374964,7177.148299,True,OK
1777554478.474495,True,True,0.35538310,262,552,212.978307,63.430095,7186.039981,True,OK
1777554478.490627,True,True,0.35538310,262,552,0.000000,63.421065,7186.039981,True,OK
1777554478.538637,True,True,0.35557782,262,551,7.406421,63.397341,7186.395559,True,OK
1777554478.570916,True,True,0.35557782,262,551,0.000000,63.379293,7186.395559,True,OK
1777554478.602477,True,True,0.35563371,263,551,11.267919,63.364791,7186.751193,True,OK
1777554478.634526,True,True,0.35615431,263,550,11.113074,63.350031,7187.107347,True,OK
1777554478.666280,True,True,0.35509048,263,550,0.000000,63.332304,7187.107347,True,OK
1777554478.698189,True,True,0.35511793,263,550,0.000000,63.314501,7187.107347,True,OK
1777554478.730009,True,True,0.35597616,263,549,11.187246,63.299894,7187.463323,True,OK
1777554478.761482,True,True,0.35661677,264,549,11.330822,63.285493,7187.819940,True,OK
1777554478.793194,True,True,0.35661677,264,549,0.000000,63.267828,7187.819940,True,OK
1777554478.808899,True,True,0.35629040,263,547,50.726511,63.266094,7188.616629,True,OK
1777554478.840547,True,True,0.35628374,263,548,11.257900,63.251613,7188.972913,True,OK
1777554478.856299,True,True,0.35628374,263,548,0.000000,63.242848,7188.972913,True,OK
1777554478.904083,True,True,0.35602047,263,547,7.450570,63.219404,7189.328934,True,OK
1777554478.920084,True,True,0.35602047,263,547,0.000000,63.210510,7189.328934,True,OK
1777554478.967911,True,True,0.35624236,263,547,0.000000,63.183941,7189.328934,True,OK
1777554478.985542,True,True,0.35624236,263,547,0.000000,63.174152,7189.328934,True,OK
1777554479.016128,True,True,0.35674007,262,546,16.494947,63.161610,7189.833440,True,OK
1777554479.056694,True,True,0.35674007,262,546,0.000000,63.139109,7189.833440,True,OK
1777554479.083594,True,True,0.35596186,264,546,26.465044,63.130448,7190.545364,True,OK
1777554479.095110,True,True,0.35616524,264,521,773.174177,63.202232,7199.449495,True,OK
1777554479.133300,True,True,0.35616524,264,521,0.000000,63.181050,7199.449495,True,OK
1777554479.158149,True,True,0.35558524,267,545,346.119707,63.242735,7208.049955,True,OK
1777554479.186053,True,True,0.35676621,265,545,25.570505,63.233514,7208.763487,True,OK
1777554479.220826,True,True,0.35700066,264,544,14.519026,63.218660,7209.268362,True,OK
1777554479.238891,True,True,0.35579757,263,519,492.779640,63.286697,7218.170414,True,OK
1777554479.286311,True,True,0.35627339,265,519,15.026360,63.266641,7218.882961,True,OK
1777554479.317661,True,True,0.35603779,265,543,272.565707,63.324130,7227.427868,True,OK
1777554479.347421,True,True,0.35574666,264,543,11.953708,63.310739,7227.783615,True,OK
1777554479.379232,True,True,0.35543940,264,543,0.000000,63.293103,7227.783615,True,OK
1777554479.411192,True,True,0.35652007,264,542,11.155109,63.278515,7228.140135,True,OK
1777554479.442912,True,True,0.35621747,264,542,0.000000,63.260948,7228.140135,True,OK
1777554479.490644,True,True,0.35567044,264,542,0.000000,63.234532,7228.140135,True,OK
1777554479.521671,True,True,0.35633954,266,542,22.969760,63.223606,7228.852814,True,OK
1777554479.553237,True,True,0.35612504,265,542,11.281697,63.209269,7229.208939,True,OK
1777554479.571047,True,True,0.35527400,262,542,59.846067,63.208746,7230.274761,True,OK
1777554479.616652,True,True,0.35588677,262,541,7.803525,63.186665,7230.630648,True,OK
1777554479.648333,True,True,0.35516094,262,542,11.210597,63.172279,7230.985809,True,OK
1777554479.679993,True,True,0.35522715,264,541,25.088946,63.161748,7231.780121,True,OK
1777554479.711885,True,True,0.35567298,263,541,11.152565,63.147266,7232.135794,True,OK
1777554479.727708,True,True,0.35500436,263,542,22.435792,63.141642,7232.490798,True,OK
1777554479.775466,True,True,0.35509194,265,542,14.870437,63.121524,7233.200982,True,OK
1777554479.807280,True,True,0.35509194,265,542,0.000000,63.104005,7233.200982,True,OK
1777554479.855041,True,True,0.35532580,263,541,16.635608,63.084651,7233.995515,True,OK
1777554479.887105,True,True,0.35569025,263,541,0.000000,63.067016,7233.995515,True,OK
1777554479.918228,True,True,0.35519894,262,542,16.139978,63.054286,7234.497842,True,OK
1777554479.950298,True,True,0.35551683,262,542,0.000000,63.036667,7234.497842,True,OK
1777554479.968033,True,True,0.35492164,262,542,0.000000,63.026927,7234.497842,True,OK
1777554479.997758,True,True,0.35427521,264,542,23.836792,63.016781,7235.206392,True,OK
1777554480.044649,True,True,0.35478460,264,542,0.000000,62.991054,7235.206392,True,OK
1777554480.060777,True,True,0.35435843,263,542,21.971868,62.985296,7235.560751,True,OK
1777554480.108013,True,True,0.35504478,263,543,7.516370,62.962497,7235.915795,True,OK
