timestamp_s,tag_detected,object_detected,cm_per_px,object_x_px,object_y_px,instant_cm_s,average_cm_s,distance_total_cm,valid,reason
1777556341.485909,True,True,0.36506089,191,406,0.000000,0.000000,0.000000,True,Primera muestra
1777556341.644831,True,True,0.36494972,191,406,0.000000,0.000000,0.000000,True,OK
1777556341.723064,True,True,0.36478369,191,406,0.000000,0.000000,0.000000,True,OK
1777556341.832016,True,True,0.36448083,190,406,3.345333,1.053086,0.364481,True,OK
1777556341.912541,True,True,0.36502881,190,407,4.533156,1.709928,0.729510,True,OK
1777556342.005925,True,True,0.36527752,190,407,0.000000,1.402861,0.729510,True,OK
1777556342.096725,True,True,0.36490225,190,408,4.018714,1.791720,1.094412,True,OK
1777556342.205926,True,True,0.36501533,190,407,3.342602,2.026933,1.459427,True,OK
1777556342.305990,True,True,0.36448458,190,407,0.000000,1.779612,1.459427,True,OK
1777556342.399504,True,True,0.36468858,190,407,0.000000,1.597455,1.459427,True,OK
1777556342.468705,True,True,0.36402516,190,407,0.000000,1.484975,1.459427,True,OK
1777556342.563387,True,True,0.36421168,190,407,0.000000,1.354484,1.459427,True,OK
1777556342.666684,True,True,0.36369887,190,407,0.000000,1.235991,1.459427,True,OK
1777556342.752084,True,True,0.36362921,190,407,0.000000,1.152626,1.459427,True,OK
1777556342.833271,True,True,0.36376717,190,407,0.000000,1.083174,1.459427,True,OK
1777556342.928027,True,True,0.36388586,190,407,0.000000,1.012003,1.459427,True,OK
1777556343.007022,True,True,0.36402918,190,408,4.608243,1.198765,1.823456,True,OK
1777556343.086575,True,True,0.36382548,189,408,4.573365,1.366482,2.187282,True,OK
1777556343.174986,True,True,0.36359604,189,408,0.000000,1.294957,2.187282,True,OK
1777556343.243849,True,True,0.36364484,189,408,0.000000,1.244230,2.187282,True,OK
1777556343.324183,True,True,0.36366930,189,408,0.000000,1.189856,2.187282,True,OK
1777556343.424614,True,True,0.36308406,189,409,3.615286,1.315500,2.550366,True,OK
1777556343.507328,True,True,0.36360151,188,409,4.395897,1.441546,2.913967,True,OK
1777556343.584899,True,True,0.36316277,189,409,4.681644,1.561289,3.277130,True,OK
1777556343.660978,True,True,0.36355479,188,408,6.758060,1.743059,3.791274,True,OK
1777556343.739612,True,True,0.36298513,189,408,4.616133,1.843304,4.154259,True,OK
1777556343.812630,True,True,0.36386586,189,409,4.983246,1.941843,4.518125,True,OK
1777556343.892079,True,True,0.36336951,188,409,4.573623,2.028741,4.881495,True,OK
1777556343.980476,True,True,0.36288351,189,408,5.805519,2.162575,5.394690,True,OK
1777556344.056176,True,True,0.36316790,189,408,0.000000,2.098883,5.394690,True,OK
1777556344.137280,True,True,0.36295488,188,408,4.475216,2.171573,5.757645,True,OK
1777556344.208066,True,True,0.36339636,188,408,0.000000,2.115104,5.757645,True,OK
1777556344.296869,True,True,0.36322236,188,408,0.000000,2.048284,5.757645,True,OK
1777556344.371087,True,True,0.36390337,188,408,0.000000,1.995594,5.757645,True,OK
1777556344.455143,True,True,0.36324552,188,408,0.000000,1.939101,5.757645,True,OK
1777556344.523965,True,True,0.36353371,187,409,7.470187,2.064399,6.271759,True,OK
1777556344.608408,True,True,0.36292638,187,409,0.000000,2.008570,6.271759,True,OK
1777556344.691806,True,True,0.36289717,187,409,0.000000,1.956319,6.271759,True,OK
1777556344.771435,True,True,0.36326335,187,409,0.000000,1.908906,6.271759,True,OK
1777556344.845701,True,True,0.36339311,187,409,0.000000,1.866711,6.271759,True,OK
1777556344.927372,True,True,0.36350390,187,409,0.000000,1.822411,6.271759,True,OK
1777556345.008210,True,True,0.36378442,187,409,0.000000,1.780585,6.271759,True,OK
1777556345.079836,True,True,0.36356847,187,409,0.000000,1.745099,6.271759,True,OK
1777556345.164557,True,True,0.36464570,187,409,0.000000,1.704909,6.271759,True,OK
1777556345.239264,True,True,0.36407768,186,410,6.892015,1.808153,6.786642,True,OK
1777556345.314371,True,True,0.36434767,186,409,4.851073,1.867849,7.150990,True,OK
1777556345.393549,True,True,0.36413946,186,409,0.000000,1.830002,7.150990,True,OK
1777556345.472754,True,True,0.36418519,186,409,0.000000,1.793646,7.150990,True,OK
1777556345.561508,True,True,0.36468494,186,409,0.000000,1.754586,7.150990,True,OK
1777556345.639359,True,True,0.36431291,186,409,0.000000,1.721699,7.150990,True,OK
1777556345.710630,True,True,0.36460491,186,409,0.000000,1.692654,7.150990,True,OK
1777556345.794164,True,True,0.36446854,186,409,0.000000,1.659834,7.150990,True,OK
1777556345.892865,True,True,0.36433636,186,408,3.691314,1.705333,7.515326,True,OK
1777556345.973969,True,True,0.36478482,186,408,0.000000,1.674516,7.515326,True,OK
1777556346.043176,True,True,0.36438367,186,407,5.265077,1.729043,7.879710,True,OK
1777556346.129903,True,True,0.36397364,186,407,0.000000,1.696753,7.879710,True,OK
1777556346.217301,True,True,0.36377639,186,407,0.000000,1.665411,7.879710,True,OK
1777556346.297686,True,True,0.36400468,186,405,9.056455,1.788886,8.607719,True,OK
1777556346.373466,True,True,0.36414923,186,404,4.805398,1.835655,8.971869,True,OK
1777556346.452760,True,True,0.36361610,186,404,0.000000,1.806349,8.971869,True,OK
1777556346.540123,True,True,0.36419970,187,403,5.895619,1.877033,9.486925,True,OK
1777556346.614900,True,True,0.36307304,187,403,0.000000,1.849667,9.486925,True,OK
1777556346.697960,True,True,0.36418222,187,402,4.384541,1.890063,9.851107,True,OK
1777556346.779339,True,True,0.36380058,187,402,0.000000,1.861006,9.851107,True,OK
1777556346.858176,True,True,0.36402620,187,403,4.617472,1.901457,10.215133,True,OK
1777556346.936406,True,True,0.36422732,187,402,4.655844,1.940990,10.579361,True,OK
1777556347.005153,True,True,0.36385210,187,402,0.000000,1.916813,10.579361,True,OK
1777556347.079621,True,True,0.36430400,187,402,0.000000,1.891295,10.579361,True,OK
1777556347.149583,True,True,0.36382536,186,402,5.200326,1.932171,10.943186,True,OK
1777556347.213265,True,True,0.36380472,186,402,0.000000,1.910687,10.943186,True,OK
1777556347.300494,True,True,0.36370172,186,402,0.000000,1.882023,10.943186,True,OK
1777556347.375067,True,True,0.36481137,186,405,14.676002,2.044031,12.037620,True,OK
1777556347.440164,True,True,0.36511425,186,408,16.826478,2.205643,13.132963,True,OK
1777556347.519351,True,True,0.36504692,187,411,14.577734,2.368025,14.287343,True,OK
1777556347.592667,True,True,0.36580859,187,415,19.958082,2.579204,15.750577,True,OK
1777556347.655822,True,True,0.36609636,188,418,18.331083,2.740440,16.908275,True,OK
1777556347.734785,True,True,0.36784155,188,424,27.950240,3.059002,19.115325,True,OK
1777556347.814286,True,True,0.36707744,188,431,32.321010,3.426608,21.684867,True,OK
1777556347.881135,True,True,0.36815133,189,434,17.415197,3.572831,22.849063,True,OK
1777556347.942255,True,True,0.36847816,189,437,18.086287,3.710225,23.954498,True,OK
1777556348.019310,True,True,0.36971557,190,442,24.465630,3.955013,25.839685,True,OK
1777556348.092265,True,True,0.36954973,190,446,20.261688,4.135091,27.317884,True,OK
1777556348.161603,True,True,0.36997453,191,450,22.000241,4.320649,28.843328,True,OK
1777556348.232367,True,True,0.37187017,192,455,26.795709,4.556391,30.739501,True,OK
1777556348.312513,True,True,0.37142092,192,462,32.440097,4.883753,33.339447,True,OK
1777556348.382464,True,True,0.37099500,194,464,15.000899,4.986370,34.388780,True,OK
1777556348.445511,True,True,0.37281264,194,470,35.479803,5.262608,36.625656,True,OK
1777556348.533119,True,True,0.37373121,195,474,17.588840,5.415843,38.166589,True,OK
1777556348.608688,True,True,0.37402627,196,477,15.651656,5.524440,39.349364,True,OK
1777556348.687469,True,True,0.37393525,196,479,9.493016,5.567854,40.097234,True,OK
1777556348.758606,True,True,0.37399381,197,481,11.755854,5.628381,40.933510,True,OK
1777556348.837710,True,True,0.37432765,197,483,9.464254,5.669654,41.682165,True,OK
1777556348.913797,True,True,0.37486311,197,483,0.000000,5.611577,41.682165,True,OK
1777556348.980387,True,True,0.37441585,197,482,5.622678,5.611676,42.056581,True,OK
1777556349.045472,True,True,0.37433849,197,482,0.000000,5.563362,42.056581,True,OK
1777556349.122720,True,True,0.37471940,197,481,4.850871,5.556155,42.431300,True,OK
1777556349.202559,True,True,0.37411964,198,481,4.685870,5.547150,42.805420,True,OK
1777556349.272334,True,True,0.37369915,198,482,5.355803,5.545436,43.179119,True,OK
1777556349.344763,True,True,0.37339571,198,484,10.310711,5.589353,43.925911,True,OK
1777556349.423671,True,True,0.37403883,198,486,9.480296,5.628033,44.673988,True,OK
1777556349.502538,True,True,0.37401210,198,490,18.969267,5.759283,46.170037,True,OK
1777556349.576018,True,True,0.37378447,198,494,20.347711,5.891784,47.665175,True,OK
1777556349.644479,True,True,0.37440430,198,498,21.875498,6.025908,49.162792,True,OK
1777556349.723247,True,True,0.37478548,199,503,24.261532,6.200283,51.073830,True,OK
1777556349.786283,True,True,0.37461147,199,510,41.599434,6.469119,53.696111,True,OK
1777556349.849212,True,True,0.37445506,199,513,17.851471,6.554764,54.819476,True,OK
1777556349.928693,True,True,0.37555397,200,518,24.093157,6.719872,56.734433,True,OK
1777556349.991783,True,True,0.37525420,200,522,23.791643,6.846498,58.235450,True,OK
1777556350.055329,True,True,0.37574413,201,527,30.150260,7.019305,60.151376,True,OK
1777556350.134673,True,True,0.37591082,201,532,23.688806,7.172231,62.030930,True,OK
1777556350.197840,True,True,0.37608744,201,536,23.815222,7.292904,63.535280,True,OK
1777556350.277306,True,True,0.37676081,202,540,19.548384,7.403682,65.088705,True,OK
1777556350.341966,True,True,0.37691026,202,545,29.145518,7.562424,66.973256,True,OK
1777556350.415077,True,True,0.37714438,202,550,25.792567,7.711690,68.858978,True,OK
1777556350.482327,True,True,0.37918100,203,554,23.247875,7.827825,70.422381,True,OK
1777556350.545186,True,True,0.37811091,204,560,36.588862,8.027389,72.722340,True,OK
1777556350.624222,True,True,0.37874552,204,565,23.960245,8.165190,74.616068,True,OK
1777556350.703548,True,True,0.37889104,205,569,19.693596,8.264402,76.178275,True,OK
1777556350.772126,True,True,0.38099227,207,573,24.845332,8.386851,77.882125,True,OK
1777556350.829231,True,True,0.38024137,208,577,27.454569,8.503389,79.449900,True,OK
1777556350.908030,True,True,0.38273218,208,581,19.428274,8.594756,80.980829,True,OK
1777556350.971707,True,True,0.38130035,213,585,38.342113,8.794447,83.422342,True,OK
1777556351.034991,True,True,0.38112006,216,590,35.116099,8.968887,85.644635,True,OK
1777556351.098069,True,True,0.36919231,216,594,23.411646,9.063665,87.121404,True,OK
1777556351.161561,True,True,0.37034959,218,598,26.086291,9.175367,88.777658,True,OK
1777556351.240677,True,True,0.37056327,219,601,14.811402,9.221079,89.949482,True,OK
1777556351.303266,True,True,0.34102439,219,606,27.242980,9.335975,91.654604,True,OK
1777556351.370811,True,True,0.34189648,220,610,20.870185,9.414790,93.064279,True,OK
1777556351.428559,True,True,0.34268847,220,613,17.802591,9.463507,94.092344,True,OK
1777556351.491865,True,True,0.34376288,220,617,21.720682,9.541057,95.467396,True,OK
1777556351.555400,True,True,0.34419053,222,621,24.227260,9.633721,97.006663,True,OK
1777556351.618876,True,True,0.34564514,222,626,27.226611,9.743927,98.734888,True,OK
1777556351.697586,True,True,0.34600438,222,630,17.583740,9.804355,100.118906,True,OK
1777556351.765135,True,True,0.34619074,222,630,0.000000,9.739926,100.118906,True,OK
1777556351.823368,True,True,0.34718640,223,637,42.157842,9.922543,102.573885,True,OK
1777556351.886446,True,True,0.34771686,223,641,22.049904,9.996094,103.964752,True,OK
1777556351.966388,True,True,0.34800383,224,644,13.766124,10.024851,105.065237,True,OK
1777556352.045784,True,True,0.34808785,224,648,17.536741,10.081330,106.457588,True,OK
1777556352.132352,True,True,0.34993473,225,652,16.666896,10.134878,107.900406,True,OK
1777556352.203792,True,True,0.35043266,226,655,15.511941,10.170719,109.008571,True,OK
1777556352.282683,True,True,0.35044602,226,656,4.442139,10.128861,109.359017,True,OK
1777556352.374038,True,True,0.35091068,172,204,1748.565710,24.714858,269.098553,True,OK
1777556352.440804,True,True,0.35136012,172,205,5.262502,24.596302,269.449914,True,OK
1777556352.519868,True,True,0.35128729,172,205,0.000000,24.420058,269.449914,True,OK
1777556352.599253,True,True,0.35163777,173,204,6.264271,24.290367,269.947204,True,OK
1777556352.678470,True,True,0.35083852,173,204,0.000000,24.118448,269.947204,True,OK
1777556352.757455,True,True,0.35115664,173,204,0.000000,23.949438,269.947204,True,OK
1777556352.836667,True,True,0.35154039,172,202,9.923696,23.851560,270.733273,True,OK
1777556352.914112,True,True,0.35142124,172,202,0.000000,23.689925,270.733273,True,OK
1777556352.979214,True,True,0.35156477,173,201,7.637017,23.598995,271.230460,True,OK
1777556353.042451,True,True,0.35103894,173,201,0.000000,23.469863,271.230460,True,OK
1777556353.128477,True,True,0.35188007,173,199,8.180834,23.356894,271.934220,True,OK
1777556353.200644,True,True,0.35173378,173,198,4.873892,23.243032,272.285954,True,OK
1777556353.279778,True,True,0.35128307,173,198,0.000000,23.087076,272.285954,True,OK
1777556353.365592,True,True,0.35161586,173,197,4.097430,22.949903,272.637570,True,OK
1777556353.437430,True,True,0.35202023,173,197,0.000000,22.811956,272.637570,True,OK
1777556353.519818,True,True,0.35222019,173,196,4.275119,22.685046,272.989790,True,OK
1777556353.594897,True,True,0.35199606,172,196,4.688374,22.573463,273.341786,True,OK
1777556353.658164,True,True,0.35124653,172,196,0.000000,22.456133,273.341786,True,OK
1777556353.737073,True,True,0.35202227,172,195,4.461135,22.340229,273.693809,True,OK
1777556353.820364,True,True,0.35271576,76,388,912.829099,28.353446,349.724306,True,OK
1777556353.879745,True,True,0.35205849,173,196,1275.349860,34.328045,425.456171,True,OK
1777556353.958522,True,True,0.35149594,172,197,6.310108,34.151084,425.953261,True,OK
1777556354.021457,True,True,0.35278772,172,198,5.605600,34.007771,426.306049,True,OK
1777556354.100606,True,True,0.35263141,75,391,962.365154,39.832592,502.476066,True,OK
1777556354.179052,True,True,0.35253479,171,198,968.711913,45.573234,578.467555,True,OK
1777556354.257592,True,True,0.35376619,171,199,4.504262,45.320677,578.821321,True,OK
1777556354.336652,True,True,0.35380929,171,199,0.000000,45.041856,578.821321,True,OK
1777556354.421019,True,True,0.35413443,171,200,4.197545,44.775456,579.175456,True,OK
1777556354.493698,True,True,0.35421146,172,199,6.892345,44.563789,579.676387,True,OK
1777556354.573283,True,True,0.35351539,172,199,0.000000,44.292797,579.676387,True,OK
1777556354.653604,True,True,0.35440941,172,200,4.412422,44.049533,580.030796,True,OK
1777556354.721817,True,True,0.35523541,172,200,0.000000,43.822516,580.030796,True,OK
1777556354.796517,True,True,0.35454963,76,395,1031.619275,49.366051,657.092139,True,OK
1777556354.865632,True,True,0.35418376,77,396,7.247226,49.148480,657.593030,True,OK
1777556354.922984,True,True,0.35459234,76,397,8.743592,48.976022,658.094500,True,OK
1777556355.017193,True,True,0.35520514,172,205,809.362881,54.270069,734.343731,True,OK
1777556355.096278,True,True,0.35471944,77,397,960.828480,59.537748,810.330730,True,OK
1777556355.167247,True,True,0.35486598,173,208,1059.978563,64.727327,885.556460,True,OK
1777556355.238467,True,True,0.35491769,173,208,0.000000,64.392127,885.556460,True,OK
1777556355.322388,True,True,0.35495505,78,400,906.055426,69.497009,961.593929,True,OK
1777556355.400244,True,True,0.35647483,78,401,4.578681,69.133769,961.950404,True,OK
1777556355.475058,True,True,0.35598366,78,402,4.758214,68.789486,962.306387,True,OK
1777556355.554447,True,True,0.35654121,78,402,0.000000,68.401307,962.306387,True,OK
1777556355.633703,True,True,0.35644868,78,403,4.497458,68.043320,962.662836,True,OK
1777556355.722335,True,True,0.35665750,78,403,0.000000,67.619700,962.662836,True,OK
1777556355.798455,True,True,0.35735261,79,403,4.694587,67.285038,963.020189,True,OK
1777556355.871753,True,True,0.35629114,79,402,4.860859,66.966978,963.376480,True,OK
1777556355.951494,True,True,0.35635945,79,402,0.000000,66.597824,963.376480,True,OK
1777556356.031133,True,True,0.35675387,79,402,0.000000,66.233181,963.376480,True,OK
1777556356.110514,True,True,0.35666893,79,401,4.493141,65.898063,963.733149,True,OK
1777556356.181961,True,True,0.35606173,79,401,0.000000,65.577691,963.733149,True,OK
1777556356.253153,True,True,0.35623769,79,400,5.003882,65.285667,964.089386,True,OK
1777556356.337399,True,True,0.35668434,79,400,0.000000,64.915332,964.089386,True,OK
1777556356.410418,True,True,0.35642605,79,399,4.881292,64.621613,964.445813,True,OK
1777556356.490264,True,True,0.35659768,78,399,4.466020,64.301490,964.802410,True,OK
1777556356.569848,True,True,0.35661025,78,398,4.480936,63.985873,965.159020,True,OK
1777556356.649289,True,True,0.35622286,79,397,6.341553,63.683876,965.662796,True,OK
1777556356.728296,True,True,0.35715602,79,396,4.520526,63.377208,966.019952,True,OK
1777556356.807833,True,True,0.35623018,79,394,8.957660,63.094715,966.732412,True,OK
1777556356.870960,True,True,0.35517427,78,395,7.956848,62.868477,967.234704,True,OK
1777556356.934762,True,True,0.35614098,78,394,5.581972,62.631890,967.590845,True,OK
1777556357.004551,True,True,0.35536199,78,394,0.000000,62.350225,967.590845,True,OK
1777556357.077465,True,True,0.35665473,79,392,10.937690,62.109796,968.388350,True,OK
1777556357.156546,True,True,0.35592743,79,391,4.500792,61.819075,968.744277,True,OK
1777556357.236188,True,True,0.35577445,78,391,4.467141,61.529070,969.100051,True,OK
1777556357.315595,True,True,0.35557914,79,390,6.332773,61.252188,969.602916,True,OK
1777556357.378890,True,True,0.35588011,79,389,5.622615,61.030641,969.958796,True,OK
1777556357.457604,True,True,0.35619757,79,388,4.525177,60.752161,970.314994,True,OK
1777556357.540952,True,True,0.35616637,80,387,6.043312,60.468147,970.818689,True,OK
1777556357.615176,True,True,0.35646546,80,388,4.802517,60.211982,971.175155,True,OK
1777556357.678255,True,True,0.35695052,80,388,0.000000,59.977423,971.175155,True,OK
1777556357.757434,True,True,0.35624262,80,388,0.000000,59.685564,971.175155,True,OK
1777556357.836335,True,True,0.35735753,81,389,6.405236,59.428453,971.680535,True,OK
1777556357.899624,True,True,0.35689795,81,390,5.639227,59.221051,972.037433,True,OK
1777556357.969795,True,True,0.35797330,81,390,0.000000,58.968950,972.037433,True,OK
1777556358.027262,True,True,0.35847542,81,391,6.237937,58.785755,972.395908,True,OK
1777556358.098085,True,True,0.35790256,82,391,5.053483,58.556677,972.753810,True,OK
1777556358.169646,True,True,0.35868633,82,391,0.000000,58.305511,972.753810,True,OK
1777556358.251169,True,True,0.35864237,82,392,4.399294,58.043387,973.112453,True,OK
1777556358.328158,True,True,0.35913684,82,392,0.000000,57.778059,973.112453,True,OK
1777556358.393672,True,True,0.35847015,82,394,10.943380,57.596586,973.829393,True,OK
1777556358.470552,True,True,0.35901054,83,393,6.603967,57.365768,974.337111,True,OK
1777556358.549010,True,True,0.36008301,83,394,4.589538,57.123100,974.697194,True,OK
1777556358.611643,True,True,0.35978963,84,395,8.123818,56.943897,975.206013,True,OK
1777556358.674873,True,True,0.35991601,84,395,0.000000,56.734426,975.206013,True,OK
1777556358.754635,True,True,0.36031771,84,395,0.000000,56.472377,975.206013,True,OK
1777556358.834669,True,True,0.36059333,85,396,6.371740,56.241251,975.715969,True,OK
1777556358.898632,True,True,0.35960165,84,396,5.622011,56.055308,976.075571,True,OK
1777556358.978043,True,True,0.36193762,85,398,10.191556,55.847097,976.884888,True,OK
1777556359.062789,True,True,0.36104085,85,398,0.000000,55.577833,976.884888,True,OK
1777556359.136569,True,True,0.36168673,86,398,4.902245,55.366009,977.246575,True,OK
1777556359.221998,True,True,0.36145001,86,398,0.000000,55.099326,977.246575,True,OK
1777556359.279046,True,True,0.36186151,86,398,0.000000,54.922668,977.246575,True,OK
1777556359.357829,True,True,0.36223078,86,399,4.597869,54.700828,977.608805,True,OK
1777556359.436930,True,True,0.36194826,86,399,0.000000,54.459789,977.608805,True,OK
1777556359.515333,True,True,0.36271473,86,399,0.000000,54.222963,977.608805,True,OK
1777556359.578587,True,True,0.36267965,86,400,5.733692,54.053439,977.971485,True,OK
1777556359.662637,True,True,0.36299253,87,400,4.318797,53.823465,978.334478,True,OK
1777556359.742004,True,True,0.36336069,87,400,0.000000,53.589471,978.334478,True,OK
1777556359.818715,True,True,0.36419560,88,401,6.714213,53.393329,978.849528,True,OK
1777556359.881767,True,True,0.36380274,88,401,0.000000,53.210323,978.849528,True,OK
1777556359.944645,True,True,0.36534173,88,401,0.000000,53.029065,978.849528,True,OK
1777556360.027051,True,True,0.36438432,88,399,8.843708,52.832685,979.578297,True,OK
1777556360.104972,True,True,0.36537423,89,397,10.484914,52.655457,980.395298,True,OK
1777556360.166162,True,True,0.36400410,89,397,0.000000,52.482978,980.395298,True,OK
1777556360.245127,True,True,0.36573027,89,398,4.631510,52.281551,980.761028,True,OK
1777556360.327543,True,True,0.36395788,89,397,4.416142,52.072182,981.124986,True,OK
1777556360.406201,True,True,0.36475051,89,397,0.000000,51.855700,981.124986,True,OK
1777556360.482373,True,True,0.36429325,89,396,4.782531,51.666947,981.489280,True,OK
1777556360.561891,True,True,0.36391855,89,396,0.000000,51.451573,981.489280,True,OK
1777556360.635092,True,True,0.36434728,89,395,4.977374,51.273919,981.853627,True,OK
1777556360.707973,True,True,0.36317275,89,394,4.983093,51.098406,982.216800,True,OK
1777556360.783359,True,True,0.36302141,89,393,4.815499,50.917600,982.579821,True,OK
1777556360.862233,True,True,0.36057729,88,392,6.465135,50.736649,983.089754,True,OK
1777556360.928082,True,True,0.36178425,88,392,0.000000,50.564807,983.089754,True,OK
1777556361.004855,True,True,0.36209890,87,392,4.716507,50.384475,983.451853,True,OK
1777556361.084328,True,True,0.36124704,85,392,9.091116,50.217028,984.174347,True,OK
1777556361.162823,True,True,0.36014606,86,392,4.588139,50.035006,984.534493,True,OK
1777556361.249758,True,True,0.36026492,85,392,4.144070,49.833146,984.894758,True,OK
1777556361.328475,True,True,0.35906095,84,393,6.450836,49.661045,985.402547,True,OK
1777556361.399603,True,True,0.35864425,84,394,5.042177,49.501673,985.761191,True,OK
1777556361.478107,True,True,0.35811068,83,394,4.561724,49.325207,986.119302,True,OK
1777556361.556364,True,True,0.35828316,82,395,6.474671,49.158128,986.625991,True,OK
1777556361.619817,True,True,0.35723425,80,394,12.588807,49.042878,987.424791,True,OK
1777556361.699252,True,True,0.35787200,81,395,6.371332,48.875186,987.930898,True,OK
1777556361.778565,True,True,0.35781366,80,395,4.511437,48.701793,988.288712,True,OK
1777556361.860230,True,True,0.35692356,79,395,4.370554,48.524102,988.645636,True,OK
1777556361.935988,True,True,0.35801820,80,395,4.725830,48.361850,989.003654,True,OK
1777556362.014780,True,True,0.35782652,80,395,0.000000,48.176233,989.003654,True,OK
1777556362.078475,True,True,0.35741183,80,394,5.611242,48.044573,989.361066,True,OK
1777556362.142051,True,True,0.35760592,79,393,7.954871,47.921186,989.866797,True,OK
1777556362.220476,True,True,0.35666176,79,393,0.000000,47.739931,989.866797,True,OK
1777556362.299766,True,True,0.35806289,79,393,0.000000,47.558067,989.866797,True,OK
1777556362.378483,True,True,0.35737800,78,393,4.539995,47.395987,990.224175,True,OK
1777556362.458998,True,True,0.35768202,79,392,6.282585,47.238155,990.730014,True,OK
1777556362.536209,True,True,0.35840113,79,393,4.641846,47.081915,991.088415,True,OK
1777556362.598946,True,True,0.35766109,79,392,5.700960,46.958952,991.446076,True,OK
1777556362.677721,True,True,0.35731209,77,392,9.071721,46.818116,992.160700,True,OK
1777556362.756836,True,True,0.35710234,79,393,10.092948,46.681521,992.959205,True,OK
1777556362.835797,True,True,0.35817447,80,394,6.415013,46.532598,993.465740,True,OK
1777556362.915687,True,True,0.35780564,80,394,0.000000,46.359123,993.465740,True,OK
1777556362.995274,True,True,0.35818149,79,396,10.063522,46.224827,994.266658,True,OK
1777556363.058733,True,False,0.35802587,-1,-1,10.063522,46.224827,994.266658,False,Sin objeto: medicion congelada
1777556363.137552,True,True,0.35838901,80,396,2.518919,45.937623,994.625047,True,OK
1777556363.217044,True,True,0.35790397,80,397,4.502439,45.786056,994.982951,True,OK
1777556363.295763,True,True,0.35773172,80,398,4.544420,45.637202,995.340683,True,OK
1777556363.374612,True,True,0.35803921,80,398,0.000000,45.472803,995.340683,True,OK
1777556363.440057,True,True,0.35727757,81,398,5.459228,45.353524,995.697961,True,OK
1777556363.516899,True,True,0.35778500,81,398,0.000000,45.195334,995.697961,True,OK
1777556363.596111,True,True,0.35804001,81,398,0.000000,45.033418,995.697961,True,OK
1777556363.675786,True,True,0.35686338,81,398,0.000000,44.871721,995.697961,True,OK
1777556363.755088,True,True,0.35641936,81,396,8.988904,44.743940,996.410799,True,OK
1777556363.817667,True,True,0.35746394,80,398,12.772891,44.654350,997.210113,True,OK
1777556363.896671,True,True,0.35729209,80,395,13.567318,44.544759,998.281989,True,OK
1777556363.975919,True,True,0.35641863,80,394,4.497499,44.403644,998.638408,True,OK
1777556364.054810,True,False,0.35681486,-1,-1,4.497499,44.403644,998.638408,False,Sin objeto: medicion congelada
1777556364.142517,True,True,0.35689382,80,394,0.000000,44.077136,998.638408,True,OK
1777556364.212598,True,True,0.35554872,80,394,0.000000,43.941218,998.638408,True,OK
1777556364.291852,True,True,0.35611089,79,393,6.354454,43.810599,999.142025,True,OK
1777556364.355862,True,True,0.35436612,78,393,5.536155,43.703474,999.496391,True,OK
1777556364.435283,True,True,0.35476871,78,393,0.000000,43.552228,999.496391,True,OK
1777556364.513667,True,True,0.35455628,78,392,4.523329,43.419378,999.850947,True,OK
1777556364.600567,True,True,0.35389760,77,392,4.072492,43.271454,1000.204845,True,OK
1777556364.674356,True,True,0.35425491,77,391,4.800879,43.149034,1000.559100,True,OK
1777556364.750751,True,True,0.35398375,76,391,4.633611,43.022560,1000.913084,True,OK
1777556364.839817,True,False,0.35386870,-1,-1,4.633611,43.022560,1000.913084,False,Sin objeto: medicion congelada
1777556364.909403,True,False,0.35412599,-1,-1,4.633611,43.022560,1000.913084,False,Sin objeto: medicion congelada
1777556364.973422,True,True,0.35451582,76,390,1.592111,42.629784,1001.267599,True,OK
1777556365.056461,True,True,0.35330230,76,390,0.000000,42.479598,1001.267599,True,OK
1777556365.132715,True,True,0.35334438,76,391,4.633817,42.357558,1001.620944,True,OK
1777556365.211590,True,True,0.35369006,76,391,0.000000,42.216742,1001.620944,True,OK
1777556365.288017,True,True,0.35358530,77,392,6.542783,42.102196,1002.120989,True,OK
1777556365.362341,True,True,0.35436783,76,392,4.767870,41.985979,1002.475357,True,OK
1777556365.438813,True,True,0.35539442,77,394,10.391754,41.885110,1003.270043,True,OK
1777556365.519563,True,False,0.35521317,-1,-1,10.391754,41.885110,1003.270043,False,Sin objeto: medicion congelada
1777556365.575182,True,False,0.35531706,-1,-1,10.391754,41.885110,1003.270043,False,Sin objeto: medicion congelada
1777556365.654540,True,False,0.35428912,-1,-1,10.391754,41.885110,1003.270043,False,Sin objeto: medicion congelada
1777556365.732806,True,False,0.35464136,-1,-1,10.391754,41.885110,1003.270043,False,Sin objeto: medicion congelada
1777556365.796186,True,False,0.35406351,-1,-1,10.391754,41.885110,1003.270043,False,Sin objeto: medicion congelada
1777556365.875932,True,False,0.23648839,-1,-1,10.391754,41.885110,1003.270043,False,Sin objeto: medicion congelada
1777556365.957061,True,False,0.24050568,-1,-1,10.391754,41.885110,1003.270043,False,Sin objeto: medicion congelada
1777556366.034721,True,False,0.24905653,-1,-1,10.391754,41.885110,1003.270043,False,Sin objeto: medicion congelada
1777556366.120203,True,False,0.25549324,-1,-1,10.391754,41.885110,1003.270043,False,Sin objeto: medicion congelada
1777556366.185078,True,True,0.26343672,79,397,1.272786,40.658044,1004.219877,True,OK
1777556366.259737,True,True,0.26949059,77,394,13.014608,40.574736,1005.191539,True,OK
1777556366.319469,True,True,0.27470346,77,395,4.598918,40.488204,1005.466243,True,OK
1777556366.403320,True,True,0.28821360,77,395,0.000000,40.351955,1005.466243,True,OK
1777556366.476664,True,True,0.29541914,77,395,0.000000,40.233529,1005.466243,True,OK
1777556366.556051,True,True,0.30966911,77,394,3.900744,40.118477,1005.775912,True,OK
1777556366.619614,True,True,0.31346144,77,394,0.000000,40.017017,1005.775912,True,OK
1777556366.693172,True,True,0.32011272,77,393,4.351878,39.912943,1006.096025,True,OK
1777556366.771303,True,True,0.33111565,77,392,4.237931,39.802708,1006.427140,True,OK
1777556366.833331,True,True,0.33765656,78,391,7.698413,39.724144,1006.904659,True,OK
1777556366.892671,True,True,0.35320786,77,391,5.952321,39.645268,1007.257867,True,OK
1777556366.956423,True,True,0.35325756,76,391,5.541127,39.559906,1007.611124,True,OK
1777556367.015761,True,True,0.35278741,76,390,5.945354,39.481777,1007.963912,True,OK
1777556367.084618,True,True,0.35271658,77,392,11.454195,39.406387,1008.752610,True,OK
1777556367.165793,True,True,0.35393851,77,390,8.720347,39.309387,1009.460487,True,OK
1777556367.236604,True,True,0.35348719,77,390,0.000000,39.201290,1009.460487,True,OK
1777556367.300347,True,True,0.35260787,172,197,1189.959318,42.042804,1085.311349,True,OK
1777556367.379538,True,True,0.35259034,172,197,0.000000,41.914224,1085.311349,True,OK
1777556367.466574,True,True,0.35176004,172,197,0.000000,41.773809,1085.311349,True,OK
1777556367.538444,True,True,0.35167959,171,196,6.920126,41.677660,1085.808699,True,OK
1777556367.626315,True,True,0.35168754,171,195,4.002346,41.551015,1086.160387,True,OK
1777556367.698216,True,True,0.33868355,170,195,4.710410,41.449960,1086.499070,True,OK
1777556367.777445,True,True,0.32990998,170,195,0.000000,41.325051,1086.499070,True,OK
1777556367.857311,True,True,0.31910159,170,195,0.000000,41.199897,1086.499070,True,OK
1777556367.952412,True,True,0.30924728,170,195,0.000000,41.051855,1086.499070,True,OK
1777556368.016009,True,True,0.30122998,170,195,0.000000,40.953449,1086.499070,True,OK
1777556368.094982,True,True,0.29242729,169,197,8.279804,40.856476,1087.152957,True,OK
1777556368.159367,True,True,0.28625124,170,196,6.287501,40.773032,1087.557778,True,OK
1777556368.239095,True,True,0.28425726,170,197,3.565332,40.662148,1087.842035,True,OK
1777556368.324842,True,True,0.27963972,170,198,3.261219,40.542657,1088.121675,True,OK
1777556368.397810,True,True,0.27914749,170,199,3.825665,40.443105,1088.400822,True,OK
1777556368.477403,True,True,0.28007177,170,199,0.000000,40.323846,1088.400822,True,OK
1777556368.557084,True,True,0.28045007,170,199,0.000000,40.205157,1088.400822,True,OK
1777556368.625952,True,True,0.28137455,170,198,4.085727,40.113504,1088.682197,True,OK
1777556368.697802,True,True,0.28677419,74,394,871.088608,42.307604,1151.269967,True,OK
1777556368.776801,True,False,0.29242163,-1,-1,871.088608,42.307604,1151.269967,False,Sin objeto: medicion congelada
1777556368.840187,True,True,0.29826131,170,201,451.537120,44.437744,1215.562405,True,OK
1777556368.909788,True,True,0.30165495,170,202,4.334087,44.335962,1215.864060,True,OK
1777556368.967585,True,True,0.30067410,170,202,0.000000,44.242718,1215.864060,True,OK
1777556369.031663,True,True,0.29577640,170,203,4.615926,44.150538,1216.159837,True,OK
1777556369.095478,True,True,0.29153618,171,203,4.568433,44.059050,1216.451373,True,OK
1777556369.158936,True,True,0.28898273,171,203,0.000000,43.958017,1216.451373,True,OK
1777556369.228741,True,True,0.28422748,171,203,0.000000,43.847411,1216.451373,True,OK
1777556369.285980,True,True,0.27928941,171,203,0.000000,43.757131,1216.451373,True,OK
1777556369.348858,True,True,0.27471771,171,203,0.000000,43.658385,1216.451373,True,OK
1777556369.428373,True,True,0.26886314,171,203,0.000000,43.534148,1216.451373,True,OK
1777556369.491611,True,True,0.26625228,172,204,5.954347,43.449292,1216.827910,True,OK
1777556369.570513,True,True,0.26394669,172,203,3.345237,43.336622,1217.091857,True,OK
1777556369.650333,True,True,0.26206501,172,204,3.283203,43.223107,1217.353922,True,OK
1777556369.720130,True,True,0.26057266,172,203,3.733291,43.125486,1217.614495,True,OK
1777556369.777565,True,True,0.25946168,172,204,4.517518,43.047108,1217.873956,True,OK
1777556369.856902,True,True,0.25930425,173,203,4.622194,42.939656,1218.240668,True,OK
1777556369.920630,True,True,0.25981228,173,203,0.000000,42.843419,1218.240668,True,OK
1777556369.984489,True,True,0.26074845,173,203,0.000000,42.747417,1218.240668,True,OK
1777556370.048313,True,True,0.26268631,173,203,0.000000,42.651895,1218.240668,True,OK
1777556370.128539,True,True,0.26638349,174,202,4.695791,42.545583,1218.617391,True,OK
1777556370.192853,True,True,0.26962785,174,203,4.192358,42.459658,1218.887019,True,OK
1777556370.271865,True,True,0.27201673,174,202,3.442730,42.352564,1219.159036,True,OK
1777556370.340250,True,True,0.27567233,175,202,4.031160,42.261741,1219.434708,True,OK
1777556370.414955,True,True,0.27868393,175,200,7.460977,42.171874,1219.992076,True,OK
1777556370.503032,True,True,0.28458238,175,200,0.000000,42.043867,1219.992076,True,OK
1777556370.574620,True,True,0.28797873,175,200,0.000000,41.940396,1219.992076,True,OK
1777556370.654670,True,True,0.29110103,176,198,8.131488,41.847612,1220.642998,True,OK
1777556370.741160,True,True,0.29826961,176,198,0.000000,41.723894,1220.642998,True,OK
1777556370.829421,True,True,0.30387477,177,197,4.869004,41.613040,1221.072741,True,OK
1777556370.902181,True,True,0.30880509,177,197,0.000000,41.510112,1221.072741,True,OK
1777556370.976081,True,True,0.31312920,177,198,4.237162,41.416708,1221.385871,True,OK
1777556371.050739,True,True,0.31583876,178,198,4.230520,41.322806,1221.701709,True,OK
1777556371.129821,True,True,0.31575803,179,199,5.646661,41.227631,1222.148259,True,OK
1777556371.209514,True,True,0.31758325,179,200,3.985079,41.127779,1222.465842,True,OK
1777556371.289118,True,True,0.31480594,179,201,3.954631,41.028489,1222.780648,True,OK
1777556371.368378,True,True,0.31069715,179,202,3.919957,40.930063,1223.091345,True,OK
1777556371.447798,True,True,0.30767608,179,202,0.000000,40.821570,1223.091345,True,OK
1777556371.527331,True,True,0.29884832,180,202,3.757534,40.723445,1223.390193,True,OK
1777556371.605915,True,True,0.29205843,180,203,3.716503,40.626893,1223.682252,True,OK
1777556371.685595,True,True,0.28606151,180,203,0.000000,40.519701,1223.682252,True,OK
1777556371.773344,True,True,0.27907107,181,204,4.497695,40.415338,1224.076918,True,OK
1777556371.829149,True,True,0.27416146,86,394,1043.606036,42.260353,1282.316066,True,OK
1777556371.908636,True,True,0.27224974,86,394,0.000000,42.149939,1282.316066,True,OK
1777556371.988409,True,True,0.26918770,87,395,4.772112,42.052184,1282.696754,True,OK
1777556372.068604,True,True,0.26995041,181,205,713.568174,43.813050,1339.921148,True,OK
1777556372.148012,True,True,0.27035067,181,205,0.000000,43.699585,1339.921148,True,OK
1777556372.233315,True,True,0.27281686,181,206,3.198189,43.587220,1340.193965,True,OK
1777556372.307005,True,True,0.27318820,181,206,0.000000,43.483008,1340.193965,True,OK
1777556372.370543,True,True,0.27478926,181,206,0.000000,43.393552,1340.193965,True,OK
1777556372.450573,True,True,0.27619051,181,206,0.000000,43.281398,1340.193965,True,OK
1777556372.535434,True,True,0.27930008,181,205,3.291273,43.172102,1340.473265,True,OK
1777556372.594126,True,True,0.28175536,181,205,0.000000,43.090650,1340.473265,True,OK
1777556372.673507,True,True,0.28441222,181,206,3.582843,42.990091,1340.757678,True,OK
1777556372.755475,True,True,0.28796982,180,206,3.513205,42.886609,1341.045647,True,OK
1777556372.820248,True,True,0.28979030,86,397,952.397519,44.766720,1402.735598,True,OK
1777556372.880436,True,True,0.29110866,180,208,1020.954121,46.638204,1464.184354,True,OK
1777556372.946405,True,True,0.29324560,180,209,4.445172,46.549730,1464.477599,True,OK
1777556373.008025,True,True,0.29855884,180,210,4.845180,46.468205,1464.776158,True,OK
1777556373.070860,True,True,0.30429957,180,210,0.000000,46.375762,1464.776158,True,OK
1777556373.156316,True,True,0.30893076,180,210,0.000000,46.250626,1464.776158,True,OK
1777556373.211706,True,True,0.31509437,180,211,5.688663,46.179809,1465.091253,True,OK
1777556373.291203,True,True,0.32233305,180,211,0.000000,46.064384,1465.091253,True,OK
1777556373.360484,True,True,0.32479002,180,211,0.000000,45.964260,1465.091253,True,OK
1777556373.435046,True,True,0.33207779,180,212,4.453695,45.867384,1465.423330,True,OK
1777556373.497745,True,True,0.33047583,180,212,0.000000,45.777547,1465.423330,True,OK
1777556373.562092,True,True,0.32523856,180,212,0.000000,45.685715,1465.423330,True,OK
1777556373.647912,True,True,0.36093226,181,213,5.947713,45.579679,1465.933766,True,OK
1777556373.704958,True,True,0.31720638,181,213,0.000000,45.498977,1465.933766,True,OK
1777556373.785045,True,True,0.31276497,181,213,0.000000,45.386160,1465.933766,True,OK
1777556373.848536,True,True,0.30915270,180,212,6.886129,45.310628,1466.370974,True,OK
1777556373.928375,True,True,0.30471711,180,213,3.816634,45.208514,1466.675691,True,OK
1777556374.010110,True,True,0.29737477,180,213,0.000000,45.094903,1466.675691,True,OK
1777556374.088230,True,True,0.28552692,180,212,3.654956,44.995606,1466.961218,True,OK
1777556374.183061,True,True,0.27854300,181,212,2.937272,44.873626,1467.239761,True,OK
1777556374.249590,True,True,0.27130366,181,211,4.077959,44.790787,1467.511064,True,OK
1777556374.315305,True,True,0.26694389,180,210,5.744714,44.712628,1467.888580,True,OK
1777556374.374739,True,True,0.26368668,180,209,4.436635,44.639844,1468.152267,True,OK
1777556374.438486,True,True,0.26242041,180,210,4.116643,44.561453,1468.414687,True,OK
1777556374.517972,True,True,0.26122649,181,208,7.348706,44.471907,1468.998807,True,OK
1777556374.581379,True,True,0.26108529,181,209,4.117567,44.394592,1469.259893,True,OK
1777556374.650517,True,True,0.26092577,181,208,3.774021,44.309911,1469.520818,True,OK
1777556374.732702,True,True,0.26182732,181,206,6.371655,44.216129,1470.044473,True,OK
1777556374.803950,True,True,0.26306476,181,205,3.692225,44.129471,1470.307538,True,OK
1777556374.882994,True,True,0.26378397,182,203,7.462172,44.042688,1470.897377,True,OK
1777556374.951387,True,True,0.26483029,182,201,7.744396,43.968505,1471.427037,True,OK
1777556375.035176,True,True,0.26745394,182,201,0.000000,43.858694,1471.427037,True,OK
1777556375.120940,True,True,0.26960639,181,199,7.029294,43.764785,1472.029895,True,OK
1777556375.183244,True,True,0.27200780,182,199,4.365848,43.691940,1472.301903,True,OK
1777556375.270489,True,True,0.27725612,181,198,4.494234,43.590716,1472.694003,True,OK
1777556375.351941,True,True,0.28155374,181,197,3.456667,43.494188,1472.975556,True,OK
1777556375.434677,True,True,0.28776211,181,196,3.478086,43.396666,1473.263318,True,OK
1777556375.500504,True,True,0.29183463,181,196,0.000000,43.312682,1473.263318,True,OK
1777556375.579180,True,True,0.29688036,180,195,5.336456,43.225045,1473.683171,True,OK
1777556375.652343,True,True,0.30342678,180,196,4.147269,43.141365,1473.986597,True,OK
1777556375.721893,True,True,0.31183177,180,195,4.483575,43.062832,1474.298429,True,OK
1777556375.801698,True,True,0.31709249,180,195,0.000000,42.962684,1474.298429,True,OK
1777556375.899031,True,True,0.32196038,179,195,3.307825,42.850526,1474.620390,True,OK
1777556375.988996,True,True,0.32196038,179,195,0.000000,42.738796,1474.620390,True,OK
1777556376.056419,True,True,0.32425985,179,196,4.809277,42.664821,1474.944649,True,OK
1777556376.146248,True,True,0.35968972,179,197,4.004172,42.564625,1475.304339,True,OK
1777556376.215713,True,True,0.36086840,179,198,5.194991,42.489880,1475.665208,True,OK
1777556376.279614,True,True,0.35959422,179,199,5.627348,42.422180,1476.024802,True,OK
1777556376.359680,True,True,0.35914180,179,200,4.485574,42.335082,1476.383944,True,OK
1777556376.438640,True,True,0.35919311,178,199,6.433335,42.253978,1476.891919,True,OK
1777556376.518564,True,True,0.32600296,178,200,4.078931,42.166885,1477.217922,True,OK
1777556376.613961,True,True,0.32443164,178,200,0.000000,42.052373,1477.217922,True,OK
1777556376.677757,True,True,0.31769778,179,201,7.042613,41.988906,1477.667215,True,OK
1777556376.741520,True,True,0.30646649,179,201,0.000000,41.912966,1477.667215,True,OK
1777556376.805612,True,True,0.30246739,178,202,6.674013,41.849020,1478.094968,True,OK
1777556376.869279,True,True,0.29689564,179,202,4.663254,41.782110,1478.391864,True,OK
1777556376.933207,True,True,0.29754956,179,202,0.000000,41.706758,1478.391864,True,OK
1777556377.012806,True,True,0.29968028,179,202,0.000000,41.613312,1478.391864,True,OK
1777556377.092473,True,True,0.35948770,180,201,6.381479,41.534484,1478.900256,True,OK
1777556377.160317,True,True,0.35955785,180,201,0.000000,41.455495,1478.900256,True,OK
1777556377.219121,True,True,0.35872131,180,200,6.100309,41.397313,1479.258978,True,OK
1777556377.282200,True,True,0.35971022,180,201,5.702503,41.334413,1479.618688,True,OK
1777556377.345724,True,True,0.36015350,180,201,0.000000,41.261191,1479.618688,True,OK
1777556377.409262,True,True,0.35962989,180,201,0.000000,41.188212,1479.618688,True,OK
1777556377.473324,True,True,0.35905179,180,201,0.000000,41.114892,1479.618688,True,OK
1777556377.557638,True,True,0.35988090,180,202,4.268323,41.028767,1479.978569,True,OK
1777556377.631754,True,True,0.36030581,180,202,0.000000,40.944639,1479.978569,True,OK
1777556377.720695,True,True,0.36113754,180,202,0.000000,40.844137,1479.978569,True,OK
1777556377.790348,True,True,0.36039270,179,203,7.317351,40.779813,1480.488241,True,OK
1777556377.853842,True,True,0.36014875,179,203,0.000000,40.708616,1480.488241,True,OK
1777556377.901315,True,True,0.36001279,180,203,7.583611,40.665433,1480.848254,True,OK
1777556377.964815,True,True,0.36046037,180,203,0.000000,40.594646,1480.848254,True,OK
1777556378.028579,True,True,0.36159804,179,204,8.019825,40.537805,1481.359631,True,OK
1777556378.091466,True,True,0.36086206,180,204,5.738201,40.478020,1481.720493,True,OK
1777556378.158490,True,True,0.36110401,180,204,0.000000,40.404042,1481.720493,True,OK
1777556378.218834,True,True,0.36107197,180,203,5.983515,40.347496,1482.081565,True,OK
1777556378.283318,True,True,0.36196410,181,203,5.613249,40.286628,1482.443529,True,OK
1777556378.346041,True,True,0.36149930,180,204,8.150662,40.231943,1482.954766,True,OK
1777556378.425267,True,True,0.36139805,181,205,6.451088,40.159492,1483.465860,True,OK
1777556378.505263,True,True,0.36160572,181,205,0.000000,40.072711,1483.465860,True,OK
1777556378.584809,True,True,0.36174671,181,206,4.547616,39.996539,1483.827607,True,OK
1777556378.664227,True,True,0.36221784,182,206,4.560879,39.920843,1484.189825,True,OK
1777556378.743606,True,True,0.36284886,182,206,0.000000,39.835790,1484.189825,True,OK
1777556378.807017,True,True,0.36367721,182,206,0.000000,39.768108,1484.189825,True,OK
1777556378.886313,True,True,0.36349130,182,205,4.583933,39.693510,1484.553316,True,OK
1777556378.965903,True,True,0.36422890,182,206,4.576351,39.618938,1484.917545,True,OK
1777556379.045404,True,True,0.36403714,182,206,0.000000,39.535077,1484.917545,True,OK
1777556379.109432,True,False,0.36305313,-1,-1,0.000000,39.535077,1484.917545,False,Sin objeto: medicion congelada
1777556379.173281,True,False,0.36262997,-1,-1,0.000000,39.535077,1484.917545,False,Sin objeto: medicion congelada
1777556379.238598,True,False,0.36310191,-1,-1,0.000000,39.535077,1484.917545,False,Sin objeto: medicion congelada
1777556379.305298,True,False,0.36268391,-1,-1,0.000000,39.535077,1484.917545,False,Sin objeto: medicion congelada
1777556379.363411,True,False,0.36287958,-1,-1,0.000000,39.535077,1484.917545,False,Sin objeto: medicion congelada
1777556379.426822,True,False,0.36211662,-1,-1,0.000000,39.535077,1484.917545,False,Sin objeto: medicion congelada
1777556379.490620,True,False,0.36304355,-1,-1,0.000000,39.535077,1484.917545,False,Sin objeto: medicion congelada
1777556379.560509,True,False,0.36173949,-1,-1,0.000000,39.535077,1484.917545,False,Sin objeto: medicion congelada
1777556379.618531,True,False,0.36321283,-1,-1,0.000000,39.535077,1484.917545,False,Sin objeto: medicion congelada
1777556379.685833,True,False,0.36238236,-1,-1,0.000000,39.535077,1484.917545,False,Sin objeto: medicion congelada
1777556379.761790,True,True,0.36261524,183,200,3.078931,38.852750,1487.123247,True,OK
1777556379.860714,True,False,0.36258406,-1,-1,3.078931,38.852750,1487.123247,False,Sin objeto: medicion congelada
1777556379.919949,True,False,0.36189607,-1,-1,3.078931,38.852750,1487.123247,False,Sin objeto: medicion congelada
1777556379.984194,True,False,0.36246477,-1,-1,3.078931,38.852750,1487.123247,False,Sin objeto: medicion congelada
1777556380.046116,True,False,0.36310276,-1,-1,3.078931,38.852750,1487.123247,False,Sin objeto: medicion congelada
1777556380.108630,True,False,0.36191854,-1,-1,3.078931,38.852750,1487.123247,False,Sin objeto: medicion congelada
1777556380.171995,True,False,0.36266174,-1,-1,3.078931,38.852750,1487.123247,False,Sin objeto: medicion congelada
1777556380.235400,True,False,0.36282639,-1,-1,3.078931,38.852750,1487.123247,False,Sin objeto: medicion congelada
1777556380.314684,True,False,0.36236523,-1,-1,3.078931,38.852750,1487.123247,False,Sin objeto: medicion congelada
1777556380.393873,True,False,0.36251661,-1,-1,3.078931,38.852750,1487.123247,False,Sin objeto: medicion congelada
1777556380.461246,True,False,0.36254118,-1,-1,3.078931,38.852750,1487.123247,False,Sin objeto: medicion congelada
1777556380.522151,True,False,0.36220187,-1,-1,3.078931,38.852750,1487.123247,False,Sin objeto: medicion congelada
1777556380.584316,True,False,0.36375601,-1,-1,3.078931,38.852750,1487.123247,False,Sin objeto: medicion congelada
1777556380.648345,True,False,0.36221785,-1,-1,3.078931,38.852750,1487.123247,False,Sin objeto: medicion congelada
1777556380.730376,True,False,0.36328199,-1,-1,3.078931,38.852750,1487.123247,False,Sin objeto: medicion congelada
1777556380.791702,True,True,0.36290031,183,209,0.000000,38.852750,1487.123247,False,Salto temporal
1777556380.855142,True,True,0.36328384,184,211,12.804543,37.794375,1487.935575,True,OK
1777556380.920106,True,True,0.36356968,184,212,5.596474,37.741332,1488.299144,True,OK
1777556380.986740,True,True,0.36363535,183,213,7.717742,37.690686,1488.813402,True,OK
1777556381.045740,True,True,0.36439396,182,213,6.176142,37.643685,1489.177796,True,OK
1777556381.109500,True,True,0.36469266,185,215,20.622917,37.616296,1490.492714,True,OK
1777556381.188794,True,True,0.36525540,183,214,10.300132,37.561740,1491.309450,True,OK
1777556381.258218,True,True,0.36460303,183,216,10.503673,37.514510,1492.038656,True,OK
1777556381.330835,True,True,0.36589123,90,403,1052.305814,39.363977,1568.454757,True,OK
1777556381.410732,True,True,0.36635686,184,218,951.516467,41.189362,1644.477999,True,OK
1777556381.490239,True,True,0.36698341,184,219,4.615772,41.116674,1644.844982,True,OK
1777556381.569815,True,True,0.36737388,184,219,0.000000,41.035048,1644.844982,True,OK
1777556381.649574,True,True,0.36695311,184,220,4.600781,40.962695,1645.211935,True,OK
1777556381.738055,True,True,0.36771904,185,220,4.155867,40.881786,1645.579654,True,OK
1777556381.808112,True,True,0.36713497,91,405,1087.479878,42.700156,1721.764362,True,OK
1777556381.872235,True,True,0.36732095,185,220,1188.706117,44.519714,1797.987664,True,OK
1777556381.936029,True,True,0.36760168,187,219,12.884824,44.469822,1798.809646,True,OK
1777556381.999331,True,True,0.36799270,186,219,5.813261,44.409421,1799.177639,True,OK
1777556382.085282,True,True,0.36759322,186,218,4.276820,44.324459,1799.545232,True,OK
1777556382.164682,True,True,0.36801445,187,217,6.554754,44.250737,1800.065683,True,OK
1777556382.244729,True,True,0.36828354,188,216,6.506581,44.176610,1800.586515,True,OK
1777556382.314264,True,True,0.36822592,188,216,0.000000,44.101373,1800.586515,True,OK
1777556382.377285,True,True,0.36729842,188,215,5.828262,44.042388,1800.953813,True,OK
1777556382.441301,True,True,0.36719085,188,215,0.000000,43.973546,1800.953813,True,OK
1777556382.520849,True,True,0.36758862,188,215,0.000000,43.888301,1800.953813,True,OK
1777556382.584509,True,True,0.36880674,188,214,5.793391,43.829294,1801.322620,True,OK
1777556382.665306,True,True,0.36735011,96,399,939.384010,45.586437,1877.221989,True,OK
1777556382.749562,True,True,0.36792725,188,214,902.229444,47.335620,1953.240604,True,OK
1777556382.812078,True,True,0.36844715,189,213,8.334909,47.276622,1953.761667,True,OK
1777556382.871331,True,True,0.36894558,189,213,0.000000,47.208934,1953.761667,True,OK
1777556382.934702,True,True,0.36923330,189,213,0.000000,47.136756,1953.761667,True,OK
1777556382.982013,True,True,0.36968602,189,213,0.000000,47.083015,1953.761667,True,OK
1777556383.066305,True,True,0.36932839,189,213,0.000000,46.987568,1953.761667,True,OK
1777556383.140610,True,True,0.36872964,189,213,0.000000,46.903749,1953.761667,True,OK
1777556383.204405,True,True,0.36940797,189,213,0.000000,46.832025,1953.761667,True,OK
1777556383.268289,True,True,0.36941639,189,213,0.000000,46.760421,1953.761667,True,OK
1777556383.331861,True,True,0.36823008,189,212,5.792359,46.698183,1954.129897,True,OK
1777556383.411862,True,False,0.36848969,-1,-1,5.792359,46.698183,1954.129897,False,Sin objeto: medicion congelada
1777556383.475604,True,False,0.36924161,-1,-1,5.792359,46.698183,1954.129897,False,Sin objeto: medicion congelada
1777556383.539511,True,False,0.36892948,-1,-1,5.792359,46.698183,1954.129897,False,Sin objeto: medicion congelada
1777556383.619529,True,False,0.36942389,-1,-1,5.792359,46.698183,1954.129897,False,Sin objeto: medicion congelada
1777556383.682715,True,True,0.36867529,190,209,3.322899,46.337529,1955.295750,True,OK
1777556383.746397,True,True,0.36886149,190,209,0.000000,46.267704,1955.295750,True,OK
1777556383.814516,True,True,0.36817842,190,208,5.404926,46.201944,1955.663929,True,OK
1777556383.873888,True,True,0.36798117,190,206,12.395693,46.154592,1956.399891,True,OK
1777556383.941505,True,True,0.36852946,190,207,5.450253,46.089764,1956.768421,True,OK
1777556384.001270,True,True,0.36798738,190,207,0.000000,46.024975,1956.768421,True,OK
1777556384.067041,True,True,0.36722852,190,205,11.166744,45.971132,1957.502878,True,OK
1777556384.132003,True,True,0.36811369,190,205,0.000000,45.901106,1957.502878,True,OK
1777556384.192352,True,True,0.36796623,190,204,6.097354,45.844859,1957.870844,True,OK
1777556384.256023,True,True,0.36785547,190,203,5.777431,45.785211,1958.238699,True,OK
1777556384.324920,True,True,0.36825887,190,203,0.000000,45.711576,1958.238699,True,OK
1777556384.382567,True,True,0.36899320,190,202,6.400910,45.658748,1958.607693,True,OK
1777556384.449610,True,True,0.36890655,190,202,0.000000,45.587499,1958.607693,True,OK
1777556384.539673,True,True,0.36799639,189,202,4.085973,45.500683,1958.975689,True,OK
1777556384.619236,True,True,0.36878469,189,200,9.270323,45.433854,1959.713258,True,OK
1777556384.686294,True,True,0.36763513,189,200,0.000000,45.363329,1959.713258,True,OK
1777556384.767585,True,True,0.36875784,189,200,0.000000,45.278128,1959.713258,True,OK
1777556384.842626,True,True,0.36787299,189,200,0.000000,45.199761,1959.713258,True,OK
1777556384.922394,True,True,0.36853491,189,199,4.620102,45.125240,1960.081793,True,OK
1777556384.995380,True,True,0.36801390,189,200,5.042261,45.058002,1960.449807,True,OK
1777556385.068439,True,True,0.36758542,189,201,5.031345,44.990904,1960.817393,True,OK
1777556385.138244,True,True,0.36827267,189,201,0.000000,44.918957,1960.817393,True,OK
1777556385.208090,True,True,0.36805587,188,203,11.783091,44.866023,1961.640391,True,OK
1777556385.287226,True,True,0.36766888,187,203,4.646030,44.793357,1962.008059,True,OK
1777556385.368414,True,True,0.36714848,187,204,4.522203,44.718851,1962.375208,True,OK
1777556385.445887,True,True,0.36737095,187,204,0.000000,44.640041,1962.375208,True,OK
1777556385.532287,True,True,0.36728624,187,205,4.251020,44.560815,1962.742494,True,OK
1777556385.607411,True,True,0.36683799,187,206,4.883052,44.493257,1963.109332,True,OK
1777556385.688662,True,True,0.36780642,187,206,0.000000,44.411473,1963.109332,True,OK
1777556385.769178,True,True,0.36596435,186,207,6.427929,44.342411,1963.626884,True,OK
1777556385.847518,True,True,0.36635160,186,205,9.352798,44.280621,1964.359587,True,OK
1777556385.904533,True,True,0.36563619,186,205,0.000000,44.223783,1964.359587,True,OK
1777556385.990515,True,True,0.36523772,186,205,0.000000,44.138343,1964.359587,True,OK
1777556386.069691,True,True,0.36457435,186,205,0.000000,44.059959,1964.359587,True,OK
1777556386.142735,True,True,0.36414776,185,204,7.050348,43.999423,1964.874570,True,OK
1777556386.224359,True,True,0.39704076,186,204,4.864263,43.928022,1965.271610,True,OK
1777556386.307484,True,True,0.39642365,185,204,4.769000,43.855399,1965.668034,True,OK
1777556386.381446,True,True,0.39672961,186,204,5.363916,43.791986,1966.064764,True,OK
1777556386.459484,True,True,0.39617851,186,204,0.000000,43.715999,1966.064764,True,OK
1777556386.537627,True,True,0.39565128,186,203,5.063116,43.648955,1966.460415,True,OK
1777556386.625139,True,True,0.39454497,186,203,0.000000,43.564333,1966.460415,True,OK
1777556386.695584,True,True,0.39505232,186,204,5.607911,43.505189,1966.855467,True,OK
1777556386.776587,True,True,0.39587803,186,203,4.887234,43.436121,1967.251345,True,OK
1777556386.861383,True,True,0.39597837,187,204,6.604046,43.367290,1967.811343,True,OK
1777556386.932832,True,True,0.39412092,186,205,7.800935,43.311375,1968.368715,True,OK
1777556387.003666,True,True,0.39349529,186,205,0.000000,43.243974,1968.368715,True,OK
1777556387.066436,True,True,0.39405167,186,205,0.000000,43.184422,1968.368715,True,OK
1777556387.138808,True,True,0.39563302,186,206,5.466590,43.124629,1968.764348,True,OK
1777556387.218142,True,True,0.39460735,185,207,7.034318,43.062021,1969.322407,True,OK
1777556387.297598,True,True,0.36144477,185,207,0.000000,42.987335,1969.322407,True,OK
1777556387.376013,True,True,0.36038915,186,208,6.499641,42.924986,1969.832074,True,OK
1777556387.461232,True,True,0.36154094,185,210,9.486432,42.863005,1970.640504,True,OK
1777556387.543881,True,True,0.36062225,185,210,0.000000,42.786089,1970.640504,True,OK
1777556387.622457,True,True,0.36130556,185,210,0.000000,42.713219,1970.640504,True,OK
1777556387.692994,True,True,0.36107312,185,211,5.118929,42.655830,1971.001577,True,OK
1777556387.772070,True,True,0.36123712,185,212,4.568238,42.590761,1971.362814,True,OK
1777556387.851519,True,True,0.35990810,89,399,952.230862,44.149453,2047.016318,True,OK
1777556387.914706,True,True,0.36092861,89,399,0.000000,44.089368,2047.016318,True,OK
1777556387.984607,True,True,0.36037370,89,401,10.311046,44.038590,2047.737066,True,OK
1777556388.057621,True,True,0.36027327,89,398,14.802908,43.992755,2048.817885,True,OK
1777556388.119834,True,True,0.36131626,88,400,12.986439,43.951390,2049.625813,True,OK
1777556388.190026,True,True,0.36105370,88,401,5.143811,43.893066,2049.986867,True,OK
1777556388.269353,True,True,0.36071133,87,399,10.167649,43.835880,2050.793442,True,OK
1777556388.332481,True,True,0.36123540,87,399,0.000000,43.776809,2050.793442,True,OK
1777556388.411596,True,True,0.36201165,88,400,6.471077,43.713913,2051.305404,True,OK
1777556388.491655,True,True,0.36168958,87,400,4.517798,43.647155,2051.667093,True,OK
1777556388.573187,True,True,0.36300067,87,401,4.452261,43.579289,2052.030094,True,OK
1777556388.643812,True,True,0.36271248,87,401,0.000000,43.514023,2052.030094,True,OK
1777556388.722489,True,True,0.36238671,87,402,4.606023,43.449218,2052.392481,True,OK
1777556388.806127,True,False,0.36322129,-1,-1,4.606023,43.449218,2052.392481,False,Sin objeto: medicion congelada
1777556388.871385,True,True,0.28873748,88,402,1.939192,43.318785,2052.681218,True,OK
1777556388.929755,True,True,0.25630044,88,402,0.000000,43.265490,2052.681218,True,OK
1777556389.008616,True,True,0.22974405,88,402,0.000000,43.193693,2052.681218,True,OK
1777556389.089760,True,True,0.22268369,89,401,3.881048,43.126682,2052.996140,True,OK
1777556389.147173,True,True,0.22123346,89,401,0.000000,43.074731,2052.996140,True,OK
1777556389.233018,True,True,0.22596768,89,403,5.264566,43.006752,2053.448076,True,OK
1777556389.302217,True,True,0.21968339,90,402,4.489675,42.951011,2053.758755,True,OK
1777556389.375638,True,True,0.19275273,90,402,0.000000,42.885162,2053.758755,True,OK
1777556389.447564,True,True,0.17024115,90,401,2.366866,42.824398,2053.928996,True,OK
1777556389.534356,True,True,0.16013195,91,401,1.845024,42.750375,2054.089128,True,OK
1777556389.615396,True,True,0.15372545,91,400,1.896911,42.681587,2054.242854,True,OK
1777556389.688319,True,True,0.14978341,91,400,0.000000,42.617015,2054.242854,True,OK
1777556389.773845,True,True,0.14687946,91,399,1.717381,42.544576,2054.389733,True,OK
1777556389.843655,True,True,0.14718803,92,399,2.108404,42.486201,2054.536921,True,OK
1777556389.907135,True,True,0.14634213,92,398,2.305321,42.433524,2054.683263,True,OK
1777556389.986018,True,True,0.14595688,91,397,2.616716,42.368764,2054.889677,True,OK
1777556390.050282,True,True,0.14580104,91,395,4.537578,42.318703,2055.181279,True,OK
1777556390.115888,True,True,0.14609471,93,395,4.453659,42.267620,2055.473469,True,OK
1777556390.193755,True,True,0.14746644,92,394,2.678279,42.204330,2055.682018,True,OK
1777556390.274479,True,True,0.14808839,92,394,0.000000,42.134500,2055.682018,True,OK
1777556390.336617,True,True,0.14940846,93,394,2.404450,42.083963,2055.831426,True,OK
1777556390.415522,True,False,0.15101519,-1,-1,2.404450,42.083963,2055.831426,False,Sin objeto: medicion congelada
1777556390.494726,True,True,0.15199777,92,394,0.961353,41.951297,2055.983424,True,OK
1777556390.590298,True,True,0.15258603,92,394,0.000000,41.869647,2055.983424,True,OK
1777556390.653843,True,True,0.15364130,91,393,3.419322,41.819953,2056.200706,True,OK
1777556390.717675,True,True,0.15308538,91,392,2.398271,41.768841,2056.353791,True,OK
1777556390.796458,True,False,0.15264452,-1,-1,2.398271,41.768841,2056.353791,False,Sin objeto: medicion congelada
1777556390.859888,True,True,0.15283466,91,394,2.149372,41.654724,2056.659460,True,OK
1777556390.938347,True,True,0.15237313,91,394,0.000000,41.588636,2056.659460,True,OK
1777556391.001922,True,False,0.15280967,-1,-1,0.000000,41.588636,2056.659460,False,Sin objeto: medicion congelada
1777556391.065511,True,True,0.15346625,89,394,2.413668,41.488158,2056.966393,True,OK
1777556391.129047,True,True,0.15444141,89,394,0.000000,41.435060,2056.966393,True,OK
1777556391.192782,True,True,0.15602150,89,394,0.000000,41.381931,2056.966393,True,OK
1777556391.276100,True,True,0.15775678,89,394,0.000000,41.312684,2056.966393,True,OK
1777556391.335249,True,True,0.16007301,89,394,0.000000,41.263664,2056.966393,True,OK
1777556391.413845,True,True,0.16245442,89,394,0.000000,41.198707,2056.966393,True,OK
1777556391.493259,True,True,0.16735130,89,394,0.000000,41.133281,2056.966393,True,OK
1777556391.576547,True,True,0.17057575,89,394,0.000000,41.064887,2056.966393,True,OK
1777556391.651479,True,True,0.17549900,89,394,0.000000,41.003549,2056.966393,True,OK
1777556391.714695,True,True,0.17914927,89,394,0.000000,40.951943,2056.966393,True,OK
1777556391.778275,True,True,0.18185239,87,393,6.395653,40.908257,2057.373027,True,OK
1777556391.841650,True,True,0.18294152,88,393,2.886630,40.860405,2057.555969,True,OK
1777556391.904922,True,True,0.18518914,87,392,4.139255,40.814323,2057.817866,True,OK
1777556391.984710,True,True,0.18630906,88,392,2.335052,40.753526,2058.004175,True,OK
1777556392.048353,True,True,0.18663221,87,391,4.147163,40.707449,2058.268113,True,OK
1777556392.127430,True,True,0.18649727,87,391,0.000000,40.643884,2058.268113,True,OK
1777556392.206581,True,True,0.18689089,86,391,2.361211,40.584143,2058.455003,True,OK
1777556392.285588,True,False,0.18636933,-1,-1,2.361211,40.584143,2058.455003,False,Sin objeto: medicion congelada
1777556392.349082,True,False,0.18605438,-1,-1,2.361211,40.584143,2058.455003,False,Sin objeto: medicion congelada
1777556392.428736,True,False,0.18685063,-1,-1,2.361211,40.584143,2058.455003,False,Sin objeto: medicion congelada
1777556392.492303,True,False,0.35817701,-1,-1,2.361211,40.584143,2058.455003,False,Sin objeto: medicion congelada
1777556392.578122,True,True,0.35813759,179,202,203.042789,41.765538,2133.893777,True,OK
1777556392.635820,True,True,0.35773044,179,202,0.000000,41.718426,2133.893777,True,OK
1777556392.699458,True,True,0.35877430,179,202,0.000000,41.666587,2133.893777,True,OK
1777556392.779552,True,True,0.35793588,179,201,4.468929,41.608503,2134.251713,True,OK
1777556392.842841,True,True,0.35819487,178,199,12.655470,41.572824,2135.052661,True,OK
1777556392.906540,True,True,0.35756271,178,199,0.000000,41.521324,2135.052661,True,OK
1777556392.985971,True,True,0.35777762,178,198,4.504227,41.464230,2135.410439,True,OK
1777556393.049064,True,True,0.35883815,179,198,5.687474,41.420454,2135.769277,True,OK
1777556393.112798,True,True,0.35755751,178,198,5.610148,41.376245,2136.126835,True,OK
1777556393.179446,True,True,0.35890421,178,196,10.770102,41.336785,2136.844643,True,OK
1777556393.239960,True,True,0.35813754,178,196,0.000000,41.288452,2136.844643,True,OK
1777556393.303182,True,True,0.35845547,178,195,5.669839,41.244994,2137.203099,True,OK
1777556393.366167,True,True,0.35790625,178,195,0.000000,41.194921,2137.203099,True,OK
1777556393.429366,True,True,0.18238003,178,194,2.885804,41.148310,2137.385479,True,OK
1777556393.497084,True,True,0.18292187,178,193,2.701219,41.098252,2137.568400,True,OK
1777556393.562009,True,True,0.18452291,83,383,603.734010,41.799711,2176.765948,True,OK
1777556393.634226,True,True,0.18679800,228,637,756.524304,42.789483,2231.399494,True,OK
1777556393.714120,True,True,0.18856288,229,636,3.337762,42.729133,2231.666162,True,OK
1777556393.795301,True,True,0.18995566,229,633,7.019705,42.673714,2232.236029,True,OK
1777556393.856736,True,True,0.19029081,229,633,0.000000,42.623654,2232.236029,True,OK
1777556393.919956,True,True,0.18997249,229,631,6.009929,42.579509,2232.615974,True,OK
1777556393.983207,True,True,0.18921777,228,631,2.991526,42.531812,2232.805192,True,OK
1777556394.046583,True,True,0.18623803,229,629,6.570986,42.488451,2233.221632,True,OK
1777556394.109859,True,True,0.18470418,229,629,0.000000,42.437363,2233.221632,True,OK
1777556394.189601,True,True,0.18151778,228,628,3.219185,42.378024,2233.478337,True,OK
1777556394.253254,True,True,0.17793660,228,627,2.795416,42.330276,2233.656274,True,OK
1777556394.316280,True,True,0.17382776,228,624,8.274135,42.289648,2234.177757,True,OK
1777556394.395262,True,True,0.16810184,228,618,12.770004,42.245581,2235.186368,True,OK
1777556394.481643,True,True,0.16415652,227,615,6.009524,42.186517,2235.705477,True,OK
1777556394.539037,True,True,0.16041229,226,611,11.523839,42.153346,2236.366874,True,OK
1777556394.618256,True,True,0.15844501,226,607,8.000416,42.102425,2237.000654,True,OK
1777556394.697628,True,True,0.38445108,225,603,19.970825,42.069413,2238.585786,True,OK
1777556394.782051,True,True,0.38387329,224,601,10.167501,42.018880,2239.444153,True,OK
1777556394.864665,True,True,0.16371750,224,598,5.945153,41.963048,2239.935305,True,OK
1777556394.934700,True,True,0.16663266,224,595,7.137760,41.917416,2240.435203,True,OK
1777556395.014481,True,True,0.16907426,223,594,2.997059,41.859408,2240.674310,True,OK
1777556395.093401,True,True,0.17365286,223,592,4.400738,41.804262,2241.021616,True,OK
1777556395.172715,True,True,0.17892167,223,590,4.511717,41.749168,2241.379459,True,OK
1777556395.254163,True,True,0.18045855,221,590,4.431254,41.692638,2241.740377,True,OK
1777556395.332310,True,True,0.18309237,221,589,2.342910,41.635530,2241.923469,True,OK
1777556395.409137,True,True,0.18545233,220,588,3.413804,41.581074,2242.185738,True,OK
1777556395.488712,True,True,0.18864710,219,588,2.370660,41.523296,2242.374385,True,OK
1777556395.552238,True,True,0.19163251,215,587,12.437916,41.489122,2243.164506,True,OK
1777556395.631142,True,True,0.19319064,219,587,9.793598,41.442933,2243.937269,True,OK
1777556395.711558,True,True,0.19480857,217,587,4.845037,41.388659,2244.326886,True,OK
1777556395.788051,True,True,0.19721270,215,589,7.292168,41.340628,2244.884688,True,OK
1777556395.852060,True,True,0.19850239,215,588,3.101189,41.295607,2245.083190,True,OK
1777556395.915169,True,True,0.19960120,215,588,0.000000,41.247725,2245.083190,True,OK
1777556395.998817,True,True,0.20091880,214,589,3.396890,41.189645,2245.367332,True,OK
1777556396.084440,True,True,0.20181215,213,589,2.356998,41.128747,2245.569144,True,OK
1777556396.153220,True,True,0.20435309,214,589,2.971114,41.080739,2245.773497,True,OK
1777556396.232232,True,True,0.20549933,214,590,2.600841,41.025202,2245.978997,True,OK
1777556396.311785,True,True,0.20669868,214,590,0.000000,40.965674,2245.978997,True,OK
1777556396.398112,True,True,0.20762203,213,591,3.401300,40.906620,2246.272619,True,OK
1777556396.469484,True,True,0.20840810,213,591,0.000000,40.853520,2246.272619,True,OK
1777556396.549479,True,True,0.20921066,213,592,2.615307,40.797969,2246.481829,True,OK
1777556396.630553,True,True,0.21032892,213,592,0.000000,40.737988,2246.481829,True,OK
1777556396.713319,True,True,0.21192948,213,595,7.681776,40.688449,2247.117618,True,OK
1777556396.787127,True,True,0.21185535,213,595,0.000000,40.634143,2247.117618,True,OK
1777556396.866625,True,True,0.21349725,214,596,3.797975,40.581266,2247.419548,True,OK
1777556396.929910,True,True,0.21531011,214,596,0.000000,40.534946,2247.419548,True,OK
1777556397.009902,True,True,0.21559339,214,597,2.695185,40.480431,2247.635142,True,OK
1777556397.089190,True,True,0.21653504,215,598,3.862220,40.428215,2247.941369,True,OK
1777556397.168557,True,True,0.21811844,214,599,3.886547,40.376130,2248.249835,True,OK
1777556397.248476,True,True,0.21890454,215,598,3.873662,40.323815,2248.559412,True,OK
1777556397.330122,True,True,0.21840175,214,600,5.981396,40.273605,2249.047774,True,OK
1777556397.407145,True,True,0.21957405,214,602,5.701570,40.225987,2249.486922,True,OK
1777556397.470686,True,True,0.21906015,215,603,4.875508,40.185865,2249.796720,True,OK
1777556397.549345,True,True,0.21946153,215,603,0.000000,40.129484,2249.796720,True,OK
1777556397.628709,True,True,0.21974941,215,605,5.537756,40.080584,2250.236218,True,OK
1777556397.712071,True,True,0.21933704,215,605,0.000000,40.021160,2250.236218,True,OK
1777556397.787429,True,True,0.21933114,214,606,4.116105,39.973102,2250.546399,True,OK
1777556397.866837,True,True,0.21969286,215,607,3.912603,39.922314,2250.857092,True,OK
1777556397.946102,True,True,0.21944121,215,608,2.768454,39.870153,2251.076533,True,OK
1777556398.024562,True,True,0.21940602,216,608,2.796407,39.818705,2251.295939,True,OK
1777556398.104555,True,True,0.21976819,215,608,2.747334,39.766329,2251.515708,True,OK
1777556398.186585,True,True,0.21977805,216,608,2.679238,39.712674,2251.735486,True,OK
1777556398.246933,True,True,0.21990955,215,608,3.644051,39.674327,2251.955395,True,OK
1777556398.331286,True,True,0.21948831,215,608,0.000000,39.615453,2251.955395,True,OK
1777556398.405430,True,True,0.21958015,219,608,11.846126,39.579281,2252.833716,True,OK
1777556398.486971,True,True,0.22002838,218,608,2.698383,39.526522,2253.053744,True,OK
1777556398.566287,True,True,0.21989307,218,608,0.000000,39.471598,2253.053744,True,OK
1777556398.643619,True,True,0.21938279,216,608,5.673807,39.425871,2253.492510,True,OK
1777556398.722777,True,True,0.21949350,217,606,6.200264,39.379920,2253.983312,True,OK
1777556398.802750,True,True,0.21939898,219,607,6.134496,39.333534,2254.473903,True,OK
1777556398.887889,True,True,0.21918752,219,606,2.574466,39.279013,2254.693091,True,OK
1777556398.960941,True,True,0.21874958,218,606,2.994410,39.232894,2254.911840,True,OK
1777556399.040610,True,True,0.21858658,217,606,2.743693,39.182384,2255.130427,True,OK
1777556399.104202,True,True,0.21876356,217,607,3.440126,39.142937,2255.349190,True,OK
1777556399.188251,True,True,0.21899162,216,608,3.684777,39.091289,2255.658891,True,OK
1777556399.262659,True,True,0.21937140,216,607,2.948221,39.044742,2255.878263,True,OK
1777556399.341609,True,True,0.21942808,217,606,3.930569,38.996825,2256.188581,True,OK
1777556399.420268,True,True,0.21967940,218,605,3.949622,38.949240,2256.499254,True,OK
1777556399.500185,True,True,0.21981607,217,606,3.889851,38.900944,2256.810121,True,OK
1777556399.579431,True,True,0.22035306,217,605,2.780627,38.851672,2257.030474,True,OK
1777556399.658444,True,True,0.22070640,218,605,2.793297,38.802696,2257.251181,True,OK
1777556399.737267,True,True,0.22117378,222,604,11.569130,38.765844,2258.163104,True,OK
1777556399.800814,True,True,0.22133831,225,605,11.014518,38.735604,2258.863037,True,OK
1777556399.865575,True,True,0.22206239,222,603,12.363188,38.706348,2259.663694,True,OK
1777556399.930776,True,True,0.22262467,225,602,10.797468,38.675213,2260.367695,True,OK
1777556400.008851,True,True,0.22321262,225,602,0.000000,38.623617,2260.367695,True,OK
1777556400.089682,True,True,0.22428491,224,615,36.177825,38.620244,2263.292013,True,OK
1777556400.165097,True,True,0.22499551,224,624,26.851009,38.605118,2265.316972,True,OK
1777556400.254474,True,True,0.22591658,224,626,5.055367,38.554094,2265.768805,True,OK
1777556400.331516,True,True,0.22955140,222,622,13.325029,38.521064,2266.795390,True,OK
1777556400.401619,True,True,0.23289026,225,617,19.370917,38.498277,2268.153362,True,OK
1777556400.482123,True,True,0.23768815,221,615,13.204114,38.463762,2269.216336,True,OK
1777556400.561930,True,True,0.24138473,221,619,12.098309,38.428144,2270.181875,True,OK
1777556400.662498,True,True,0.24721982,222,621,5.496778,38.372179,2270.734675,True,OK
1777556400.738956,True,True,0.25064753,226,620,13.516610,38.340106,2271.768122,True,OK
1777556400.816937,True,True,0.25414997,224,616,14.575170,38.308871,2272.904715,True,OK
1777556400.887067,True,True,0.25475365,223,617,5.137305,38.269708,2273.264991,True,OK
1777556400.943479,True,True,0.25469759,223,617,0.000000,38.233399,2273.264991,True,OK
1777556401.030646,True,True,0.25519941,223,619,5.855412,38.186001,2273.775390,True,OK
1777556401.101649,True,True,0.25468793,223,621,7.174033,38.149065,2274.284766,True,OK
1777556401.198739,True,True,0.25355327,223,624,7.834565,38.099775,2275.045425,True,OK
1777556401.284228,True,True,0.25149714,222,625,4.160436,38.051255,2275.401096,True,OK
1777556401.364864,True,True,0.24968158,221,622,9.791684,38.013199,2276.190659,True,OK
1777556401.435812,True,True,0.24990520,222,619,11.138734,37.981395,2276.980928,True,OK
1777556401.519491,True,True,0.24982724,222,619,0.000000,37.928453,2276.980928,True,OK
1777556401.606884,True,True,0.25001021,222,622,8.582316,37.885795,2277.730959,True,OK
1777556401.681738,True,True,0.24995328,222,623,3.339215,37.842837,2277.980912,True,OK
1777556401.758670,True,True,0.25138291,222,624,3.267611,37.798705,2278.232295,True,OK
1777556401.846749,True,True,0.25171325,221,620,11.783001,37.760742,2279.270135,True,OK
1777556401.902969,True,True,0.25265865,221,614,26.964611,37.750696,2280.786087,True,OK
1777556401.982839,True,True,0.25313199,221,607,22.185236,37.730146,2282.558011,True,OK
1777556402.041552,True,True,0.25274831,221,608,4.304813,37.697738,2282.810759,True,OK
1777556402.121765,True,True,0.25238630,220,608,3.146439,37.652031,2283.063146,True,OK
1777556402.204937,True,True,0.25253346,221,608,3.036268,37.604615,2283.315679,True,OK
1777556402.276321,True,True,0.25237356,221,608,0.000000,37.560457,2283.315679,True,OK
1777556402.367295,True,True,0.25133479,215,608,16.576374,37.529101,2284.823688,True,OK
1777556402.434879,True,True,0.25059852,218,608,11.123824,37.499821,2285.575484,True,OK
1777556402.517565,True,True,0.24972237,215,608,9.060392,37.461292,2286.324651,True,OK
1777556402.586420,True,True,0.24927194,215,608,0.000000,37.419076,2286.324651,True,OK
1777556402.662998,True,True,0.24829957,216,608,3.242444,37.376296,2286.572950,True,OK
1777556402.742086,True,True,0.24809578,215,607,4.436304,37.333766,2286.923811,True,OK
1777556402.819124,True,True,0.24733112,213,607,6.420992,37.294938,2287.418473,True,OK
1777556402.898850,True,True,0.24646667,221,606,24.923843,37.278878,2289.405551,True,OK
1777556402.975869,True,True,0.24579633,219,605,7.136173,37.241123,2289.955168,True,OK
1777556403.042720,True,True,0.24515778,219,605,0.000000,37.200679,2289.955168,True,OK
1777556403.111387,True,True,0.24461388,215,606,14.687686,37.175593,2290.963737,True,OK
1777556403.175281,True,True,0.24365976,215,605,3.813540,37.141040,2291.207397,True,OK
1777556403.244820,True,True,0.24348562,215,605,0.000000,37.099220,2291.207397,True,OK
1777556403.313717,True,True,0.24225707,215,605,0.000000,37.057879,2291.207397,True,OK
1777556403.380743,True,True,0.24170702,215,605,0.000000,37.017748,2291.207397,True,OK
1777556403.447687,True,True,0.24081296,215,603,7.194447,36.985527,2291.689023,True,OK
1777556403.518649,True,True,0.23915314,215,600,10.110480,36.954784,2292.406482,True,OK
1777556403.593914,True,True,0.23786680,216,598,7.066900,36.918564,2292.938368,True,OK
1777556403.654342,True,True,0.23562977,216,593,19.496538,36.901630,2294.116517,True,OK
1777556403.728519,True,True,0.23383009,216,590,9.457036,36.868923,2294.818008,True,OK
1777556403.810579,True,True,0.23255894,215,587,8.961867,36.832179,2295.553423,True,OK
1777556403.871354,True,True,0.23218418,215,585,7.640804,36.803741,2296.017792,True,OK
1777556403.935200,True,True,0.23155185,215,584,3.626718,36.769822,2296.249344,True,OK
1777556403.998963,True,True,0.23096659,215,582,7.244598,36.739707,2296.711277,True,OK
1777556404.077802,True,True,0.23091259,216,581,4.142080,36.698648,2297.037837,True,OK
1777556404.157350,True,True,0.23164867,215,581,2.912057,36.655763,2297.269485,True,OK
1777556404.241612,True,True,0.23258021,214,581,2.760198,36.610251,2297.502065,True,OK
1777556404.316558,True,True,0.23325350,214,581,0.000000,36.566582,2297.502065,True,OK
1777556404.379533,True,True,0.23436646,215,581,3.721569,36.533694,2297.736432,True,OK
1777556404.458804,True,True,0.23586174,215,581,0.000000,36.487705,2297.736432,True,OK
1777556404.521812,True,True,0.23657433,214,582,5.309941,36.456541,2298.070998,True,OK
1777556404.601189,True,True,0.23724148,212,582,5.977574,36.418209,2298.545481,True,OK
1777556404.680240,True,True,0.23852863,212,582,0.000000,36.372653,2298.545481,True,OK
1777556404.754251,True,True,0.24020677,212,582,0.000000,36.330105,2298.545481,True,OK
1777556404.823445,True,True,0.24140370,212,583,3.488779,36.294227,2298.786885,True,OK
1777556404.886989,True,True,0.24194625,212,583,0.000000,36.257850,2298.786885,True,OK
1777556404.966475,True,True,0.24219280,212,583,0.000000,36.212451,2298.786885,True,OK
1777556405.046400,True,True,0.24183329,212,582,3.025741,36.170720,2299.028718,True,OK
1777556405.110436,True,True,0.24262415,212,582,0.000000,36.134315,2299.028718,True,OK
1777556405.189531,True,True,0.24272143,212,583,3.068756,36.093261,2299.271440,True,OK
1777556405.252831,True,True,0.24374813,211,584,5.445695,36.062838,2299.616152,True,OK
1777556405.332607,True,True,0.24360296,211,585,3.053576,36.021593,2299.859755,True,OK
1777556405.412390,True,True,0.24359573,211,585,0.000000,35.976636,2299.859755,True,OK
1777556405.499786,True,True,0.24357020,211,585,0.000000,35.927519,2299.859755,True,OK
1777556405.572046,True,True,0.24361406,211,585,0.000000,35.887009,2299.859755,True,OK
1777556405.683826,True,True,0.24378425,211,585,0.000000,35.824523,2299.859755,True,OK
1777556405.800493,True,True,0.24535684,211,583,4.206087,35.767167,2300.350468,True,OK
1777556405.874468,True,True,0.24620391,211,583,0.000000,35.726075,2300.350468,True,OK
1777556405.938329,True,True,0.24651142,211,583,0.000000,35.690676,2300.350468,True,OK
1777556406.002220,True,True,0.24723865,213,584,8.652909,35.663901,2300.903311,True,OK
1777556406.084315,True,True,0.24769378,212,583,4.266914,35.624000,2301.253603,True,OK
1777556406.145375,True,True,0.24836149,212,583,0.000000,35.590359,2301.253603,True,OK
1777556406.209840,True,True,0.24873056,212,584,3.858407,35.558754,2301.502333,True,OK
1777556406.289707,True,True,0.24829681,212,584,0.000000,35.514930,2301.502333,True,OK
1777556406.353835,True,True,0.24752137,211,586,8.630790,35.488352,2302.055808,True,OK
1777556406.433651,True,True,0.24920761,211,585,3.122263,35.448576,2302.305016,True,OK
1777556406.512880,True,True,0.24747512,212,585,3.123556,35.409192,2302.552491,True,OK
1777556406.600321,True,True,0.24743723,211,585,2.829763,35.365441,2302.799928,True,OK
1777556406.656138,True,True,0.24725229,208,584,14.008014,35.347149,2303.581808,True,OK
1777556406.735626,True,True,0.24824690,206,586,8.833383,35.314850,2304.283957,True,OK
1777556406.815464,True,True,0.24959592,205,586,3.126250,35.275513,2304.533552,True,OK
1777556406.901025,True,True,0.25346993,198,585,20.947771,35.256772,2306.325856,True,OK
1777556406.968767,True,True,0.25091704,185,587,48.718395,35.270698,2309.626154,True,OK
1777556407.042276,True,True,0.25116532,181,587,13.667236,35.246474,2310.630815,True,OK
1777556407.116043,True,True,0.25176946,177,587,13.652244,35.222203,2311.637893,True,OK
1777556407.192219,True,True,0.25349508,173,588,13.720527,35.197275,2312.683080,True,OK
1777556407.258801,True,True,0.25071081,152,591,79.877462,35.242505,2318.001459,True,OK
1777556407.322521,True,True,0.25031271,149,591,11.785014,35.219801,2318.752398,True,OK
1777556407.402110,True,True,0.24966690,148,590,4.436313,35.182633,2319.105480,True,OK
1777556407.481542,True,True,0.24730703,142,589,18.938390,35.163081,2320.609790,True,OK
1777556407.561150,True,True,0.24546897,134,590,24.859825,35.150668,2322.588824,True,OK
1777556407.640372,True,True,0.24440887,133,590,3.085115,35.112268,2322.833233,True,OK
1777556407.719127,True,True,0.24307057,132,590,3.086409,35.074188,2323.076303,True,OK
1777556407.803242,True,True,0.24213661,133,589,4.071007,35.034864,2323.418736,True,OK
1777556407.877751,True,True,0.24102539,133,589,0.000000,34.995546,2323.418736,True,OK
1777556407.941094,True,True,0.24053044,133,590,3.797252,34.965808,2323.659267,True,OK
1777556408.021125,True,True,0.24055838,132,590,3.005818,34.927366,2323.899825,True,OK
1777556408.103418,True,True,0.24035573,132,591,2.920747,34.887828,2324.140181,True,OK
1777556408.180049,True,True,0.24108699,132,591,0.000000,34.847742,2324.140181,True,OK
1777556408.264175,True,True,0.24135533,133,592,4.057342,34.808953,2324.481509,True,OK
1777556408.338837,True,True,0.24156537,133,592,0.000000,34.770078,2324.481509,True,OK
1777556408.418473,True,True,0.24105913,133,592,0.000000,34.728708,2324.481509,True,OK
1777556408.504714,True,True,0.24178545,133,592,0.000000,34.684019,2324.481509,True,OK
1777556408.577118,True,True,0.24182069,133,593,3.339896,34.650193,2324.723329,True,OK
1777556408.656162,True,True,0.24162608,133,595,6.113758,34.616612,2325.206582,True,OK
1777556408.735375,True,True,0.24138236,132,596,4.309464,34.580913,2325.547948,True,OK
1777556408.805557,True,True,0.24095260,132,594,6.866475,34.552020,2326.029853,True,OK
1777556408.879138,True,True,0.24131401,132,598,13.118324,34.528619,2326.995109,True,OK
1777556408.958975,True,True,0.24205641,131,598,3.031861,34.491350,2327.237165,True,OK
1777556409.038006,True,True,0.24141447,131,598,0.000000,34.450998,2327.237165,True,OK
1777556409.117768,True,True,0.24123044,131,596,6.048757,34.417502,2327.719626,True,OK
1777556409.212656,True,True,0.24073270,131,599,7.611118,34.379945,2328.441824,True,OK
1777556409.291932,True,True,0.23940660,130,597,6.752723,34.347644,2328.977154,True,OK
1777556409.370386,True,True,0.23817014,130,600,9.107379,34.318474,2329.691664,True,OK
1777556409.449573,True,True,0.23618793,131,600,2.982637,34.281963,2329.927852,True,OK
1777556409.529060,True,True,0.23453379,131,600,0.000000,34.241916,2329.927852,True,OK
1777556409.607364,True,True,0.23341181,131,600,0.000000,34.202556,2329.927852,True,OK
1777556409.687109,True,True,0.23235115,131,600,0.000000,34.162564,2329.927852,True,OK
1777556409.766989,True,True,0.23011308,131,598,5.761521,34.129339,2330.388078,True,OK
1777556409.846649,True,True,0.22858264,131,599,2.869446,34.092911,2330.616661,True,OK
1777556409.926046,True,True,0.22815487,131,597,5.747211,34.060028,2331.072971,True,OK
1777556410.008098,True,True,0.22736693,132,596,3.918812,34.023935,2331.394516,True,OK
1777556410.085122,True,True,0.22693706,132,596,0.000000,33.985733,2331.394516,True,OK
1777556410.164607,True,True,0.22630475,132,596,0.000000,33.946400,2331.394516,True,OK
1777556410.255697,True,True,0.22559982,132,595,2.476664,33.904716,2331.620116,True,OK
1777556410.323013,True,True,0.22525106,132,592,10.038585,33.881377,2332.295869,True,OK
1777556410.408807,True,True,0.22491637,132,593,2.621587,33.842466,2332.520785,True,OK
1777556410.482828,True,True,0.22511645,132,592,3.041247,33.809421,2332.745902,True,OK
1777556410.562827,True,True,0.22642382,132,591,2.830309,33.773544,2332.972326,True,OK
1777556410.642774,True,True,0.22682484,131,591,2.837207,33.737781,2333.199151,True,OK
1777556410.721833,True,True,0.22817847,131,590,2.886166,33.702552,2333.427329,True,OK
1777556410.785485,True,True,0.22898319,130,589,5.087522,33.676269,2333.751160,True,OK
1777556410.864524,True,True,0.23086249,130,590,2.920882,33.641231,2333.982023,True,OK
1777556410.943907,True,True,0.23305694,130,589,2.935850,33.606138,2334.215080,True,OK
1777556411.024159,True,True,0.23313622,130,588,2.905046,33.570707,2334.448216,True,OK
1777556411.110386,True,True,0.23335978,130,589,2.706337,33.532483,2334.681576,True,OK
1777556411.183925,True,True,0.23326027,130,589,0.000000,33.497102,2334.681576,True,OK
1777556411.263264,True,True,0.23270233,129,588,4.147881,33.463731,2335.010666,True,OK
1777556411.342451,True,True,0.23219958,129,589,2.932315,33.429122,2335.242866,True,OK
1777556411.432478,True,True,0.23121220,129,590,2.568258,33.389402,2335.474078,True,OK
1777556411.500447,True,True,0.22967905,129,590,0.000000,33.356988,2335.474078,True,OK
1777556411.582717,True,True,0.22910852,128,589,3.938358,33.322460,2335.798087,True,OK
1777556411.659353,True,True,0.22773840,128,589,0.000000,33.286069,2335.798087,True,OK
1777556411.739024,True,True,0.22728943,128,589,0.000000,33.248321,2335.798087,True,OK
1777556411.818252,True,True,0.22670498,129,588,4.046646,33.215425,2336.118696,True,OK
1777556411.897850,True,True,0.22534704,129,589,2.831057,33.181077,2336.344043,True,OK
1777556411.961507,True,True,0.22475521,128,589,3.530760,33.154296,2336.568798,True,OK
1777556412.041278,True,True,0.22374957,128,590,2.804880,33.119982,2336.792548,True,OK
1777556412.120306,True,True,0.22277022,127,590,2.818881,33.086080,2337.015318,True,OK
1777556412.199341,True,True,0.22185544,127,589,2.807060,33.052238,2337.237173,True,OK
1777556412.282723,True,True,0.22109611,127,590,2.651608,33.016433,2337.458269,True,OK
1777556412.357838,True,True,0.22057500,127,590,0.000000,32.981440,2337.458269,True,OK
1777556412.437609,True,True,0.22017058,127,589,2.760007,32.947462,2337.678440,True,OK
1777556412.516996,True,True,0.21948501,127,588,2.764758,32.913729,2337.897925,True,OK
1777556412.596344,True,True,0.21956158,127,588,0.000000,32.877002,2337.897925,True,OK
1777556412.675860,True,True,0.21984420,127,588,0.000000,32.840280,2337.897925,True,OK
1777556412.755305,True,True,0.22052406,127,588,0.000000,32.803673,2337.897925,True,OK
1777556412.834224,True,True,0.22163313,126,591,8.880748,32.777211,2338.598790,True,OK
1777556412.906810,True,True,0.22272778,126,589,6.136950,32.750136,2339.044246,True,OK
1777556412.978075,True,True,0.22426398,126,590,3.146935,32.720627,2339.268510,True,OK
1777556413.057701,True,True,0.22638233,126,590,0.000000,32.684224,2339.268510,True,OK
1777556413.136995,True,True,0.22725707,125,590,2.866016,32.651226,2339.495767,True,OK
1777556413.217436,True,True,0.22907461,125,591,2.847726,32.617803,2339.724842,True,OK
1777556413.297236,True,True,0.23032999,125,591,0.000000,32.581557,2339.724842,True,OK
1777556413.376614,True,True,0.23032877,124,592,4.103612,32.550113,2340.050576,True,OK
1777556413.455951,True,True,0.22956645,123,592,2.893539,32.517421,2340.280142,True,OK
1777556413.535770,True,True,0.22930580,123,592,0.000000,32.481397,2340.280142,True,OK
1777556413.616171,True,True,0.22838988,122,594,6.351876,32.452271,2340.790838,True,OK
1777556413.716472,True,True,0.22716587,121,596,5.064326,32.414240,2341.298796,True,OK
1777556413.789303,True,True,0.22632010,120,599,9.826757,32.391488,2342.014483,True,OK
1777556413.856796,True,True,0.22598160,120,599,0.000000,32.361279,2342.014483,True,OK
1777556413.935143,True,True,0.22583816,120,600,2.882530,32.329401,2342.240321,True,OK
1777556413.995525,True,True,0.22527950,120,601,3.730927,32.305585,2342.465601,True,OK
1777556414.091337,True,True,0.22468144,120,600,2.345022,32.266049,2342.690282,True,OK
1777556414.155458,True,True,0.22419966,120,600,0.000000,32.237578,2342.690282,True,OK
1777556414.234801,True,True,0.22346575,119,600,2.816458,32.205491,2342.913748,True,OK
1777556414.317258,True,True,0.22346075,120,600,2.710002,32.172097,2343.137208,True,OK
1777556414.393864,True,True,0.22321586,120,600,0.000000,32.138293,2343.137208,True,OK
1777556414.457497,True,True,0.22296822,120,600,0.000000,32.110267,2343.137208,True,OK
1777556414.536962,True,True,0.22314624,120,600,0.000000,32.075338,2343.137208,True,OK
1777556414.618220,True,True,0.22265765,120,599,2.740154,32.042743,2343.359866,True,OK
1777556414.700297,True,True,0.22233123,120,598,2.708812,32.009859,2343.582197,True,OK
1777556414.774857,True,True,0.22185976,120,597,2.975580,31.980321,2343.804057,True,OK
1777556414.854290,True,True,0.22113575,121,598,3.937047,31.949959,2344.116790,True,OK
1777556414.934920,True,True,0.22083756,120,598,2.738923,31.917893,2344.337628,True,OK
1777556415.029646,True,True,0.22009236,121,596,5.195403,31.883473,2344.829769,True,OK
1777556415.119155,True,True,0.21991162,122,597,3.474542,31.848939,2345.140771,True,OK
1777556415.189499,True,True,0.21969715,122,597,0.000000,31.818542,2345.140771,True,OK
1777556415.268771,True,True,0.21920988,122,596,2.765287,31.787327,2345.359981,True,OK
1777556415.357557,True,True,0.21897809,122,597,2.466348,31.752086,2345.578959,True,OK
1777556415.427144,True,True,0.21838398,121,597,3.138298,31.725158,2345.797343,True,OK
1777556415.506432,True,True,0.21819931,121,597,0.000000,31.691175,2345.797343,True,OK
1777556415.594593,True,True,0.21777559,121,596,2.470210,31.656413,2346.015119,True,OK
1777556415.665438,True,True,0.21798771,121,598,6.153902,31.632057,2346.451094,True,OK
1777556415.772959,True,True,0.21787558,121,598,0.000000,31.586274,2346.451094,True,OK
1777556415.865763,True,True,0.21806421,120,597,3.323020,31.551009,2346.759484,True,OK
1777556415.936756,True,True,0.21807613,120,597,0.000000,31.520924,2346.759484,True,OK
1777556416.017278,True,True,0.21829967,120,597,0.000000,31.486869,2346.759484,True,OK
1777556416.076365,True,True,0.21835442,120,595,7.391001,31.467782,2347.196192,True,OK
1777556416.155567,True,True,0.21893858,120,594,2.764317,31.437336,2347.415131,True,OK
1777556416.220980,True,True,0.21891603,120,594,0.000000,31.409820,2347.415131,True,OK
1777556416.308660,True,True,0.21893720,120,592,4.993973,31.378865,2347.853005,True,OK
1777556416.394374,True,True,0.21966065,120,592,0.000000,31.342960,2347.853005,True,OK
1777556416.473921,True,True,0.21983403,120,590,5.527203,31.315575,2348.292673,True,OK
1777556416.553403,True,True,0.22001616,120,588,5.536213,31.288279,2348.732706,True,OK
1777556416.633115,True,True,0.22005272,120,586,5.521233,31.260947,2349.172811,True,OK
1777556416.699553,True,True,0.22049261,120,586,0.000000,31.233333,2349.172811,True,OK
1777556416.778944,True,True,0.22098889,120,584,5.567152,31.206270,2349.614789,True,OK
1777556416.842329,True,True,0.22134112,121,582,7.808373,31.186589,2350.109723,True,OK
1777556416.922514,True,True,0.22180255,121,581,2.766105,31.156380,2350.331525,True,OK
1777556416.985390,True,True,0.22154002,121,580,3.523444,31.133367,2350.553065,True,OK
1777556417.065196,True,True,0.22243218,121,577,8.361549,31.109322,2351.220362,True,OK
1777556417.128947,True,True,0.22230355,121,572,17.435304,31.097798,2352.331880,True,OK
1777556417.192145,True,True,0.22195168,121,569,10.536000,31.080633,2352.997735,True,OK
1777556417.271804,True,True,0.22230685,120,565,11.506412,31.060058,2353.914329,True,OK
1777556417.335474,True,True,0.22092935,120,561,13.879617,31.045637,2354.798047,True,OK
1777556417.415229,True,True,0.22049395,120,555,16.587932,31.030451,2356.121010,True,OK
1777556417.494244,True,True,0.21988027,120,546,25.044966,31.024228,2358.099933,True,OK
1777556417.557356,True,True,0.21953312,119,540,21.158532,31.016043,2359.435301,True,OK
1777556417.636751,True,True,0.21975787,119,536,11.071714,30.995249,2360.314332,True,OK
1777556417.702249,True,True,0.21938940,118,531,17.079312,30.983290,2361.433003,True,OK
1777556417.781318,True,True,0.22078950,117,526,14.238341,30.965937,2362.558813,True,OK
1777556417.860521,True,True,0.22131668,114,516,29.173354,30.964078,2364.869427,True,OK
1777556417.923711,True,True,0.22221626,114,512,14.066550,30.950109,2365.758292,True,OK
1777556417.986981,True,True,0.22368455,113,507,18.027031,30.939421,2366.898864,True,OK
1777556418.066261,True,True,0.22496732,112,502,14.469150,30.922370,2368.045977,True,OK
1777556418.139944,True,True,0.22622217,111,496,18.675403,30.910598,2369.422032,True,OK
1777556418.221251,True,True,0.22784193,111,492,11.208880,30.889722,2370.333400,True,OK
1777556418.288999,True,True,0.22911278,110,485,23.913436,30.883568,2371.953472,True,OK
1777556418.365690,True,True,0.22979334,109,480,15.278530,30.868002,2373.125193,True,OK
1777556418.428982,True,True,0.23180749,108,475,18.675054,30.857972,2374.307184,True,OK
1777556418.507780,True,True,0.23408409,107,470,15.147665,30.841899,2375.500783,True,OK
1777556418.586646,True,True,0.23324826,107,464,17.744995,30.828502,2376.900273,True,OK
1777556418.663935,True,True,0.23386960,106,456,24.395788,30.822061,2378.785790,True,OK
1777556418.726399,True,True,0.23269911,105,451,18.995611,30.812497,2379.972327,True,OK
1777556418.805208,True,True,0.23109296,103,445,18.545483,30.799993,2381.433887,True,OK
1777556418.884665,True,True,0.23062261,102,440,14.799854,30.783568,2382.609836,True,OK
1777556418.947911,True,True,0.22907796,102,436,14.488166,30.770263,2383.526148,True,OK
1777556419.011494,True,True,0.22919711,102,433,10.813971,30.753895,2384.213739,True,OK
1777556419.091011,True,True,0.39966648,100,425,41.447221,30.764852,2387.509474,True,OK
1777556419.156731,True,True,0.39905821,99,421,25.035866,30.760005,2389.154833,True,OK
1777556419.234747,True,True,0.39948814,98,415,31.147331,30.760393,2391.584824,True,OK
1777556419.297788,True,True,0.39884306,97,413,14.146886,30.746933,2392.476665,True,OK
1777556419.373386,True,True,0.39926105,96,408,26.929981,30.743229,2394.512504,True,OK
1777556419.435866,True,True,0.39759378,94,405,22.943981,30.736977,2395.946049,True,OK
1777556419.515549,True,True,0.39922700,92,402,18.064375,30.724036,2397.385483,True,OK
1777556419.602999,True,True,0.39883778,90,399,16.444021,30.708050,2398.823513,True,OK
1777556419.677984,True,True,0.39941294,89,395,21.962147,30.699663,2400.470334,True,OK
1777556419.756281,True,True,0.39908803,87,392,18.377953,30.687337,2401.909267,True,OK
1777556419.832158,True,True,0.39923194,86,388,21.693807,30.678627,2403.555342,True,OK
1777556419.900049,True,True,0.39909740,85,389,8.313501,30.659263,2404.119751,True,OK
1777556419.971311,True,True,0.39913492,85,390,5.600941,30.636511,2404.518886,True,OK
1777556420.041952,True,True,0.39950104,85,390,0.000000,30.608961,2404.518886,True,OK
1777556420.123459,True,True,0.39905613,85,389,4.896004,30.582310,2404.917942,True,OK
1777556420.196978,True,True,0.39875017,85,390,5.423736,30.558811,2405.316692,True,OK
1777556420.266379,True,True,0.39772591,85,390,0.000000,30.531890,2405.316692,True,OK
1777556420.352628,True,True,0.39838157,87,391,10.328375,30.509796,2406.207501,True,OK
1777556420.430670,True,True,0.39766213,87,394,15.286414,30.494747,2407.400487,True,OK
1777556420.499537,True,True,0.39718660,88,394,5.767487,30.473195,2407.797674,True,OK
1777556420.581596,True,True,0.39796287,89,395,6.858483,30.448695,2408.360478,True,OK
1777556420.658102,True,True,0.39766635,89,395,0.000000,30.419272,2408.360478,True,OK
1777556420.733617,True,True,0.39694714,90,395,5.256515,30.395295,2408.757425,True,OK
1777556420.796616,True,True,0.39668645,91,397,14.079923,30.382335,2409.644443,True,OK
1777556420.877349,True,True,0.39591196,92,398,6.935251,30.358492,2410.204347,True,OK
1777556420.939798,True,True,0.39635572,93,396,14.191931,30.345785,2411.090626,True,OK
1777556421.003304,True,True,0.39570168,94,397,8.811920,30.328587,2411.650232,True,OK
1777556421.082243,True,True,0.39586878,94,396,5.014857,30.303482,2412.046101,True,OK
1777556421.145641,True,True,0.39526573,94,394,12.469367,30.289289,2412.836633,True,OK
1777556421.232772,True,True,0.39477216,95,389,23.102637,30.281437,2414.849583,True,OK
1777556421.304045,True,True,0.39450659,95,386,16.605423,30.269225,2416.033103,True,OK
1777556421.391610,True,True,0.39399835,95,382,17.997945,30.255777,2417.609097,True,OK
1777556421.464025,True,True,0.39323141,96,378,22.389377,30.248655,2419.230431,True,OK
1777556421.543453,True,True,0.39268206,96,374,19.775686,30.238264,2420.801159,True,OK
1777556421.627988,True,True,0.39265887,97,371,14.688526,30.221862,2422.042856,True,OK
1777556421.702771,True,True,0.39157387,97,369,10.472257,30.203450,2422.826004,True,OK
1777556421.769133,True,True,0.39226564,97,368,5.910943,30.183370,2423.218269,True,OK
1777556421.845008,True,True,0.39205262,96,368,5.167083,30.159750,2423.610322,True,OK
1777556421.908590,True,True,0.39291024,96,367,6.179635,30.140791,2424.003232,True,OK
1777556421.987772,True,True,0.39268897,97,365,11.089325,30.122052,2424.881311,True,OK
1777556422.068152,True,True,0.39264328,96,364,6.908228,30.098897,2425.436593,True,OK
1777556422.145663,True,True,0.39283441,96,362,10.136214,30.079713,2426.222262,True,OK
1777556422.211899,True,True,0.39292468,96,360,11.864338,30.064767,2427.008111,True,OK
1777556422.275889,True,True,0.39223506,97,358,13.706348,30.051811,2427.885175,True,OK
1777556422.355265,True,True,0.39238304,96,355,15.632189,30.037657,2429.125999,True,OK
1777556422.418699,True,True,0.39232435,97,351,25.500675,30.034101,2430.743594,True,OK
1777556422.501520,True,True,0.36782973,97,349,8.882509,30.012478,2431.479254,True,OK
1777556422.577540,True,True,0.36813256,96,347,10.828259,29.994494,2432.302423,True,OK
1777556422.647525,True,True,0.36804276,96,344,15.776715,29.982234,2433.406551,True,OK
1777556422.715833,True,True,0.36690852,97,340,22.146748,29.975645,2434.919354,True,OK
1777556422.770131,True,True,0.36681457,97,339,6.755591,29.960134,2435.286168,True,OK
1777556422.836812,True,True,0.36703807,97,337,11.008712,29.944600,2436.020245,True,OK
1777556422.928630,True,True,0.36689511,98,334,12.636117,29.925086,2437.180469,True,OK
1777556422.995042,True,True,0.36652864,211,630,1748.622062,31.325445,2553.309908,True,OK
1777556423.055662,True,True,0.36733659,197,624,92.298611,31.370758,2558.905012,True,OK
1777556423.118538,True,True,0.36666302,155,663,334.233514,31.604033,2579.920274,True,OK
1777556423.198259,True,True,0.36721750,139,659,75.968793,31.647316,2585.976580,True,OK
1777556423.277032,True,True,0.36799359,125,652,73.121617,31.687260,2591.736591,True,OK
1777556423.340261,True,True,0.36685135,108,350,1754.959760,33.018417,2702.701089,True,OK
1777556423.406212,True,True,0.36812039,92,378,180.004949,33.136750,2714.572615,True,OK
1777556423.479188,True,True,0.36772930,183,671,1546.002236,34.483243,2827.394217,True,OK
1777556423.545877,True,True,0.36594981,89,321,1988.660625,36.071371,2960.015560,True,OK
1777556423.618016,True,True,0.36611444,95,317,36.597597,36.071833,2962.655648,True,OK
1777556423.671985,True,True,0.36701408,95,316,6.800413,36.052611,2963.022662,True,OK
1777556423.754087,True,True,0.36727949,95,314,8.946875,36.025560,2963.757221,True,OK
1777556423.830314,True,True,0.36654732,96,313,6.800411,35.998506,2964.275598,True,OK
1777556423.899757,True,True,0.36586541,97,311,11.780967,35.978100,2965.093698,True,OK
1777556423.968604,True,True,0.36626379,97,309,10.639944,35.956951,2965.826225,True,OK
1777556424.039002,True,True,0.36660568,96,308,7.364695,35.932569,2966.344684,True,OK
1777556424.102773,True,True,0.36597420,96,307,5.738816,35.909262,2966.710658,True,OK
1777556424.181901,True,True,0.36657308,96,306,4.632658,35.879335,2967.077231,True,OK
1777556424.260450,True,True,0.36571579,96,306,0.000000,35.845288,2967.077231,True,OK
1777556424.348025,True,True,0.36567790,95,305,5.905205,35.813645,2967.594378,True,OK
1777556424.417781,True,True,0.36605384,95,304,5.247648,35.787935,2967.960432,True,OK
1777556424.505352,True,True,0.36629141,95,305,4.182787,35.754597,2968.326723,True,OK
1777556424.576548,True,True,0.36561130,95,304,5.135239,35.728361,2968.692334,True,OK
1777556424.656213,True,True,0.36528694,94,305,6.484619,35.700350,2969.208928,True,OK
1777556424.746116,True,True,0.36580115,94,306,4.068848,35.666195,2969.574729,True,OK
1777556424.831880,True,True,0.36512414,94,306,0.000000,35.629493,2969.574729,True,OK
1777556424.911952,True,True,0.36458368,94,307,4.553216,35.599667,2969.939313,True,OK
1777556424.986452,True,True,0.36492980,94,306,4.898350,35.572274,2970.304243,True,OK
1777556425.072888,True,True,0.36479321,94,306,0.000000,35.535490,2970.304243,True,OK
1777556425.142649,True,True,0.36554117,95,306,5.239904,35.510226,2970.669784,True,OK
1777556425.232180,True,True,0.36520529,93,307,9.121160,35.482015,2971.486408,True,OK
1777556425.302341,True,True,0.36420426,93,307,0.000000,35.452313,2971.486408,True,OK
1777556425.381358,True,True,0.36549380,93,307,0.000000,35.418923,2971.486408,True,OK
1777556425.470369,True,True,0.36557569,94,307,4.107075,35.385737,2971.851983,True,OK
1777556425.555656,True,True,0.36501036,96,308,9.569888,35.359547,2972.668171,True,OK
1777556425.644325,True,True,0.36398068,96,309,4.104934,35.326617,2973.032152,True,OK
1777556425.714383,True,True,0.36507045,94,309,10.421933,35.305902,2973.762293,True,OK
1777556425.793694,True,True,0.36405099,93,310,6.491490,35.278796,2974.277139,True,OK
1777556425.873964,True,True,0.36423659,92,311,6.417173,35.251343,2974.792247,True,OK
1777556425.953707,True,True,0.36442017,93,312,6.462888,35.224165,2975.307615,True,OK
1777556426.033970,True,True,0.36402852,93,313,4.535452,35.195031,2975.671644,True,OK
1777556426.119834,True,True,0.36385479,93,313,0.000000,35.159325,2975.671644,True,OK
1777556426.192367,True,True,0.36419729,96,315,18.103893,35.144720,2976.984776,True,OK
1777556426.271746,True,True,0.36445537,96,316,4.591314,35.116115,2977.349231,True,OK
1777556426.356319,True,True,0.36401378,96,315,4.304135,35.085411,2977.713245,True,OK
1777556426.435082,True,True,0.36440603,96,315,0.000000,35.052881,2977.713245,True,OK
1777556426.517638,True,True,0.36365833,97,315,4.405002,35.023125,2978.076903,True,OK
1777556426.597118,True,True,0.36338098,97,314,4.571970,34.994689,2978.440284,True,OK
1777556426.676444,True,True,0.36349772,97,315,4.582346,34.966370,2978.803782,True,OK
1777556426.756239,True,True,0.36410971,96,315,4.563071,34.937919,2979.167892,True,OK
1777556426.839169,True,True,0.36348179,97,316,6.198449,34.909996,2979.681932,True,OK
1777556426.910579,True,True,0.36344586,97,316,0.000000,34.880813,2979.681932,True,OK
1777556426.990013,True,True,0.36312021,96,316,4.571336,34.852655,2980.045053,True,OK
1777556427.068120,True,True,0.36277784,96,316,0.000000,34.820847,2980.045053,True,OK
1777556427.156370,True,True,0.36292900,96,315,4.112525,34.789214,2980.407982,True,OK
1777556427.236767,True,True,0.36228393,96,314,4.506180,34.760822,2980.770266,True,OK
1777556427.310825,True,True,0.36245752,95,313,6.921493,34.736799,2981.282858,True,OK
1777556427.392427,True,True,0.36268840,95,311,8.889141,34.712246,2982.008235,True,OK
1777556427.472033,True,True,0.36200179,94,310,6.431055,34.686064,2982.520183,True,OK
1777556427.551781,True,True,0.36201518,94,308,9.079015,34.662337,2983.244213,True,OK
1777556427.637370,True,True,0.36191661,94,308,0.000000,34.627901,2983.244213,True,OK
1777556427.710414,True,True,0.36167820,94,308,0.000000,34.598566,2983.244213,True,OK
1777556427.789054,True,True,0.36134595,92,308,9.189851,34.575413,2983.966905,True,OK
1777556427.870314,True,True,0.36166149,95,308,13.352017,34.555449,2985.051889,True,OK
1777556427.960618,True,True,0.36087018,95,307,3.996175,34.523536,2985.412759,True,OK
1777556428.040450,True,True,0.36031760,94,306,6.383012,34.497582,2985.922325,True,OK
1777556428.130276,True,True,0.36113673,95,304,8.989884,34.471137,2986.729852,True,OK
1777556428.200341,True,True,0.36094531,96,304,5.151594,34.447447,2987.090797,True,OK
1777556428.279052,True,True,0.36126627,96,304,0.000000,34.416207,2987.090797,True,OK
1777556428.358321,True,True,0.36114819,97,303,6.443119,34.390682,2987.601538,True,OK
1777556428.453974,True,True,0.36070238,97,303,0.000000,34.352857,2987.601538,True,OK
1777556428.539216,True,True,0.36075772,97,302,4.232146,34.323363,2987.962295,True,OK
1777556428.612910,True,True,0.36059656,97,301,4.893177,34.298471,2988.322892,True,OK
1777556428.692319,True,True,0.36157989,97,301,0.000000,34.267239,2988.322892,True,OK
1777556428.773304,True,True,0.36080598,98,300,6.300590,34.241292,2988.833149,True,OK
1777556428.850495,True,True,0.36190166,98,300,0.000000,34.211038,2988.833149,True,OK
1777556428.920427,True,True,0.36168793,98,300,0.000000,34.183675,2988.833149,True,OK
1777556429.000484,True,True,0.36149380,98,300,0.000000,34.152404,2988.833149,True,OK
1777556429.079651,True,True,0.36292507,98,300,0.000000,34.121537,2988.833149,True,OK
1777556429.159298,True,True,0.36247630,98,301,4.551018,34.094674,2989.195625,True,OK
1777556429.246456,True,True,0.36292579,99,301,4.164000,34.064949,2989.558551,True,OK
1777556429.317801,True,True,0.36281018,98,302,7.191704,34.043120,2990.071642,True,OK
1777556429.408705,True,True,0.36313930,99,303,5.649438,34.013764,2990.585198,True,OK
1777556429.482298,True,True,0.36388267,99,303,0.000000,33.985317,2990.585198,True,OK
1777556429.561441,True,True,0.36478554,99,303,0.000000,33.954779,2990.585198,True,OK
1777556429.641272,True,True,0.36451467,100,303,4.566113,33.928165,2990.949713,True,OK
1777556429.720567,True,True,0.36492040,100,304,4.602024,33.901810,2991.314633,True,OK
1777556429.800504,True,True,0.36581493,101,306,10.232960,33.880387,2992.132621,True,OK
1777556429.879736,True,True,0.36545812,100,305,6.523052,33.855865,2992.649456,True,OK
1777556429.961642,True,True,0.36651513,100,305,0.000000,33.824523,2992.649456,True,OK
1777556430.041493,True,True,0.36683984,100,305,0.000000,33.794023,2992.649456,True,OK
1777556430.119489,True,True,0.36714214,100,305,0.000000,33.764285,2992.649456,True,OK
1777556430.198901,True,True,0.36780236,100,305,0.000000,33.734061,2992.649456,True,OK
1777556430.278511,True,True,0.36806547,100,304,4.623392,33.707961,2993.017522,True,OK
1777556430.358433,True,True,0.36849157,101,305,6.520413,33.683511,2993.538648,True,OK
1777556430.447310,True,True,0.36875099,101,304,4.149005,33.654005,2993.907399,True,OK
1777556430.516200,True,True,0.36756762,102,303,7.545577,33.633802,2994.427218,True,OK
1777556430.595961,True,True,0.36918053,100,303,9.257249,33.611983,2995.165579,True,OK
1777556430.674904,True,True,0.36897342,102,304,10.451142,33.591483,2995.990628,True,OK
1777556430.753927,True,True,0.36932147,102,303,4.673601,33.565884,2996.359950,True,OK
1777556430.843516,True,True,0.37011720,101,301,9.237834,33.541493,2997.187557,True,OK
1777556430.913077,True,True,0.36886218,102,301,5.302733,33.519528,2997.556419,True,OK
1777556430.993490,True,True,0.37013666,103,300,6.509520,33.495262,2998.079872,True,OK
1777556431.072599,True,True,0.36926361,103,300,0.000000,33.465684,2998.079872,True,OK
1777556431.151926,True,True,0.36884176,104,300,4.649687,33.440191,2998.448713,True,OK
1777556431.231369,True,True,0.37120885,104,301,4.672631,33.414726,2998.819922,True,OK
1777556431.326574,True,True,0.36990646,104,300,3.885355,33.383433,2999.189829,True,OK
1777556431.421497,True,True,0.37053353,105,299,5.520419,33.354025,2999.713842,True,OK
1777556431.525311,True,True,0.36993123,105,298,3.563416,33.319677,3000.083773,True,OK
1777556431.596548,True,True,0.37055132,105,299,5.201611,33.297448,3000.454325,True,OK
1777556431.675382,True,True,0.37057589,105,298,4.700737,33.272452,3000.824901,True,OK
1777556431.765038,True,True,0.37070684,105,298,0.000000,33.239409,3000.824901,True,OK
1777556431.833260,True,True,0.37113576,104,299,7.693511,33.220119,3001.349766,True,OK
1777556431.895966,True,True,0.36969172,104,299,0.000000,33.197079,3001.349766,True,OK
1777556431.977306,True,True,0.36960432,104,299,0.000000,33.167239,3001.349766,True,OK
1777556432.071078,True,True,0.36999507,104,299,0.000000,33.132905,3001.349766,True,OK
1777556432.166803,True,True,0.37055651,104,301,7.742062,33.106101,3002.090879,True,OK
1777556432.248860,True,True,0.37103660,104,302,4.521693,33.080259,3002.461915,True,OK
1777556432.325546,True,True,0.37181876,104,303,4.848623,33.056426,3002.833734,True,OK
1777556432.405328,True,True,0.37150457,104,303,0.000000,33.027419,3002.833734,True,OK
1777556432.497432,True,True,0.37256590,104,303,0.000000,32.993995,3002.833734,True,OK
1777556432.567412,True,True,0.37229732,104,303,0.000000,32.968645,3002.833734,True,OK
1777556432.647342,True,True,0.37198995,104,304,4.653943,32.943819,3003.205724,True,OK
1777556432.726856,True,True,0.37198865,105,306,10.460914,32.924225,3004.037516,True,OK
1777556432.806512,True,True,0.37215533,104,306,4.672038,32.899582,3004.409671,True,OK
1777556432.886957,True,True,0.37324591,104,307,4.639762,32.874710,3004.782917,True,OK
1777556432.966055,True,True,0.37425759,104,307,0.000000,32.846285,3004.782917,True,OK
1777556433.053854,True,True,0.37384607,104,307,0.000000,32.814791,3004.782917,True,OK
1777556433.149895,True,True,0.37383133,104,308,3.892377,32.784487,3005.156749,True,OK
1777556433.228878,True,True,0.37491864,104,308,0.000000,32.756262,3005.156749,True,OK
1777556433.309940,True,True,0.37488259,103,308,4.624677,32.731428,3005.531631,True,OK
1777556433.403147,True,True,0.37523786,103,308,0.000000,32.698237,3005.531631,True,OK
1777556433.498868,True,True,0.37470593,102,308,3.914563,32.668294,3005.906337,True,OK
1777556433.577909,True,True,0.37541999,101,309,6.717031,32.646020,3006.437261,True,OK
1777556433.659687,True,True,0.37675188,101,309,0.000000,32.617056,3006.437261,True,OK
1777556433.747730,True,True,0.37638435,102,309,4.274973,32.590010,3006.813646,True,OK
1777556433.823807,True,True,0.37519298,100,309,9.863508,32.571285,3007.564032,True,OK
1777556433.904518,True,True,0.37609734,102,310,10.419650,32.551940,3008.405011,True,OK
1777556433.975002,True,True,0.37585809,102,310,0.000000,32.527133,3008.405011,True,OK
1777556434.053548,True,True,0.37679438,103,310,4.797114,32.503603,3008.781805,True,OK
1777556434.117549,True,True,0.37665496,103,311,5.885112,32.485212,3009.158460,True,OK
1777556434.197017,True,True,0.37746495,103,312,4.749912,32.461438,3009.535925,True,OK
1777556434.278689,True,True,0.37734356,103,311,4.620248,32.436934,3009.913269,True,OK
1777556434.355679,True,True,0.37725167,102,311,4.899985,32.414105,3010.290520,True,OK
1777556434.434739,True,True,0.37696769,103,312,6.743197,32.392271,3010.823633,True,OK
1777556434.514243,True,True,0.37803614,104,312,4.754903,32.368651,3011.201669,True,OK
1777556434.601722,True,True,0.37833452,104,312,0.000000,32.338242,3011.201669,True,OK
1777556434.678734,True,True,0.37843874,105,313,6.949451,32.317261,3011.736862,True,OK
1777556434.758165,True,True,0.37795012,104,313,4.758230,32.293792,3012.114813,True,OK
1777556434.837692,True,True,0.37865352,104,314,4.761298,32.270337,3012.493466,True,OK
1777556434.924599,True,True,0.37910199,104,314,0.000000,32.240322,3012.493466,True,OK
1777556434.998172,True,True,0.37866036,105,314,5.146789,32.219006,3012.872126,True,OK
1777556435.089602,True,True,0.37895407,105,314,0.000000,32.187535,3012.872126,True,OK
1777556435.169520,True,True,0.37854217,105,314,0.000000,32.160077,3012.872126,True,OK
1777556435.249861,True,True,0.37922953,105,314,0.000000,32.132521,3012.872126,True,OK
1777556435.327569,True,True,0.37939936,106,314,4.882342,32.109955,3013.251526,True,OK
1777556435.406869,True,True,0.37852657,106,313,4.773325,32.086874,3013.630052,True,OK
1777556435.488529,True,True,0.37845728,106,313,0.000000,32.059001,3013.630052,True,OK
1777556435.565060,True,True,0.37872241,106,313,0.000000,32.032922,3013.630052,True,OK
1777556435.650905,True,True,0.37899666,106,313,0.000000,32.003719,3013.630052,True,OK
1777556435.724026,True,True,0.37857053,106,314,5.177277,31.982904,3014.008623,True,OK
1777556435.804672,True,True,0.37868007,107,315,6.640595,31.961235,3014.544157,True,OK
1777556435.866183,True,True,0.37897652,106,316,8.713063,31.946083,3015.080111,True,OK
1777556435.951189,True,True,0.37894343,107,316,4.457881,31.921348,3015.459055,True,OK
1777556436.036475,True,True,0.37819333,107,316,0.000000,31.892554,3015.459055,True,OK
1777556436.103790,True,True,0.37882626,106,317,7.958792,31.875527,3015.994796,True,OK
1777556436.190027,True,True,0.37814631,107,317,4.384956,31.850494,3016.372942,True,OK
1777556436.262474,True,True,0.37817188,106,317,5.219975,31.830138,3016.751114,True,OK
1777556436.341914,True,True,0.37666390,107,317,4.741511,31.807452,3017.127778,True,OK
1777556436.427945,True,True,0.37775437,106,317,4.390888,31.782608,3017.505532,True,OK
1777556436.500770,True,True,0.37768325,107,316,7.334341,31.763870,3018.039657,True,OK
1777556436.599668,True,True,0.37698898,107,317,3.811927,31.734806,3018.416646,True,OK
1777556436.678582,True,True,0.37720244,107,316,4.779879,31.712460,3018.793848,True,OK
1777556436.757548,True,True,0.37698050,107,316,0.000000,31.686175,3018.793848,True,OK
1777556436.837604,True,True,0.37672257,107,317,4.705741,31.663523,3019.170571,True,OK
1777556436.917362,True,True,0.37733718,107,317,0.000000,31.637059,3019.170571,True,OK
1777556436.996530,True,True,0.37761207,107,316,4.769766,31.614789,3019.548183,True,OK
1777556437.075926,True,True,0.37680937,107,316,0.000000,31.588531,3019.548183,True,OK
1777556437.158889,True,True,0.37653176,107,316,0.000000,31.561139,3019.548183,True,OK
1777556437.235484,True,True,0.37590367,107,315,4.907675,31.539817,3019.924087,True,OK
1777556437.318364,True,True,0.37732328,108,314,6.438430,31.518108,3020.457702,True,OK
1777556437.387852,True,True,0.37739425,107,315,7.680636,31.500836,3020.991419,True,OK
1777556437.467340,True,True,0.37594090,107,314,4.729542,31.478665,3021.367359,True,OK
1777556437.552866,True,True,0.37554301,108,312,9.818587,31.459382,3022.207099,True,OK
1777556437.625650,True,True,0.37514562,107,313,7.289166,31.441084,3022.737635,True,OK
1777556437.707301,True,True,0.37518271,108,311,10.274666,31.423122,3023.576569,True,OK
1777556437.783558,True,True,0.37578966,108,311,0.000000,31.398239,3023.576569,True,OK
1777556437.862983,True,True,0.37479566,107,309,10.551716,31.381059,3024.414638,True,OK
1777556437.957623,True,True,0.37447264,107,309,0.000000,31.350274,3024.414638,True,OK
1777556438.038012,True,True,0.37514582,107,308,4.666671,31.328057,3024.789784,True,OK
1777556438.117117,True,True,0.37504839,109,308,9.482276,31.310173,3025.539880,True,OK
1777556438.196884,True,True,0.37468374,108,308,4.697200,31.288223,3025.914564,True,OK
1777556438.285184,True,True,0.37427100,108,308,0.000000,31.259682,3025.914564,True,OK
1777556438.357606,True,True,0.37418913,107,309,7.306963,31.241775,3026.443747,True,OK
1777556438.433744,True,True,0.37403244,107,309,0.000000,31.217239,3026.443747,True,OK
1777556438.513458,True,True,0.37342734,106,309,4.684614,31.195441,3026.817175,True,OK
1777556438.592984,True,True,0.37343361,106,309,0.000000,31.169893,3026.817175,True,OK
1777556438.679750,True,True,0.37359041,106,309,0.000000,31.142068,3026.817175,True,OK
1777556438.759043,True,True,0.37325721,106,309,0.000000,31.116682,3026.817175,True,OK
1777556438.838270,True,True,0.37364926,106,309,0.000000,31.091359,3026.817175,True,OK
1777556438.919199,True,True,0.37314304,105,309,4.610703,31.069363,3027.190318,True,OK
1777556438.996670,True,True,0.37313188,105,310,4.816406,31.048506,3027.563450,True,OK
1777556439.076067,True,True,0.37262712,105,311,4.693259,31.027064,3027.936077,True,OK
1777556439.155333,True,True,0.37231326,105,311,0.000000,31.001883,3027.936077,True,OK
1777556439.234353,True,True,0.37226973,105,310,4.711081,30.980630,3028.308347,True,OK
1777556439.313844,True,True,0.37170714,105,310,0.000000,30.955456,3028.308347,True,OK
1777556439.393528,True,True,0.37153195,105,309,4.662537,30.934057,3028.679879,True,OK
1777556439.475418,True,True,0.37194961,105,309,0.000000,30.908205,3028.679879,True,OK
1777556439.559828,True,True,0.37083078,104,309,4.393212,30.885385,3029.050709,True,OK
1777556439.648763,True,True,0.37068154,104,310,4.167988,30.861179,3029.421391,True,OK
1777556439.728560,True,True,0.37030082,104,309,4.640548,30.839881,3029.791692,True,OK
1777556439.807775,True,True,0.37030082,104,309,0.000000,30.815034,3029.791692,True,OK
1777556439.887653,True,True,0.36980246,101,308,14.640210,30.801904,3030.961110,True,OK
1777556439.966685,True,True,0.36945832,104,308,14.024392,30.788440,3032.069485,True,OK
1777556440.045855,True,True,0.37023969,104,309,4.676502,30.767465,3032.439724,True,OK
1777556440.125093,True,True,0.36972653,103,309,4.666043,30.746498,3032.809451,True,OK
1777556440.209513,True,True,0.36879793,103,308,4.368573,30.723942,3033.178249,True,OK
1777556440.288673,True,True,0.36972009,101,308,9.341087,30.706810,3033.917689,True,OK
1777556440.367743,True,True,0.36922724,101,307,4.669648,30.685990,3034.286916,True,OK
1777556440.455180,True,True,0.36885538,102,307,4.218532,30.662606,3034.655772,True,OK
1777556440.542215,True,True,0.36964521,103,306,6.006243,30.640942,3035.178529,True,OK
1777556440.620950,True,True,0.36923716,102,306,4.689627,30.620331,3035.547766,True,OK
1777556440.721674,True,True,0.36865960,101,304,8.184227,30.597558,3036.372114,True,OK
1777556440.816010,True,True,0.36909571,102,306,8.748736,30.576808,3037.197437,True,OK
1777556440.879616,True,True,0.36895494,102,305,5.800629,30.560953,3037.566392,True,OK
1777556440.959090,True,True,0.36853806,99,305,13.911735,30.547651,3038.672006,True,OK
1777556441.038433,True,True,0.36869268,102,303,16.754383,30.536658,3040.001347,True,OK
1777556441.117965,True,True,0.36868319,102,303,0.000000,30.512282,3040.001347,True,OK
1777556441.197445,True,True,0.36879108,100,302,10.375504,30.496231,3040.825988,True,OK
1777556441.276737,True,True,0.36781199,101,302,4.638685,30.475685,3041.193800,True,OK
1777556441.364198,True,True,0.36837996,99,302,8.423846,30.456374,3041.930560,True,OK
1777556441.435372,True,True,0.36801353,99,302,0.000000,30.434686,3041.930560,True,OK
1777556441.514920,True,True,0.36791594,99,302,0.000000,30.410483,3041.930560,True,OK
1777556441.603611,True,True,0.36827190,99,302,0.000000,30.383544,3041.930560,True,OK
1777556441.705873,True,True,0.36862735,100,302,3.604700,30.356219,3042.299188,True,OK
1777556441.788112,True,True,0.36760212,98,301,9.995066,30.339525,3043.121171,True,OK
1777556441.867449,True,True,0.36815957,99,302,6.562620,30.320733,3043.641827,True,OK
1777556441.946677,True,True,0.36814743,98,301,6.571409,30.302003,3044.162466,True,OK
1777556442.026048,True,True,0.36772804,98,302,4.633029,30.281738,3044.530194,True,OK
1777556442.105106,True,True,0.36771857,98,302,0.000000,30.257946,3044.530194,True,OK
1777556442.184791,True,True,0.36794143,99,303,6.530042,30.239169,3045.050542,True,OK
1777556442.263321,True,True,0.36780933,99,303,0.000000,30.215606,3045.050542,True,OK
1777556442.342465,True,True,0.36782149,98,303,4.647511,30.195542,3045.418364,True,OK
1777556442.422608,True,True,0.36689262,99,303,4.577976,30.175202,3045.785256,True,OK
1777556442.502163,True,True,0.36758213,99,304,4.620476,30.155076,3046.152838,True,OK
1777556442.581498,True,True,0.36581608,99,304,0.000000,30.131412,3046.152838,True,OK
1777556442.661294,True,True,0.36718426,99,304,0.000000,30.107648,3046.152838,True,OK
1777556442.751593,True,True,0.36701358,98,304,4.064441,30.084425,3046.519852,True,OK
1777556442.827864,True,True,0.36630445,98,306,9.605243,30.069012,3047.252461,True,OK
1777556442.907386,True,True,0.36586525,98,306,0.000000,30.045436,3047.252461,True,OK
1777556442.986367,True,True,0.36667195,98,306,0.000000,30.022056,3047.252461,True,OK
1777556443.065710,True,True,0.36663830,98,306,0.000000,29.998606,3047.252461,True,OK
1777556443.145157,True,True,0.36683663,99,307,6.529953,29.980265,3047.771246,True,OK
1777556443.228629,True,True,0.36605290,99,307,0.000000,29.955669,3047.771246,True,OK
1777556443.296283,True,True,0.36744153,99,308,5.431119,29.939372,3048.138688,True,OK
1777556443.376526,True,True,0.36607390,99,307,4.562114,29.919387,3048.504762,True,OK
1777556443.456638,True,True,0.36665099,99,308,4.576731,29.899477,3048.871413,True,OK
1777556443.535441,True,True,0.36599061,99,308,0.000000,29.876388,3048.871413,True,OK
1777556443.630632,True,True,0.36599904,99,309,3.844891,29.852129,3049.237412,True,OK
1777556443.717448,True,True,0.36643862,99,310,4.220896,29.830362,3049.603850,True,OK
1777556443.804596,True,True,0.36697885,99,310,0.000000,29.804955,3049.603850,True,OK
1777556443.884403,True,True,0.36712594,99,310,0.000000,29.781726,3049.603850,True,OK
1777556443.964243,True,True,0.36591862,99,310,0.000000,29.758523,3049.603850,True,OK
1777556444.043892,True,True,0.36676640,99,310,0.000000,29.735412,3049.603850,True,OK
1777556444.123261,True,True,0.36691351,100,309,6.537737,29.717473,3050.122744,True,OK
1777556444.202721,True,True,0.36756955,101,309,4.625835,29.698063,3050.490314,True,OK
1777556444.283505,True,True,0.36764091,101,310,4.550921,29.678301,3050.857955,True,OK
1777556444.368301,True,True,0.36757678,101,310,0.000000,29.653840,3050.857955,True,OK
1777556444.458322,True,True,0.36743462,101,310,0.000000,29.627916,3050.857955,True,OK
1777556444.527035,True,True,0.36835310,102,310,5.360734,29.611733,3051.226308,True,OK
1777556444.633465,True,True,0.36840286,102,309,3.461455,29.584750,3051.594711,True,OK
1777556444.719064,True,True,0.36976760,102,309,0.000000,29.560219,3051.594711,True,OK
1777556444.797035,True,True,0.36799869,99,308,14.925009,29.549174,3052.758425,True,OK
1777556444.884320,True,True,0.36988959,99,307,4.237697,29.527807,3053.128314,True,OK
1777556444.963850,True,True,0.36897266,101,307,9.278802,29.512244,3053.866260,True,OK
1777556445.059351,True,True,0.36909707,101,309,7.729724,29.492159,3054.604454,True,OK
1777556445.130218,True,True,0.36954663,100,309,5.214646,29.475559,3054.974001,True,OK
1777556445.209619,True,True,0.36973359,100,309,0.000000,29.452996,3054.974001,True,OK
1777556445.300242,True,True,0.36906048,99,309,4.072507,29.430840,3055.343061,True,OK
1777556445.363774,True,True,0.37044453,99,309,0.000000,29.412840,3055.343061,True,OK
1777556445.449901,True,True,0.36988186,99,309,0.000000,29.388474,3055.343061,True,OK
1777556445.521773,True,True,0.36909584,98,308,7.262639,29.373188,3055.865041,True,OK
1777556445.585622,True,True,0.36852033,98,308,0.000000,29.355173,3055.865041,True,OK
1777556445.672271,True,True,0.36881857,97,308,4.256469,29.334299,3056.233860,True,OK
1777556445.744565,True,True,0.36862395,97,308,0.000000,29.313958,3056.233860,True,OK
1777556445.819304,True,True,0.36816144,96,308,4.925979,29.296488,3056.602021,True,OK
1777556445.884956,True,True,0.36721185,96,306,11.186553,29.285099,3057.336445,True,OK
1777556445.956786,True,True,0.36776153,96,306,0.000000,29.264964,3057.336445,True,OK
1777556446.024457,True,True,0.36861241,96,305,5.447139,29.249546,3057.705058,True,OK
1777556446.094823,True,True,0.36804728,95,304,7.396937,29.234847,3058.225555,True,OK
1777556446.160964,True,True,0.36745739,93,303,12.422915,29.224224,3059.047215,True,OK
1777556446.247348,True,True,0.36808667,95,303,8.522144,29.207153,3059.783388,True,OK
1777556446.320412,True,True,0.36785256,94,302,7.120079,29.191760,3060.303610,True,OK
1777556446.379905,True,True,0.36771020,94,302,0.000000,29.175203,3060.303610,True,OK
1777556446.469132,True,True,0.36860246,92,302,8.262198,29.157429,3061.040815,True,OK
1777556446.540472,True,True,0.36838804,92,301,5.163812,29.141135,3061.409203,True,OK
1777556446.616112,True,True,0.36774998,92,301,0.000000,29.120168,3061.409203,True,OK
1777556446.691407,True,True,0.36725258,93,300,6.897765,29.104264,3061.928577,True,OK
1777556446.763861,True,True,0.36710910,93,300,0.000000,29.084234,3061.928577,True,OK
1777556446.841156,True,True,0.36771074,93,299,4.757234,29.066386,3062.296287,True,OK
1777556446.912620,True,True,0.36757384,93,299,0.000000,29.046683,3062.296287,True,OK
1777556446.991686,True,True,0.36800313,93,300,4.654377,29.028404,3062.664291,True,OK
1777556447.064085,True,True,0.36882748,93,300,0.000000,29.008498,3062.664291,True,OK
1777556447.140820,True,True,0.36746843,93,300,0.000000,28.987430,3062.664291,True,OK
1777556447.216550,True,True,0.36699683,92,300,4.846086,28.970138,3063.031287,True,OK
1777556447.293912,True,True,0.36752599,92,300,0.000000,28.948957,3063.031287,True,OK
1777556447.365097,True,True,0.36816184,93,300,5.171911,28.932971,3063.399449,True,OK
1777556447.443939,True,True,0.36771342,93,300,0.000000,28.911442,3063.399449,True,OK
1777556447.522139,True,True,0.36786455,93,300,0.000000,28.890120,3063.399449,True,OK
1777556447.593489,True,True,0.36864560,93,300,0.000000,28.870694,3063.399449,True,OK
1777556447.665338,True,True,0.36849166,93,300,0.000000,28.851158,3063.399449,True,OK
1777556447.728683,True,True,0.36838379,94,300,5.815519,28.837423,3063.767833,True,OK
1777556447.808567,True,True,0.36826506,94,299,4.609995,28.819220,3064.136098,True,OK
1777556447.887705,True,True,0.36851772,94,299,0.000000,28.797786,3064.136098,True,OK
1777556447.962864,True,True,0.36819927,94,300,4.898902,28.780916,3064.504297,True,OK
1777556448.030768,True,True,0.36789737,94,300,0.000000,28.762573,3064.504297,True,OK
1777556448.110352,True,True,0.36712410,94,300,0.000000,28.741105,3064.504297,True,OK
1777556448.189649,True,True,0.36801067,94,301,4.640884,28.723195,3064.872308,True,OK
1777556448.278992,True,True,0.36795367,94,301,0.000000,28.699165,3064.872308,True,OK
1777556448.347169,True,True,0.36788181,94,301,0.000000,28.680855,3064.872308,True,OK
1777556448.427216,True,True,0.36850139,94,301,0.000000,28.659387,3064.872308,True,OK
1777556448.490503,True,True,0.36842164,94,301,0.000000,28.642437,3064.872308,True,OK
1777556448.570470,True,True,0.36797850,94,302,4.601656,28.624484,3065.240286,True,OK
1777556448.654436,True,True,0.36946617,95,302,4.400174,28.605504,3065.609753,True,OK
1777556448.712383,True,True,0.36960591,95,302,0.000000,28.590045,3065.609753,True,OK
1777556448.815175,True,True,0.36881502,92,303,11.346220,28.573530,3066.776048,True,OK
1777556448.883604,True,True,0.36921069,92,303,0.000000,28.555325,3066.776048,True,OK
1777556448.952419,True,True,0.36943784,95,303,16.105810,28.547353,3067.884362,True,OK
1777556449.028391,True,True,0.36863179,93,304,10.849783,28.534850,3068.708647,True,OK
1777556449.105727,True,True,0.36903442,95,303,10.670164,28.522013,3069.533833,True,OK
1777556449.169585,True,True,0.36847126,95,303,0.000000,28.505099,3069.533833,True,OK
1777556449.249038,True,True,0.36944613,95,304,4.649871,28.487511,3069.903280,True,OK
1777556449.328157,True,True,0.36952224,96,304,4.670463,28.470037,3070.272802,True,OK
1777556449.408249,True,True,0.36992157,96,303,4.618725,28.452336,3070.642723,True,OK
1777556449.470912,True,True,0.36802688,96,302,5.873083,28.439234,3071.010750,True,OK
1777556449.551410,True,True,0.36937215,96,302,0.000000,28.418049,3071.010750,True,OK
1777556449.629170,True,True,0.36943565,96,303,4.750989,28.401032,3071.380186,True,OK
1777556449.708748,True,True,0.36913566,96,303,0.000000,28.380148,3071.380186,True,OK
1777556449.799495,True,True,0.36930257,96,303,0.000000,28.356371,3071.380186,True,OK
1777556449.864775,True,True,0.36976253,96,303,0.000000,28.339291,3071.380186,True,OK
1777556449.931434,True,True,0.36818820,96,303,0.000000,28.321871,3071.380186,True,OK
1777556450.011098,True,True,0.36895379,97,303,4.631333,28.304481,3071.749140,True,OK
1777556450.090326,True,True,0.36946993,97,302,4.663394,28.287234,3072.118610,True,OK
1777556450.169589,True,True,0.36814928,97,305,13.933970,28.276767,3073.223058,True,OK
1777556450.232977,True,True,0.36715503,97,305,0.000000,28.260284,3073.223058,True,OK
1777556450.321889,True,True,0.36834953,98,305,4.142877,28.240582,3073.591407,True,OK
1777556450.390852,True,True,0.36865004,98,305,0.000000,28.222699,3073.591407,True,OK
1777556450.470031,True,True,0.36836131,99,305,4.652299,28.205575,3073.959768,True,OK
1777556450.549742,True,True,0.36846607,99,305,0.000000,28.184960,3073.959768,True,OK
1777556450.613015,True,True,0.36834130,99,305,0.000000,28.168618,3073.959768,True,OK
1777556450.692058,True,True,0.36855824,99,304,4.662733,28.151605,3074.328327,True,OK
1777556450.771996,True,True,0.36841192,99,304,0.000000,28.131013,3074.328327,True,OK
1777556450.856891,True,True,0.36827798,98,305,6.134924,28.113939,3074.849150,True,OK
1777556450.924266,True,True,0.36839070,99,304,7.732540,28.101392,3075.370133,True,OK
1777556450.991793,True,True,0.36830726,100,305,7.713483,28.088819,3075.890999,True,OK
1777556451.063384,True,True,0.36889514,100,305,0.000000,28.070468,3075.890999,True,OK
1777556451.153043,True,True,0.36781802,100,305,0.000000,28.047519,3075.890999,True,OK
1777556451.221385,True,True,0.36786366,99,305,5.382653,28.033403,3076.258862,True,OK
1777556451.284450,True,True,0.36874790,99,307,11.694207,28.024019,3076.996358,True,OK
1777556451.370347,True,True,0.36946343,99,306,4.301228,28.005474,3077.365821,True,OK
1777556451.433261,True,True,0.36911135,99,307,5.866951,27.992806,3077.734933,True,OK
1777556451.528662,True,True,0.36956722,99,307,0.000000,27.968538,3077.734933,True,OK
1777556451.616733,True,True,0.36935923,99,307,0.000000,27.946172,3077.734933,True,OK
1777556451.686323,True,True,0.36985672,99,308,5.314826,27.931881,3078.104789,True,OK
1777556451.773691,True,True,0.36953516,99,308,0.000000,27.909753,3078.104789,True,OK
1777556451.846680,True,True,0.36956913,102,307,16.011681,27.901884,3079.273470,True,OK
1777556451.922654,True,True,0.37078207,102,306,4.880367,27.886047,3079.644252,True,OK
1777556452.001857,True,True,0.37061401,103,307,6.617528,27.870804,3080.168379,True,OK
1777556452.080870,True,True,0.37057353,103,307,0.000000,27.850893,3080.168379,True,OK
1777556452.168412,True,True,0.36990432,104,307,4.225435,27.832206,3080.538283,True,OK
1777556452.238794,True,True,0.36973784,104,307,0.000000,27.814520,3080.538283,True,OK
1777556452.328311,True,True,0.37064222,105,307,4.140451,27.795400,3080.908926,True,OK
1777556452.395020,True,True,0.37096517,105,307,0.000000,27.778682,3080.908926,True,OK
1777556452.473928,True,True,0.37065694,106,307,4.697375,27.762272,3081.279583,True,OK
1777556452.559837,True,True,0.37038766,106,307,0.000000,27.740800,3081.279583,True,OK
1777556452.632286,True,True,0.37042430,106,306,5.112849,27.726050,3081.650007,True,OK
1777556452.711547,True,True,0.37087797,106,305,4.679223,27.709627,3082.020885,True,OK
1777556452.790800,True,True,0.37045830,107,306,6.610569,27.694603,3082.544792,True,OK
1777556452.882882,True,True,0.37068536,107,306,0.000000,27.671710,3082.544792,True,OK
1777556452.948575,True,True,0.37118333,107,306,0.000000,27.655402,3082.544792,True,OK
1777556453.025571,True,True,0.37111058,107,307,4.819848,27.639638,3082.915903,True,OK
1777556453.088828,True,True,0.37165300,106,307,5.875244,27.627302,3083.287556,True,OK
1777556453.169672,True,True,0.37101453,106,307,0.000000,27.607304,3083.287556,True,OK
1777556453.246940,True,True,0.37106220,106,307,0.000000,27.588217,3083.287556,True,OK
1777556453.326077,True,True,0.37075657,105,308,6.625578,27.573384,3083.811885,True,OK
1777556453.412329,True,True,0.37115419,105,308,0.000000,27.552135,3083.811885,True,OK
1777556453.484940,True,True,0.37061391,103,309,11.413103,27.541672,3084.640602,True,OK
1777556453.570209,True,True,0.37042155,103,309,0.000000,27.520720,3084.640602,True,OK
1777556453.643605,True,True,0.37083252,104,310,7.145302,27.507386,3085.165039,True,OK
1777556453.723034,True,True,0.37092083,103,310,4.669833,27.491224,3085.535960,True,OK
1777556453.802482,True,True,0.37150880,103,311,4.676112,27.475086,3085.907468,True,OK
1777556453.873187,True,True,0.37192885,103,310,5.260260,27.461110,3086.279397,True,OK
1777556453.946541,True,True,0.37119357,102,312,11.315257,27.450579,3087.109411,True,OK
1777556454.015527,True,True,0.37009221,102,314,10.729423,27.440328,3087.849596,True,OK
1777556454.095177,True,True,0.37047888,102,314,0.000000,27.420919,3087.849596,True,OK
1777556454.171003,True,True,0.37018111,103,315,6.904192,27.407113,3088.373111,True,OK
1777556454.256711,True,True,0.37111455,102,315,4.329956,27.389574,3088.744226,True,OK
1777556454.326258,True,True,0.37157506,101,316,7.555931,27.377350,3089.269712,True,OK
1777556454.421256,True,True,0.37119416,101,316,0.000000,27.354321,3089.269712,True,OK
1777556454.500798,True,True,0.37130763,99,316,9.336093,27.341639,3090.012327,True,OK
1777556454.580252,True,True,0.37142661,101,316,9.349482,27.328999,3090.755180,True,OK
1777556454.659108,True,True,0.37073815,101,316,0.000000,27.309957,3090.755180,True,OK
1777556454.738331,True,True,0.37144181,101,316,0.000000,27.290853,3090.755180,True,OK
1777556454.818917,True,True,0.37157727,99,316,9.221914,27.278005,3091.498335,True,OK
1777556454.907634,True,True,0.37159217,101,316,8.377024,27.263221,3092.241519,True,OK
1777556454.980234,True,True,0.37116370,100,315,7.230080,27.250406,3092.766424,True,OK
1777556455.059066,True,True,0.37184182,100,316,4.716923,27.234765,3093.138266,True,OK
1777556455.139301,True,True,0.37155018,100,315,4.630760,27.218808,3093.509816,True,OK
1777556455.218036,True,True,0.37187108,100,313,9.446159,27.206504,3094.253558,True,OK
1777556455.296958,True,True,0.37136464,100,313,0.000000,27.187638,3094.253558,True,OK
1777556455.376187,True,True,0.37071049,101,313,4.679010,27.171979,3094.624269,True,OK
1777556455.473094,True,True,0.37120288,101,312,3.830473,27.152135,3094.995472,True,OK
1777556455.558150,True,True,0.37032946,101,312,0.000000,27.131890,3094.995472,True,OK
1777556455.629850,True,True,0.37038560,101,311,5.165710,27.118092,3095.365857,True,OK
1777556455.709439,True,True,0.37010025,101,311,0.000000,27.099196,3095.365857,True,OK
1777556455.773255,True,True,0.36903979,101,310,5.782888,27.087294,3095.734897,True,OK
1777556455.852478,True,True,0.36915369,99,310,9.319310,27.074985,3096.473204,True,OK
1777556455.925412,True,True,0.36896080,99,309,5.058870,27.060954,3096.842165,True,OK
1777556455.999557,True,True,0.36935440,99,310,4.981525,27.046659,3097.211520,True,OK
1777556456.073978,True,True,0.36896320,99,310,0.000000,27.029092,3097.211520,True,OK
1777556456.146763,True,True,0.36874948,100,310,5.066307,27.015151,3097.580269,True,OK
1777556456.235695,True,True,0.36908052,99,310,4.150152,26.997430,3097.949350,True,OK
1777556456.305813,True,True,0.36816352,99,310,0.000000,26.980944,3097.949350,True,OK
1777556456.385309,True,True,0.36884110,99,309,4.639722,26.965486,3098.318191,True,OK
1777556456.475943,True,True,0.36934721,99,309,0.000000,26.944232,3098.318191,True,OK
1777556456.543965,True,True,0.36889905,99,308,5.423249,26.931509,3098.687090,True,OK
1777556456.635507,True,True,0.36949388,99,307,4.036353,26.913308,3099.056584,True,OK
1777556456.702446,True,True,0.36874537,99,306,5.508668,26.900872,3099.425329,True,OK
1777556456.782417,True,True,0.36921973,99,305,4.616930,26.885416,3099.794549,True,OK
1777556456.846459,True,True,0.36975419,99,303,11.547138,26.876901,3100.534057,True,OK
1777556456.925934,True,True,0.36946902,99,302,4.648903,26.861598,3100.903526,True,OK
1777556457.005617,True,True,0.36919577,99,301,4.633289,26.846265,3101.272722,True,OK
1777556457.084998,True,True,0.36869504,99,300,4.644599,26.831019,3101.641417,True,OK
1777556457.164643,True,True,0.36885725,99,299,4.631285,26.815735,3102.010274,True,OK
1777556457.243824,True,True,0.36945791,99,299,0.000000,26.797392,3102.010274,True,OK
1777556457.323216,True,True,0.36836351,99,299,0.000000,26.779026,3102.010274,True,OK
1777556457.402656,True,True,0.36901071,99,300,4.645157,26.763857,3102.379285,True,OK
1777556457.488516,True,True,0.36879805,98,300,4.295341,26.747227,3102.748083,True,OK
1777556457.567672,True,True,0.37047499,99,301,6.618931,26.733502,3103.272014,True,OK
1777556457.647868,True,True,0.37080177,99,302,4.623713,26.718238,3103.642815,True,OK
1777556457.732274,True,True,0.37109267,98,306,18.127236,26.712000,3105.172870,True,OK
1777556457.806767,True,True,0.37187216,96,305,11.162662,26.702042,3106.004401,True,OK
1777556457.879132,True,True,0.37256546,97,307,11.512173,26.692598,3106.837483,True,OK
1777556457.965221,True,True,0.37287011,97,309,8.662444,26.679272,3107.583223,True,OK
1777556458.047215,True,True,0.37247354,97,310,4.542676,26.663700,3107.955697,True,OK
1777556458.129125,True,True,0.37295560,97,312,9.106485,26.651371,3108.701608,True,OK
1777556458.207316,True,True,0.37349430,96,311,6.755238,26.638043,3109.229809,True,OK
1777556458.286475,True,True,0.37448131,96,313,9.461523,26.626402,3109.978771,True,OK
1777556458.372569,True,True,0.37406467,97,315,9.715396,26.613946,3110.815205,True,OK
1777556458.443395,True,True,0.37321894,97,316,5.269497,26.601020,3111.188424,True,OK
1777556458.522920,True,True,0.37430483,97,316,0.000000,26.582945,3111.188424,True,OK
1777556458.602645,True,True,0.37420269,97,316,0.000000,26.564849,3111.188424,True,OK
1777556458.687731,True,True,0.37333241,97,316,0.000000,26.545564,3111.188424,True,OK
1777556458.760992,True,True,0.37371261,98,316,5.101144,26.532168,3111.562137,True,OK
1777556458.840417,True,True,0.37266516,97,315,6.635536,26.518702,3112.089165,True,OK
1777556458.959145,True,True,0.37300002,98,316,4.442919,26.496390,3112.616667,True,OK
1777556459.031476,True,True,0.37326605,98,315,5.160530,26.483261,3112.989933,True,OK
1777556459.111291,True,True,0.37249560,99,315,4.666979,26.468457,3113.362428,True,OK
1777556459.190992,True,True,0.37218151,99,313,9.339506,26.456859,3114.106791,True,OK
1777556459.270238,True,True,0.37175878,98,313,4.691197,26.442215,3114.478550,True,OK
1777556459.350404,True,True,0.37140482,98,311,9.265937,26.430533,3115.221360,True,OK
1777556459.429896,True,True,0.37212780,99,310,6.620364,26.417181,3115.747628,True,OK
1777556459.522340,True,True,0.37239345,99,310,0.000000,26.396491,3115.747628,True,OK
1777556459.601183,True,True,0.37225456,98,308,10.557440,26.385919,3116.580014,True,OK
1777556459.681637,True,True,0.37216691,98,308,0.000000,26.367958,3116.580014,True,OK
1777556459.760157,True,True,0.37189149,99,306,10.590666,26.357484,3117.411589,True,OK
1777556459.839753,True,True,0.37184958,100,306,4.671667,26.342900,3117.783439,True,OK
1777556459.903534,True,True,0.37134529,100,304,11.644382,26.334983,3118.526129,True,OK
1777556459.982158,True,True,0.37126210,100,304,0.000000,26.317509,3118.526129,True,OK
1777556460.054309,True,True,0.37063041,99,301,16.244226,26.311379,3119.698165,True,OK
1777556460.133884,True,True,0.37137556,99,300,4.667012,26.296863,3120.069541,True,OK
1777556460.215291,True,True,0.37015225,99,299,4.546943,26.281950,3120.439693,True,OK
1777556460.292531,True,True,0.37070606,98,299,4.799406,26.267984,3120.810399,True,OK
1777556460.383067,True,True,0.37070607,98,298,4.094544,26.251099,3121.181105,True,OK
1777556460.451727,True,True,0.37033084,98,298,0.000000,26.235949,3121.181105,True,OK
1777556460.534131,True,True,0.37054723,98,298,0.000000,26.217789,3121.181105,True,OK
1777556460.616192,True,True,0.37084223,98,298,0.000000,26.199729,3121.181105,True,OK
1777556460.691876,True,True,0.37053389,98,299,4.895798,26.186203,3121.551639,True,OK
1777556460.775757,True,True,0.37019632,99,299,4.413319,26.170893,3121.921836,True,OK
1777556460.851202,True,True,0.37004036,99,299,0.000000,26.154351,3121.921836,True,OK
1777556460.931284,True,True,0.36974165,99,299,0.000000,26.136816,3121.921836,True,OK
1777556461.020524,True,True,0.36936784,100,299,4.139047,26.120394,3122.291203,True,OK
1777556461.095188,True,True,0.36982160,100,299,0.000000,26.104088,3122.291203,True,OK
1777556461.184168,True,True,0.37047598,98,299,8.327223,26.090874,3123.032155,True,OK
1777556461.253914,True,True,0.36979663,100,298,11.855656,26.082584,3123.859046,True,OK
1777556461.348964,True,True,0.36978091,100,299,3.890369,26.064986,3124.228827,True,OK
1777556461.428869,True,True,0.36971176,100,299,0.000000,26.047622,3124.228827,True,OK
1777556461.508251,True,True,0.36983726,100,299,0.000000,26.030394,3124.228827,True,OK
1777556461.587190,True,True,0.36995705,100,299,0.000000,26.013285,3124.228827,True,OK
1777556461.666529,True,True,0.37033394,100,298,4.667740,25.999193,3124.599161,True,OK
1777556461.746714,True,True,0.37033254,100,296,9.236906,25.988017,3125.339826,True,OK
1777556461.826846,True,True,0.37004852,99,298,10.326193,25.977588,3126.167279,True,OK
1777556461.906093,True,True,0.37016496,99,298,0.000000,25.960492,3126.167279,True,OK
1777556461.993571,True,True,0.37075719,99,297,4.238271,25.944724,3126.538037,True,OK
1777556462.073167,True,True,0.36956379,99,297,0.000000,25.927599,3126.538037,True,OK
1777556462.152843,True,True,0.36868301,99,297,0.000000,25.910479,3126.538037,True,OK
1777556462.232802,True,True,0.36915332,99,299,9.233465,25.899435,3127.276343,True,OK
1777556462.312830,True,True,0.36972826,100,299,4.619997,25.885341,3127.646071,True,OK
1777556462.392259,True,True,0.36955022,100,299,0.000000,25.868336,3127.646071,True,OK
1777556462.503722,True,True,0.36853772,100,298,3.306366,25.847555,3128.014609,True,OK
1777556462.586069,True,True,0.36873151,101,298,4.477795,25.833024,3128.383341,True,OK
1777556462.658222,True,True,0.36868324,101,298,0.000000,25.817641,3128.383341,True,OK
1777556462.737259,True,True,0.36765047,101,298,0.000000,25.800813,3128.383341,True,OK
1777556462.832820,True,True,0.36827138,100,298,3.853763,25.783529,3128.751612,True,OK
1777556462.910819,True,True,0.36882998,101,299,6.687352,25.771262,3129.273216,True,OK
1777556462.990770,True,True,0.36893780,101,299,0.000000,25.754305,3129.273216,True,OK
1777556463.079546,True,True,0.36933038,100,299,4.160234,25.738539,3129.642547,True,OK
1777556463.146201,True,True,0.36916755,100,299,0.000000,25.724437,3129.642547,True,OK
1777556463.225722,True,True,0.36852276,99,299,4.634286,25.710661,3130.011070,True,OK
1777556463.288872,True,True,0.36956583,100,300,8.276319,25.701622,3130.533715,True,OK
1777556463.368988,True,True,0.36892583,100,301,4.604853,25.687755,3130.902640,True,OK
1777556463.448641,True,True,0.36817324,100,299,9.244453,25.677016,3131.638987,True,OK
1777556463.540163,True,True,0.36845262,100,298,4.025827,25.660781,3132.007439,True,OK
1777556463.609769,True,True,0.36782672,100,298,0.000000,25.646155,3132.007439,True,OK
1777556463.697835,True,True,0.36798479,100,297,4.178518,25.630685,3132.375424,True,OK
1777556463.777268,True,True,0.36848139,100,297,0.000000,25.614037,3132.375424,True,OK
1777556463.862912,True,True,0.36858959,100,297,0.000000,25.596112,3132.375424,True,OK
1777556463.947212,True,True,0.36809920,100,297,0.000000,25.578492,3132.375424,True,OK
1777556464.019426,True,True,0.36923639,100,297,0.000000,25.563417,3132.375424,True,OK
1777556464.093368,True,True,0.36891767,100,296,4.989272,25.551009,3132.744342,True,OK
1777556464.179949,True,True,0.36919543,99,295,6.030453,25.537234,3133.266463,True,OK
1777556464.243520,True,True,0.36977178,100,294,8.226053,25.528270,3133.789399,True,OK
1777556464.323289,True,True,0.37028001,100,294,0.000000,25.511692,3133.789399,True,OK
1777556464.402804,True,True,0.36970989,100,294,0.000000,25.495188,3133.789399,True,OK
1777556464.487981,True,True,0.36934046,99,294,4.336155,25.480536,3134.158740,True,OK
1777556464.562596,True,True,0.37057237,99,295,4.966507,25.468100,3134.529312,True,OK
1777556464.641991,True,True,0.36970348,99,295,0.000000,25.451681,3134.529312,True,OK
1777556464.721570,True,True,0.37033064,99,297,9.307260,25.441256,3135.269973,True,OK
1777556464.802520,True,True,0.37030926,98,297,4.574555,25.427558,3135.640283,True,OK
1777556464.864297,True,True,0.36957487,98,298,5.982322,25.417822,3136.009858,True,OK
1777556464.943822,True,True,0.36918350,97,299,6.565286,25.405678,3136.531962,True,OK
1777556465.032243,True,True,0.37033663,96,299,4.188362,25.390493,3136.902299,True,OK
1777556465.115711,True,True,0.37000420,96,299,0.000000,25.373351,3136.902299,True,OK
1777556465.188519,True,True,0.37021372,96,300,5.084759,25.361409,3137.272512,True,OK
1777556465.263962,True,True,0.37021627,95,301,6.939915,25.350181,3137.796077,True,OK
1777556465.343057,True,True,0.36913277,95,302,4.666975,25.336973,3138.165210,True,OK
1777556465.431049,True,True,0.36817283,95,301,4.184142,25.321956,3138.533383,True,OK
1777556465.501267,True,True,0.36948167,94,301,5.261898,25.310598,3138.902864,True,OK
1777556465.589148,True,True,0.36834753,95,300,5.927643,25.296872,3139.423786,True,OK
1777556465.661427,True,True,0.36810767,94,300,5.092806,25.285112,3139.791894,True,OK
1777556465.740490,True,True,0.36792650,94,301,4.653604,25.271984,3140.159821,True,OK
1777556465.825039,True,True,0.36762806,92,300,9.722667,25.261411,3140.981862,True,OK
1777556465.899091,True,True,0.36733544,95,301,15.686479,25.255712,3142.143479,True,OK
1777556465.978931,True,True,0.36665634,94,301,4.592392,25.242460,3142.510135,True,OK
1777556466.067163,True,True,0.36706056,94,301,0.000000,25.224583,3142.510135,True,OK
1777556466.167378,True,True,0.36555382,95,301,3.647706,25.207240,3142.875689,True,OK
1777556466.251031,True,True,0.36651624,95,300,4.381352,25.193276,3143.242205,True,OK
1777556466.337729,True,True,0.36557346,95,300,0.000000,25.175782,3143.242205,True,OK
1777556466.412489,True,True,0.36574189,95,299,4.892169,25.163644,3143.607947,True,OK
1777556466.490470,True,True,0.36481350,95,299,0.000000,25.147946,3143.607947,True,OK
1777556466.595721,True,True,0.36504064,95,299,0.000000,25.126790,3143.607947,True,OK
1777556466.675330,True,True,0.36558388,95,299,0.000000,25.110811,3143.607947,True,OK
1777556466.758143,True,True,0.36545778,95,299,0.000000,25.094212,3143.607947,True,OK
1777556466.845422,True,True,0.36502946,95,298,4.182336,25.079652,3143.972976,True,OK
1777556466.916712,True,True,0.36527779,94,299,7.246139,25.069516,3144.489557,True,OK
1777556466.996123,True,True,0.36534213,94,298,4.600675,25.056566,3144.854899,True,OK
1777556467.085198,True,True,0.36498318,94,298,0.000000,25.038795,3144.854899,True,OK
1777556467.169329,True,True,0.36555696,94,298,0.000000,25.022035,3144.854899,True,OK
1777556467.248582,True,True,0.36482602,94,298,0.000000,25.006266,3144.854899,True,OK
1777556467.342391,True,True,0.36531175,94,299,3.894203,24.990530,3145.220211,True,OK
1777556467.421868,True,True,0.36518354,94,298,4.594815,24.977659,3145.585395,True,OK
1777556467.501246,True,True,0.36504650,94,298,0.000000,24.961925,3145.585395,True,OK
1777556467.565000,True,True,0.36576581,94,299,5.737200,24.952204,3145.951160,True,OK
1777556467.651731,True,True,0.36602906,95,300,5.968347,24.939154,3146.468804,True,OK
1777556467.715855,True,True,0.36527422,95,300,0.000000,24.926485,3146.468804,True,OK
1777556467.797963,True,True,0.36582831,98,300,13.366394,24.918970,3147.566289,True,OK
1777556467.865216,True,True,0.36532182,99,302,12.146332,24.912173,3148.383173,True,OK
1777556467.941824,True,True,0.36598186,101,302,9.554642,24.902869,3149.115137,True,OK
1777556468.020964,True,True,0.36541161,105,303,19.037607,24.899201,3150.621767,True,OK
1777556468.083537,True,True,0.36561183,108,303,17.528840,24.895558,3151.718603,True,OK
1777556468.160306,True,True,0.36589025,111,302,15.071865,24.889605,3152.875649,True,OK
1777556468.227179,True,True,0.36531370,113,302,10.925584,24.882237,3153.606277,True,OK
1777556468.311103,True,True,0.36530564,116,303,13.764879,24.874880,3154.761475,True,OK
1777556468.386849,True,True,0.36592202,121,303,24.154373,24.874450,3156.591085,True,OK
1777556468.469405,True,True,0.36619232,125,304,18.288791,24.870168,3158.100934,True,OK
1777556468.546652,True,True,0.36617433,127,304,9.480680,24.860812,3158.833283,True,OK
1777556468.620216,True,True,0.36614178,131,304,19.908540,24.857947,3160.297850,True,OK
1777556468.693390,True,True,0.36577713,133,304,9.997494,24.849399,3161.029405,True,OK
1777556468.762585,True,True,0.36576190,136,304,15.857923,24.844510,3162.126690,True,OK
1777556468.826260,True,True,0.36578524,137,304,5.744530,24.834960,3162.492475,True,OK
1777556468.893462,True,True,0.36532507,139,304,10.872509,24.827595,3163.223126,True,OK
1777556468.969234,True,True,0.36578137,141,305,10.794445,24.819254,3164.041038,True,OK
1777556469.032616,True,True,0.36625148,141,305,0.000000,24.806921,3164.041038,True,OK
1777556469.096346,True,True,0.36630963,142,304,8.128668,24.798591,3164.559078,True,OK
1777556469.173726,True,True,0.36602319,142,305,4.730164,24.786430,3164.925101,True,OK
1777556469.252868,True,True,0.36625116,138,305,18.511067,24.782543,3166.390105,True,OK
1777556469.316284,True,True,0.36677860,136,305,11.567513,24.775987,3167.123663,True,OK
1777556469.397460,True,True,0.36727403,134,305,9.048855,24.766006,3167.858211,True,OK
1777556469.474716,True,True,0.36654311,129,305,23.722569,24.765376,3169.690926,True,OK
1777556469.552874,True,True,0.36634920,122,305,32.811070,24.770286,3172.255371,True,OK
1777556469.634795,True,True,0.36604935,117,305,22.341579,24.768734,3174.085617,True,OK
1777556469.711569,True,True,0.36647649,111,306,29.035779,24.771288,3176.314807,True,OK
1777556469.775391,True,True,0.36544657,105,306,34.355767,24.776057,3178.507486,True,OK
1777556469.846641,True,True,0.36489179,102,307,16.194998,24.771294,3179.661375,True,OK
1777556469.901457,True,True,0.36583848,98,306,27.517340,24.772466,3181.169766,True,OK
1777556469.980411,True,True,0.36504055,95,306,13.870463,24.765767,3182.264888,True,OK
1777556470.043824,True,True,0.36503137,93,305,12.871700,24.759900,3183.081123,True,OK
1777556470.107148,True,True,0.36568861,87,305,34.649044,24.764769,3185.275254,True,OK
1777556470.186592,True,True,0.36770943,82,306,23.601017,24.764050,3187.150212,True,OK
1777556470.254406,True,True,0.36915892,83,305,7.698511,24.755063,3187.672282,True,OK
1777556470.314820,True,True,0.37095483,82,304,8.683630,24.747527,3188.196891,True,OK
1777556470.394610,True,True,0.37245356,82,304,0.000000,24.732209,3188.196891,True,OK
1777556470.457173,True,True,0.37184858,83,302,13.290173,24.726658,3189.028370,True,OK
1777556470.521330,True,True,0.37032571,84,302,5.772157,24.717234,3189.398695,True,OK
1777556470.600802,True,True,0.36888178,86,301,10.379146,24.708409,3190.223540,True,OK
1777556470.672063,True,True,0.36701178,90,301,20.600941,24.706143,3191.691587,True,OK
1777556470.739999,True,True,0.36705291,96,300,32.864834,24.710431,3193.924283,True,OK
1777556470.803088,True,True,0.36689630,98,299,13.003856,24.704720,3194.744688,True,OK
1777556470.866649,True,True,0.36733601,101,298,18.275522,24.701561,3195.906306,True,OK
1777556470.929919,True,True,0.36715965,106,297,29.590100,24.703951,3197.778461,True,OK
1777556471.009663,True,True,0.36676428,114,298,37.080574,24.711571,3200.735409,True,OK
1777556471.095414,True,True,0.36711551,120,298,25.687066,24.712216,3202.938102,True,OK
1777556471.168118,True,True,0.36731028,127,298,35.365125,24.718188,3205.509274,True,OK
1777556471.247784,True,True,0.36764679,137,298,46.148024,24.731345,3209.185742,True,OK
1777556471.327418,True,True,0.36832328,144,298,32.376720,24.736034,3211.764005,True,OK
1777556471.407275,True,True,0.36770357,149,298,23.022457,24.734981,3213.602523,True,OK
1777556471.470597,True,True,0.36830381,155,299,35.379791,24.740167,3215.842827,True,OK
1777556471.549867,True,True,0.36821815,160,299,23.225531,24.739243,3217.683918,True,OK
1777556471.613784,True,True,0.36895648,165,299,28.861976,24.741268,3219.528700,True,OK
1777556471.684907,True,True,0.36943507,169,299,20.777213,24.739103,3221.006441,True,OK
1777556471.754406,True,True,0.36856206,175,299,31.818758,24.742880,3223.217813,True,OK
1777556471.821677,True,True,0.36899232,178,300,17.345790,24.739062,3224.384669,True,OK
1777556471.879941,True,True,0.36921191,179,299,8.961587,24.732012,3224.906814,True,OK
1777556471.943460,True,True,0.36997112,181,301,16.474507,24.727992,3225.953250,True,OK
1777556472.022652,True,True,0.37009257,181,302,4.673377,24.715825,3226.323342,True,OK
1777556472.086748,True,True,0.37066802,181,303,5.783016,24.706534,3226.694011,True,OK
1777556472.149827,True,True,0.37108675,180,303,5.882856,24.697446,3227.065097,True,OK
1777556472.226909,True,True,0.37039092,178,303,9.610349,24.688551,3227.805879,True,OK
1777556472.306659,True,True,0.37087923,175,304,14.706147,24.682466,3228.978702,True,OK
1777556472.386873,True,True,0.37167213,172,305,14.652562,24.676320,3230.154033,True,OK
1777556472.466885,True,True,0.37169024,169,305,13.936154,24.669759,3231.269103,True,OK
1777556472.530555,True,True,0.37233402,164,305,29.239726,24.671979,3233.130774,True,OK
1777556472.609640,True,True,0.37304277,161,306,14.916261,24.666095,3234.310438,True,OK
1777556472.688684,True,True,0.37274771,158,306,14.147206,24.659758,3235.428681,True,OK
1777556472.781915,True,True,0.37191002,152,303,26.759799,24.661249,3237.923530,True,OK
1777556472.859197,True,True,0.37260808,151,304,6.818463,24.650753,3238.450477,True,OK
1777556472.939702,True,True,0.37269373,149,303,10.351775,24.641996,3239.283846,True,OK
1777556473.023698,True,True,0.37340568,146,304,14.057951,24.635237,3240.464658,True,OK
1777556473.098309,True,True,0.37315671,144,304,10.002733,24.626942,3241.210971,True,OK
1777556473.176726,True,True,0.37342736,144,304,0.000000,24.612278,3241.210971,True,OK
1777556473.240129,True,True,0.37389371,143,304,5.897130,24.603272,3241.584865,True,OK
1777556473.319573,True,True,0.37397191,143,304,0.000000,24.588445,3241.584865,True,OK
1777556473.398974,True,True,0.37390641,143,305,4.709088,24.576480,3241.958772,True,OK
1777556473.499248,True,True,0.37479548,143,305,0.000000,24.557812,3241.958772,True,OK
1777556473.582821,True,True,0.37432874,144,304,6.334362,24.546283,3242.488152,True,OK
1777556473.652405,True,True,0.37460210,143,304,5.383478,24.536194,3242.862754,True,OK
1777556473.731505,True,True,0.37433385,144,304,4.732362,24.524348,3243.237088,True,OK
1777556473.802176,True,True,0.37439184,143,303,7.492108,24.515252,3243.766558,True,OK
1777556473.865606,True,True,0.37364179,143,305,11.781175,24.509150,3244.513842,True,OK
1777556473.946701,True,True,0.37485181,143,305,0.000000,24.494145,3244.513842,True,OK
1777556474.022684,True,True,0.37505345,142,303,11.037161,24.486430,3245.352487,True,OK
1777556474.089175,True,True,0.37501551,142,302,5.640144,24.476980,3245.727502,True,OK
1777556474.148916,True,True,0.37409969,141,302,6.261999,24.468778,3246.101602,True,OK
1777556474.240385,True,True,0.37480106,140,302,4.097573,24.454742,3246.476403,True,OK
1777556474.310529,True,True,0.37424577,137,303,16.872007,24.450737,3247.659872,True,OK
1777556474.374499,True,True,0.37491994,135,302,13.105240,24.445276,3248.498219,True,OK
1777556474.453441,True,True,0.37536273,132,302,14.264786,24.439232,3249.624307,True,OK
1777556474.516325,True,True,0.37458182,126,302,35.740485,24.444574,3251.871798,True,OK
1777556474.600447,True,True,0.37426518,121,301,22.685748,24.443462,3253.780183,True,OK
1777556474.687643,True,True,0.37480731,116,301,21.492262,24.441530,3255.654220,True,OK
1777556474.762309,True,True,0.37473585,108,302,40.463464,24.450506,3258.675437,True,OK
1777556474.831874,True,True,0.37452536,104,302,21.535036,24.448985,3260.173538,True,OK
1777556474.900789,True,True,0.37661550,100,300,24.440024,24.448981,3261.857814,True,OK
1777556474.974891,True,True,0.38180703,95,300,25.762205,24.449710,3263.766849,True,OK
1777556475.037558,True,True,0.39830895,88,300,44.491627,24.459114,3266.555012,True,OK
1777556475.116943,True,True,0.39775718,85,300,15.031486,24.453513,3267.748283,True,OK
1777556475.180442,True,True,0.39739579,84,300,6.258279,24.444871,3268.145679,True,OK
1777556475.259656,True,True,0.39737561,79,300,25.082606,24.445249,3270.132557,True,OK
1777556475.322971,True,True,0.39643715,76,301,19.799919,24.443051,3271.386201,True,OK
1777556475.401520,True,True,0.39645384,74,301,10.094538,24.434635,3272.179109,True,OK
1777556475.465049,True,True,0.39656169,73,302,8.827757,24.427235,3272.739932,True,OK
1777556475.544537,True,True,0.39632456,72,302,4.985965,24.415708,3273.136257,True,OK
1777556475.608148,True,True,0.39591429,73,303,8.802081,24.408302,3273.696164,True,OK
1777556475.687315,True,True,0.39646018,76,301,18.056200,24.404555,3275.125621,True,OK
1777556475.758081,True,True,0.39773717,78,303,15.897109,24.400072,3276.250592,True,OK
1777556475.831789,True,True,0.39694983,81,302,17.030235,24.396028,3277.505858,True,OK
1777556475.892869,True,True,0.39766781,85,302,26.042128,24.396776,3279.096529,True,OK
1777556475.956550,True,True,0.39884788,89,302,25.053097,24.397087,3280.691920,True,OK
1777556476.019569,True,True,0.39919228,94,302,31.672236,24.400495,3282.687882,True,OK
1777556476.102109,True,True,0.37700647,98,302,18.270183,24.396736,3284.195908,True,OK
1777556476.162423,True,True,0.37431502,104,302,37.236962,24.402486,3286.441798,True,OK
1777556476.224691,True,True,0.37429877,110,301,36.564183,24.408107,3288.718568,True,OK
1777556476.303497,True,True,0.37537951,116,302,28.974274,24.410776,3291.001913,True,OK
1777556476.366800,True,True,0.37452786,121,302,29.582160,24.413203,3292.874552,True,OK
1777556476.430786,True,True,0.37427395,128,302,40.944672,24.421042,3295.494470,True,OK
1777556476.502632,True,True,0.37374538,136,302,41.616410,24.430192,3298.484433,True,OK
1777556476.573270,True,True,0.37426988,143,302,37.089230,24.436811,3301.104322,True,OK
1777556476.636168,True,True,0.37494352,151,302,47.689146,24.447633,3304.103870,True,OK
1777556476.703042,True,True,0.37449470,159,302,44.800017,24.457698,3307.099828,True,OK
1777556476.778938,True,True,0.37484387,171,303,59.472016,24.477341,3311.613546,True,OK
1777556476.860019,True,True,0.37480785,179,303,36.981226,24.484830,3314.612008,True,OK
1777556476.937153,True,True,0.37445368,187,303,38.836506,24.493002,3317.607638,True,OK
1777556477.016376,True,True,0.37371775,199,302,56.803564,24.511889,3322.107795,True,OK
1777556477.103354,True,True,0.37465076,207,302,34.459280,24.518269,3325.105001,True,OK
1777556477.163361,True,True,0.37431328,214,302,43.665413,24.526737,3327.725194,True,OK
1777556477.238237,True,True,0.37398417,220,302,29.968253,24.529739,3329.969099,True,OK
1777556477.312196,True,True,0.37432747,364,600,1675.116354,25.428506,3453.859617,True,OK
1777556477.370343,True,True,0.37450902,378,601,90.400000,25.456309,3459.116102,True,OK
1777556477.434385,True,True,0.37351136,399,597,124.679888,25.503051,3467.100863,True,OK
1777556477.503696,True,True,0.37315615,392,601,43.405596,25.512173,3470.109344,True,OK
1777556477.561061,True,True,0.37265416,411,596,127.629030,25.555223,3477.430836,True,OK
1777556477.640926,True,True,0.37265416,411,596,0.000000,25.540233,3477.430836,True,OK
1777556477.710235,True,True,0.37319151,412,598,12.040101,25.533364,3478.265318,True,OK
1777556477.768087,True,True,0.37231735,413,599,9.101318,25.526389,3478.791854,True,OK
1777556477.843770,True,True,0.37286636,418,599,24.633468,25.525893,3480.656186,True,OK
1777556477.922219,True,True,0.37295667,408,605,55.442694,25.543095,3485.005571,True,OK
1777556478.005862,True,True,0.37295667,408,605,0.000000,25.527445,3485.005571,True,OK
1777556478.080863,True,True,0.37191939,406,605,9.917844,25.518874,3485.749409,True,OK
1777556478.143850,True,True,0.37191939,406,605,0.000000,25.507112,3485.749409,True,OK
1777556478.223609,True,True,0.37179338,404,605,9.322906,25.497672,3486.492996,True,OK
1777556478.286943,True,True,0.37179338,404,605,0.000000,25.485867,3486.492996,True,OK
1777556478.351197,False,False,0.00000000,-1,-1,0.000000,25.485867,3486.492996,False,Sin AprilTag: medicion congelada
1777556478.395550,False,False,0.00000000,-1,-1,0.000000,25.485867,3486.492996,False,Sin AprilTag: medicion congelada
1777556478.432975,False,False,0.00000000,-1,-1,0.000000,25.485867,3486.492996,False,Sin AprilTag: medicion congelada
1777556478.493004,False,False,0.00000000,-1,-1,0.000000,25.485867,3486.492996,False,Sin AprilTag: medicion congelada
1777556478.540638,False,False,0.00000000,-1,-1,0.000000,25.485867,3486.492996,False,Sin AprilTag: medicion congelada
1777556478.604671,False,False,0.00000000,-1,-1,0.000000,25.485867,3486.492996,False,Sin AprilTag: medicion congelada
1777556478.652242,False,False,0.00000000,-1,-1,0.000000,25.485867,3486.492996,False,Sin AprilTag: medicion congelada
1777556478.715726,False,False,0.00000000,-1,-1,0.000000,25.485867,3486.492996,False,Sin AprilTag: medicion congelada
1777556478.779683,False,False,0.00000000,-1,-1,0.000000,25.485867,3486.492996,False,Sin AprilTag: medicion congelada
1777556478.827254,True,True,0.36950906,201,301,249.991615,26.369089,3621.566121,True,OK
1777556478.896640,False,False,0.00000000,-1,-1,249.991615,26.369089,3621.566121,False,Sin AprilTag: medicion congelada
1777556478.962608,True,True,0.36878822,200,301,2.724619,26.345809,3621.934909,True,OK
1777556479.037118,True,True,0.36892769,196,300,20.414925,26.342597,3623.456037,True,OK
1777556479.116948,False,True,0.00000000,193,301,20.414925,26.342597,3623.456037,False,Sin AprilTag: medicion congelada
1777556479.205755,False,True,0.00000000,189,303,20.414925,26.342597,3623.456037,False,Sin AprilTag: medicion congelada
1777556479.284784,False,True,0.00000000,189,303,20.414925,26.342597,3623.456037,False,Sin AprilTag: medicion congelada
1777556479.355384,False,True,0.00000000,185,303,20.414925,26.342597,3623.456037,False,Sin AprilTag: medicion congelada
1777556479.444370,False,True,0.00000000,185,303,20.414925,26.342597,3623.456037,False,Sin AprilTag: medicion congelada
1777556479.550210,True,True,0.40600448,184,304,10.009116,26.281896,3628.591633,True,OK
1777556479.635425,False,True,0.00000000,182,305,10.009116,26.281896,3628.591633,False,Sin AprilTag: medicion congelada
1777556479.720875,True,True,0.37453619,181,305,6.939856,26.258017,3629.776020,True,OK
1777556479.793427,True,True,0.37664762,181,307,10.382803,26.249689,3630.529315,True,OK
1777556479.872952,True,True,0.37614208,181,305,9.459720,26.240040,3631.281599,True,OK
1777556479.952578,True,True,0.37543886,181,304,4.715010,26.227662,3631.657038,True,OK
1777556480.047791,True,True,0.37529533,181,304,0.000000,26.209640,3631.657038,True,OK
1777556480.127368,True,True,0.37539592,181,304,0.000000,26.194596,3631.657038,True,OK
1777556480.227433,False,True,0.00000000,183,305,0.000000,26.194596,3631.657038,False,Sin AprilTag: medicion congelada
1777556480.307651,False,True,0.00000000,183,305,0.000000,26.194596,3631.657038,False,Sin AprilTag: medicion congelada
1777556480.407667,False,True,0.00000000,182,305,0.000000,26.194596,3631.657038,False,Sin AprilTag: medicion congelada
1777556480.489333,False,True,0.00000000,182,308,0.000000,26.194596,3631.657038,False,Sin AprilTag: medicion congelada
1777556480.586121,False,True,0.00000000,183,307,0.000000,26.194596,3631.657038,False,Sin AprilTag: medicion congelada
1777556480.668712,False,True,0.00000000,184,309,0.000000,26.194596,3631.657038,False,Sin AprilTag: medicion congelada
1777556480.752757,False,True,0.00000000,184,310,0.000000,26.194596,3631.657038,False,Sin AprilTag: medicion congelada
1777556480.843895,True,True,0.36389614,180,316,6.115457,26.091357,3636.038928,True,OK
1777556480.914349,True,True,0.36373498,180,316,0.000000,26.078173,3636.038928,True,OK
1777556480.993364,True,True,0.36340938,180,314,9.198489,26.068612,3636.765747,True,OK
1777556481.078730,True,True,0.36299298,179,314,4.252231,26.055271,3637.128740,True,OK
1777556481.157651,True,True,0.36309053,179,314,0.000000,26.040548,3637.128740,True,OK
1777556481.238974,True,True,0.36291880,179,314,0.000000,26.025395,3637.128740,True,OK
1777556481.317688,True,True,0.36319240,179,314,0.000000,26.010745,3637.128740,True,OK
1777556481.398131,True,True,0.36272163,178,314,4.509030,25.998382,3637.491461,True,OK
1777556481.484514,True,True,0.36322111,178,314,0.000000,25.982341,3637.491461,True,OK
1777556481.565885,True,True,0.36204668,178,313,4.449329,25.969833,3637.853508,True,OK
1777556481.640159,True,True,0.36232532,176,313,9.756443,25.961240,3638.578159,True,OK
1777556481.716679,True,True,0.36240924,176,313,0.000000,25.947074,3638.578159,True,OK
1777556481.789422,True,True,0.36176735,175,313,4.973230,25.936200,3638.939926,True,OK
1777556481.874527,True,True,0.36083714,173,313,8.479793,25.925617,3639.661600,True,OK
1777556481.956911,True,True,0.36064576,173,312,4.377613,25.912980,3640.022246,True,OK
1777556482.034715,True,True,0.36041336,173,311,4.632333,25.901200,3640.382659,True,OK
1777556482.115551,True,True,0.36058914,172,310,6.308411,25.889937,3640.892609,True,OK
1777556482.189970,True,True,0.36106942,172,310,0.000000,25.876244,3640.892609,True,OK
1777556482.267070,True,True,0.36051334,171,309,6.612765,25.865694,3641.402452,True,OK
1777556482.341174,True,True,0.35991435,170,309,4.856892,25.854641,3641.762367,True,OK
1777556482.434960,True,True,0.35987410,170,308,3.837203,25.839991,3642.122241,True,OK
1777556482.511307,True,True,0.35979441,170,308,0.000000,25.826002,3642.122241,True,OK
1777556482.591355,True,True,0.35910161,170,308,0.000000,25.811351,3642.122241,True,OK
1777556482.680427,True,True,0.35930734,170,308,0.000000,25.795068,3642.122241,True,OK
1777556482.749680,True,True,0.35801823,169,305,16.348080,25.790437,3643.254394,True,OK
1777556482.836439,True,True,0.35864109,169,307,8.267471,25.779682,3643.971676,True,OK
1777556482.910675,True,True,0.35839122,169,308,4.827749,25.768684,3644.330067,True,OK
1777556482.987974,True,True,0.35812552,169,308,0.000000,25.754607,3644.330067,True,OK
1777556483.062192,True,True,0.35874256,169,307,4.833630,25.743640,3644.688810,True,OK
1777556483.144132,True,True,0.35836418,169,304,13.120495,25.736338,3645.763902,True,OK
1777556483.220732,True,True,0.35725047,169,302,9.327679,25.727470,3646.478403,True,OK
1777556483.304530,True,True,0.35801920,168,298,17.615702,25.722677,3647.954554,True,OK
1777556483.382016,True,True,0.35724620,169,290,37.170595,25.728928,3650.834765,True,OK
1777556483.459868,True,True,0.35686966,168,284,27.882989,25.730109,3653.005519,True,OK
1777556483.538987,True,True,0.35647056,167,274,45.279994,25.740998,3656.588003,True,OK
1777556483.618988,True,True,0.35597575,166,267,31.463857,25.744219,3659.105132,True,OK
1777556483.682026,True,True,0.35463521,166,261,33.754235,25.747770,3661.232943,True,OK
1777556483.763258,True,True,0.35400013,165,254,30.814728,25.750663,3663.736102,True,OK
1777556483.841126,True,True,0.35484190,164,249,23.236210,25.749288,3665.545448,True,OK
1777556483.904709,True,True,0.35472023,163,244,28.446622,25.750492,3667.354173,True,OK
1777556483.984499,True,True,0.35371562,163,241,13.299346,25.743520,3668.415320,True,OK
1777556484.047796,True,True,0.35314832,163,238,16.737546,25.739522,3669.474765,True,OK
1777556484.127737,True,True,0.35464701,163,238,0.000000,25.725096,3669.474765,True,OK
1777556484.197971,True,True,0.35355442,163,235,15.101785,25.719868,3670.535429,True,OK
1777556484.271068,True,True,0.35348056,163,234,4.835775,25.709177,3670.888909,True,OK
1777556484.350591,True,True,0.35411639,164,233,6.297476,25.698372,3671.389705,True,OK
1777556484.430453,True,True,0.35407904,164,233,0.000000,25.684014,3671.389705,True,OK
1777556484.512740,True,True,0.35467005,164,234,4.310180,25.671717,3671.744375,True,OK
1777556484.582088,True,True,0.35383164,165,235,7.215628,25.662773,3672.244769,True,OK
1777556484.661397,True,True,0.35440993,166,236,6.319729,25.652058,3672.745980,True,OK
1777556484.740948,True,True,0.35523214,167,238,9.985114,25.643358,3673.540303,True,OK
1777556484.822646,True,True,0.35506537,167,239,4.346062,25.631219,3673.895369,True,OK
1777556484.900072,True,True,0.35544149,168,241,10.265274,25.622924,3674.690160,True,OK
1777556484.987787,True,True,0.35561145,168,242,4.054129,25.609740,3675.045772,True,OK
1777556485.067804,True,True,0.35592815,169,243,6.290693,25.598974,3675.549130,True,OK
1777556485.142764,True,True,0.35622014,169,245,9.504274,25.590575,3676.261570,True,OK
1777556485.240324,True,True,0.35646608,169,245,0.000000,25.573208,3676.261570,True,OK
1777556485.318293,True,True,0.35671016,171,245,9.150098,25.564305,3676.974991,True,OK
1777556485.398138,True,True,0.35688204,171,245,0.000000,25.550122,3676.974991,True,OK
1777556485.477917,True,True,0.35715609,172,245,4.476783,25.538446,3677.332147,True,OK
1777556485.557288,True,True,0.35717103,172,244,4.500048,25.526856,3677.689318,True,OK
1777556485.636268,True,True,0.35730805,172,243,4.524048,25.515348,3678.046626,True,OK
1777556485.715919,True,True,0.35706252,173,242,6.339700,25.504759,3678.551588,True,OK
1777556485.795383,True,True,0.35739915,173,241,4.497599,25.493191,3678.908988,True,OK
1777556485.880574,True,True,0.35742631,173,240,4.195564,25.480626,3679.266414,True,OK
1777556485.951689,True,True,0.35680576,174,238,11.219186,25.473605,3680.064256,True,OK
1777556486.015022,True,True,0.35723442,174,237,5.640549,25.464914,3680.421490,True,OK
1777556486.093466,True,True,0.35715852,174,236,4.553024,25.453571,3680.778649,True,OK
1777556486.157460,True,True,0.35682108,175,235,7.885396,25.445799,3681.283270,True,OK
1777556486.236488,True,True,0.35620483,176,232,14.253560,25.439689,3682.409688,True,OK
1777556486.315203,True,True,0.35616656,176,233,4.524756,25.428322,3682.765855,True,OK
1777556486.394361,True,True,0.35659637,176,232,4.504851,25.416892,3683.122451,True,OK
1777556486.474492,True,True,0.35682691,177,231,6.297589,25.406325,3683.627081,True,OK
1777556486.559457,True,True,0.35582924,177,229,8.375832,25.396351,3684.338739,True,OK
1777556486.640796,True,True,0.35605391,178,229,4.377401,25.384573,3684.694793,True,OK
1777556486.718518,True,True,0.35626976,178,229,0.000000,25.370988,3684.694793,True,OK
1777556486.798078,True,True,0.35586804,179,229,4.472923,25.359546,3685.050661,True,OK
1777556486.877024,True,True,0.35585488,179,228,4.507567,25.348224,3685.406516,True,OK
1777556486.956513,True,True,0.35630932,179,228,0.000000,25.334373,3685.406516,True,OK
1777556487.035956,True,True,0.35573211,179,228,0.000000,25.320545,3685.406516,True,OK
1777556487.118363,True,True,0.35586826,179,229,4.318410,25.308661,3685.762384,True,OK
1777556487.200821,True,True,0.35588622,179,229,0.000000,25.294339,3685.762384,True,OK
1777556487.277279,True,True,0.35585035,180,228,6.582046,25.284526,3686.265633,True,OK
1777556487.378436,True,True,0.35553215,180,228,0.000000,25.266994,3686.265633,True,OK
1777556487.451716,True,True,0.35548272,180,228,0.000000,25.254309,3686.265633,True,OK
1777556487.530911,True,True,0.35549493,180,228,0.000000,25.240615,3686.265633,True,OK
1777556487.621547,True,True,0.35514187,180,227,3.918300,25.227390,3686.620775,True,OK
1777556487.698762,True,True,0.35550860,180,227,0.000000,25.214068,3686.620775,True,OK
1777556487.774137,True,True,0.35568519,180,227,0.000000,25.201076,3686.620775,True,OK
