timestamp_s,tag_detected,object_detected,cm_per_px,object_x_px,object_y_px,instant_cm_s,average_cm_s,distance_total_cm,valid,reason
1777334148.159699,False,False,0.00000000,-1,-1,0.000000,0.000000,0.000000,False,Sin AprilTag: medicion congelada
1777334148.291933,False,False,0.00000000,-1,-1,0.000000,0.000000,0.000000,False,Sin AprilTag: medicion congelada
1777334148.319978,False,False,0.00000000,-1,-1,0.000000,0.000000,0.000000,False,Sin AprilTag: medicion congelada
1777334148.354563,False,False,0.00000000,-1,-1,0.000000,0.000000,0.000000,False,Sin AprilTag: medicion congelada
1777334148.388885,False,False,0.00000000,-1,-1,0.000000,0.000000,0.000000,False,Sin AprilTag: medicion congelada
1777334148.439104,False,False,0.00000000,-1,-1,0.000000,0.000000,0.000000,False,Sin AprilTag: medicion congelada
1777334148.472818,False,False,0.00000000,-1,-1,0.000000,0.000000,0.000000,False,Sin AprilTag: medicion congelada
1777334148.507499,False,False,0.00000000,-1,-1,0.000000,0.000000,0.000000,False,Sin AprilTag: medicion congelada
1777334148.540811,False,False,0.00000000,-1,-1,0.000000,0.000000,0.000000,False,Sin AprilTag: medicion congelada
1777334148.573921,False,False,0.00000000,-1,-1,0.000000,0.000000,0.000000,False,Sin AprilTag: medicion congelada
1777334148.608135,False,False,0.00000000,-1,-1,0.000000,0.000000,0.000000,False,Sin AprilTag: medicion congelada
1777334148.641863,False,False,0.00000000,-1,-1,0.000000,0.000000,0.000000,False,Sin AprilTag: medicion congelada
1777334148.675978,False,False,0.00000000,-1,-1,0.000000,0.000000,0.000000,False,Sin AprilTag: medicion congelada
1777334148.710234,False,False,0.00000000,-1,-1,0.000000,0.000000,0.000000,False,Sin AprilTag: medicion congelada
1777334148.744376,False,False,0.00000000,-1,-1,0.000000,0.000000,0.000000,False,Sin AprilTag: medicion congelada
1777334148.777346,False,False,0.00000000,-1,-1,0.000000,0.000000,0.000000,False,Sin AprilTag: medicion congelada
1777334148.812054,False,False,0.00000000,-1,-1,0.000000,0.000000,0.000000,False,Sin AprilTag: medicion congelada
1777334148.846214,False,False,0.00000000,-1,-1,0.000000,0.000000,0.000000,False,Sin AprilTag: medicion congelada
1777334148.880518,False,False,0.00000000,-1,-1,0.000000,0.000000,0.000000,False,Sin AprilTag: medicion congelada
1777334148.915261,False,False,0.00000000,-1,-1,0.000000,0.000000,0.000000,False,Sin AprilTag: medicion congelada
1777334148.950328,False,False,0.00000000,-1,-1,0.000000,0.000000,0.000000,False,Sin AprilTag: medicion congelada
1777334148.979546,False,False,0.00000000,-1,-1,0.000000,0.000000,0.000000,False,Sin AprilTag: medicion congelada
1777334149.018593,False,False,0.00000000,-1,-1,0.000000,0.000000,0.000000,False,Sin AprilTag: medicion congelada
1777334149.052013,False,False,0.00000000,-1,-1,0.000000,0.000000,0.000000,False,Sin AprilTag: medicion congelada
1777334149.095662,False,False,0.00000000,-1,-1,0.000000,0.000000,0.000000,False,Sin AprilTag: medicion congelada
1777334149.134374,False,False,0.00000000,-1,-1,0.000000,0.000000,0.000000,False,Sin AprilTag: medicion congelada
1777334149.168907,False,False,0.00000000,-1,-1,0.000000,0.000000,0.000000,False,Sin AprilTag: medicion congelada
1777334149.203591,False,False,0.00000000,-1,-1,0.000000,0.000000,0.000000,False,Sin AprilTag: medicion congelada
1777334149.238508,False,False,0.00000000,-1,-1,0.000000,0.000000,0.000000,False,Sin AprilTag: medicion congelada
1777334149.272551,False,False,0.00000000,-1,-1,0.000000,0.000000,0.000000,False,Sin AprilTag: medicion congelada
1777334149.306693,False,False,0.00000000,-1,-1,0.000000,0.000000,0.000000,False,Sin AprilTag: medicion congelada
1777334149.341800,False,False,0.00000000,-1,-1,0.000000,0.000000,0.000000,False,Sin AprilTag: medicion congelada
1777334149.392172,False,False,0.00000000,-1,-1,0.000000,0.000000,0.000000,False,Sin AprilTag: medicion congelada
1777334149.424050,False,False,0.00000000,-1,-1,0.000000,0.000000,0.000000,False,Sin AprilTag: medicion congelada
1777334149.455419,False,False,0.00000000,-1,-1,0.000000,0.000000,0.000000,False,Sin AprilTag: medicion congelada
1777334149.504283,False,False,0.00000000,-1,-1,0.000000,0.000000,0.000000,False,Sin AprilTag: medicion congelada
1777334149.539008,False,False,0.00000000,-1,-1,0.000000,0.000000,0.000000,False,Sin AprilTag: medicion congelada
1777334149.598783,False,False,0.00000000,-1,-1,0.000000,0.000000,0.000000,False,Sin AprilTag: medicion congelada
1777334149.633805,False,False,0.00000000,-1,-1,0.000000,0.000000,0.000000,False,Sin AprilTag: medicion congelada
1777334149.667498,False,False,0.00000000,-1,-1,0.000000,0.000000,0.000000,False,Sin AprilTag: medicion congelada
1777334149.710448,False,False,0.00000000,-1,-1,0.000000,0.000000,0.000000,False,Sin AprilTag: medicion congelada
1777334149.744221,False,False,0.00000000,-1,-1,0.000000,0.000000,0.000000,False,Sin AprilTag: medicion congelada
1777334149.778717,False,False,0.00000000,-1,-1,0.000000,0.000000,0.000000,False,Sin AprilTag: medicion congelada
1777334149.806859,False,False,0.00000000,-1,-1,0.000000,0.000000,0.000000,False,Sin AprilTag: medicion congelada
1777334149.840503,False,False,0.00000000,-1,-1,0.000000,0.000000,0.000000,False,Sin AprilTag: medicion congelada
1777334149.875160,False,False,0.00000000,-1,-1,0.000000,0.000000,0.000000,False,Sin AprilTag: medicion congelada
1777334149.903043,False,False,0.00000000,-1,-1,0.000000,0.000000,0.000000,False,Sin AprilTag: medicion congelada
1777334149.937144,False,False,0.00000000,-1,-1,0.000000,0.000000,0.000000,False,Sin AprilTag: medicion congelada
1777334149.970992,False,False,0.00000000,-1,-1,0.000000,0.000000,0.000000,False,Sin AprilTag: medicion congelada
1777334149.996638,False,False,0.00000000,-1,-1,0.000000,0.000000,0.000000,False,Sin AprilTag: medicion congelada
1777334150.031553,False,False,0.00000000,-1,-1,0.000000,0.000000,0.000000,False,Sin AprilTag: medicion congelada
1777334150.079980,False,False,0.00000000,-1,-1,0.000000,0.000000,0.000000,False,Sin AprilTag: medicion congelada
1777334150.129359,False,False,0.00000000,-1,-1,0.000000,0.000000,0.000000,False,Sin AprilTag: medicion congelada
1777334150.173291,False,False,0.00000000,-1,-1,0.000000,0.000000,0.000000,False,Sin AprilTag: medicion congelada
1777334150.224164,False,False,0.00000000,-1,-1,0.000000,0.000000,0.000000,False,Sin AprilTag: medicion congelada
1777334150.287131,False,False,0.00000000,-1,-1,0.000000,0.000000,0.000000,False,Sin AprilTag: medicion congelada
1777334150.333540,False,False,0.00000000,-1,-1,0.000000,0.000000,0.000000,False,Sin AprilTag: medicion congelada
1777334150.382965,False,False,0.00000000,-1,-1,0.000000,0.000000,0.000000,False,Sin AprilTag: medicion congelada
1777334150.432831,False,False,0.00000000,-1,-1,0.000000,0.000000,0.000000,False,Sin AprilTag: medicion congelada
1777334150.471948,False,False,0.00000000,-1,-1,0.000000,0.000000,0.000000,False,Sin AprilTag: medicion congelada
1777334150.506250,False,False,0.00000000,-1,-1,0.000000,0.000000,0.000000,False,Sin AprilTag: medicion congelada
1777334150.540590,False,False,0.00000000,-1,-1,0.000000,0.000000,0.000000,False,Sin AprilTag: medicion congelada
1777334150.574593,False,False,0.00000000,-1,-1,0.000000,0.000000,0.000000,False,Sin AprilTag: medicion congelada
1777334150.609350,False,False,0.00000000,-1,-1,0.000000,0.000000,0.000000,False,Sin AprilTag: medicion congelada
1777334150.643181,False,False,0.00000000,-1,-1,0.000000,0.000000,0.000000,False,Sin AprilTag: medicion congelada
1777334150.677345,False,False,0.00000000,-1,-1,0.000000,0.000000,0.000000,False,Sin AprilTag: medicion congelada
1777334150.711929,False,False,0.00000000,-1,-1,0.000000,0.000000,0.000000,False,Sin AprilTag: medicion congelada
1777334150.745399,False,False,0.00000000,-1,-1,0.000000,0.000000,0.000000,False,Sin AprilTag: medicion congelada
1777334150.780380,False,False,0.00000000,-1,-1,0.000000,0.000000,0.000000,False,Sin AprilTag: medicion congelada
1777334150.830700,False,False,0.00000000,-1,-1,0.000000,0.000000,0.000000,False,Sin AprilTag: medicion congelada
1777334150.886019,False,False,0.00000000,-1,-1,0.000000,0.000000,0.000000,False,Sin AprilTag: medicion congelada
1777334150.938881,False,False,0.00000000,-1,-1,0.000000,0.000000,0.000000,False,Sin AprilTag: medicion congelada
1777334150.993860,False,False,0.00000000,-1,-1,0.000000,0.000000,0.000000,False,Sin AprilTag: medicion congelada
1777334151.030347,False,False,0.00000000,-1,-1,0.000000,0.000000,0.000000,False,Sin AprilTag: medicion congelada
1777334151.066235,False,False,0.00000000,-1,-1,0.000000,0.000000,0.000000,False,Sin AprilTag: medicion congelada
1777334151.099087,False,False,0.00000000,-1,-1,0.000000,0.000000,0.000000,False,Sin AprilTag: medicion congelada
1777334151.125095,False,False,0.00000000,-1,-1,0.000000,0.000000,0.000000,False,Sin AprilTag: medicion congelada
1777334151.158401,False,False,0.00000000,-1,-1,0.000000,0.000000,0.000000,False,Sin AprilTag: medicion congelada
1777334151.195267,False,False,0.00000000,-1,-1,0.000000,0.000000,0.000000,False,Sin AprilTag: medicion congelada
1777334151.244953,False,False,0.00000000,-1,-1,0.000000,0.000000,0.000000,False,Sin AprilTag: medicion congelada
1777334151.275557,False,False,0.00000000,-1,-1,0.000000,0.000000,0.000000,False,Sin AprilTag: medicion congelada
1777334151.335344,False,False,0.00000000,-1,-1,0.000000,0.000000,0.000000,False,Sin AprilTag: medicion congelada
1777334151.372088,False,False,0.00000000,-1,-1,0.000000,0.000000,0.000000,False,Sin AprilTag: medicion congelada
1777334151.405128,False,False,0.00000000,-1,-1,0.000000,0.000000,0.000000,False,Sin AprilTag: medicion congelada
1777334151.454524,False,False,0.00000000,-1,-1,0.000000,0.000000,0.000000,False,Sin AprilTag: medicion congelada
1777334151.517647,False,False,0.00000000,-1,-1,0.000000,0.000000,0.000000,False,Sin AprilTag: medicion congelada
1777334151.552041,False,False,0.00000000,-1,-1,0.000000,0.000000,0.000000,False,Sin AprilTag: medicion congelada
1777334151.585955,False,False,0.00000000,-1,-1,0.000000,0.000000,0.000000,False,Sin AprilTag: medicion congelada
1777334151.620311,False,False,0.00000000,-1,-1,0.000000,0.000000,0.000000,False,Sin AprilTag: medicion congelada
1777334151.655405,False,False,0.00000000,-1,-1,0.000000,0.000000,0.000000,False,Sin AprilTag: medicion congelada
1777334151.690664,False,False,0.00000000,-1,-1,0.000000,0.000000,0.000000,False,Sin AprilTag: medicion congelada
1777334151.758737,False,False,0.00000000,-1,-1,0.000000,0.000000,0.000000,False,Sin AprilTag: medicion congelada
1777334151.804194,False,False,0.00000000,-1,-1,0.000000,0.000000,0.000000,False,Sin AprilTag: medicion congelada
1777334151.869670,False,False,0.00000000,-1,-1,0.000000,0.000000,0.000000,False,Sin AprilTag: medicion congelada
1777334151.920597,False,False,0.00000000,-1,-1,0.000000,0.000000,0.000000,False,Sin AprilTag: medicion congelada
1777334151.961918,False,False,0.00000000,-1,-1,0.000000,0.000000,0.000000,False,Sin AprilTag: medicion congelada
1777334152.007891,False,False,0.00000000,-1,-1,0.000000,0.000000,0.000000,False,Sin AprilTag: medicion congelada
1777334152.049364,False,False,0.00000000,-1,-1,0.000000,0.000000,0.000000,False,Sin AprilTag: medicion congelada
1777334152.100595,False,False,0.00000000,-1,-1,0.000000,0.000000,0.000000,False,Sin AprilTag: medicion congelada
1777334152.151554,False,False,0.00000000,-1,-1,0.000000,0.000000,0.000000,False,Sin AprilTag: medicion congelada
1777334152.202060,False,False,0.00000000,-1,-1,0.000000,0.000000,0.000000,False,Sin AprilTag: medicion congelada
1777334152.252494,False,False,0.00000000,-1,-1,0.000000,0.000000,0.000000,False,Sin AprilTag: medicion congelada
1777334152.286884,False,False,0.00000000,-1,-1,0.000000,0.000000,0.000000,False,Sin AprilTag: medicion congelada
1777334152.321449,False,False,0.00000000,-1,-1,0.000000,0.000000,0.000000,False,Sin AprilTag: medicion congelada
1777334152.372936,False,False,0.00000000,-1,-1,0.000000,0.000000,0.000000,False,Sin AprilTag: medicion congelada
1777334152.422937,False,False,0.00000000,-1,-1,0.000000,0.000000,0.000000,False,Sin AprilTag: medicion congelada
1777334152.471793,False,False,0.00000000,-1,-1,0.000000,0.000000,0.000000,False,Sin AprilTag: medicion congelada
1777334152.507246,False,False,0.00000000,-1,-1,0.000000,0.000000,0.000000,False,Sin AprilTag: medicion congelada
1777334152.542744,False,False,0.00000000,-1,-1,0.000000,0.000000,0.000000,False,Sin AprilTag: medicion congelada
1777334152.590961,False,False,0.00000000,-1,-1,0.000000,0.000000,0.000000,False,Sin AprilTag: medicion congelada
1777334152.627566,False,False,0.00000000,-1,-1,0.000000,0.000000,0.000000,False,Sin AprilTag: medicion congelada
1777334152.665855,False,False,0.00000000,-1,-1,0.000000,0.000000,0.000000,False,Sin AprilTag: medicion congelada
1777334152.720854,False,False,0.00000000,-1,-1,0.000000,0.000000,0.000000,False,Sin AprilTag: medicion congelada
1777334152.772500,False,False,0.00000000,-1,-1,0.000000,0.000000,0.000000,False,Sin AprilTag: medicion congelada
1777334152.819705,False,False,0.00000000,-1,-1,0.000000,0.000000,0.000000,False,Sin AprilTag: medicion congelada
1777334152.865688,False,False,0.00000000,-1,-1,0.000000,0.000000,0.000000,False,Sin AprilTag: medicion congelada
1777334152.900748,False,False,0.00000000,-1,-1,0.000000,0.000000,0.000000,False,Sin AprilTag: medicion congelada
1777334152.937978,False,False,0.00000000,-1,-1,0.000000,0.000000,0.000000,False,Sin AprilTag: medicion congelada
1777334152.973748,False,False,0.00000000,-1,-1,0.000000,0.000000,0.000000,False,Sin AprilTag: medicion congelada
1777334153.023059,False,False,0.00000000,-1,-1,0.000000,0.000000,0.000000,False,Sin AprilTag: medicion congelada
1777334153.070610,False,False,0.00000000,-1,-1,0.000000,0.000000,0.000000,False,Sin AprilTag: medicion congelada
1777334153.123322,False,False,0.00000000,-1,-1,0.000000,0.000000,0.000000,False,Sin AprilTag: medicion congelada
1777334153.185565,False,False,0.00000000,-1,-1,0.000000,0.000000,0.000000,False,Sin AprilTag: medicion congelada
1777334153.236839,False,False,0.00000000,-1,-1,0.000000,0.000000,0.000000,False,Sin AprilTag: medicion congelada
1777334153.303787,False,False,0.00000000,-1,-1,0.000000,0.000000,0.000000,False,Sin AprilTag: medicion congelada
1777334153.353827,False,False,0.00000000,-1,-1,0.000000,0.000000,0.000000,False,Sin AprilTag: medicion congelada
1777334153.420626,False,False,0.00000000,-1,-1,0.000000,0.000000,0.000000,False,Sin AprilTag: medicion congelada
1777334153.471097,False,False,0.00000000,-1,-1,0.000000,0.000000,0.000000,False,Sin AprilTag: medicion congelada
1777334153.524349,False,False,0.00000000,-1,-1,0.000000,0.000000,0.000000,False,Sin AprilTag: medicion congelada
1777334153.559206,False,False,0.00000000,-1,-1,0.000000,0.000000,0.000000,False,Sin AprilTag: medicion congelada
1777334153.593563,False,False,0.00000000,-1,-1,0.000000,0.000000,0.000000,False,Sin AprilTag: medicion congelada
1777334153.631301,False,False,0.00000000,-1,-1,0.000000,0.000000,0.000000,False,Sin AprilTag: medicion congelada
1777334153.678335,False,False,0.00000000,-1,-1,0.000000,0.000000,0.000000,False,Sin AprilTag: medicion congelada
1777334153.713256,False,False,0.00000000,-1,-1,0.000000,0.000000,0.000000,False,Sin AprilTag: medicion congelada
1777334153.748183,False,False,0.00000000,-1,-1,0.000000,0.000000,0.000000,False,Sin AprilTag: medicion congelada
1777334153.782758,False,False,0.00000000,-1,-1,0.000000,0.000000,0.000000,False,Sin AprilTag: medicion congelada
1777334153.815499,False,False,0.00000000,-1,-1,0.000000,0.000000,0.000000,False,Sin AprilTag: medicion congelada
1777334153.849955,False,False,0.00000000,-1,-1,0.000000,0.000000,0.000000,False,Sin AprilTag: medicion congelada
1777334153.885320,False,False,0.00000000,-1,-1,0.000000,0.000000,0.000000,False,Sin AprilTag: medicion congelada
1777334153.920047,False,False,0.00000000,-1,-1,0.000000,0.000000,0.000000,False,Sin AprilTag: medicion congelada
1777334153.959626,False,False,0.00000000,-1,-1,0.000000,0.000000,0.000000,False,Sin AprilTag: medicion congelada
1777334153.999624,False,False,0.00000000,-1,-1,0.000000,0.000000,0.000000,False,Sin AprilTag: medicion congelada
1777334154.040626,False,False,0.00000000,-1,-1,0.000000,0.000000,0.000000,False,Sin AprilTag: medicion congelada
1777334154.075774,False,False,0.00000000,-1,-1,0.000000,0.000000,0.000000,False,Sin AprilTag: medicion congelada
1777334154.143453,False,False,0.00000000,-1,-1,0.000000,0.000000,0.000000,False,Sin AprilTag: medicion congelada
1777334154.193676,False,False,0.00000000,-1,-1,0.000000,0.000000,0.000000,False,Sin AprilTag: medicion congelada
1777334154.244110,False,False,0.00000000,-1,-1,0.000000,0.000000,0.000000,False,Sin AprilTag: medicion congelada
1777334154.292165,False,False,0.00000000,-1,-1,0.000000,0.000000,0.000000,False,Sin AprilTag: medicion congelada
1777334154.330785,False,False,0.00000000,-1,-1,0.000000,0.000000,0.000000,False,Sin AprilTag: medicion congelada
1777334154.374976,False,False,0.00000000,-1,-1,0.000000,0.000000,0.000000,False,Sin AprilTag: medicion congelada
1777334154.428108,False,False,0.00000000,-1,-1,0.000000,0.000000,0.000000,False,Sin AprilTag: medicion congelada
1777334154.458971,False,False,0.00000000,-1,-1,0.000000,0.000000,0.000000,False,Sin AprilTag: medicion congelada
1777334154.496333,False,False,0.00000000,-1,-1,0.000000,0.000000,0.000000,False,Sin AprilTag: medicion congelada
1777334154.531105,False,False,0.00000000,-1,-1,0.000000,0.000000,0.000000,False,Sin AprilTag: medicion congelada
1777334154.565722,False,False,0.00000000,-1,-1,0.000000,0.000000,0.000000,False,Sin AprilTag: medicion congelada
1777334154.615811,False,False,0.00000000,-1,-1,0.000000,0.000000,0.000000,False,Sin AprilTag: medicion congelada
1777334154.689149,False,False,0.00000000,-1,-1,0.000000,0.000000,0.000000,False,Sin AprilTag: medicion congelada
1777334154.752212,False,False,0.00000000,-1,-1,0.000000,0.000000,0.000000,False,Sin AprilTag: medicion congelada
1777334154.816386,False,False,0.00000000,-1,-1,0.000000,0.000000,0.000000,False,Sin AprilTag: medicion congelada
1777334154.879898,False,False,0.00000000,-1,-1,0.000000,0.000000,0.000000,False,Sin AprilTag: medicion congelada
1777334154.930765,False,False,0.00000000,-1,-1,0.000000,0.000000,0.000000,False,Sin AprilTag: medicion congelada
1777334154.979244,False,False,0.00000000,-1,-1,0.000000,0.000000,0.000000,False,Sin AprilTag: medicion congelada
1777334155.022228,False,False,0.00000000,-1,-1,0.000000,0.000000,0.000000,False,Sin AprilTag: medicion congelada
1777334155.050226,False,False,0.00000000,-1,-1,0.000000,0.000000,0.000000,False,Sin AprilTag: medicion congelada
1777334155.084962,False,False,0.00000000,-1,-1,0.000000,0.000000,0.000000,False,Sin AprilTag: medicion congelada
1777334155.123457,False,False,0.00000000,-1,-1,0.000000,0.000000,0.000000,False,Sin AprilTag: medicion congelada
1777334155.158251,False,False,0.00000000,-1,-1,0.000000,0.000000,0.000000,False,Sin AprilTag: medicion congelada
1777334155.193047,False,False,0.00000000,-1,-1,0.000000,0.000000,0.000000,False,Sin AprilTag: medicion congelada
1777334155.252180,False,False,0.00000000,-1,-1,0.000000,0.000000,0.000000,False,Sin AprilTag: medicion congelada
1777334155.302025,False,False,0.00000000,-1,-1,0.000000,0.000000,0.000000,False,Sin AprilTag: medicion congelada
1777334155.360104,False,False,0.00000000,-1,-1,0.000000,0.000000,0.000000,False,Sin AprilTag: medicion congelada
1777334155.389964,False,False,0.00000000,-1,-1,0.000000,0.000000,0.000000,False,Sin AprilTag: medicion congelada
1777334155.427961,False,False,0.00000000,-1,-1,0.000000,0.000000,0.000000,False,Sin AprilTag: medicion congelada
1777334155.470309,False,False,0.00000000,-1,-1,0.000000,0.000000,0.000000,False,Sin AprilTag: medicion congelada
1777334155.519717,False,False,0.00000000,-1,-1,0.000000,0.000000,0.000000,False,Sin AprilTag: medicion congelada
1777334155.554283,False,False,0.00000000,-1,-1,0.000000,0.000000,0.000000,False,Sin AprilTag: medicion congelada
1777334155.588894,False,False,0.00000000,-1,-1,0.000000,0.000000,0.000000,False,Sin AprilTag: medicion congelada
1777334155.623321,False,False,0.00000000,-1,-1,0.000000,0.000000,0.000000,False,Sin AprilTag: medicion congelada
1777334155.656741,False,False,0.00000000,-1,-1,0.000000,0.000000,0.000000,False,Sin AprilTag: medicion congelada
1777334155.690528,False,False,0.00000000,-1,-1,0.000000,0.000000,0.000000,False,Sin AprilTag: medicion congelada
1777334155.725575,False,False,0.00000000,-1,-1,0.000000,0.000000,0.000000,False,Sin AprilTag: medicion congelada
1777334155.760140,False,False,0.00000000,-1,-1,0.000000,0.000000,0.000000,False,Sin AprilTag: medicion congelada
1777334155.795117,False,False,0.00000000,-1,-1,0.000000,0.000000,0.000000,False,Sin AprilTag: medicion congelada
1777334155.849179,False,False,0.00000000,-1,-1,0.000000,0.000000,0.000000,False,Sin AprilTag: medicion congelada
1777334155.909133,False,False,0.00000000,-1,-1,0.000000,0.000000,0.000000,False,Sin AprilTag: medicion congelada
1777334155.975162,False,False,0.00000000,-1,-1,0.000000,0.000000,0.000000,False,Sin AprilTag: medicion congelada
1777334156.009709,False,False,0.00000000,-1,-1,0.000000,0.000000,0.000000,False,Sin AprilTag: medicion congelada
1777334156.042170,False,False,0.00000000,-1,-1,0.000000,0.000000,0.000000,False,Sin AprilTag: medicion congelada
1777334156.071056,False,False,0.00000000,-1,-1,0.000000,0.000000,0.000000,False,Sin AprilTag: medicion congelada
1777334156.103676,False,False,0.00000000,-1,-1,0.000000,0.000000,0.000000,False,Sin AprilTag: medicion congelada
1777334156.142391,False,False,0.00000000,-1,-1,0.000000,0.000000,0.000000,False,Sin AprilTag: medicion congelada
1777334156.176481,False,False,0.00000000,-1,-1,0.000000,0.000000,0.000000,False,Sin AprilTag: medicion congelada
1777334156.227581,False,False,0.00000000,-1,-1,0.000000,0.000000,0.000000,False,Sin AprilTag: medicion congelada
1777334156.276718,False,False,0.00000000,-1,-1,0.000000,0.000000,0.000000,False,Sin AprilTag: medicion congelada
1777334156.325329,False,False,0.00000000,-1,-1,0.000000,0.000000,0.000000,False,Sin AprilTag: medicion congelada
1777334156.388674,False,False,0.00000000,-1,-1,0.000000,0.000000,0.000000,False,Sin AprilTag: medicion congelada
1777334156.462815,False,False,0.00000000,-1,-1,0.000000,0.000000,0.000000,False,Sin AprilTag: medicion congelada
1777334156.493344,False,False,0.00000000,-1,-1,0.000000,0.000000,0.000000,False,Sin AprilTag: medicion congelada
1777334156.528348,False,False,0.00000000,-1,-1,0.000000,0.000000,0.000000,False,Sin AprilTag: medicion congelada
1777334156.563073,False,False,0.00000000,-1,-1,0.000000,0.000000,0.000000,False,Sin AprilTag: medicion congelada
1777334156.597923,False,False,0.00000000,-1,-1,0.000000,0.000000,0.000000,False,Sin AprilTag: medicion congelada
1777334156.632242,False,False,0.00000000,-1,-1,0.000000,0.000000,0.000000,False,Sin AprilTag: medicion congelada
1777334156.665564,False,False,0.00000000,-1,-1,0.000000,0.000000,0.000000,False,Sin AprilTag: medicion congelada
1777334156.700454,False,False,0.00000000,-1,-1,0.000000,0.000000,0.000000,False,Sin AprilTag: medicion congelada
1777334156.735151,False,False,0.00000000,-1,-1,0.000000,0.000000,0.000000,False,Sin AprilTag: medicion congelada
1777334156.769729,False,False,0.00000000,-1,-1,0.000000,0.000000,0.000000,False,Sin AprilTag: medicion congelada
1777334156.804186,False,False,0.00000000,-1,-1,0.000000,0.000000,0.000000,False,Sin AprilTag: medicion congelada
1777334156.866242,False,False,0.00000000,-1,-1,0.000000,0.000000,0.000000,False,Sin AprilTag: medicion congelada
1777334156.951885,False,False,0.00000000,-1,-1,0.000000,0.000000,0.000000,False,Sin AprilTag: medicion congelada
1777334156.986513,False,False,0.00000000,-1,-1,0.000000,0.000000,0.000000,False,Sin AprilTag: medicion congelada
1777334157.014812,False,False,0.00000000,-1,-1,0.000000,0.000000,0.000000,False,Sin AprilTag: medicion congelada
1777334157.049059,False,False,0.00000000,-1,-1,0.000000,0.000000,0.000000,False,Sin AprilTag: medicion congelada
1777334157.083765,False,False,0.00000000,-1,-1,0.000000,0.000000,0.000000,False,Sin AprilTag: medicion congelada
1777334157.128078,False,False,0.00000000,-1,-1,0.000000,0.000000,0.000000,False,Sin AprilTag: medicion congelada
1777334157.158768,False,False,0.00000000,-1,-1,0.000000,0.000000,0.000000,False,Sin AprilTag: medicion congelada
1777334157.215678,False,False,0.00000000,-1,-1,0.000000,0.000000,0.000000,False,Sin AprilTag: medicion congelada
1777334157.279748,False,False,0.00000000,-1,-1,0.000000,0.000000,0.000000,False,Sin AprilTag: medicion congelada
1777334157.334002,False,False,0.00000000,-1,-1,0.000000,0.000000,0.000000,False,Sin AprilTag: medicion congelada
1777334157.381568,False,False,0.00000000,-1,-1,0.000000,0.000000,0.000000,False,Sin AprilTag: medicion congelada
1777334157.415646,False,False,0.00000000,-1,-1,0.000000,0.000000,0.000000,False,Sin AprilTag: medicion congelada
1777334157.452376,False,False,0.00000000,-1,-1,0.000000,0.000000,0.000000,False,Sin AprilTag: medicion congelada
1777334157.488036,False,False,0.00000000,-1,-1,0.000000,0.000000,0.000000,False,Sin AprilTag: medicion congelada
1777334157.538240,False,False,0.00000000,-1,-1,0.000000,0.000000,0.000000,False,Sin AprilTag: medicion congelada
1777334157.572208,False,False,0.00000000,-1,-1,0.000000,0.000000,0.000000,False,Sin AprilTag: medicion congelada
1777334157.607495,False,False,0.00000000,-1,-1,0.000000,0.000000,0.000000,False,Sin AprilTag: medicion congelada
1777334157.642341,False,False,0.00000000,-1,-1,0.000000,0.000000,0.000000,False,Sin AprilTag: medicion congelada
1777334157.694939,False,False,0.00000000,-1,-1,0.000000,0.000000,0.000000,False,Sin AprilTag: medicion congelada
1777334157.759037,False,False,0.00000000,-1,-1,0.000000,0.000000,0.000000,False,Sin AprilTag: medicion congelada
1777334157.793906,False,False,0.00000000,-1,-1,0.000000,0.000000,0.000000,False,Sin AprilTag: medicion congelada
1777334157.829387,False,False,0.00000000,-1,-1,0.000000,0.000000,0.000000,False,Sin AprilTag: medicion congelada
1777334157.864376,False,False,0.00000000,-1,-1,0.000000,0.000000,0.000000,False,Sin AprilTag: medicion congelada
1777334157.899829,False,False,0.00000000,-1,-1,0.000000,0.000000,0.000000,False,Sin AprilTag: medicion congelada
1777334157.938411,False,False,0.00000000,-1,-1,0.000000,0.000000,0.000000,False,Sin AprilTag: medicion congelada
1777334157.973778,False,False,0.00000000,-1,-1,0.000000,0.000000,0.000000,False,Sin AprilTag: medicion congelada
1777334158.025448,False,False,0.00000000,-1,-1,0.000000,0.000000,0.000000,False,Sin AprilTag: medicion congelada
1777334158.086989,False,False,0.00000000,-1,-1,0.000000,0.000000,0.000000,False,Sin AprilTag: medicion congelada
1777334158.134750,False,False,0.00000000,-1,-1,0.000000,0.000000,0.000000,False,Sin AprilTag: medicion congelada
1777334158.183640,False,False,0.00000000,-1,-1,0.000000,0.000000,0.000000,False,Sin AprilTag: medicion congelada
1777334158.227327,False,False,0.00000000,-1,-1,0.000000,0.000000,0.000000,False,Sin AprilTag: medicion congelada
1777334158.269099,False,False,0.00000000,-1,-1,0.000000,0.000000,0.000000,False,Sin AprilTag: medicion congelada
1777334158.320570,False,False,0.00000000,-1,-1,0.000000,0.000000,0.000000,False,Sin AprilTag: medicion congelada
1777334158.387773,False,False,0.00000000,-1,-1,0.000000,0.000000,0.000000,False,Sin AprilTag: medicion congelada
1777334158.444319,False,False,0.00000000,-1,-1,0.000000,0.000000,0.000000,False,Sin AprilTag: medicion congelada
1777334158.506549,False,False,0.00000000,-1,-1,0.000000,0.000000,0.000000,False,Sin AprilTag: medicion congelada
1777334158.556817,False,False,0.00000000,-1,-1,0.000000,0.000000,0.000000,False,Sin AprilTag: medicion congelada
1777334158.621369,False,False,0.00000000,-1,-1,0.000000,0.000000,0.000000,False,Sin AprilTag: medicion congelada
1777334158.687250,False,False,0.00000000,-1,-1,0.000000,0.000000,0.000000,False,Sin AprilTag: medicion congelada
1777334158.722974,False,False,0.00000000,-1,-1,0.000000,0.000000,0.000000,False,Sin AprilTag: medicion congelada
1777334158.797926,False,False,0.00000000,-1,-1,0.000000,0.000000,0.000000,False,Sin AprilTag: medicion congelada
1777334158.849180,False,False,0.00000000,-1,-1,0.000000,0.000000,0.000000,False,Sin AprilTag: medicion congelada
1777334158.893669,False,False,0.00000000,-1,-1,0.000000,0.000000,0.000000,False,Sin AprilTag: medicion congelada
1777334158.963161,False,False,0.00000000,-1,-1,0.000000,0.000000,0.000000,False,Sin AprilTag: medicion congelada
1777334159.038354,False,False,0.00000000,-1,-1,0.000000,0.000000,0.000000,False,Sin AprilTag: medicion congelada
1777334159.104728,False,False,0.00000000,-1,-1,0.000000,0.000000,0.000000,False,Sin AprilTag: medicion congelada
1777334159.155883,False,False,0.00000000,-1,-1,0.000000,0.000000,0.000000,False,Sin AprilTag: medicion congelada
1777334159.198726,False,False,0.00000000,-1,-1,0.000000,0.000000,0.000000,False,Sin AprilTag: medicion congelada
1777334159.232535,False,False,0.00000000,-1,-1,0.000000,0.000000,0.000000,False,Sin AprilTag: medicion congelada
1777334159.260001,False,False,0.00000000,-1,-1,0.000000,0.000000,0.000000,False,Sin AprilTag: medicion congelada
1777334159.295841,False,False,0.00000000,-1,-1,0.000000,0.000000,0.000000,False,Sin AprilTag: medicion congelada
1777334159.350463,False,False,0.00000000,-1,-1,0.000000,0.000000,0.000000,False,Sin AprilTag: medicion congelada
1777334159.387333,False,False,0.00000000,-1,-1,0.000000,0.000000,0.000000,False,Sin AprilTag: medicion congelada
1777334159.421112,False,False,0.00000000,-1,-1,0.000000,0.000000,0.000000,False,Sin AprilTag: medicion congelada
1777334159.470821,False,False,0.00000000,-1,-1,0.000000,0.000000,0.000000,False,Sin AprilTag: medicion congelada
1777334159.523281,False,False,0.00000000,-1,-1,0.000000,0.000000,0.000000,False,Sin AprilTag: medicion congelada
1777334159.558017,False,False,0.00000000,-1,-1,0.000000,0.000000,0.000000,False,Sin AprilTag: medicion congelada
1777334159.593673,False,False,0.00000000,-1,-1,0.000000,0.000000,0.000000,False,Sin AprilTag: medicion congelada
1777334159.636635,False,False,0.00000000,-1,-1,0.000000,0.000000,0.000000,False,Sin AprilTag: medicion congelada
1777334159.679275,False,False,0.00000000,-1,-1,0.000000,0.000000,0.000000,False,Sin AprilTag: medicion congelada
1777334159.729336,False,False,0.00000000,-1,-1,0.000000,0.000000,0.000000,False,Sin AprilTag: medicion congelada
1777334159.781651,False,False,0.00000000,-1,-1,0.000000,0.000000,0.000000,False,Sin AprilTag: medicion congelada
1777334159.832651,False,False,0.00000000,-1,-1,0.000000,0.000000,0.000000,False,Sin AprilTag: medicion congelada
1777334159.916298,False,False,0.00000000,-1,-1,0.000000,0.000000,0.000000,False,Sin AprilTag: medicion congelada
1777334159.981116,False,False,0.00000000,-1,-1,0.000000,0.000000,0.000000,False,Sin AprilTag: medicion congelada
1777334160.015084,False,False,0.00000000,-1,-1,0.000000,0.000000,0.000000,False,Sin AprilTag: medicion congelada
1777334160.046793,False,False,0.00000000,-1,-1,0.000000,0.000000,0.000000,False,Sin AprilTag: medicion congelada
1777334160.080596,False,False,0.00000000,-1,-1,0.000000,0.000000,0.000000,False,Sin AprilTag: medicion congelada
1777334160.115387,False,False,0.00000000,-1,-1,0.000000,0.000000,0.000000,False,Sin AprilTag: medicion congelada
1777334160.149440,False,False,0.00000000,-1,-1,0.000000,0.000000,0.000000,False,Sin AprilTag: medicion congelada
1777334160.183066,False,False,0.00000000,-1,-1,0.000000,0.000000,0.000000,False,Sin AprilTag: medicion congelada
1777334160.218140,False,False,0.00000000,-1,-1,0.000000,0.000000,0.000000,False,Sin AprilTag: medicion congelada
1777334160.259590,False,False,0.00000000,-1,-1,0.000000,0.000000,0.000000,False,Sin AprilTag: medicion congelada
1777334160.309714,False,False,0.00000000,-1,-1,0.000000,0.000000,0.000000,False,Sin AprilTag: medicion congelada
1777334160.363792,False,False,0.00000000,-1,-1,0.000000,0.000000,0.000000,False,Sin AprilTag: medicion congelada
1777334160.407437,False,False,0.00000000,-1,-1,0.000000,0.000000,0.000000,False,Sin AprilTag: medicion congelada
1777334160.458147,False,False,0.00000000,-1,-1,0.000000,0.000000,0.000000,False,Sin AprilTag: medicion congelada
1777334160.505440,False,False,0.00000000,-1,-1,0.000000,0.000000,0.000000,False,Sin AprilTag: medicion congelada
1777334160.539284,False,False,0.00000000,-1,-1,0.000000,0.000000,0.000000,False,Sin AprilTag: medicion congelada
1777334160.590548,False,False,0.00000000,-1,-1,0.000000,0.000000,0.000000,False,Sin AprilTag: medicion congelada
1777334160.639024,False,False,0.00000000,-1,-1,0.000000,0.000000,0.000000,False,Sin AprilTag: medicion congelada
1777334160.672922,False,False,0.00000000,-1,-1,0.000000,0.000000,0.000000,False,Sin AprilTag: medicion congelada
1777334160.707638,False,False,0.00000000,-1,-1,0.000000,0.000000,0.000000,False,Sin AprilTag: medicion congelada
1777334160.748606,False,False,0.00000000,-1,-1,0.000000,0.000000,0.000000,False,Sin AprilTag: medicion congelada
1777334160.783853,False,False,0.00000000,-1,-1,0.000000,0.000000,0.000000,False,Sin AprilTag: medicion congelada
1777334160.817254,False,False,0.00000000,-1,-1,0.000000,0.000000,0.000000,False,Sin AprilTag: medicion congelada
1777334160.878608,False,False,0.00000000,-1,-1,0.000000,0.000000,0.000000,False,Sin AprilTag: medicion congelada
1777334160.929762,False,False,0.00000000,-1,-1,0.000000,0.000000,0.000000,False,Sin AprilTag: medicion congelada
1777334160.981192,False,False,0.00000000,-1,-1,0.000000,0.000000,0.000000,False,Sin AprilTag: medicion congelada
1777334161.031859,False,False,0.00000000,-1,-1,0.000000,0.000000,0.000000,False,Sin AprilTag: medicion congelada
1777334161.074838,False,False,0.00000000,-1,-1,0.000000,0.000000,0.000000,False,Sin AprilTag: medicion congelada
1777334161.125761,False,False,0.00000000,-1,-1,0.000000,0.000000,0.000000,False,Sin AprilTag: medicion congelada
1777334161.184919,False,False,0.00000000,-1,-1,0.000000,0.000000,0.000000,False,Sin AprilTag: medicion congelada
1777334161.235826,False,False,0.00000000,-1,-1,0.000000,0.000000,0.000000,False,Sin AprilTag: medicion congelada
1777334161.281895,False,False,0.00000000,-1,-1,0.000000,0.000000,0.000000,False,Sin AprilTag: medicion congelada
1777334161.333434,False,False,0.00000000,-1,-1,0.000000,0.000000,0.000000,False,Sin AprilTag: medicion congelada
1777334161.380617,False,False,0.00000000,-1,-1,0.000000,0.000000,0.000000,False,Sin AprilTag: medicion congelada
1777334161.432858,False,False,0.00000000,-1,-1,0.000000,0.000000,0.000000,False,Sin AprilTag: medicion congelada
1777334161.491956,False,False,0.00000000,-1,-1,0.000000,0.000000,0.000000,False,Sin AprilTag: medicion congelada
1777334161.526370,False,False,0.00000000,-1,-1,0.000000,0.000000,0.000000,False,Sin AprilTag: medicion congelada
1777334161.569493,False,False,0.00000000,-1,-1,0.000000,0.000000,0.000000,False,Sin AprilTag: medicion congelada
1777334161.618257,False,False,0.00000000,-1,-1,0.000000,0.000000,0.000000,False,Sin AprilTag: medicion congelada
1777334161.652239,False,False,0.00000000,-1,-1,0.000000,0.000000,0.000000,False,Sin AprilTag: medicion congelada
1777334161.703451,False,False,0.00000000,-1,-1,0.000000,0.000000,0.000000,False,Sin AprilTag: medicion congelada
1777334161.744038,False,False,0.00000000,-1,-1,0.000000,0.000000,0.000000,False,Sin AprilTag: medicion congelada
1777334161.773962,False,False,0.00000000,-1,-1,0.000000,0.000000,0.000000,False,Sin AprilTag: medicion congelada
1777334161.806279,False,False,0.00000000,-1,-1,0.000000,0.000000,0.000000,False,Sin AprilTag: medicion congelada
1777334161.841378,False,False,0.00000000,-1,-1,0.000000,0.000000,0.000000,False,Sin AprilTag: medicion congelada
1777334161.906217,False,False,0.00000000,-1,-1,0.000000,0.000000,0.000000,False,Sin AprilTag: medicion congelada
1777334161.956643,False,False,0.00000000,-1,-1,0.000000,0.000000,0.000000,False,Sin AprilTag: medicion congelada
1777334162.001844,False,False,0.00000000,-1,-1,0.000000,0.000000,0.000000,False,Sin AprilTag: medicion congelada
1777334162.053352,False,False,0.00000000,-1,-1,0.000000,0.000000,0.000000,False,Sin AprilTag: medicion congelada
1777334162.102707,False,False,0.00000000,-1,-1,0.000000,0.000000,0.000000,False,Sin AprilTag: medicion congelada
1777334162.172976,False,False,0.00000000,-1,-1,0.000000,0.000000,0.000000,False,Sin AprilTag: medicion congelada
1777334162.221491,False,False,0.00000000,-1,-1,0.000000,0.000000,0.000000,False,Sin AprilTag: medicion congelada
1777334162.255068,False,False,0.00000000,-1,-1,0.000000,0.000000,0.000000,False,Sin AprilTag: medicion congelada
1777334162.290120,False,False,0.00000000,-1,-1,0.000000,0.000000,0.000000,False,Sin AprilTag: medicion congelada
1777334162.345819,False,False,0.00000000,-1,-1,0.000000,0.000000,0.000000,False,Sin AprilTag: medicion congelada
1777334162.380744,False,False,0.00000000,-1,-1,0.000000,0.000000,0.000000,False,Sin AprilTag: medicion congelada
1777334162.415646,False,False,0.00000000,-1,-1,0.000000,0.000000,0.000000,False,Sin AprilTag: medicion congelada
1777334162.454297,False,False,0.00000000,-1,-1,0.000000,0.000000,0.000000,False,Sin AprilTag: medicion congelada
1777334162.488512,False,False,0.00000000,-1,-1,0.000000,0.000000,0.000000,False,Sin AprilTag: medicion congelada
1777334162.518821,False,False,0.00000000,-1,-1,0.000000,0.000000,0.000000,False,Sin AprilTag: medicion congelada
1777334162.568991,False,False,0.00000000,-1,-1,0.000000,0.000000,0.000000,False,Sin AprilTag: medicion congelada
1777334162.614556,False,False,0.00000000,-1,-1,0.000000,0.000000,0.000000,False,Sin AprilTag: medicion congelada
1777334162.644275,False,False,0.00000000,-1,-1,0.000000,0.000000,0.000000,False,Sin AprilTag: medicion congelada
1777334162.677998,False,False,0.00000000,-1,-1,0.000000,0.000000,0.000000,False,Sin AprilTag: medicion congelada
1777334162.736321,False,False,0.00000000,-1,-1,0.000000,0.000000,0.000000,False,Sin AprilTag: medicion congelada
1777334162.787140,False,False,0.00000000,-1,-1,0.000000,0.000000,0.000000,False,Sin AprilTag: medicion congelada
1777334162.822251,False,False,0.00000000,-1,-1,0.000000,0.000000,0.000000,False,Sin AprilTag: medicion congelada
1777334162.857815,False,False,0.00000000,-1,-1,0.000000,0.000000,0.000000,False,Sin AprilTag: medicion congelada
1777334162.906705,False,False,0.00000000,-1,-1,0.000000,0.000000,0.000000,False,Sin AprilTag: medicion congelada
1777334162.940685,False,False,0.00000000,-1,-1,0.000000,0.000000,0.000000,False,Sin AprilTag: medicion congelada
1777334162.975175,False,False,0.00000000,-1,-1,0.000000,0.000000,0.000000,False,Sin AprilTag: medicion congelada
1777334163.001788,False,False,0.00000000,-1,-1,0.000000,0.000000,0.000000,False,Sin AprilTag: medicion congelada
1777334163.036250,False,False,0.00000000,-1,-1,0.000000,0.000000,0.000000,False,Sin AprilTag: medicion congelada
1777334163.070853,False,False,0.00000000,-1,-1,0.000000,0.000000,0.000000,False,Sin AprilTag: medicion congelada
1777334163.105627,False,False,0.00000000,-1,-1,0.000000,0.000000,0.000000,False,Sin AprilTag: medicion congelada
1777334163.130353,False,False,0.00000000,-1,-1,0.000000,0.000000,0.000000,False,Sin AprilTag: medicion congelada
1777334163.165075,False,False,0.00000000,-1,-1,0.000000,0.000000,0.000000,False,Sin AprilTag: medicion congelada
1777334163.206477,False,False,0.00000000,-1,-1,0.000000,0.000000,0.000000,False,Sin AprilTag: medicion congelada
1777334163.240777,False,False,0.00000000,-1,-1,0.000000,0.000000,0.000000,False,Sin AprilTag: medicion congelada
1777334163.277312,False,False,0.00000000,-1,-1,0.000000,0.000000,0.000000,False,Sin AprilTag: medicion congelada
1777334163.324324,False,False,0.00000000,-1,-1,0.000000,0.000000,0.000000,False,Sin AprilTag: medicion congelada
1777334163.375358,False,False,0.00000000,-1,-1,0.000000,0.000000,0.000000,False,Sin AprilTag: medicion congelada
1777334163.410345,False,False,0.00000000,-1,-1,0.000000,0.000000,0.000000,False,Sin AprilTag: medicion congelada
1777334163.452341,False,False,0.00000000,-1,-1,0.000000,0.000000,0.000000,False,Sin AprilTag: medicion congelada
1777334163.522469,False,False,0.00000000,-1,-1,0.000000,0.000000,0.000000,False,Sin AprilTag: medicion congelada
1777334163.572774,False,False,0.00000000,-1,-1,0.000000,0.000000,0.000000,False,Sin AprilTag: medicion congelada
1777334163.607032,False,False,0.00000000,-1,-1,0.000000,0.000000,0.000000,False,Sin AprilTag: medicion congelada
1777334163.641882,False,False,0.00000000,-1,-1,0.000000,0.000000,0.000000,False,Sin AprilTag: medicion congelada
1777334163.676339,False,False,0.00000000,-1,-1,0.000000,0.000000,0.000000,False,Sin AprilTag: medicion congelada
1777334163.710487,False,False,0.00000000,-1,-1,0.000000,0.000000,0.000000,False,Sin AprilTag: medicion congelada
1777334163.745702,False,False,0.00000000,-1,-1,0.000000,0.000000,0.000000,False,Sin AprilTag: medicion congelada
1777334163.796495,False,False,0.00000000,-1,-1,0.000000,0.000000,0.000000,False,Sin AprilTag: medicion congelada
1777334163.821722,False,False,0.00000000,-1,-1,0.000000,0.000000,0.000000,False,Sin AprilTag: medicion congelada
1777334163.858744,False,False,0.00000000,-1,-1,0.000000,0.000000,0.000000,False,Sin AprilTag: medicion congelada
1777334163.887126,False,False,0.00000000,-1,-1,0.000000,0.000000,0.000000,False,Sin AprilTag: medicion congelada
1777334163.921924,False,False,0.00000000,-1,-1,0.000000,0.000000,0.000000,False,Sin AprilTag: medicion congelada
1777334163.956238,False,False,0.00000000,-1,-1,0.000000,0.000000,0.000000,False,Sin AprilTag: medicion congelada
1777334163.990903,False,False,0.00000000,-1,-1,0.000000,0.000000,0.000000,False,Sin AprilTag: medicion congelada
1777334164.025458,False,False,0.00000000,-1,-1,0.000000,0.000000,0.000000,False,Sin AprilTag: medicion congelada
1777334164.060424,False,False,0.00000000,-1,-1,0.000000,0.000000,0.000000,False,Sin AprilTag: medicion congelada
1777334164.094309,False,False,0.00000000,-1,-1,0.000000,0.000000,0.000000,False,Sin AprilTag: medicion congelada
1777334164.121346,False,False,0.00000000,-1,-1,0.000000,0.000000,0.000000,False,Sin AprilTag: medicion congelada
1777334164.156396,False,False,0.00000000,-1,-1,0.000000,0.000000,0.000000,False,Sin AprilTag: medicion congelada
1777334164.192693,False,False,0.00000000,-1,-1,0.000000,0.000000,0.000000,False,Sin AprilTag: medicion congelada
1777334164.226520,False,False,0.00000000,-1,-1,0.000000,0.000000,0.000000,False,Sin AprilTag: medicion congelada
1777334164.259985,False,False,0.00000000,-1,-1,0.000000,0.000000,0.000000,False,Sin AprilTag: medicion congelada
1777334164.294512,False,False,0.00000000,-1,-1,0.000000,0.000000,0.000000,False,Sin AprilTag: medicion congelada
1777334164.329666,False,False,0.00000000,-1,-1,0.000000,0.000000,0.000000,False,Sin AprilTag: medicion congelada
1777334164.363957,False,False,0.00000000,-1,-1,0.000000,0.000000,0.000000,False,Sin AprilTag: medicion congelada
1777334164.413460,False,False,0.00000000,-1,-1,0.000000,0.000000,0.000000,False,Sin AprilTag: medicion congelada
1777334164.478634,False,False,0.00000000,-1,-1,0.000000,0.000000,0.000000,False,Sin AprilTag: medicion congelada
1777334164.513586,False,False,0.00000000,-1,-1,0.000000,0.000000,0.000000,False,Sin AprilTag: medicion congelada
1777334164.548356,False,False,0.00000000,-1,-1,0.000000,0.000000,0.000000,False,Sin AprilTag: medicion congelada
1777334164.583089,False,False,0.00000000,-1,-1,0.000000,0.000000,0.000000,False,Sin AprilTag: medicion congelada
1777334164.611376,False,False,0.00000000,-1,-1,0.000000,0.000000,0.000000,False,Sin AprilTag: medicion congelada
1777334164.646308,False,False,0.00000000,-1,-1,0.000000,0.000000,0.000000,False,Sin AprilTag: medicion congelada
1777334164.680955,False,False,0.00000000,-1,-1,0.000000,0.000000,0.000000,False,Sin AprilTag: medicion congelada
1777334164.719164,False,False,0.00000000,-1,-1,0.000000,0.000000,0.000000,False,Sin AprilTag: medicion congelada
1777334164.755322,False,False,0.00000000,-1,-1,0.000000,0.000000,0.000000,False,Sin AprilTag: medicion congelada
1777334164.791949,False,False,0.00000000,-1,-1,0.000000,0.000000,0.000000,False,Sin AprilTag: medicion congelada
1777334164.842328,False,False,0.00000000,-1,-1,0.000000,0.000000,0.000000,False,Sin AprilTag: medicion congelada
1777334164.877254,False,False,0.00000000,-1,-1,0.000000,0.000000,0.000000,False,Sin AprilTag: medicion congelada
1777334164.911426,False,False,0.00000000,-1,-1,0.000000,0.000000,0.000000,False,Sin AprilTag: medicion congelada
1777334164.947134,False,False,0.00000000,-1,-1,0.000000,0.000000,0.000000,False,Sin AprilTag: medicion congelada
1777334164.981562,False,False,0.00000000,-1,-1,0.000000,0.000000,0.000000,False,Sin AprilTag: medicion congelada
1777334165.015877,False,False,0.00000000,-1,-1,0.000000,0.000000,0.000000,False,Sin AprilTag: medicion congelada
1777334165.065469,False,False,0.00000000,-1,-1,0.000000,0.000000,0.000000,False,Sin AprilTag: medicion congelada
1777334165.100376,False,False,0.00000000,-1,-1,0.000000,0.000000,0.000000,False,Sin AprilTag: medicion congelada
1777334165.125815,False,False,0.00000000,-1,-1,0.000000,0.000000,0.000000,False,Sin AprilTag: medicion congelada
1777334165.160968,False,False,0.00000000,-1,-1,0.000000,0.000000,0.000000,False,Sin AprilTag: medicion congelada
1777334165.186848,False,False,0.00000000,-1,-1,0.000000,0.000000,0.000000,False,Sin AprilTag: medicion congelada
1777334165.221454,False,False,0.00000000,-1,-1,0.000000,0.000000,0.000000,False,Sin AprilTag: medicion congelada
1777334165.251192,False,False,0.00000000,-1,-1,0.000000,0.000000,0.000000,False,Sin AprilTag: medicion congelada
1777334165.285889,False,False,0.00000000,-1,-1,0.000000,0.000000,0.000000,False,Sin AprilTag: medicion congelada
1777334165.318789,False,False,0.00000000,-1,-1,0.000000,0.000000,0.000000,False,Sin AprilTag: medicion congelada
1777334165.353303,False,False,0.00000000,-1,-1,0.000000,0.000000,0.000000,False,Sin AprilTag: medicion congelada
1777334165.387625,False,False,0.00000000,-1,-1,0.000000,0.000000,0.000000,False,Sin AprilTag: medicion congelada
1777334165.420753,False,False,0.00000000,-1,-1,0.000000,0.000000,0.000000,False,Sin AprilTag: medicion congelada
1777334165.470781,False,False,0.00000000,-1,-1,0.000000,0.000000,0.000000,False,Sin AprilTag: medicion congelada
1777334165.545166,False,False,0.00000000,-1,-1,0.000000,0.000000,0.000000,False,Sin AprilTag: medicion congelada
1777334165.604950,False,False,0.00000000,-1,-1,0.000000,0.000000,0.000000,False,Sin AprilTag: medicion congelada
1777334165.663998,False,False,0.00000000,-1,-1,0.000000,0.000000,0.000000,False,Sin AprilTag: medicion congelada
1777334165.714012,False,False,0.00000000,-1,-1,0.000000,0.000000,0.000000,False,Sin AprilTag: medicion congelada
1777334165.748432,False,False,0.00000000,-1,-1,0.000000,0.000000,0.000000,False,Sin AprilTag: medicion congelada
1777334165.788003,False,False,0.00000000,-1,-1,0.000000,0.000000,0.000000,False,Sin AprilTag: medicion congelada
1777334165.822153,False,False,0.00000000,-1,-1,0.000000,0.000000,0.000000,False,Sin AprilTag: medicion congelada
1777334165.856652,False,False,0.00000000,-1,-1,0.000000,0.000000,0.000000,False,Sin AprilTag: medicion congelada
1777334165.917874,False,False,0.00000000,-1,-1,0.000000,0.000000,0.000000,False,Sin AprilTag: medicion congelada
1777334165.951915,False,False,0.00000000,-1,-1,0.000000,0.000000,0.000000,False,Sin AprilTag: medicion congelada
1777334165.986210,False,False,0.00000000,-1,-1,0.000000,0.000000,0.000000,False,Sin AprilTag: medicion congelada
1777334166.012489,False,False,0.00000000,-1,-1,0.000000,0.000000,0.000000,False,Sin AprilTag: medicion congelada
1777334166.040226,False,False,0.00000000,-1,-1,0.000000,0.000000,0.000000,False,Sin AprilTag: medicion congelada
1777334166.074316,False,False,0.00000000,-1,-1,0.000000,0.000000,0.000000,False,Sin AprilTag: medicion congelada
1777334166.104465,False,False,0.00000000,-1,-1,0.000000,0.000000,0.000000,False,Sin AprilTag: medicion congelada
1777334166.158743,False,False,0.00000000,-1,-1,0.000000,0.000000,0.000000,False,Sin AprilTag: medicion congelada
1777334166.192954,False,False,0.00000000,-1,-1,0.000000,0.000000,0.000000,False,Sin AprilTag: medicion congelada
1777334166.223069,False,False,0.00000000,-1,-1,0.000000,0.000000,0.000000,False,Sin AprilTag: medicion congelada
1777334166.257535,False,False,0.00000000,-1,-1,0.000000,0.000000,0.000000,False,Sin AprilTag: medicion congelada
1777334166.292212,False,False,0.00000000,-1,-1,0.000000,0.000000,0.000000,False,Sin AprilTag: medicion congelada
1777334166.328602,False,False,0.00000000,-1,-1,0.000000,0.000000,0.000000,False,Sin AprilTag: medicion congelada
1777334166.362218,False,False,0.00000000,-1,-1,0.000000,0.000000,0.000000,False,Sin AprilTag: medicion congelada
1777334166.396859,False,False,0.00000000,-1,-1,0.000000,0.000000,0.000000,False,Sin AprilTag: medicion congelada
1777334166.430618,False,False,0.00000000,-1,-1,0.000000,0.000000,0.000000,False,Sin AprilTag: medicion congelada
1777334166.464825,False,False,0.00000000,-1,-1,0.000000,0.000000,0.000000,False,Sin AprilTag: medicion congelada
1777334166.499466,False,False,0.00000000,-1,-1,0.000000,0.000000,0.000000,False,Sin AprilTag: medicion congelada
1777334166.532747,False,False,0.00000000,-1,-1,0.000000,0.000000,0.000000,False,Sin AprilTag: medicion congelada
1777334166.695610,False,False,0.00000000,-1,-1,0.000000,0.000000,0.000000,False,Sin AprilTag: medicion congelada
1777334166.729535,False,False,0.00000000,-1,-1,0.000000,0.000000,0.000000,False,Sin AprilTag: medicion congelada
1777334166.763867,False,False,0.00000000,-1,-1,0.000000,0.000000,0.000000,False,Sin AprilTag: medicion congelada
1777334166.814270,False,False,0.00000000,-1,-1,0.000000,0.000000,0.000000,False,Sin AprilTag: medicion congelada
1777334166.884871,False,False,0.00000000,-1,-1,0.000000,0.000000,0.000000,False,Sin AprilTag: medicion congelada
1777334166.962047,False,False,0.00000000,-1,-1,0.000000,0.000000,0.000000,False,Sin AprilTag: medicion congelada
1777334167.012644,False,False,0.00000000,-1,-1,0.000000,0.000000,0.000000,False,Sin AprilTag: medicion congelada
1777334167.052627,False,False,0.00000000,-1,-1,0.000000,0.000000,0.000000,False,Sin AprilTag: medicion congelada
1777334167.119534,False,False,0.00000000,-1,-1,0.000000,0.000000,0.000000,False,Sin AprilTag: medicion congelada
1777334167.153576,False,False,0.00000000,-1,-1,0.000000,0.000000,0.000000,False,Sin AprilTag: medicion congelada
1777334167.200934,False,False,0.00000000,-1,-1,0.000000,0.000000,0.000000,False,Sin AprilTag: medicion congelada
1777334167.251213,False,False,0.00000000,-1,-1,0.000000,0.000000,0.000000,False,Sin AprilTag: medicion congelada
1777334167.283940,False,False,0.00000000,-1,-1,0.000000,0.000000,0.000000,False,Sin AprilTag: medicion congelada
1777334167.334129,False,False,0.00000000,-1,-1,0.000000,0.000000,0.000000,False,Sin AprilTag: medicion congelada
1777334167.365786,False,False,0.00000000,-1,-1,0.000000,0.000000,0.000000,False,Sin AprilTag: medicion congelada
1777334167.399393,False,False,0.00000000,-1,-1,0.000000,0.000000,0.000000,False,Sin AprilTag: medicion congelada
1777334167.433150,False,False,0.00000000,-1,-1,0.000000,0.000000,0.000000,False,Sin AprilTag: medicion congelada
1777334167.463103,False,False,0.00000000,-1,-1,0.000000,0.000000,0.000000,False,Sin AprilTag: medicion congelada
1777334167.498089,False,False,0.00000000,-1,-1,0.000000,0.000000,0.000000,False,Sin AprilTag: medicion congelada
1777334167.527246,False,False,0.00000000,-1,-1,0.000000,0.000000,0.000000,False,Sin AprilTag: medicion congelada
1777334167.560727,False,False,0.00000000,-1,-1,0.000000,0.000000,0.000000,False,Sin AprilTag: medicion congelada
1777334167.599889,False,False,0.00000000,-1,-1,0.000000,0.000000,0.000000,False,Sin AprilTag: medicion congelada
1777334167.635226,False,False,0.00000000,-1,-1,0.000000,0.000000,0.000000,False,Sin AprilTag: medicion congelada
1777334167.676752,False,False,0.00000000,-1,-1,0.000000,0.000000,0.000000,False,Sin AprilTag: medicion congelada
1777334167.716891,False,False,0.00000000,-1,-1,0.000000,0.000000,0.000000,False,Sin AprilTag: medicion congelada
1777334167.775346,False,False,0.00000000,-1,-1,0.000000,0.000000,0.000000,False,Sin AprilTag: medicion congelada
1777334167.809871,False,False,0.00000000,-1,-1,0.000000,0.000000,0.000000,False,Sin AprilTag: medicion congelada
1777334167.861367,False,False,0.00000000,-1,-1,0.000000,0.000000,0.000000,False,Sin AprilTag: medicion congelada
1777334167.898401,False,False,0.00000000,-1,-1,0.000000,0.000000,0.000000,False,Sin AprilTag: medicion congelada
1777334167.924922,False,False,0.00000000,-1,-1,0.000000,0.000000,0.000000,False,Sin AprilTag: medicion congelada
1777334167.962116,False,False,0.00000000,-1,-1,0.000000,0.000000,0.000000,False,Sin AprilTag: medicion congelada
1777334168.026539,False,False,0.00000000,-1,-1,0.000000,0.000000,0.000000,False,Sin AprilTag: medicion congelada
1777334168.092805,False,False,0.00000000,-1,-1,0.000000,0.000000,0.000000,False,Sin AprilTag: medicion congelada
1777334168.143258,False,False,0.00000000,-1,-1,0.000000,0.000000,0.000000,False,Sin AprilTag: medicion congelada
1777334168.190531,False,False,0.00000000,-1,-1,0.000000,0.000000,0.000000,False,Sin AprilTag: medicion congelada
1777334168.239416,False,False,0.00000000,-1,-1,0.000000,0.000000,0.000000,False,Sin AprilTag: medicion congelada
1777334168.276546,False,False,0.00000000,-1,-1,0.000000,0.000000,0.000000,False,Sin AprilTag: medicion congelada
1777334168.328043,False,False,0.00000000,-1,-1,0.000000,0.000000,0.000000,False,Sin AprilTag: medicion congelada
1777334168.373669,False,False,0.00000000,-1,-1,0.000000,0.000000,0.000000,False,Sin AprilTag: medicion congelada
1777334168.434906,True,False,0.11904020,-1,-1,0.000000,0.000000,0.000000,False,Sin objeto: medicion congelada
1777334168.494768,True,False,0.11904020,-1,-1,0.000000,0.000000,0.000000,False,Sin objeto: medicion congelada
1777334168.549868,True,False,0.11293257,-1,-1,0.000000,0.000000,0.000000,False,Sin objeto: medicion congelada
1777334168.602007,True,False,0.11232615,-1,-1,0.000000,0.000000,0.000000,False,Sin objeto: medicion congelada
1777334168.652582,True,False,0.11052189,-1,-1,0.000000,0.000000,0.000000,False,Sin objeto: medicion congelada
1777334168.687008,True,False,0.11012821,-1,-1,0.000000,0.000000,0.000000,False,Sin objeto: medicion congelada
1777334168.770852,True,False,0.10968773,-1,-1,0.000000,0.000000,0.000000,False,Sin objeto: medicion congelada
1777334168.822683,True,False,0.10895683,-1,-1,0.000000,0.000000,0.000000,False,Sin objeto: medicion congelada
1777334168.887399,True,False,0.11068693,-1,-1,0.000000,0.000000,0.000000,False,Sin objeto: medicion congelada
1777334168.949456,True,False,0.11105345,-1,-1,0.000000,0.000000,0.000000,False,Sin objeto: medicion congelada
1777334168.992055,True,False,0.11093842,-1,-1,0.000000,0.000000,0.000000,False,Sin objeto: medicion congelada
1777334169.028074,True,False,0.11040902,-1,-1,0.000000,0.000000,0.000000,False,Sin objeto: medicion congelada
1777334169.069798,True,False,0.11065384,-1,-1,0.000000,0.000000,0.000000,False,Sin objeto: medicion congelada
1777334169.100866,True,False,0.11103797,-1,-1,0.000000,0.000000,0.000000,False,Sin objeto: medicion congelada
1777334169.134993,True,False,0.11123793,-1,-1,0.000000,0.000000,0.000000,False,Sin objeto: medicion congelada
1777334169.169983,True,False,0.11123344,-1,-1,0.000000,0.000000,0.000000,False,Sin objeto: medicion congelada
1777334169.219221,True,False,0.11123737,-1,-1,0.000000,0.000000,0.000000,False,Sin objeto: medicion congelada
1777334169.265409,True,False,0.11090912,-1,-1,0.000000,0.000000,0.000000,False,Sin objeto: medicion congelada
1777334169.316943,True,False,0.11092056,-1,-1,0.000000,0.000000,0.000000,False,Sin objeto: medicion congelada
1777334169.357371,True,False,0.11177189,-1,-1,0.000000,0.000000,0.000000,False,Sin objeto: medicion congelada
1777334169.391780,True,False,0.11249923,-1,-1,0.000000,0.000000,0.000000,False,Sin objeto: medicion congelada
1777334169.442014,True,False,0.11322587,-1,-1,0.000000,0.000000,0.000000,False,Sin objeto: medicion congelada
1777334169.496089,True,False,0.11368386,-1,-1,0.000000,0.000000,0.000000,False,Sin objeto: medicion congelada
1777334169.545416,True,False,0.11378425,-1,-1,0.000000,0.000000,0.000000,False,Sin objeto: medicion congelada
1777334169.595473,True,False,0.11471177,-1,-1,0.000000,0.000000,0.000000,False,Sin objeto: medicion congelada
1777334169.632329,True,False,0.11515758,-1,-1,0.000000,0.000000,0.000000,False,Sin objeto: medicion congelada
1777334169.676275,True,False,0.11569816,-1,-1,0.000000,0.000000,0.000000,False,Sin objeto: medicion congelada
1777334169.725805,True,False,0.11664995,-1,-1,0.000000,0.000000,0.000000,False,Sin objeto: medicion congelada
1777334169.771162,True,False,0.11789660,-1,-1,0.000000,0.000000,0.000000,False,Sin objeto: medicion congelada
1777334169.823834,True,False,0.11946653,-1,-1,0.000000,0.000000,0.000000,False,Sin objeto: medicion congelada
1777334169.872335,True,False,0.11898306,-1,-1,0.000000,0.000000,0.000000,False,Sin objeto: medicion congelada
1777334169.928740,True,False,0.11920183,-1,-1,0.000000,0.000000,0.000000,False,Sin objeto: medicion congelada
1777334169.969839,True,False,0.11989270,-1,-1,0.000000,0.000000,0.000000,False,Sin objeto: medicion congelada
1777334170.003904,True,False,0.12012947,-1,-1,0.000000,0.000000,0.000000,False,Sin objeto: medicion congelada
1777334170.063252,True,False,0.12031508,-1,-1,0.000000,0.000000,0.000000,False,Sin objeto: medicion congelada
1777334170.097520,True,False,0.12062820,-1,-1,0.000000,0.000000,0.000000,False,Sin objeto: medicion congelada
1777334170.131630,True,False,0.12108631,-1,-1,0.000000,0.000000,0.000000,False,Sin objeto: medicion congelada
1777334170.172818,True,False,0.12089063,-1,-1,0.000000,0.000000,0.000000,False,Sin objeto: medicion congelada
1777334170.210512,True,False,0.12059028,-1,-1,0.000000,0.000000,0.000000,False,Sin objeto: medicion congelada
1777334170.253320,True,False,0.11981919,-1,-1,0.000000,0.000000,0.000000,False,Sin objeto: medicion congelada
1777334170.298785,True,False,0.11910553,-1,-1,0.000000,0.000000,0.000000,False,Sin objeto: medicion congelada
1777334170.364554,True,False,0.11840669,-1,-1,0.000000,0.000000,0.000000,False,Sin objeto: medicion congelada
1777334170.417054,True,False,0.11892661,-1,-1,0.000000,0.000000,0.000000,False,Sin objeto: medicion congelada
1777334170.459348,True,False,0.11912931,-1,-1,0.000000,0.000000,0.000000,False,Sin objeto: medicion congelada
1777334170.501936,True,False,0.11956397,-1,-1,0.000000,0.000000,0.000000,False,Sin objeto: medicion congelada
1777334170.552759,True,False,0.11980750,-1,-1,0.000000,0.000000,0.000000,False,Sin objeto: medicion congelada
1777334170.585759,True,False,0.11974207,-1,-1,0.000000,0.000000,0.000000,False,Sin objeto: medicion congelada
1777334170.610333,True,False,0.11947208,-1,-1,0.000000,0.000000,0.000000,False,Sin objeto: medicion congelada
1777334170.644845,True,False,0.11896321,-1,-1,0.000000,0.000000,0.000000,False,Sin objeto: medicion congelada
1777334170.679151,True,False,0.11893330,-1,-1,0.000000,0.000000,0.000000,False,Sin objeto: medicion congelada
1777334170.720118,True,False,0.11774596,-1,-1,0.000000,0.000000,0.000000,False,Sin objeto: medicion congelada
1777334170.753583,True,False,0.11693363,-1,-1,0.000000,0.000000,0.000000,False,Sin objeto: medicion congelada
1777334170.787649,True,False,0.11640991,-1,-1,0.000000,0.000000,0.000000,False,Sin objeto: medicion congelada
1777334170.824953,True,False,0.11503318,-1,-1,0.000000,0.000000,0.000000,False,Sin objeto: medicion congelada
1777334170.859073,True,False,0.11421375,-1,-1,0.000000,0.000000,0.000000,False,Sin objeto: medicion congelada
1777334170.893776,True,False,0.11436065,-1,-1,0.000000,0.000000,0.000000,False,Sin objeto: medicion congelada
1777334170.927483,True,False,0.11219678,-1,-1,0.000000,0.000000,0.000000,False,Sin objeto: medicion congelada
1777334170.978221,True,False,0.10832980,-1,-1,0.000000,0.000000,0.000000,False,Sin objeto: medicion congelada
1777334171.029040,True,False,0.10786461,-1,-1,0.000000,0.000000,0.000000,False,Sin objeto: medicion congelada
1777334171.068881,True,False,0.10748638,-1,-1,0.000000,0.000000,0.000000,False,Sin objeto: medicion congelada
1777334171.105058,True,False,0.10645757,-1,-1,0.000000,0.000000,0.000000,False,Sin objeto: medicion congelada
1777334171.136204,True,False,0.10507280,-1,-1,0.000000,0.000000,0.000000,False,Sin objeto: medicion congelada
1777334171.170077,True,False,0.10414502,-1,-1,0.000000,0.000000,0.000000,False,Sin objeto: medicion congelada
1777334171.204499,True,False,0.10336627,-1,-1,0.000000,0.000000,0.000000,False,Sin objeto: medicion congelada
1777334171.239271,True,False,0.10244850,-1,-1,0.000000,0.000000,0.000000,False,Sin objeto: medicion congelada
1777334171.289898,True,False,0.10146561,-1,-1,0.000000,0.000000,0.000000,False,Sin objeto: medicion congelada
1777334171.347553,True,False,0.10136570,-1,-1,0.000000,0.000000,0.000000,False,Sin objeto: medicion congelada
1777334171.382507,True,False,0.10138285,-1,-1,0.000000,0.000000,0.000000,False,Sin objeto: medicion congelada
1777334171.417369,True,False,0.10153087,-1,-1,0.000000,0.000000,0.000000,False,Sin objeto: medicion congelada
1777334171.451563,True,False,0.10192293,-1,-1,0.000000,0.000000,0.000000,False,Sin objeto: medicion congelada
1777334171.485922,True,False,0.10240258,-1,-1,0.000000,0.000000,0.000000,False,Sin objeto: medicion congelada
1777334171.520048,True,False,0.10303293,-1,-1,0.000000,0.000000,0.000000,False,Sin objeto: medicion congelada
1777334171.554056,True,False,0.10359551,-1,-1,0.000000,0.000000,0.000000,False,Sin objeto: medicion congelada
1777334171.589064,True,False,0.10407905,-1,-1,0.000000,0.000000,0.000000,False,Sin objeto: medicion congelada
1777334171.640767,True,False,0.10452400,-1,-1,0.000000,0.000000,0.000000,False,Sin objeto: medicion congelada
1777334171.691693,True,False,0.10475939,-1,-1,0.000000,0.000000,0.000000,False,Sin objeto: medicion congelada
1777334171.725902,True,False,0.10478992,-1,-1,0.000000,0.000000,0.000000,False,Sin objeto: medicion congelada
1777334171.760374,True,False,0.10508794,-1,-1,0.000000,0.000000,0.000000,False,Sin objeto: medicion congelada
1777334171.794630,True,False,0.10577599,-1,-1,0.000000,0.000000,0.000000,False,Sin objeto: medicion congelada
1777334171.825812,True,False,0.10649306,-1,-1,0.000000,0.000000,0.000000,False,Sin objeto: medicion congelada
1777334171.860668,True,False,0.10687633,-1,-1,0.000000,0.000000,0.000000,False,Sin objeto: medicion congelada
1777334171.911520,True,False,0.10718966,-1,-1,0.000000,0.000000,0.000000,False,Sin objeto: medicion congelada
1777334171.961212,True,False,0.10750960,-1,-1,0.000000,0.000000,0.000000,False,Sin objeto: medicion congelada
1777334171.994561,True,False,0.10779600,-1,-1,0.000000,0.000000,0.000000,False,Sin objeto: medicion congelada
1777334172.028772,True,False,0.10776267,-1,-1,0.000000,0.000000,0.000000,False,Sin objeto: medicion congelada
1777334172.062906,True,False,0.10773196,-1,-1,0.000000,0.000000,0.000000,False,Sin objeto: medicion congelada
1777334172.097389,True,False,0.10785341,-1,-1,0.000000,0.000000,0.000000,False,Sin objeto: medicion congelada
1777334172.131580,True,False,0.10808729,-1,-1,0.000000,0.000000,0.000000,False,Sin objeto: medicion congelada
1777334172.166154,True,False,0.10824232,-1,-1,0.000000,0.000000,0.000000,False,Sin objeto: medicion congelada
1777334172.203607,True,False,0.10843661,-1,-1,0.000000,0.000000,0.000000,False,Sin objeto: medicion congelada
1777334172.238864,True,False,0.10864180,-1,-1,0.000000,0.000000,0.000000,False,Sin objeto: medicion congelada
1777334172.273425,True,False,0.10885010,-1,-1,0.000000,0.000000,0.000000,False,Sin objeto: medicion congelada
1777334172.309830,True,False,0.10918573,-1,-1,0.000000,0.000000,0.000000,False,Sin objeto: medicion congelada
1777334172.345128,True,False,0.10958607,-1,-1,0.000000,0.000000,0.000000,False,Sin objeto: medicion congelada
1777334172.378960,True,False,0.11024091,-1,-1,0.000000,0.000000,0.000000,False,Sin objeto: medicion congelada
1777334172.413168,True,False,0.11111679,-1,-1,0.000000,0.000000,0.000000,False,Sin objeto: medicion congelada
1777334172.446558,True,False,0.11195004,-1,-1,0.000000,0.000000,0.000000,False,Sin objeto: medicion congelada
1777334172.480746,True,False,0.11288555,-1,-1,0.000000,0.000000,0.000000,False,Sin objeto: medicion congelada
1777334172.531981,True,False,0.11404688,-1,-1,0.000000,0.000000,0.000000,False,Sin objeto: medicion congelada
1777334172.581738,True,False,0.11645664,-1,-1,0.000000,0.000000,0.000000,False,Sin objeto: medicion congelada
1777334172.632087,True,False,0.11630910,-1,-1,0.000000,0.000000,0.000000,False,Sin objeto: medicion congelada
1777334172.683160,True,False,0.11611276,-1,-1,0.000000,0.000000,0.000000,False,Sin objeto: medicion congelada
1777334172.734065,True,False,0.11587352,-1,-1,0.000000,0.000000,0.000000,False,Sin objeto: medicion congelada
1777334172.763734,True,False,0.11590995,-1,-1,0.000000,0.000000,0.000000,False,Sin objeto: medicion congelada
1777334172.797577,True,False,0.11624887,-1,-1,0.000000,0.000000,0.000000,False,Sin objeto: medicion congelada
1777334172.832272,True,False,0.11652257,-1,-1,0.000000,0.000000,0.000000,False,Sin objeto: medicion congelada
1777334172.882026,True,False,0.11644768,-1,-1,0.000000,0.000000,0.000000,False,Sin objeto: medicion congelada
1777334172.932517,True,False,0.11671573,-1,-1,0.000000,0.000000,0.000000,False,Sin objeto: medicion congelada
1777334172.983192,True,False,0.11660220,-1,-1,0.000000,0.000000,0.000000,False,Sin objeto: medicion congelada
1777334173.033784,True,False,0.11636136,-1,-1,0.000000,0.000000,0.000000,False,Sin objeto: medicion congelada
1777334173.067669,True,False,0.11603966,-1,-1,0.000000,0.000000,0.000000,False,Sin objeto: medicion congelada
1777334173.119302,True,False,0.11569168,-1,-1,0.000000,0.000000,0.000000,False,Sin objeto: medicion congelada
1777334173.184778,True,False,0.11542085,-1,-1,0.000000,0.000000,0.000000,False,Sin objeto: medicion congelada
1777334173.219101,True,False,0.11526802,-1,-1,0.000000,0.000000,0.000000,False,Sin objeto: medicion congelada
1777334173.252687,True,False,0.11519392,-1,-1,0.000000,0.000000,0.000000,False,Sin objeto: medicion congelada
1777334173.286906,True,False,0.11518760,-1,-1,0.000000,0.000000,0.000000,False,Sin objeto: medicion congelada
1777334173.320782,True,False,0.11529934,-1,-1,0.000000,0.000000,0.000000,False,Sin objeto: medicion congelada
1777334173.354632,True,False,0.11529733,-1,-1,0.000000,0.000000,0.000000,False,Sin objeto: medicion congelada
1777334173.388884,True,False,0.11514788,-1,-1,0.000000,0.000000,0.000000,False,Sin objeto: medicion congelada
1777334173.423426,True,False,0.11486650,-1,-1,0.000000,0.000000,0.000000,False,Sin objeto: medicion congelada
1777334173.457575,True,False,0.11492603,-1,-1,0.000000,0.000000,0.000000,False,Sin objeto: medicion congelada
1777334173.491977,True,False,0.11468581,-1,-1,0.000000,0.000000,0.000000,False,Sin objeto: medicion congelada
1777334173.531990,True,False,0.11520959,-1,-1,0.000000,0.000000,0.000000,False,Sin objeto: medicion congelada
1777334173.565376,False,False,0.00000000,-1,-1,0.000000,0.000000,0.000000,False,Sin AprilTag: medicion congelada
1777334173.598084,False,False,0.00000000,-1,-1,0.000000,0.000000,0.000000,False,Sin AprilTag: medicion congelada
1777334173.668464,False,False,0.00000000,-1,-1,0.000000,0.000000,0.000000,False,Sin AprilTag: medicion congelada
1777334173.735153,False,False,0.00000000,-1,-1,0.000000,0.000000,0.000000,False,Sin AprilTag: medicion congelada
1777334173.785745,False,False,0.00000000,-1,-1,0.000000,0.000000,0.000000,False,Sin AprilTag: medicion congelada
1777334173.824195,False,False,0.00000000,-1,-1,0.000000,0.000000,0.000000,False,Sin AprilTag: medicion congelada
1777334173.858992,False,False,0.00000000,-1,-1,0.000000,0.000000,0.000000,False,Sin AprilTag: medicion congelada
1777334173.910995,False,False,0.00000000,-1,-1,0.000000,0.000000,0.000000,False,Sin AprilTag: medicion congelada
1777334173.952402,False,False,0.00000000,-1,-1,0.000000,0.000000,0.000000,False,Sin AprilTag: medicion congelada
1777334173.986144,False,False,0.00000000,-1,-1,0.000000,0.000000,0.000000,False,Sin AprilTag: medicion congelada
1777334174.021102,False,False,0.00000000,-1,-1,0.000000,0.000000,0.000000,False,Sin AprilTag: medicion congelada
1777334174.071542,False,False,0.00000000,-1,-1,0.000000,0.000000,0.000000,False,Sin AprilTag: medicion congelada
1777334174.138697,False,False,0.00000000,-1,-1,0.000000,0.000000,0.000000,False,Sin AprilTag: medicion congelada
1777334174.188124,False,False,0.00000000,-1,-1,0.000000,0.000000,0.000000,False,Sin AprilTag: medicion congelada
1777334174.222215,False,False,0.00000000,-1,-1,0.000000,0.000000,0.000000,False,Sin AprilTag: medicion congelada
1777334174.255301,False,False,0.00000000,-1,-1,0.000000,0.000000,0.000000,False,Sin AprilTag: medicion congelada
1777334174.289307,False,False,0.00000000,-1,-1,0.000000,0.000000,0.000000,False,Sin AprilTag: medicion congelada
1777334174.322943,True,False,0.13678833,-1,-1,0.000000,0.000000,0.000000,False,Sin objeto: medicion congelada
1777334174.374033,True,False,0.13547332,-1,-1,0.000000,0.000000,0.000000,False,Sin objeto: medicion congelada
1777334174.427965,True,False,0.13984900,-1,-1,0.000000,0.000000,0.000000,False,Sin objeto: medicion congelada
1777334174.462640,True,False,0.14030565,-1,-1,0.000000,0.000000,0.000000,False,Sin objeto: medicion congelada
1777334174.497531,True,False,0.14036293,-1,-1,0.000000,0.000000,0.000000,False,Sin objeto: medicion congelada
1777334174.531511,True,False,0.13970368,-1,-1,0.000000,0.000000,0.000000,False,Sin objeto: medicion congelada
1777334174.565398,True,False,0.13895447,-1,-1,0.000000,0.000000,0.000000,False,Sin objeto: medicion congelada
1777334174.599019,True,False,0.13823305,-1,-1,0.000000,0.000000,0.000000,False,Sin objeto: medicion congelada
1777334174.633360,True,False,0.13662401,-1,-1,0.000000,0.000000,0.000000,False,Sin objeto: medicion congelada
1777334174.667526,True,False,0.13357654,-1,-1,0.000000,0.000000,0.000000,False,Sin objeto: medicion congelada
1777334174.700634,True,False,0.13004742,-1,-1,0.000000,0.000000,0.000000,False,Sin objeto: medicion congelada
1777334174.733557,True,False,0.12658677,-1,-1,0.000000,0.000000,0.000000,False,Sin objeto: medicion congelada
1777334174.767943,True,False,0.12309371,-1,-1,0.000000,0.000000,0.000000,False,Sin objeto: medicion congelada
1777334174.802109,True,False,0.11981735,-1,-1,0.000000,0.000000,0.000000,False,Sin objeto: medicion congelada
1777334174.837256,True,False,0.11730213,-1,-1,0.000000,0.000000,0.000000,False,Sin objeto: medicion congelada
1777334174.879641,True,False,0.11547256,-1,-1,0.000000,0.000000,0.000000,False,Sin objeto: medicion congelada
1777334174.913704,True,False,0.11436415,-1,-1,0.000000,0.000000,0.000000,False,Sin objeto: medicion congelada
1777334174.947576,True,False,0.11390216,-1,-1,0.000000,0.000000,0.000000,False,Sin objeto: medicion congelada
1777334174.981809,True,False,0.11328645,-1,-1,0.000000,0.000000,0.000000,False,Sin objeto: medicion congelada
1777334175.016938,True,False,0.11284043,-1,-1,0.000000,0.000000,0.000000,False,Sin objeto: medicion congelada
1777334175.051177,True,False,0.11329653,-1,-1,0.000000,0.000000,0.000000,False,Sin objeto: medicion congelada
1777334175.085713,True,False,0.11447738,-1,-1,0.000000,0.000000,0.000000,False,Sin objeto: medicion congelada
1777334175.120587,True,False,0.11595426,-1,-1,0.000000,0.000000,0.000000,False,Sin objeto: medicion congelada
1777334175.154252,True,False,0.11731426,-1,-1,0.000000,0.000000,0.000000,False,Sin objeto: medicion congelada
1777334175.188714,True,False,0.11871346,-1,-1,0.000000,0.000000,0.000000,False,Sin objeto: medicion congelada
1777334175.211924,True,False,0.12081002,-1,-1,0.000000,0.000000,0.000000,False,Sin objeto: medicion congelada
1777334175.245182,True,False,0.12228775,-1,-1,0.000000,0.000000,0.000000,False,Sin objeto: medicion congelada
1777334175.279176,True,False,0.12435494,-1,-1,0.000000,0.000000,0.000000,False,Sin objeto: medicion congelada
1777334175.313598,True,False,0.12442283,-1,-1,0.000000,0.000000,0.000000,False,Sin objeto: medicion congelada
1777334175.339777,True,False,0.12413958,-1,-1,0.000000,0.000000,0.000000,False,Sin objeto: medicion congelada
1777334175.373817,True,False,0.12400353,-1,-1,0.000000,0.000000,0.000000,False,Sin objeto: medicion congelada
1777334175.409100,True,False,0.12405965,-1,-1,0.000000,0.000000,0.000000,False,Sin objeto: medicion congelada
1777334175.442530,True,False,0.12451121,-1,-1,0.000000,0.000000,0.000000,False,Sin objeto: medicion congelada
1777334175.476603,True,False,0.12451121,-1,-1,0.000000,0.000000,0.000000,False,Sin objeto: medicion congelada
1777334175.509639,True,False,0.12515605,-1,-1,0.000000,0.000000,0.000000,False,Sin objeto: medicion congelada
1777334175.544352,True,False,0.12592338,-1,-1,0.000000,0.000000,0.000000,False,Sin objeto: medicion congelada
1777334175.567285,True,False,0.12677709,-1,-1,0.000000,0.000000,0.000000,False,Sin objeto: medicion congelada
1777334175.601151,True,False,0.12772183,-1,-1,0.000000,0.000000,0.000000,False,Sin objeto: medicion congelada
1777334175.652258,True,False,0.12881751,-1,-1,0.000000,0.000000,0.000000,False,Sin objeto: medicion congelada
1777334175.702465,True,False,0.13162954,-1,-1,0.000000,0.000000,0.000000,False,Sin objeto: medicion congelada
1777334175.740819,True,False,0.13263139,-1,-1,0.000000,0.000000,0.000000,False,Sin objeto: medicion congelada
1777334175.776902,True,False,0.13339232,-1,-1,0.000000,0.000000,0.000000,False,Sin objeto: medicion congelada
1777334175.810824,True,False,0.13349317,-1,-1,0.000000,0.000000,0.000000,False,Sin objeto: medicion congelada
1777334175.845181,True,False,0.13325183,-1,-1,0.000000,0.000000,0.000000,False,Sin objeto: medicion congelada
1777334175.880159,True,False,0.13289603,-1,-1,0.000000,0.000000,0.000000,False,Sin objeto: medicion congelada
1777334175.915519,True,False,0.13202261,-1,-1,0.000000,0.000000,0.000000,False,Sin objeto: medicion congelada
1777334175.949465,True,False,0.13028121,-1,-1,0.000000,0.000000,0.000000,False,Sin objeto: medicion congelada
1777334175.982717,True,False,0.12783837,-1,-1,0.000000,0.000000,0.000000,False,Sin objeto: medicion congelada
1777334176.017215,True,False,0.12532955,-1,-1,0.000000,0.000000,0.000000,False,Sin objeto: medicion congelada
1777334176.051443,True,False,0.12294769,-1,-1,0.000000,0.000000,0.000000,False,Sin objeto: medicion congelada
1777334176.086500,True,False,0.12038175,-1,-1,0.000000,0.000000,0.000000,False,Sin objeto: medicion congelada
1777334176.120350,True,False,0.11846727,-1,-1,0.000000,0.000000,0.000000,False,Sin objeto: medicion congelada
1777334176.155585,True,False,0.11685125,-1,-1,0.000000,0.000000,0.000000,False,Sin objeto: medicion congelada
1777334176.190457,True,False,0.11540955,-1,-1,0.000000,0.000000,0.000000,False,Sin objeto: medicion congelada
1777334176.224396,True,False,0.11478975,-1,-1,0.000000,0.000000,0.000000,False,Sin objeto: medicion congelada
1777334176.259542,True,False,0.11435175,-1,-1,0.000000,0.000000,0.000000,False,Sin objeto: medicion congelada
1777334176.294335,True,False,0.11427048,-1,-1,0.000000,0.000000,0.000000,False,Sin objeto: medicion congelada
1777334176.328547,True,False,0.11447539,-1,-1,0.000000,0.000000,0.000000,False,Sin objeto: medicion congelada
1777334176.362933,True,False,0.11463834,-1,-1,0.000000,0.000000,0.000000,False,Sin objeto: medicion congelada
1777334176.397078,True,False,0.11500919,-1,-1,0.000000,0.000000,0.000000,False,Sin objeto: medicion congelada
1777334176.447332,True,False,0.11536676,-1,-1,0.000000,0.000000,0.000000,False,Sin objeto: medicion congelada
1777334176.497391,True,False,0.11522991,-1,-1,0.000000,0.000000,0.000000,False,Sin objeto: medicion congelada
1777334176.537277,True,False,0.11489812,-1,-1,0.000000,0.000000,0.000000,False,Sin objeto: medicion congelada
1777334176.571357,True,False,0.11466370,-1,-1,0.000000,0.000000,0.000000,False,Sin objeto: medicion congelada
1777334176.605997,True,False,0.11465744,-1,-1,0.000000,0.000000,0.000000,False,Sin objeto: medicion congelada
1777334176.640488,True,False,0.11479422,-1,-1,0.000000,0.000000,0.000000,False,Sin objeto: medicion congelada
1777334176.674869,True,False,0.11499812,-1,-1,0.000000,0.000000,0.000000,False,Sin objeto: medicion congelada
1777334176.708789,True,False,0.11525025,-1,-1,0.000000,0.000000,0.000000,False,Sin objeto: medicion congelada
1777334176.742687,True,False,0.11549714,-1,-1,0.000000,0.000000,0.000000,False,Sin objeto: medicion congelada
1777334176.775590,True,False,0.11580581,-1,-1,0.000000,0.000000,0.000000,False,Sin objeto: medicion congelada
1777334176.811512,True,False,0.11592125,-1,-1,0.000000,0.000000,0.000000,False,Sin objeto: medicion congelada
1777334176.839661,True,False,0.11589492,-1,-1,0.000000,0.000000,0.000000,False,Sin objeto: medicion congelada
1777334176.874485,True,False,0.11587470,-1,-1,0.000000,0.000000,0.000000,False,Sin objeto: medicion congelada
1777334176.908813,True,False,0.11577389,-1,-1,0.000000,0.000000,0.000000,False,Sin objeto: medicion congelada
1777334176.939413,True,False,0.11549166,-1,-1,0.000000,0.000000,0.000000,False,Sin objeto: medicion congelada
1777334176.975164,True,False,0.11522812,-1,-1,0.000000,0.000000,0.000000,False,Sin objeto: medicion congelada
1777334177.008720,True,False,0.11483134,-1,-1,0.000000,0.000000,0.000000,False,Sin objeto: medicion congelada
1777334177.042931,True,False,0.11452942,-1,-1,0.000000,0.000000,0.000000,False,Sin objeto: medicion congelada
1777334177.076452,True,False,0.11432153,-1,-1,0.000000,0.000000,0.000000,False,Sin objeto: medicion congelada
1777334177.110010,True,False,0.11432163,-1,-1,0.000000,0.000000,0.000000,False,Sin objeto: medicion congelada
1777334177.144602,True,False,0.11430527,-1,-1,0.000000,0.000000,0.000000,False,Sin objeto: medicion congelada
1777334177.180241,True,False,0.11426796,-1,-1,0.000000,0.000000,0.000000,False,Sin objeto: medicion congelada
1777334177.214417,True,False,0.11420650,-1,-1,0.000000,0.000000,0.000000,False,Sin objeto: medicion congelada
1777334177.249177,True,False,0.11408886,-1,-1,0.000000,0.000000,0.000000,False,Sin objeto: medicion congelada
1777334177.283095,True,False,0.11374615,-1,-1,0.000000,0.000000,0.000000,False,Sin objeto: medicion congelada
1777334177.316788,True,False,0.11349890,-1,-1,0.000000,0.000000,0.000000,False,Sin objeto: medicion congelada
1777334177.342757,True,False,0.11339315,-1,-1,0.000000,0.000000,0.000000,False,Sin objeto: medicion congelada
1777334177.376934,True,False,0.11326358,-1,-1,0.000000,0.000000,0.000000,False,Sin objeto: medicion congelada
1777334177.411444,True,False,0.11326358,-1,-1,0.000000,0.000000,0.000000,False,Sin objeto: medicion congelada
1777334177.445275,True,False,0.11326522,-1,-1,0.000000,0.000000,0.000000,False,Sin objeto: medicion congelada
1777334177.480909,True,False,0.11323715,-1,-1,0.000000,0.000000,0.000000,False,Sin objeto: medicion congelada
1777334177.514958,True,False,0.11324914,-1,-1,0.000000,0.000000,0.000000,False,Sin objeto: medicion congelada
1777334177.584734,True,False,0.11334681,-1,-1,0.000000,0.000000,0.000000,False,Sin objeto: medicion congelada
1777334177.619279,True,False,0.11335877,-1,-1,0.000000,0.000000,0.000000,False,Sin objeto: medicion congelada
1777334177.653758,True,False,0.11327349,-1,-1,0.000000,0.000000,0.000000,False,Sin objeto: medicion congelada
1777334177.687603,True,False,0.11310144,-1,-1,0.000000,0.000000,0.000000,False,Sin objeto: medicion congelada
1777334177.737242,True,False,0.11299702,-1,-1,0.000000,0.000000,0.000000,False,Sin objeto: medicion congelada
1777334177.772729,True,False,0.11299704,-1,-1,0.000000,0.000000,0.000000,False,Sin objeto: medicion congelada
1777334177.807112,True,False,0.11302957,-1,-1,0.000000,0.000000,0.000000,False,Sin objeto: medicion congelada
1777334177.841622,True,False,0.11303643,-1,-1,0.000000,0.000000,0.000000,False,Sin objeto: medicion congelada
1777334177.872596,True,False,0.11300799,-1,-1,0.000000,0.000000,0.000000,False,Sin objeto: medicion congelada
1777334177.910906,True,False,0.11301093,-1,-1,0.000000,0.000000,0.000000,False,Sin objeto: medicion congelada
1777334177.945069,True,False,0.11299580,-1,-1,0.000000,0.000000,0.000000,False,Sin objeto: medicion congelada
1777334177.979099,True,False,0.11295716,-1,-1,0.000000,0.000000,0.000000,False,Sin objeto: medicion congelada
1777334178.015252,True,False,0.11201952,-1,-1,0.000000,0.000000,0.000000,False,Sin objeto: medicion congelada
1777334178.060849,True,False,0.11115156,-1,-1,0.000000,0.000000,0.000000,False,Sin objeto: medicion congelada
1777334178.094837,True,False,0.11092423,-1,-1,0.000000,0.000000,0.000000,False,Sin objeto: medicion congelada
1777334178.129649,True,False,0.11081309,-1,-1,0.000000,0.000000,0.000000,False,Sin objeto: medicion congelada
1777334178.163000,True,False,0.11072606,-1,-1,0.000000,0.000000,0.000000,False,Sin objeto: medicion congelada
1777334178.197182,True,False,0.11077394,-1,-1,0.000000,0.000000,0.000000,False,Sin objeto: medicion congelada
1777334178.233922,True,False,0.11090997,-1,-1,0.000000,0.000000,0.000000,False,Sin objeto: medicion congelada
1777334178.268571,True,False,0.11109403,-1,-1,0.000000,0.000000,0.000000,False,Sin objeto: medicion congelada
1777334178.301398,True,False,0.11119700,-1,-1,0.000000,0.000000,0.000000,False,Sin objeto: medicion congelada
1777334178.335722,True,False,0.11126353,-1,-1,0.000000,0.000000,0.000000,False,Sin objeto: medicion congelada
1777334178.369009,True,False,0.11125309,-1,-1,0.000000,0.000000,0.000000,False,Sin objeto: medicion congelada
1777334178.402002,True,False,0.11128661,-1,-1,0.000000,0.000000,0.000000,False,Sin objeto: medicion congelada
1777334178.436007,True,False,0.11128881,-1,-1,0.000000,0.000000,0.000000,False,Sin objeto: medicion congelada
1777334178.469294,True,False,0.11121528,-1,-1,0.000000,0.000000,0.000000,False,Sin objeto: medicion congelada
1777334178.503540,True,False,0.11115576,-1,-1,0.000000,0.000000,0.000000,False,Sin objeto: medicion congelada
1777334178.537905,True,False,0.11126674,-1,-1,0.000000,0.000000,0.000000,False,Sin objeto: medicion congelada
1777334178.572211,True,False,0.11159686,-1,-1,0.000000,0.000000,0.000000,False,Sin objeto: medicion congelada
1777334178.605832,True,False,0.11205809,-1,-1,0.000000,0.000000,0.000000,False,Sin objeto: medicion congelada
1777334178.640400,True,False,0.11246302,-1,-1,0.000000,0.000000,0.000000,False,Sin objeto: medicion congelada
1777334178.677295,True,False,0.11286897,-1,-1,0.000000,0.000000,0.000000,False,Sin objeto: medicion congelada
1777334178.712303,True,False,0.11310067,-1,-1,0.000000,0.000000,0.000000,False,Sin objeto: medicion congelada
1777334178.749572,True,False,0.11319475,-1,-1,0.000000,0.000000,0.000000,False,Sin objeto: medicion congelada
1777334178.784268,True,False,0.11322909,-1,-1,0.000000,0.000000,0.000000,False,Sin objeto: medicion congelada
1777334178.809927,True,False,0.11332217,-1,-1,0.000000,0.000000,0.000000,False,Sin objeto: medicion congelada
1777334178.841582,True,False,0.11365659,-1,-1,0.000000,0.000000,0.000000,False,Sin objeto: medicion congelada
1777334178.874801,True,False,0.11416269,-1,-1,0.000000,0.000000,0.000000,False,Sin objeto: medicion congelada
1777334178.901655,True,False,0.11469451,-1,-1,0.000000,0.000000,0.000000,False,Sin objeto: medicion congelada
1777334178.929285,True,False,0.11518995,-1,-1,0.000000,0.000000,0.000000,False,Sin objeto: medicion congelada
1777334178.957455,True,False,0.11555145,-1,-1,0.000000,0.000000,0.000000,False,Sin objeto: medicion congelada
1777334178.991874,True,False,0.11578797,-1,-1,0.000000,0.000000,0.000000,False,Sin objeto: medicion congelada
1777334179.017274,True,False,0.11593107,-1,-1,0.000000,0.000000,0.000000,False,Sin objeto: medicion congelada
1777334179.052186,True,False,0.11614593,-1,-1,0.000000,0.000000,0.000000,False,Sin objeto: medicion congelada
1777334179.087712,True,False,0.11643845,-1,-1,0.000000,0.000000,0.000000,False,Sin objeto: medicion congelada
1777334179.122183,True,False,0.11680033,-1,-1,0.000000,0.000000,0.000000,False,Sin objeto: medicion congelada
1777334179.155140,True,False,0.11677944,-1,-1,0.000000,0.000000,0.000000,False,Sin objeto: medicion congelada
1777334179.191122,True,False,0.11613554,-1,-1,0.000000,0.000000,0.000000,False,Sin objeto: medicion congelada
1777334179.224219,True,False,0.11480846,-1,-1,0.000000,0.000000,0.000000,False,Sin objeto: medicion congelada
1777334179.280831,True,False,0.11039023,-1,-1,0.000000,0.000000,0.000000,False,Sin objeto: medicion congelada
1777334179.326339,True,False,0.11039023,-1,-1,0.000000,0.000000,0.000000,False,Sin objeto: medicion congelada
1777334179.390660,True,False,0.10827276,-1,-1,0.000000,0.000000,0.000000,False,Sin objeto: medicion congelada
1777334179.433673,True,False,0.10645712,-1,-1,0.000000,0.000000,0.000000,False,Sin objeto: medicion congelada
1777334179.465937,True,False,0.10526054,-1,-1,0.000000,0.000000,0.000000,False,Sin objeto: medicion congelada
1777334179.499370,True,False,0.10465327,-1,-1,0.000000,0.000000,0.000000,False,Sin objeto: medicion congelada
1777334179.533825,True,False,0.10447370,-1,-1,0.000000,0.000000,0.000000,False,Sin objeto: medicion congelada
1777334179.567411,True,False,0.10844376,-1,-1,0.000000,0.000000,0.000000,False,Sin objeto: medicion congelada
1777334179.603703,True,False,0.11069297,-1,-1,0.000000,0.000000,0.000000,False,Sin objeto: medicion congelada
1777334179.662329,True,False,0.11502557,-1,-1,0.000000,0.000000,0.000000,False,Sin objeto: medicion congelada
1777334179.696719,True,False,0.11655918,-1,-1,0.000000,0.000000,0.000000,False,Sin objeto: medicion congelada
1777334179.729380,True,False,0.11738977,-1,-1,0.000000,0.000000,0.000000,False,Sin objeto: medicion congelada
1777334179.763777,True,False,0.11733937,-1,-1,0.000000,0.000000,0.000000,False,Sin objeto: medicion congelada
1777334179.799368,True,False,0.11623125,-1,-1,0.000000,0.000000,0.000000,False,Sin objeto: medicion congelada
1777334179.841660,True,False,0.11387502,-1,-1,0.000000,0.000000,0.000000,False,Sin objeto: medicion congelada
1777334179.876077,True,False,0.11063888,-1,-1,0.000000,0.000000,0.000000,False,Sin objeto: medicion congelada
1777334179.910643,True,False,0.10702685,-1,-1,0.000000,0.000000,0.000000,False,Sin objeto: medicion congelada
1777334179.937530,True,False,0.10355414,-1,-1,0.000000,0.000000,0.000000,False,Sin objeto: medicion congelada
1777334179.967715,True,False,0.10355414,-1,-1,0.000000,0.000000,0.000000,False,Sin objeto: medicion congelada
1777334180.001516,True,False,0.10075483,-1,-1,0.000000,0.000000,0.000000,False,Sin objeto: medicion congelada
1777334180.029654,True,False,0.09973043,-1,-1,0.000000,0.000000,0.000000,False,Sin objeto: medicion congelada
1777334180.064173,True,False,0.10248580,-1,-1,0.000000,0.000000,0.000000,False,Sin objeto: medicion congelada
1777334180.095211,True,False,0.10476200,-1,-1,0.000000,0.000000,0.000000,False,Sin objeto: medicion congelada
1777334180.133499,True,False,0.10717747,-1,-1,0.000000,0.000000,0.000000,False,Sin objeto: medicion congelada
1777334180.183972,True,False,0.10952663,-1,-1,0.000000,0.000000,0.000000,False,Sin objeto: medicion congelada
1777334180.232592,True,False,0.11155970,-1,-1,0.000000,0.000000,0.000000,False,Sin objeto: medicion congelada
1777334180.275324,True,False,0.11267579,-1,-1,0.000000,0.000000,0.000000,False,Sin objeto: medicion congelada
1777334180.325986,True,False,0.11288753,-1,-1,0.000000,0.000000,0.000000,False,Sin objeto: medicion congelada
1777334180.359493,True,False,0.11235547,-1,-1,0.000000,0.000000,0.000000,False,Sin objeto: medicion congelada
1777334180.394512,True,False,0.11138535,-1,-1,0.000000,0.000000,0.000000,False,Sin objeto: medicion congelada
1777334180.429581,True,False,0.11042032,-1,-1,0.000000,0.000000,0.000000,False,Sin objeto: medicion congelada
1777334180.464013,True,False,0.10963903,-1,-1,0.000000,0.000000,0.000000,False,Sin objeto: medicion congelada
1777334180.499690,True,False,0.10937162,-1,-1,0.000000,0.000000,0.000000,False,Sin objeto: medicion congelada
1777334180.523078,True,False,0.10971435,-1,-1,0.000000,0.000000,0.000000,False,Sin objeto: medicion congelada
1777334180.551773,True,False,0.11067182,-1,-1,0.000000,0.000000,0.000000,False,Sin objeto: medicion congelada
1777334180.586467,True,False,0.11178462,-1,-1,0.000000,0.000000,0.000000,False,Sin objeto: medicion congelada
1777334180.619718,True,False,0.11274946,-1,-1,0.000000,0.000000,0.000000,False,Sin objeto: medicion congelada
1777334180.654131,True,False,0.11352277,-1,-1,0.000000,0.000000,0.000000,False,Sin objeto: medicion congelada
1777334180.688641,True,False,0.11410356,-1,-1,0.000000,0.000000,0.000000,False,Sin objeto: medicion congelada
1777334180.722001,True,False,0.11423667,-1,-1,0.000000,0.000000,0.000000,False,Sin objeto: medicion congelada
1777334180.751658,True,False,0.11424875,-1,-1,0.000000,0.000000,0.000000,False,Sin objeto: medicion congelada
1777334180.780257,True,False,0.11412823,-1,-1,0.000000,0.000000,0.000000,False,Sin objeto: medicion congelada
1777334180.814869,True,False,0.11422570,-1,-1,0.000000,0.000000,0.000000,False,Sin objeto: medicion congelada
1777334180.840247,True,False,0.11475672,-1,-1,0.000000,0.000000,0.000000,False,Sin objeto: medicion congelada
1777334180.874863,True,False,0.11573190,-1,-1,0.000000,0.000000,0.000000,False,Sin objeto: medicion congelada
1777334180.909264,True,False,0.11691176,-1,-1,0.000000,0.000000,0.000000,False,Sin objeto: medicion congelada
1777334180.934167,True,False,0.11791559,-1,-1,0.000000,0.000000,0.000000,False,Sin objeto: medicion congelada
1777334180.968038,True,False,0.11838184,-1,-1,0.000000,0.000000,0.000000,False,Sin objeto: medicion congelada
1777334181.001741,True,False,0.11807485,-1,-1,0.000000,0.000000,0.000000,False,Sin objeto: medicion congelada
1777334181.035831,True,False,0.11707068,-1,-1,0.000000,0.000000,0.000000,False,Sin objeto: medicion congelada
1777334181.063214,True,False,0.11586788,-1,-1,0.000000,0.000000,0.000000,False,Sin objeto: medicion congelada
1777334181.103364,True,False,0.11513794,-1,-1,0.000000,0.000000,0.000000,False,Sin objeto: medicion congelada
1777334181.136462,True,False,0.11515826,-1,-1,0.000000,0.000000,0.000000,False,Sin objeto: medicion congelada
1777334181.186399,True,False,0.11588189,-1,-1,0.000000,0.000000,0.000000,False,Sin objeto: medicion congelada
1777334181.217052,True,False,0.11712911,-1,-1,0.000000,0.000000,0.000000,False,Sin objeto: medicion congelada
1777334181.252572,True,False,0.11853995,-1,-1,0.000000,0.000000,0.000000,False,Sin objeto: medicion congelada
1777334181.296888,True,False,0.11966220,-1,-1,0.000000,0.000000,0.000000,False,Sin objeto: medicion congelada
1777334181.376554,True,False,0.11830495,-1,-1,0.000000,0.000000,0.000000,False,Sin objeto: medicion congelada
1777334181.426171,True,False,0.11681517,-1,-1,0.000000,0.000000,0.000000,False,Sin objeto: medicion congelada
1777334181.480597,True,False,0.11566819,-1,-1,0.000000,0.000000,0.000000,False,Sin objeto: medicion congelada
1777334181.530668,True,False,0.11531712,-1,-1,0.000000,0.000000,0.000000,False,Sin objeto: medicion congelada
1777334181.584026,True,False,0.11621064,-1,-1,0.000000,0.000000,0.000000,False,Sin objeto: medicion congelada
1777334181.618585,True,False,0.11661978,-1,-1,0.000000,0.000000,0.000000,False,Sin objeto: medicion congelada
1777334181.662315,True,False,0.11704068,-1,-1,0.000000,0.000000,0.000000,False,Sin objeto: medicion congelada
1777334181.696889,True,False,0.11606131,-1,-1,0.000000,0.000000,0.000000,False,Sin objeto: medicion congelada
1777334181.730404,True,False,0.11486580,-1,-1,0.000000,0.000000,0.000000,False,Sin objeto: medicion congelada
1777334181.758222,True,False,0.11354122,-1,-1,0.000000,0.000000,0.000000,False,Sin objeto: medicion congelada
1777334181.804566,True,False,0.11243424,-1,-1,0.000000,0.000000,0.000000,False,Sin objeto: medicion congelada
1777334181.838562,True,False,0.11186974,-1,-1,0.000000,0.000000,0.000000,False,Sin objeto: medicion congelada
1777334181.865273,True,False,0.11186974,-1,-1,0.000000,0.000000,0.000000,False,Sin objeto: medicion congelada
1777334181.899574,True,False,0.11164612,-1,-1,0.000000,0.000000,0.000000,False,Sin objeto: medicion congelada
1777334181.926087,True,False,0.11204765,-1,-1,0.000000,0.000000,0.000000,False,Sin objeto: medicion congelada
1777334181.967969,True,False,0.11227664,-1,-1,0.000000,0.000000,0.000000,False,Sin objeto: medicion congelada
1777334182.013880,True,False,0.11225255,-1,-1,0.000000,0.000000,0.000000,False,Sin objeto: medicion congelada
1777334182.061893,True,False,0.11233148,-1,-1,0.000000,0.000000,0.000000,False,Sin objeto: medicion congelada
1777334182.096939,True,False,0.11256245,-1,-1,0.000000,0.000000,0.000000,False,Sin objeto: medicion congelada
1777334182.124245,True,False,0.11287439,-1,-1,0.000000,0.000000,0.000000,False,Sin objeto: medicion congelada
1777334182.149616,True,False,0.11348780,-1,-1,0.000000,0.000000,0.000000,False,Sin objeto: medicion congelada
1777334182.189761,True,False,0.11380349,-1,-1,0.000000,0.000000,0.000000,False,Sin objeto: medicion congelada
1777334182.249650,True,False,0.11321723,-1,-1,0.000000,0.000000,0.000000,False,Sin objeto: medicion congelada
1777334182.299865,True,False,0.11237882,-1,-1,0.000000,0.000000,0.000000,False,Sin objeto: medicion congelada
1777334182.353842,True,False,0.11124501,-1,-1,0.000000,0.000000,0.000000,False,Sin objeto: medicion congelada
1777334182.404896,True,False,0.11197660,-1,-1,0.000000,0.000000,0.000000,False,Sin objeto: medicion congelada
1777334182.440831,True,False,0.11290520,-1,-1,0.000000,0.000000,0.000000,False,Sin objeto: medicion congelada
1777334182.478085,True,False,0.11355156,-1,-1,0.000000,0.000000,0.000000,False,Sin objeto: medicion congelada
1777334182.507405,True,False,0.11370976,-1,-1,0.000000,0.000000,0.000000,False,Sin objeto: medicion congelada
1777334182.556703,True,False,0.11327878,-1,-1,0.000000,0.000000,0.000000,False,Sin objeto: medicion congelada
1777334182.592631,True,False,0.11253067,-1,-1,0.000000,0.000000,0.000000,False,Sin objeto: medicion congelada
1777334182.620538,True,False,0.11163586,-1,-1,0.000000,0.000000,0.000000,False,Sin objeto: medicion congelada
1777334182.655093,True,False,0.11102489,-1,-1,0.000000,0.000000,0.000000,False,Sin objeto: medicion congelada
1777334182.690511,True,False,0.11084142,-1,-1,0.000000,0.000000,0.000000,False,Sin objeto: medicion congelada
1777334182.722955,True,False,0.11105612,-1,-1,0.000000,0.000000,0.000000,False,Sin objeto: medicion congelada
1777334182.751287,True,False,0.11186847,-1,-1,0.000000,0.000000,0.000000,False,Sin objeto: medicion congelada
1777334182.779577,True,False,0.11296197,-1,-1,0.000000,0.000000,0.000000,False,Sin objeto: medicion congelada
1777334182.807009,True,False,0.11439597,-1,-1,0.000000,0.000000,0.000000,False,Sin objeto: medicion congelada
1777334182.841018,True,False,0.11609694,-1,-1,0.000000,0.000000,0.000000,False,Sin objeto: medicion congelada
1777334182.866176,True,False,0.11791016,-1,-1,0.000000,0.000000,0.000000,False,Sin objeto: medicion congelada
1777334182.893795,True,False,0.11991435,-1,-1,0.000000,0.000000,0.000000,False,Sin objeto: medicion congelada
1777334182.931834,True,False,0.12170661,-1,-1,0.000000,0.000000,0.000000,False,Sin objeto: medicion congelada
1777334182.982928,True,False,0.12302491,-1,-1,0.000000,0.000000,0.000000,False,Sin objeto: medicion congelada
1777334183.022044,True,False,0.12426190,-1,-1,0.000000,0.000000,0.000000,False,Sin objeto: medicion congelada
1777334183.052090,True,False,0.12526530,-1,-1,0.000000,0.000000,0.000000,False,Sin objeto: medicion congelada
1777334183.086880,True,False,0.12589094,-1,-1,0.000000,0.000000,0.000000,False,Sin objeto: medicion congelada
1777334183.121786,True,False,0.12622706,-1,-1,0.000000,0.000000,0.000000,False,Sin objeto: medicion congelada
1777334183.157376,True,False,0.12628376,-1,-1,0.000000,0.000000,0.000000,False,Sin objeto: medicion congelada
1777334183.207351,True,False,0.12654544,-1,-1,0.000000,0.000000,0.000000,False,Sin objeto: medicion congelada
1777334183.275208,True,False,0.12675791,-1,-1,0.000000,0.000000,0.000000,False,Sin objeto: medicion congelada
1777334183.325217,True,False,0.12655777,-1,-1,0.000000,0.000000,0.000000,False,Sin objeto: medicion congelada
1777334183.382376,True,False,0.12582732,-1,-1,0.000000,0.000000,0.000000,False,Sin objeto: medicion congelada
1777334183.413139,True,False,0.12430148,-1,-1,0.000000,0.000000,0.000000,False,Sin objeto: medicion congelada
1777334183.449353,True,False,0.12232249,-1,-1,0.000000,0.000000,0.000000,False,Sin objeto: medicion congelada
1777334183.498206,True,False,0.12032057,-1,-1,0.000000,0.000000,0.000000,False,Sin objeto: medicion congelada
1777334183.534538,True,False,0.11891821,-1,-1,0.000000,0.000000,0.000000,False,Sin objeto: medicion congelada
1777334183.565096,True,False,0.11773220,-1,-1,0.000000,0.000000,0.000000,False,Sin objeto: medicion congelada
1777334183.600499,True,False,0.11712127,-1,-1,0.000000,0.000000,0.000000,False,Sin objeto: medicion congelada
1777334183.635031,True,False,0.11673763,-1,-1,0.000000,0.000000,0.000000,False,Sin objeto: medicion congelada
1777334183.666853,True,False,0.11640444,-1,-1,0.000000,0.000000,0.000000,False,Sin objeto: medicion congelada
1777334183.704660,True,False,0.11682076,-1,-1,0.000000,0.000000,0.000000,False,Sin objeto: medicion congelada
1777334183.731471,True,False,0.11698927,-1,-1,0.000000,0.000000,0.000000,False,Sin objeto: medicion congelada
1777334183.781831,True,False,0.11711205,-1,-1,0.000000,0.000000,0.000000,False,Sin objeto: medicion congelada
1777334183.835256,True,False,0.11707312,-1,-1,0.000000,0.000000,0.000000,False,Sin objeto: medicion congelada
1777334183.885571,True,False,0.11571492,-1,-1,0.000000,0.000000,0.000000,False,Sin objeto: medicion congelada
1777334183.951439,True,False,0.11480786,-1,-1,0.000000,0.000000,0.000000,False,Sin objeto: medicion congelada
1777334183.997222,True,False,0.11365431,-1,-1,0.000000,0.000000,0.000000,False,Sin objeto: medicion congelada
1777334184.034297,True,False,0.11234279,-1,-1,0.000000,0.000000,0.000000,False,Sin objeto: medicion congelada
1777334184.077943,True,False,0.11108204,-1,-1,0.000000,0.000000,0.000000,False,Sin objeto: medicion congelada
1777334184.118073,True,False,0.10886172,-1,-1,0.000000,0.000000,0.000000,False,Sin objeto: medicion congelada
1777334184.159151,True,False,0.10806782,-1,-1,0.000000,0.000000,0.000000,False,Sin objeto: medicion congelada
1777334184.194744,True,False,0.10756407,-1,-1,0.000000,0.000000,0.000000,False,Sin objeto: medicion congelada
1777334184.229757,True,False,0.10749085,-1,-1,0.000000,0.000000,0.000000,False,Sin objeto: medicion congelada
1777334184.283074,True,False,0.10744415,-1,-1,0.000000,0.000000,0.000000,False,Sin objeto: medicion congelada
1777334184.321469,True,False,0.10733809,-1,-1,0.000000,0.000000,0.000000,False,Sin objeto: medicion congelada
1777334184.350072,True,False,0.10726922,-1,-1,0.000000,0.000000,0.000000,False,Sin objeto: medicion congelada
1777334184.395384,True,False,0.10711720,-1,-1,0.000000,0.000000,0.000000,False,Sin objeto: medicion congelada
1777334184.433743,True,False,0.10600889,-1,-1,0.000000,0.000000,0.000000,False,Sin objeto: medicion congelada
1777334184.474428,True,False,0.10498973,-1,-1,0.000000,0.000000,0.000000,False,Sin objeto: medicion congelada
1777334184.526280,True,False,0.10436873,-1,-1,0.000000,0.000000,0.000000,False,Sin objeto: medicion congelada
1777334184.596538,True,False,0.10389847,-1,-1,0.000000,0.000000,0.000000,False,Sin objeto: medicion congelada
1777334184.631011,True,False,0.10361171,-1,-1,0.000000,0.000000,0.000000,False,Sin objeto: medicion congelada
1777334184.653940,True,False,0.10359705,-1,-1,0.000000,0.000000,0.000000,False,Sin objeto: medicion congelada
1777334184.690058,True,False,0.10374194,-1,-1,0.000000,0.000000,0.000000,False,Sin objeto: medicion congelada
1777334184.719267,True,False,0.10401131,-1,-1,0.000000,0.000000,0.000000,False,Sin objeto: medicion congelada
1777334184.757602,True,False,0.10422550,-1,-1,0.000000,0.000000,0.000000,False,Sin objeto: medicion congelada
1777334184.807816,True,False,0.10442892,-1,-1,0.000000,0.000000,0.000000,False,Sin objeto: medicion congelada
1777334184.854740,True,False,0.10424096,-1,-1,0.000000,0.000000,0.000000,False,Sin objeto: medicion congelada
1777334184.878438,True,False,0.10413770,-1,-1,0.000000,0.000000,0.000000,False,Sin objeto: medicion congelada
1777334184.910728,True,False,0.10406920,-1,-1,0.000000,0.000000,0.000000,False,Sin objeto: medicion congelada
1777334184.943642,True,False,0.10403806,-1,-1,0.000000,0.000000,0.000000,False,Sin objeto: medicion congelada
1777334184.976441,True,False,0.10413857,-1,-1,0.000000,0.000000,0.000000,False,Sin objeto: medicion congelada
1777334185.025943,True,False,0.10417885,-1,-1,0.000000,0.000000,0.000000,False,Sin objeto: medicion congelada
1777334185.066915,True,False,0.10428151,-1,-1,0.000000,0.000000,0.000000,False,Sin objeto: medicion congelada
1777334185.102806,True,False,0.10432097,-1,-1,0.000000,0.000000,0.000000,False,Sin objeto: medicion congelada
1777334185.137625,True,False,0.10436193,-1,-1,0.000000,0.000000,0.000000,False,Sin objeto: medicion congelada
1777334185.172845,True,False,0.10438677,-1,-1,0.000000,0.000000,0.000000,False,Sin objeto: medicion congelada
1777334185.201507,True,False,0.10446261,-1,-1,0.000000,0.000000,0.000000,False,Sin objeto: medicion congelada
1777334185.236185,True,False,0.10457456,-1,-1,0.000000,0.000000,0.000000,False,Sin objeto: medicion congelada
1777334185.279294,True,False,0.10465658,-1,-1,0.000000,0.000000,0.000000,False,Sin objeto: medicion congelada
1777334185.329829,True,False,0.10476176,-1,-1,0.000000,0.000000,0.000000,False,Sin objeto: medicion congelada
1777334185.365751,True,False,0.10487359,-1,-1,0.000000,0.000000,0.000000,False,Sin objeto: medicion congelada
1777334185.397211,True,False,0.10499792,-1,-1,0.000000,0.000000,0.000000,False,Sin objeto: medicion congelada
1777334185.440153,True,False,0.10512543,-1,-1,0.000000,0.000000,0.000000,False,Sin objeto: medicion congelada
1777334185.491689,True,False,0.10529210,-1,-1,0.000000,0.000000,0.000000,False,Sin objeto: medicion congelada
1777334185.541149,True,False,0.10560271,-1,-1,0.000000,0.000000,0.000000,False,Sin objeto: medicion congelada
1777334185.575588,True,False,0.10570013,-1,-1,0.000000,0.000000,0.000000,False,Sin objeto: medicion congelada
1777334185.610558,True,False,0.10575601,-1,-1,0.000000,0.000000,0.000000,False,Sin objeto: medicion congelada
1777334185.682846,True,False,0.10589788,-1,-1,0.000000,0.000000,0.000000,False,Sin objeto: medicion congelada
1777334185.716918,True,False,0.10589788,-1,-1,0.000000,0.000000,0.000000,False,Sin objeto: medicion congelada
1777334185.752173,True,False,0.10597604,-1,-1,0.000000,0.000000,0.000000,False,Sin objeto: medicion congelada
1777334185.786900,True,False,0.10604841,-1,-1,0.000000,0.000000,0.000000,False,Sin objeto: medicion congelada
1777334185.837942,True,False,0.10618802,-1,-1,0.000000,0.000000,0.000000,False,Sin objeto: medicion congelada
1777334185.893939,True,False,0.10635152,-1,-1,0.000000,0.000000,0.000000,False,Sin objeto: medicion congelada
1777334185.940439,True,False,0.10707938,-1,-1,0.000000,0.000000,0.000000,False,Sin objeto: medicion congelada
1777334185.974426,True,False,0.10736760,-1,-1,0.000000,0.000000,0.000000,False,Sin objeto: medicion congelada
1777334186.010745,True,False,0.10764719,-1,-1,0.000000,0.000000,0.000000,False,Sin objeto: medicion congelada
1777334186.066565,True,False,0.10791823,-1,-1,0.000000,0.000000,0.000000,False,Sin objeto: medicion congelada
1777334186.122766,True,False,0.10801650,-1,-1,0.000000,0.000000,0.000000,False,Sin objeto: medicion congelada
1777334186.169383,True,False,0.10806774,-1,-1,0.000000,0.000000,0.000000,False,Sin objeto: medicion congelada
1777334186.221682,True,False,0.10808285,-1,-1,0.000000,0.000000,0.000000,False,Sin objeto: medicion congelada
1777334186.269351,True,False,0.10807452,-1,-1,0.000000,0.000000,0.000000,False,Sin objeto: medicion congelada
1777334186.316763,True,False,0.10812565,-1,-1,0.000000,0.000000,0.000000,False,Sin objeto: medicion congelada
1777334186.366838,True,False,0.10848349,-1,-1,0.000000,0.000000,0.000000,False,Sin objeto: medicion congelada
1777334186.416883,True,False,0.10860789,-1,-1,0.000000,0.000000,0.000000,False,Sin objeto: medicion congelada
1777334186.451891,True,False,0.10868151,-1,-1,0.000000,0.000000,0.000000,False,Sin objeto: medicion congelada
1777334186.495052,True,False,0.10853982,-1,-1,0.000000,0.000000,0.000000,False,Sin objeto: medicion congelada
1777334186.544127,True,False,0.10864304,-1,-1,0.000000,0.000000,0.000000,False,Sin objeto: medicion congelada
1777334186.579020,True,False,0.10918889,-1,-1,0.000000,0.000000,0.000000,False,Sin objeto: medicion congelada
1777334186.630217,True,False,0.11020080,-1,-1,0.000000,0.000000,0.000000,False,Sin objeto: medicion congelada
1777334186.681567,True,False,0.11171308,-1,-1,0.000000,0.000000,0.000000,False,Sin objeto: medicion congelada
1777334186.749464,True,False,0.11819729,-1,-1,0.000000,0.000000,0.000000,False,Sin objeto: medicion congelada
1777334186.794550,True,False,0.11773158,-1,-1,0.000000,0.000000,0.000000,False,Sin objeto: medicion congelada
1777334186.844352,True,False,0.11700315,-1,-1,0.000000,0.000000,0.000000,False,Sin objeto: medicion congelada
1777334186.876630,True,False,0.11633962,-1,-1,0.000000,0.000000,0.000000,False,Sin objeto: medicion congelada
1777334186.908928,True,False,0.11579905,-1,-1,0.000000,0.000000,0.000000,False,Sin objeto: medicion congelada
1777334186.957739,True,False,0.11563701,-1,-1,0.000000,0.000000,0.000000,False,Sin objeto: medicion congelada
1777334187.009668,True,False,0.11582321,-1,-1,0.000000,0.000000,0.000000,False,Sin objeto: medicion congelada
1777334187.055935,True,False,0.11865349,-1,-1,0.000000,0.000000,0.000000,False,Sin objeto: medicion congelada
1777334187.085284,True,False,0.11906934,-1,-1,0.000000,0.000000,0.000000,False,Sin objeto: medicion congelada
1777334187.117400,True,False,0.11953397,-1,-1,0.000000,0.000000,0.000000,False,Sin objeto: medicion congelada
1777334187.151580,True,False,0.11965148,-1,-1,0.000000,0.000000,0.000000,False,Sin objeto: medicion congelada
1777334187.184538,True,False,0.11950094,-1,-1,0.000000,0.000000,0.000000,False,Sin objeto: medicion congelada
1777334187.214940,True,False,0.11962237,-1,-1,0.000000,0.000000,0.000000,False,Sin objeto: medicion congelada
1777334187.249560,True,False,0.12016135,-1,-1,0.000000,0.000000,0.000000,False,Sin objeto: medicion congelada
1777334187.283353,True,False,0.12083507,-1,-1,0.000000,0.000000,0.000000,False,Sin objeto: medicion congelada
1777334187.323064,True,False,0.12165824,-1,-1,0.000000,0.000000,0.000000,False,Sin objeto: medicion congelada
1777334187.368188,True,False,0.12226095,-1,-1,0.000000,0.000000,0.000000,False,Sin objeto: medicion congelada
1777334187.417623,True,False,0.12276081,-1,-1,0.000000,0.000000,0.000000,False,Sin objeto: medicion congelada
1777334187.466823,True,False,0.12350377,-1,-1,0.000000,0.000000,0.000000,False,Sin objeto: medicion congelada
1777334187.503311,True,False,0.12402639,-1,-1,0.000000,0.000000,0.000000,False,Sin objeto: medicion congelada
1777334187.543883,True,False,0.12419186,-1,-1,0.000000,0.000000,0.000000,False,Sin objeto: medicion congelada
1777334187.577973,True,False,0.12422961,-1,-1,0.000000,0.000000,0.000000,False,Sin objeto: medicion congelada
1777334187.628081,True,False,0.12380929,-1,-1,0.000000,0.000000,0.000000,False,Sin objeto: medicion congelada
1777334187.672953,True,False,0.12333613,-1,-1,0.000000,0.000000,0.000000,False,Sin objeto: medicion congelada
1777334187.704868,True,False,0.12355238,-1,-1,0.000000,0.000000,0.000000,False,Sin objeto: medicion congelada
1777334187.739974,True,False,0.12371369,-1,-1,0.000000,0.000000,0.000000,False,Sin objeto: medicion congelada
1777334187.777507,True,False,0.12126624,-1,-1,0.000000,0.000000,0.000000,False,Sin objeto: medicion congelada
1777334187.809558,True,False,0.12033160,-1,-1,0.000000,0.000000,0.000000,False,Sin objeto: medicion congelada
1777334187.840208,True,False,0.11916590,-1,-1,0.000000,0.000000,0.000000,False,Sin objeto: medicion congelada
1777334187.875213,True,False,0.11799476,-1,-1,0.000000,0.000000,0.000000,False,Sin objeto: medicion congelada
1777334187.905083,True,False,0.11677553,-1,-1,0.000000,0.000000,0.000000,False,Sin objeto: medicion congelada
1777334187.956051,True,False,0.11532178,-1,-1,0.000000,0.000000,0.000000,False,Sin objeto: medicion congelada
1777334187.988985,True,False,0.11397045,-1,-1,0.000000,0.000000,0.000000,False,Sin objeto: medicion congelada
1777334188.026608,True,False,0.11289419,-1,-1,0.000000,0.000000,0.000000,False,Sin objeto: medicion congelada
1777334188.064683,True,False,0.11003705,-1,-1,0.000000,0.000000,0.000000,False,Sin objeto: medicion congelada
1777334188.098214,True,False,0.10921162,-1,-1,0.000000,0.000000,0.000000,False,Sin objeto: medicion congelada
1777334188.147441,True,False,0.10867590,-1,-1,0.000000,0.000000,0.000000,False,Sin objeto: medicion congelada
1777334188.201421,True,False,0.10885638,-1,-1,0.000000,0.000000,0.000000,False,Sin objeto: medicion congelada
1777334188.250826,True,False,0.10982819,-1,-1,0.000000,0.000000,0.000000,False,Sin objeto: medicion congelada
1777334188.301789,True,False,0.11113814,-1,-1,0.000000,0.000000,0.000000,False,Sin objeto: medicion congelada
1777334188.346487,True,False,0.11484511,-1,-1,0.000000,0.000000,0.000000,False,Sin objeto: medicion congelada
1777334188.396031,True,False,0.11657461,-1,-1,0.000000,0.000000,0.000000,False,Sin objeto: medicion congelada
1777334188.446973,True,False,0.11931400,-1,-1,0.000000,0.000000,0.000000,False,Sin objeto: medicion congelada
1777334188.497761,True,False,0.12567950,-1,-1,0.000000,0.000000,0.000000,False,Sin objeto: medicion congelada
1777334188.551460,True,False,0.12826612,-1,-1,0.000000,0.000000,0.000000,False,Sin objeto: medicion congelada
1777334188.584802,True,False,0.13121166,-1,-1,0.000000,0.000000,0.000000,False,Sin objeto: medicion congelada
1777334188.623792,True,False,0.13411769,-1,-1,0.000000,0.000000,0.000000,False,Sin objeto: medicion congelada
1777334188.652863,True,False,0.13667336,-1,-1,0.000000,0.000000,0.000000,False,Sin objeto: medicion congelada
1777334188.688416,True,False,0.13927519,-1,-1,0.000000,0.000000,0.000000,False,Sin objeto: medicion congelada
1777334188.731805,True,False,0.14144878,-1,-1,0.000000,0.000000,0.000000,False,Sin objeto: medicion congelada
1777334188.777742,True,False,0.14280511,-1,-1,0.000000,0.000000,0.000000,False,Sin objeto: medicion congelada
1777334188.829288,True,False,0.14408062,-1,-1,0.000000,0.000000,0.000000,False,Sin objeto: medicion congelada
1777334188.896492,True,False,0.14452888,-1,-1,0.000000,0.000000,0.000000,False,Sin objeto: medicion congelada
1777334188.962661,True,False,0.14455531,-1,-1,0.000000,0.000000,0.000000,False,Sin objeto: medicion congelada
1777334189.005842,True,False,0.14455531,-1,-1,0.000000,0.000000,0.000000,False,Sin objeto: medicion congelada
1777334189.045218,True,False,0.14454902,-1,-1,0.000000,0.000000,0.000000,False,Sin objeto: medicion congelada
1777334189.096634,True,False,0.14463947,-1,-1,0.000000,0.000000,0.000000,False,Sin objeto: medicion congelada
1777334189.147464,True,False,0.14463947,-1,-1,0.000000,0.000000,0.000000,False,Sin objeto: medicion congelada
1777334189.190425,True,False,0.14503715,-1,-1,0.000000,0.000000,0.000000,False,Sin objeto: medicion congelada
1777334189.231560,True,False,0.14530744,-1,-1,0.000000,0.000000,0.000000,False,Sin objeto: medicion congelada
1777334189.282740,True,False,0.14530744,-1,-1,0.000000,0.000000,0.000000,False,Sin objeto: medicion congelada
1777334189.339321,True,False,0.14552887,-1,-1,0.000000,0.000000,0.000000,False,Sin objeto: medicion congelada
1777334189.389626,True,False,0.14560543,-1,-1,0.000000,0.000000,0.000000,False,Sin objeto: medicion congelada
1777334189.429053,True,False,0.14560543,-1,-1,0.000000,0.000000,0.000000,False,Sin objeto: medicion congelada
1777334189.469652,True,False,0.14606182,-1,-1,0.000000,0.000000,0.000000,False,Sin objeto: medicion congelada
1777334189.501659,True,False,0.14606182,-1,-1,0.000000,0.000000,0.000000,False,Sin objeto: medicion congelada
1777334189.534851,True,False,0.14737337,-1,-1,0.000000,0.000000,0.000000,False,Sin objeto: medicion congelada
1777334189.604032,True,False,0.14690069,-1,-1,0.000000,0.000000,0.000000,False,Sin objeto: medicion congelada
1777334189.671472,True,False,0.14690069,-1,-1,0.000000,0.000000,0.000000,False,Sin objeto: medicion congelada
1777334189.725356,True,False,0.14431058,-1,-1,0.000000,0.000000,0.000000,False,Sin objeto: medicion congelada
1777334189.765297,True,False,0.13955078,-1,-1,0.000000,0.000000,0.000000,False,Sin objeto: medicion congelada
1777334189.816079,True,False,0.13955078,-1,-1,0.000000,0.000000,0.000000,False,Sin objeto: medicion congelada
1777334189.868983,True,False,0.13143334,-1,-1,0.000000,0.000000,0.000000,False,Sin objeto: medicion congelada
1777334189.907590,True,False,0.12958520,-1,-1,0.000000,0.000000,0.000000,False,Sin objeto: medicion congelada
1777334189.959532,True,False,0.12958520,-1,-1,0.000000,0.000000,0.000000,False,Sin objeto: medicion congelada
1777334190.025493,True,False,0.12867184,-1,-1,0.000000,0.000000,0.000000,False,Sin objeto: medicion congelada
1777334190.074656,True,False,0.12718907,-1,-1,0.000000,0.000000,0.000000,False,Sin objeto: medicion congelada
1777334190.112735,True,False,0.12718907,-1,-1,0.000000,0.000000,0.000000,False,Sin objeto: medicion congelada
1777334190.152953,True,False,0.12516388,-1,-1,0.000000,0.000000,0.000000,False,Sin objeto: medicion congelada
1777334190.207574,True,False,0.12278992,-1,-1,0.000000,0.000000,0.000000,False,Sin objeto: medicion congelada
1777334190.274386,True,False,0.12193882,-1,-1,0.000000,0.000000,0.000000,False,Sin objeto: medicion congelada
1777334190.336065,True,False,0.12109083,-1,-1,0.000000,0.000000,0.000000,False,Sin objeto: medicion congelada
1777334190.403451,True,False,0.12109083,-1,-1,0.000000,0.000000,0.000000,False,Sin objeto: medicion congelada
1777334190.437630,True,False,0.12035477,-1,-1,0.000000,0.000000,0.000000,False,Sin objeto: medicion congelada
1777334190.476509,True,False,0.11936401,-1,-1,0.000000,0.000000,0.000000,False,Sin objeto: medicion congelada
1777334190.530527,True,False,0.11753776,-1,-1,0.000000,0.000000,0.000000,False,Sin objeto: medicion congelada
1777334190.573696,True,False,0.11653484,-1,-1,0.000000,0.000000,0.000000,False,Sin objeto: medicion congelada
1777334190.608297,True,False,0.11606028,-1,-1,0.000000,0.000000,0.000000,False,Sin objeto: medicion congelada
1777334190.683185,True,False,0.11548269,-1,-1,0.000000,0.000000,0.000000,False,Sin objeto: medicion congelada
1777334190.718042,True,False,0.11537713,-1,-1,0.000000,0.000000,0.000000,False,Sin objeto: medicion congelada
1777334190.754938,True,False,0.11518309,-1,-1,0.000000,0.000000,0.000000,False,Sin objeto: medicion congelada
1777334190.783311,True,False,0.11470128,-1,-1,0.000000,0.000000,0.000000,False,Sin objeto: medicion congelada
1777334190.813148,True,False,0.11397783,-1,-1,0.000000,0.000000,0.000000,False,Sin objeto: medicion congelada
1777334190.844001,True,False,0.11329022,-1,-1,0.000000,0.000000,0.000000,False,Sin objeto: medicion congelada
1777334190.882300,True,False,0.11260260,-1,-1,0.000000,0.000000,0.000000,False,Sin objeto: medicion congelada
1777334190.940403,True,False,0.11171210,-1,-1,0.000000,0.000000,0.000000,False,Sin objeto: medicion congelada
1777334191.004739,True,False,0.11103563,-1,-1,0.000000,0.000000,0.000000,False,Sin objeto: medicion congelada
1777334191.039054,True,False,0.11051732,-1,-1,0.000000,0.000000,0.000000,False,Sin objeto: medicion congelada
1777334191.088911,True,False,0.10955699,-1,-1,0.000000,0.000000,0.000000,False,Sin objeto: medicion congelada
1777334191.143009,True,False,0.10952280,-1,-1,0.000000,0.000000,0.000000,False,Sin objeto: medicion congelada
1777334191.183428,True,False,0.10984414,-1,-1,0.000000,0.000000,0.000000,False,Sin objeto: medicion congelada
1777334191.213005,True,False,0.11069605,-1,-1,0.000000,0.000000,0.000000,False,Sin objeto: medicion congelada
1777334191.244616,True,False,0.11187929,-1,-1,0.000000,0.000000,0.000000,False,Sin objeto: medicion congelada
1777334191.278274,True,False,0.11336087,-1,-1,0.000000,0.000000,0.000000,False,Sin objeto: medicion congelada
1777334191.313926,True,False,0.11510938,-1,-1,0.000000,0.000000,0.000000,False,Sin objeto: medicion congelada
1777334191.348397,True,False,0.11706056,-1,-1,0.000000,0.000000,0.000000,False,Sin objeto: medicion congelada
1777334191.391554,True,False,0.11916358,-1,-1,0.000000,0.000000,0.000000,False,Sin objeto: medicion congelada
1777334191.426035,True,False,0.12200515,-1,-1,0.000000,0.000000,0.000000,False,Sin objeto: medicion congelada
1777334191.457016,True,False,0.12565284,-1,-1,0.000000,0.000000,0.000000,False,Sin objeto: medicion congelada
1777334191.498750,True,False,0.12985725,-1,-1,0.000000,0.000000,0.000000,False,Sin objeto: medicion congelada
1777334191.541854,True,False,0.13455251,-1,-1,0.000000,0.000000,0.000000,False,Sin objeto: medicion congelada
1777334191.600689,True,False,0.13933854,-1,-1,0.000000,0.000000,0.000000,False,Sin objeto: medicion congelada
1777334191.634131,True,False,0.14341932,-1,-1,0.000000,0.000000,0.000000,False,Sin objeto: medicion congelada
1777334191.675675,True,False,0.14732498,-1,-1,0.000000,0.000000,0.000000,False,Sin objeto: medicion congelada
1777334191.710313,True,False,0.15975361,-1,-1,0.000000,0.000000,0.000000,False,Sin objeto: medicion congelada
1777334191.744787,True,False,0.16282995,-1,-1,0.000000,0.000000,0.000000,False,Sin objeto: medicion congelada
1777334191.777768,True,False,0.16560862,-1,-1,0.000000,0.000000,0.000000,False,Sin objeto: medicion congelada
1777334191.810480,True,False,0.16829725,-1,-1,0.000000,0.000000,0.000000,False,Sin objeto: medicion congelada
1777334191.862287,True,False,0.17128726,-1,-1,0.000000,0.000000,0.000000,False,Sin objeto: medicion congelada
1777334191.928914,True,False,0.17445890,-1,-1,0.000000,0.000000,0.000000,False,Sin objeto: medicion congelada
1777334191.963604,True,False,0.17751742,-1,-1,0.000000,0.000000,0.000000,False,Sin objeto: medicion congelada
1777334192.001688,True,False,0.18067385,-1,-1,0.000000,0.000000,0.000000,False,Sin objeto: medicion congelada
1777334192.053120,True,False,0.18401293,-1,-1,0.000000,0.000000,0.000000,False,Sin objeto: medicion congelada
1777334192.114382,True,False,0.18710090,-1,-1,0.000000,0.000000,0.000000,False,Sin objeto: medicion congelada
1777334192.161457,True,False,0.20399490,-1,-1,0.000000,0.000000,0.000000,False,Sin objeto: medicion congelada
1777334192.197785,True,False,0.20737560,-1,-1,0.000000,0.000000,0.000000,False,Sin objeto: medicion congelada
1777334192.239688,True,False,0.21088663,-1,-1,0.000000,0.000000,0.000000,False,Sin objeto: medicion congelada
1777334192.290779,True,False,0.21357501,-1,-1,0.000000,0.000000,0.000000,False,Sin objeto: medicion congelada
1777334192.350872,True,False,0.21357501,-1,-1,0.000000,0.000000,0.000000,False,Sin objeto: medicion congelada
1777334192.384644,True,False,0.21724633,-1,-1,0.000000,0.000000,0.000000,False,Sin objeto: medicion congelada
1777334192.433641,True,False,0.22043668,-1,-1,0.000000,0.000000,0.000000,False,Sin objeto: medicion congelada
1777334192.484330,True,False,0.22425129,-1,-1,0.000000,0.000000,0.000000,False,Sin objeto: medicion congelada
1777334192.563895,False,False,0.00000000,-1,-1,0.000000,0.000000,0.000000,False,Sin AprilTag: medicion congelada
1777334192.632706,False,False,0.00000000,-1,-1,0.000000,0.000000,0.000000,False,Sin AprilTag: medicion congelada
1777334192.669723,False,False,0.00000000,-1,-1,0.000000,0.000000,0.000000,False,Sin AprilTag: medicion congelada
1777334192.704709,False,False,0.00000000,-1,-1,0.000000,0.000000,0.000000,False,Sin AprilTag: medicion congelada
1777334192.738409,False,False,0.00000000,-1,-1,0.000000,0.000000,0.000000,False,Sin AprilTag: medicion congelada
1777334192.777106,False,False,0.00000000,-1,-1,0.000000,0.000000,0.000000,False,Sin AprilTag: medicion congelada
1777334192.827633,False,False,0.00000000,-1,-1,0.000000,0.000000,0.000000,False,Sin AprilTag: medicion congelada
1777334192.860472,False,False,0.00000000,-1,-1,0.000000,0.000000,0.000000,False,Sin AprilTag: medicion congelada
1777334192.927634,False,False,0.00000000,-1,-1,0.000000,0.000000,0.000000,False,Sin AprilTag: medicion congelada
1777334192.976619,False,False,0.00000000,-1,-1,0.000000,0.000000,0.000000,False,Sin AprilTag: medicion congelada
1777334193.032912,False,False,0.00000000,-1,-1,0.000000,0.000000,0.000000,False,Sin AprilTag: medicion congelada
1777334193.083037,False,False,0.00000000,-1,-1,0.000000,0.000000,0.000000,False,Sin AprilTag: medicion congelada
1777334193.154640,False,False,0.00000000,-1,-1,0.000000,0.000000,0.000000,False,Sin AprilTag: medicion congelada
1777334193.239909,False,False,0.00000000,-1,-1,0.000000,0.000000,0.000000,False,Sin AprilTag: medicion congelada
1777334193.290263,False,False,0.00000000,-1,-1,0.000000,0.000000,0.000000,False,Sin AprilTag: medicion congelada
1777334193.324207,False,False,0.00000000,-1,-1,0.000000,0.000000,0.000000,False,Sin AprilTag: medicion congelada
1777334193.357720,False,False,0.00000000,-1,-1,0.000000,0.000000,0.000000,False,Sin AprilTag: medicion congelada
1777334193.393087,False,False,0.00000000,-1,-1,0.000000,0.000000,0.000000,False,Sin AprilTag: medicion congelada
1777334193.426620,False,False,0.00000000,-1,-1,0.000000,0.000000,0.000000,False,Sin AprilTag: medicion congelada
1777334193.460095,False,False,0.00000000,-1,-1,0.000000,0.000000,0.000000,False,Sin AprilTag: medicion congelada
1777334193.494280,False,False,0.00000000,-1,-1,0.000000,0.000000,0.000000,False,Sin AprilTag: medicion congelada
1777334193.527416,False,False,0.00000000,-1,-1,0.000000,0.000000,0.000000,False,Sin AprilTag: medicion congelada
1777334193.562267,False,False,0.00000000,-1,-1,0.000000,0.000000,0.000000,False,Sin AprilTag: medicion congelada
1777334193.596189,False,False,0.00000000,-1,-1,0.000000,0.000000,0.000000,False,Sin AprilTag: medicion congelada
1777334193.630027,False,False,0.00000000,-1,-1,0.000000,0.000000,0.000000,False,Sin AprilTag: medicion congelada
1777334193.664672,False,False,0.00000000,-1,-1,0.000000,0.000000,0.000000,False,Sin AprilTag: medicion congelada
1777334193.699441,False,False,0.00000000,-1,-1,0.000000,0.000000,0.000000,False,Sin AprilTag: medicion congelada
1777334193.742825,False,False,0.00000000,-1,-1,0.000000,0.000000,0.000000,False,Sin AprilTag: medicion congelada
1777334193.807865,False,False,0.00000000,-1,-1,0.000000,0.000000,0.000000,False,Sin AprilTag: medicion congelada
1777334193.842310,False,False,0.00000000,-1,-1,0.000000,0.000000,0.000000,False,Sin AprilTag: medicion congelada
1777334193.877676,False,False,0.00000000,-1,-1,0.000000,0.000000,0.000000,False,Sin AprilTag: medicion congelada
1777334193.927235,False,False,0.00000000,-1,-1,0.000000,0.000000,0.000000,False,Sin AprilTag: medicion congelada
1777334193.976417,False,False,0.00000000,-1,-1,0.000000,0.000000,0.000000,False,Sin AprilTag: medicion congelada
1777334194.027917,False,False,0.00000000,-1,-1,0.000000,0.000000,0.000000,False,Sin AprilTag: medicion congelada
1777334194.111725,False,False,0.00000000,-1,-1,0.000000,0.000000,0.000000,False,Sin AprilTag: medicion congelada
1777334194.185918,False,False,0.00000000,-1,-1,0.000000,0.000000,0.000000,False,Sin AprilTag: medicion congelada
1777334194.230747,False,False,0.00000000,-1,-1,0.000000,0.000000,0.000000,False,Sin AprilTag: medicion congelada
1777334194.286377,False,False,0.00000000,-1,-1,0.000000,0.000000,0.000000,False,Sin AprilTag: medicion congelada
1777334194.351228,False,False,0.00000000,-1,-1,0.000000,0.000000,0.000000,False,Sin AprilTag: medicion congelada
1777334194.393566,False,False,0.00000000,-1,-1,0.000000,0.000000,0.000000,False,Sin AprilTag: medicion congelada
1777334194.444156,False,False,0.00000000,-1,-1,0.000000,0.000000,0.000000,False,Sin AprilTag: medicion congelada
1777334194.478011,False,False,0.00000000,-1,-1,0.000000,0.000000,0.000000,False,Sin AprilTag: medicion congelada
1777334194.516972,False,False,0.00000000,-1,-1,0.000000,0.000000,0.000000,False,Sin AprilTag: medicion congelada
1777334194.567844,False,False,0.00000000,-1,-1,0.000000,0.000000,0.000000,False,Sin AprilTag: medicion congelada
1777334194.607762,False,False,0.00000000,-1,-1,0.000000,0.000000,0.000000,False,Sin AprilTag: medicion congelada
1777334194.640826,False,False,0.00000000,-1,-1,0.000000,0.000000,0.000000,False,Sin AprilTag: medicion congelada
1777334194.675455,False,False,0.00000000,-1,-1,0.000000,0.000000,0.000000,False,Sin AprilTag: medicion congelada
1777334194.709181,False,False,0.00000000,-1,-1,0.000000,0.000000,0.000000,False,Sin AprilTag: medicion congelada
1777334194.745475,False,False,0.00000000,-1,-1,0.000000,0.000000,0.000000,False,Sin AprilTag: medicion congelada
1777334194.779314,False,False,0.00000000,-1,-1,0.000000,0.000000,0.000000,False,Sin AprilTag: medicion congelada
1777334194.812751,False,False,0.00000000,-1,-1,0.000000,0.000000,0.000000,False,Sin AprilTag: medicion congelada
1777334194.847687,False,False,0.00000000,-1,-1,0.000000,0.000000,0.000000,False,Sin AprilTag: medicion congelada
1777334194.882109,False,False,0.00000000,-1,-1,0.000000,0.000000,0.000000,False,Sin AprilTag: medicion congelada
1777334194.916508,False,False,0.00000000,-1,-1,0.000000,0.000000,0.000000,False,Sin AprilTag: medicion congelada
1777334194.950929,False,False,0.00000000,-1,-1,0.000000,0.000000,0.000000,False,Sin AprilTag: medicion congelada
1777334194.985393,False,False,0.00000000,-1,-1,0.000000,0.000000,0.000000,False,Sin AprilTag: medicion congelada
1777334195.020144,False,False,0.00000000,-1,-1,0.000000,0.000000,0.000000,False,Sin AprilTag: medicion congelada
1777334195.054638,False,False,0.00000000,-1,-1,0.000000,0.000000,0.000000,False,Sin AprilTag: medicion congelada
1777334195.090470,False,False,0.00000000,-1,-1,0.000000,0.000000,0.000000,False,Sin AprilTag: medicion congelada
1777334195.125528,False,False,0.00000000,-1,-1,0.000000,0.000000,0.000000,False,Sin AprilTag: medicion congelada
1777334195.159703,False,True,0.00000000,237,365,0.000000,0.000000,0.000000,False,Sin AprilTag: medicion congelada
1777334195.210179,False,True,0.00000000,226,398,0.000000,0.000000,0.000000,False,Sin AprilTag: medicion congelada
1777334195.245233,False,False,0.00000000,-1,-1,0.000000,0.000000,0.000000,False,Sin AprilTag: medicion congelada
1777334195.280381,False,False,0.00000000,-1,-1,0.000000,0.000000,0.000000,False,Sin AprilTag: medicion congelada
1777334195.329366,False,False,0.00000000,-1,-1,0.000000,0.000000,0.000000,False,Sin AprilTag: medicion congelada
1777334195.363878,False,False,0.00000000,-1,-1,0.000000,0.000000,0.000000,False,Sin AprilTag: medicion congelada
1777334195.402071,False,False,0.00000000,-1,-1,0.000000,0.000000,0.000000,False,Sin AprilTag: medicion congelada
1777334195.435629,False,False,0.00000000,-1,-1,0.000000,0.000000,0.000000,False,Sin AprilTag: medicion congelada
1777334195.469939,False,False,0.00000000,-1,-1,0.000000,0.000000,0.000000,False,Sin AprilTag: medicion congelada
1777334195.503570,False,False,0.00000000,-1,-1,0.000000,0.000000,0.000000,False,Sin AprilTag: medicion congelada
1777334195.537753,False,False,0.00000000,-1,-1,0.000000,0.000000,0.000000,False,Sin AprilTag: medicion congelada
1777334195.592354,False,False,0.00000000,-1,-1,0.000000,0.000000,0.000000,False,Sin AprilTag: medicion congelada
1777334195.626693,False,False,0.00000000,-1,-1,0.000000,0.000000,0.000000,False,Sin AprilTag: medicion congelada
1777334195.679271,False,False,0.00000000,-1,-1,0.000000,0.000000,0.000000,False,Sin AprilTag: medicion congelada
1777334195.742480,False,False,0.00000000,-1,-1,0.000000,0.000000,0.000000,False,Sin AprilTag: medicion congelada
1777334195.776032,False,False,0.00000000,-1,-1,0.000000,0.000000,0.000000,False,Sin AprilTag: medicion congelada
1777334195.806198,False,False,0.00000000,-1,-1,0.000000,0.000000,0.000000,False,Sin AprilTag: medicion congelada
1777334195.840971,False,False,0.00000000,-1,-1,0.000000,0.000000,0.000000,False,Sin AprilTag: medicion congelada
1777334195.875348,False,False,0.00000000,-1,-1,0.000000,0.000000,0.000000,False,Sin AprilTag: medicion congelada
1777334195.907933,False,False,0.00000000,-1,-1,0.000000,0.000000,0.000000,False,Sin AprilTag: medicion congelada
1777334195.943938,False,False,0.00000000,-1,-1,0.000000,0.000000,0.000000,False,Sin AprilTag: medicion congelada
1777334195.984194,False,False,0.00000000,-1,-1,0.000000,0.000000,0.000000,False,Sin AprilTag: medicion congelada
1777334196.016899,False,False,0.00000000,-1,-1,0.000000,0.000000,0.000000,False,Sin AprilTag: medicion congelada
1777334196.046964,False,False,0.00000000,-1,-1,0.000000,0.000000,0.000000,False,Sin AprilTag: medicion congelada
1777334196.080939,False,False,0.00000000,-1,-1,0.000000,0.000000,0.000000,False,Sin AprilTag: medicion congelada
1777334196.110111,False,False,0.00000000,-1,-1,0.000000,0.000000,0.000000,False,Sin AprilTag: medicion congelada
1777334196.133548,False,False,0.00000000,-1,-1,0.000000,0.000000,0.000000,False,Sin AprilTag: medicion congelada
1777334196.175671,False,False,0.00000000,-1,-1,0.000000,0.000000,0.000000,False,Sin AprilTag: medicion congelada
1777334196.244940,False,False,0.00000000,-1,-1,0.000000,0.000000,0.000000,False,Sin AprilTag: medicion congelada
1777334196.294373,False,False,0.00000000,-1,-1,0.000000,0.000000,0.000000,False,Sin AprilTag: medicion congelada
1777334196.329615,False,False,0.00000000,-1,-1,0.000000,0.000000,0.000000,False,Sin AprilTag: medicion congelada
1777334196.363822,False,False,0.00000000,-1,-1,0.000000,0.000000,0.000000,False,Sin AprilTag: medicion congelada
1777334196.398355,False,False,0.00000000,-1,-1,0.000000,0.000000,0.000000,False,Sin AprilTag: medicion congelada
1777334196.462237,False,False,0.00000000,-1,-1,0.000000,0.000000,0.000000,False,Sin AprilTag: medicion congelada
1777334196.526907,False,False,0.00000000,-1,-1,0.000000,0.000000,0.000000,False,Sin AprilTag: medicion congelada
1777334196.612440,False,False,0.00000000,-1,-1,0.000000,0.000000,0.000000,False,Sin AprilTag: medicion congelada
1777334196.662822,False,False,0.00000000,-1,-1,0.000000,0.000000,0.000000,False,Sin AprilTag: medicion congelada
1777334196.703118,False,False,0.00000000,-1,-1,0.000000,0.000000,0.000000,False,Sin AprilTag: medicion congelada
1777334196.737716,False,False,0.00000000,-1,-1,0.000000,0.000000,0.000000,False,Sin AprilTag: medicion congelada
1777334196.766193,False,False,0.00000000,-1,-1,0.000000,0.000000,0.000000,False,Sin AprilTag: medicion congelada
1777334196.802804,False,False,0.00000000,-1,-1,0.000000,0.000000,0.000000,False,Sin AprilTag: medicion congelada
1777334196.839893,False,False,0.00000000,-1,-1,0.000000,0.000000,0.000000,False,Sin AprilTag: medicion congelada
1777334196.871874,False,False,0.00000000,-1,-1,0.000000,0.000000,0.000000,False,Sin AprilTag: medicion congelada
1777334196.916906,False,False,0.00000000,-1,-1,0.000000,0.000000,0.000000,False,Sin AprilTag: medicion congelada
1777334196.966529,False,False,0.00000000,-1,-1,0.000000,0.000000,0.000000,False,Sin AprilTag: medicion congelada
1777334197.000814,False,False,0.00000000,-1,-1,0.000000,0.000000,0.000000,False,Sin AprilTag: medicion congelada
1777334197.056835,False,False,0.00000000,-1,-1,0.000000,0.000000,0.000000,False,Sin AprilTag: medicion congelada
1777334197.106921,False,False,0.00000000,-1,-1,0.000000,0.000000,0.000000,False,Sin AprilTag: medicion congelada
1777334197.156875,True,False,0.10248974,-1,-1,0.000000,0.000000,0.000000,False,Sin objeto: medicion congelada
1777334197.189903,True,False,0.10248974,-1,-1,0.000000,0.000000,0.000000,False,Sin objeto: medicion congelada
1777334197.230051,True,False,0.10090314,-1,-1,0.000000,0.000000,0.000000,False,Sin objeto: medicion congelada
1777334197.266768,False,False,0.00000000,-1,-1,0.000000,0.000000,0.000000,False,Sin AprilTag: medicion congelada
1777334197.301406,False,False,0.00000000,-1,-1,0.000000,0.000000,0.000000,False,Sin AprilTag: medicion congelada
1777334197.351147,True,False,0.10181378,-1,-1,0.000000,0.000000,0.000000,False,Sin objeto: medicion congelada
1777334197.385337,True,False,0.10307967,-1,-1,0.000000,0.000000,0.000000,False,Sin objeto: medicion congelada
1777334197.422118,True,False,0.10393966,-1,-1,0.000000,0.000000,0.000000,False,Sin objeto: medicion congelada
1777334197.481778,True,False,0.10487623,-1,-1,0.000000,0.000000,0.000000,False,Sin objeto: medicion congelada
1777334197.548194,True,False,0.10588563,-1,-1,0.000000,0.000000,0.000000,False,Sin objeto: medicion congelada
1777334197.588373,True,False,0.10587905,-1,-1,0.000000,0.000000,0.000000,False,Sin objeto: medicion congelada
1777334197.622694,True,False,0.10616951,-1,-1,0.000000,0.000000,0.000000,False,Sin objeto: medicion congelada
1777334197.687912,True,False,0.10665274,-1,-1,0.000000,0.000000,0.000000,False,Sin objeto: medicion congelada
1777334197.741704,True,False,0.10712172,-1,-1,0.000000,0.000000,0.000000,False,Sin objeto: medicion congelada
1777334197.782965,True,False,0.10791200,-1,-1,0.000000,0.000000,0.000000,False,Sin objeto: medicion congelada
1777334197.838700,True,False,0.10808433,-1,-1,0.000000,0.000000,0.000000,False,Sin objeto: medicion congelada
1777334197.873962,True,False,0.10837431,-1,-1,0.000000,0.000000,0.000000,False,Sin objeto: medicion congelada
1777334197.920815,True,False,0.10878920,-1,-1,0.000000,0.000000,0.000000,False,Sin objeto: medicion congelada
1777334197.973279,True,False,0.10929078,-1,-1,0.000000,0.000000,0.000000,False,Sin objeto: medicion congelada
1777334198.039644,True,False,0.10983820,-1,-1,0.000000,0.000000,0.000000,False,Sin objeto: medicion congelada
1777334198.106558,True,False,0.11286469,-1,-1,0.000000,0.000000,0.000000,False,Sin objeto: medicion congelada
1777334198.160329,True,False,0.11382327,-1,-1,0.000000,0.000000,0.000000,False,Sin objeto: medicion congelada
1777334198.210826,True,False,0.11475699,-1,-1,0.000000,0.000000,0.000000,False,Sin objeto: medicion congelada
1777334198.277051,True,False,0.11922858,-1,-1,0.000000,0.000000,0.000000,False,Sin objeto: medicion congelada
1777334198.362671,True,False,0.12023647,-1,-1,0.000000,0.000000,0.000000,False,Sin objeto: medicion congelada
1777334198.406304,True,False,0.12089584,-1,-1,0.000000,0.000000,0.000000,False,Sin objeto: medicion congelada
1777334198.456484,True,False,0.12143518,-1,-1,0.000000,0.000000,0.000000,False,Sin objeto: medicion congelada
1777334198.495664,True,False,0.12182224,-1,-1,0.000000,0.000000,0.000000,False,Sin objeto: medicion congelada
1777334198.548106,True,False,0.12189724,-1,-1,0.000000,0.000000,0.000000,False,Sin objeto: medicion congelada
1777334198.605728,True,False,0.12134661,-1,-1,0.000000,0.000000,0.000000,False,Sin objeto: medicion congelada
1777334198.667506,True,False,0.12133831,-1,-1,0.000000,0.000000,0.000000,False,Sin objeto: medicion congelada
1777334198.722920,True,False,0.12133831,-1,-1,0.000000,0.000000,0.000000,False,Sin objeto: medicion congelada
1777334198.777871,True,False,0.12210373,-1,-1,0.000000,0.000000,0.000000,False,Sin objeto: medicion congelada
1777334198.822001,True,False,0.12226925,-1,-1,0.000000,0.000000,0.000000,False,Sin objeto: medicion congelada
1777334198.865147,True,False,0.12234407,-1,-1,0.000000,0.000000,0.000000,False,Sin objeto: medicion congelada
1777334198.915342,True,False,0.12229966,-1,-1,0.000000,0.000000,0.000000,False,Sin objeto: medicion congelada
1777334198.987820,True,False,0.12222484,-1,-1,0.000000,0.000000,0.000000,False,Sin objeto: medicion congelada
1777334199.038220,True,False,0.12223392,-1,-1,0.000000,0.000000,0.000000,False,Sin objeto: medicion congelada
1777334199.103466,True,False,0.12264080,-1,-1,0.000000,0.000000,0.000000,False,Sin objeto: medicion congelada
1777334199.176747,True,False,0.12276971,-1,-1,0.000000,0.000000,0.000000,False,Sin objeto: medicion congelada
1777334199.217493,True,False,0.12289251,-1,-1,0.000000,0.000000,0.000000,False,Sin objeto: medicion congelada
1777334199.271255,True,False,0.12286663,-1,-1,0.000000,0.000000,0.000000,False,Sin objeto: medicion congelada
1777334199.320048,True,False,0.12279555,-1,-1,0.000000,0.000000,0.000000,False,Sin objeto: medicion congelada
1777334199.360352,True,False,0.12310043,-1,-1,0.000000,0.000000,0.000000,False,Sin objeto: medicion congelada
1777334199.409552,True,False,0.12320788,-1,-1,0.000000,0.000000,0.000000,False,Sin objeto: medicion congelada
1777334199.444404,True,False,0.12327667,-1,-1,0.000000,0.000000,0.000000,False,Sin objeto: medicion congelada
1777334199.489082,True,False,0.12337302,-1,-1,0.000000,0.000000,0.000000,False,Sin objeto: medicion congelada
1777334199.538627,True,False,0.12346273,-1,-1,0.000000,0.000000,0.000000,False,Sin objeto: medicion congelada
1777334199.589080,True,False,0.12350237,-1,-1,0.000000,0.000000,0.000000,False,Sin objeto: medicion congelada
1777334199.618628,True,False,0.12351743,-1,-1,0.000000,0.000000,0.000000,False,Sin objeto: medicion congelada
1777334199.646997,True,False,0.12358916,-1,-1,0.000000,0.000000,0.000000,False,Sin objeto: medicion congelada
1777334199.677108,True,False,0.12359800,-1,-1,0.000000,0.000000,0.000000,False,Sin objeto: medicion congelada
1777334199.717408,True,False,0.12361518,-1,-1,0.000000,0.000000,0.000000,False,Sin objeto: medicion congelada
1777334199.753604,True,False,0.12352407,-1,-1,0.000000,0.000000,0.000000,False,Sin objeto: medicion congelada
1777334199.798893,True,False,0.12345557,-1,-1,0.000000,0.000000,0.000000,False,Sin objeto: medicion congelada
1777334199.833303,True,False,0.12339166,-1,-1,0.000000,0.000000,0.000000,False,Sin objeto: medicion congelada
1777334199.863125,True,False,0.12329845,-1,-1,0.000000,0.000000,0.000000,False,Sin objeto: medicion congelada
1777334199.914158,True,False,0.12325126,-1,-1,0.000000,0.000000,0.000000,False,Sin objeto: medicion congelada
1777334199.948559,True,False,0.12317033,-1,-1,0.000000,0.000000,0.000000,False,Sin objeto: medicion congelada
1777334199.983963,True,False,0.12299661,-1,-1,0.000000,0.000000,0.000000,False,Sin objeto: medicion congelada
1777334200.018800,True,False,0.12307622,-1,-1,0.000000,0.000000,0.000000,False,Sin objeto: medicion congelada
1777334200.049648,True,False,0.12290373,-1,-1,0.000000,0.000000,0.000000,False,Sin objeto: medicion congelada
1777334200.080066,True,False,0.12267612,-1,-1,0.000000,0.000000,0.000000,False,Sin objeto: medicion congelada
1777334200.112958,True,False,0.12229853,-1,-1,0.000000,0.000000,0.000000,False,Sin objeto: medicion congelada
1777334200.159351,True,False,0.12158530,-1,-1,0.000000,0.000000,0.000000,False,Sin objeto: medicion congelada
1777334200.200882,True,False,0.12054674,-1,-1,0.000000,0.000000,0.000000,False,Sin objeto: medicion congelada
1777334200.249265,True,False,0.11936119,-1,-1,0.000000,0.000000,0.000000,False,Sin objeto: medicion congelada
1777334200.301079,True,False,0.11783449,-1,-1,0.000000,0.000000,0.000000,False,Sin objeto: medicion congelada
1777334200.352166,True,False,0.11648373,-1,-1,0.000000,0.000000,0.000000,False,Sin objeto: medicion congelada
1777334200.393115,True,False,0.11582846,-1,-1,0.000000,0.000000,0.000000,False,Sin objeto: medicion congelada
1777334200.421577,True,False,0.11583110,-1,-1,0.000000,0.000000,0.000000,False,Sin objeto: medicion congelada
1777334200.460722,True,False,0.11601243,-1,-1,0.000000,0.000000,0.000000,False,Sin objeto: medicion congelada
1777334200.495337,True,False,0.11627775,-1,-1,0.000000,0.000000,0.000000,False,Sin objeto: medicion congelada
1777334200.539160,True,False,0.11726639,-1,-1,0.000000,0.000000,0.000000,False,Sin objeto: medicion congelada
1777334200.588868,True,False,0.11855175,-1,-1,0.000000,0.000000,0.000000,False,Sin objeto: medicion congelada
1777334200.622222,True,False,0.11868876,-1,-1,0.000000,0.000000,0.000000,False,Sin objeto: medicion congelada
1777334200.657343,True,False,0.11879366,-1,-1,0.000000,0.000000,0.000000,False,Sin objeto: medicion congelada
1777334200.691621,True,False,0.11869687,-1,-1,0.000000,0.000000,0.000000,False,Sin objeto: medicion congelada
1777334200.759938,True,False,0.11859944,-1,-1,0.000000,0.000000,0.000000,False,Sin objeto: medicion congelada
1777334200.808665,True,False,0.11863495,-1,-1,0.000000,0.000000,0.000000,False,Sin objeto: medicion congelada
1777334200.858631,True,False,0.11836488,-1,-1,0.000000,0.000000,0.000000,False,Sin objeto: medicion congelada
1777334200.893209,True,False,0.11781026,-1,-1,0.000000,0.000000,0.000000,False,Sin objeto: medicion congelada
1777334200.927133,True,False,0.11648911,-1,-1,0.000000,0.000000,0.000000,False,Sin objeto: medicion congelada
1777334200.952481,True,False,0.11569056,-1,-1,0.000000,0.000000,0.000000,False,Sin objeto: medicion congelada
1777334200.988419,True,False,0.11510649,-1,-1,0.000000,0.000000,0.000000,False,Sin objeto: medicion congelada
1777334201.022490,True,False,0.11475352,-1,-1,0.000000,0.000000,0.000000,False,Sin objeto: medicion congelada
1777334201.056590,True,False,0.11479751,-1,-1,0.000000,0.000000,0.000000,False,Sin objeto: medicion congelada
1777334201.079706,True,False,0.11486729,-1,-1,0.000000,0.000000,0.000000,False,Sin objeto: medicion congelada
1777334201.114745,True,False,0.11485883,-1,-1,0.000000,0.000000,0.000000,False,Sin objeto: medicion congelada
1777334201.166890,True,False,0.11494912,-1,-1,0.000000,0.000000,0.000000,False,Sin objeto: medicion congelada
1777334201.252583,True,False,0.11465883,-1,-1,0.000000,0.000000,0.000000,False,Sin objeto: medicion congelada
1777334201.309179,True,False,0.11433162,-1,-1,0.000000,0.000000,0.000000,False,Sin objeto: medicion congelada
1777334201.351099,True,False,0.11421090,-1,-1,0.000000,0.000000,0.000000,False,Sin objeto: medicion congelada
1777334201.385314,True,False,0.11407877,-1,-1,0.000000,0.000000,0.000000,False,Sin objeto: medicion congelada
1777334201.420303,True,False,0.11405640,-1,-1,0.000000,0.000000,0.000000,False,Sin objeto: medicion congelada
1777334201.453769,True,False,0.11393290,-1,-1,0.000000,0.000000,0.000000,False,Sin objeto: medicion congelada
1777334201.488332,True,False,0.11390646,-1,-1,0.000000,0.000000,0.000000,False,Sin objeto: medicion congelada
1777334201.529236,True,False,0.11391810,-1,-1,0.000000,0.000000,0.000000,False,Sin objeto: medicion congelada
1777334201.595280,True,False,0.11473536,-1,-1,0.000000,0.000000,0.000000,False,Sin objeto: medicion congelada
1777334201.634311,True,False,0.11486192,-1,-1,0.000000,0.000000,0.000000,False,Sin objeto: medicion congelada
1777334201.681118,True,False,0.11501232,-1,-1,0.000000,0.000000,0.000000,False,Sin objeto: medicion congelada
1777334201.711319,True,False,0.11518523,-1,-1,0.000000,0.000000,0.000000,False,Sin objeto: medicion congelada
1777334201.745726,True,False,0.11533607,-1,-1,0.000000,0.000000,0.000000,False,Sin objeto: medicion congelada
1777334201.776103,True,False,0.11547720,-1,-1,0.000000,0.000000,0.000000,False,Sin objeto: medicion congelada
1777334201.842909,True,False,0.11558517,-1,-1,0.000000,0.000000,0.000000,False,Sin objeto: medicion congelada
1777334201.889757,True,False,0.11570123,-1,-1,0.000000,0.000000,0.000000,False,Sin objeto: medicion congelada
1777334201.937408,True,False,0.11573393,-1,-1,0.000000,0.000000,0.000000,False,Sin objeto: medicion congelada
1777334201.987686,True,False,0.11589954,-1,-1,0.000000,0.000000,0.000000,False,Sin objeto: medicion congelada
1777334202.041486,True,False,0.11615093,-1,-1,0.000000,0.000000,0.000000,False,Sin objeto: medicion congelada
1777334202.083682,True,False,0.11632106,-1,-1,0.000000,0.000000,0.000000,False,Sin objeto: medicion congelada
1777334202.124419,True,False,0.11652082,-1,-1,0.000000,0.000000,0.000000,False,Sin objeto: medicion congelada
1777334202.172023,True,False,0.11663542,-1,-1,0.000000,0.000000,0.000000,False,Sin objeto: medicion congelada
1777334202.210908,True,False,0.11664327,-1,-1,0.000000,0.000000,0.000000,False,Sin objeto: medicion congelada
1777334202.243465,True,False,0.11657033,-1,-1,0.000000,0.000000,0.000000,False,Sin objeto: medicion congelada
1777334202.269242,True,False,0.11643899,-1,-1,0.000000,0.000000,0.000000,False,Sin objeto: medicion congelada
1777334202.297838,True,False,0.11632958,-1,-1,0.000000,0.000000,0.000000,False,Sin objeto: medicion congelada
1777334202.338135,True,False,0.11624475,-1,-1,0.000000,0.000000,0.000000,False,Sin objeto: medicion congelada
1777334202.370760,True,False,0.11617035,-1,-1,0.000000,0.000000,0.000000,False,Sin objeto: medicion congelada
1777334202.408330,True,False,0.11630289,-1,-1,0.000000,0.000000,0.000000,False,Sin objeto: medicion congelada
1777334202.442204,True,False,0.11649522,-1,-1,0.000000,0.000000,0.000000,False,Sin objeto: medicion congelada
1777334202.492726,True,False,0.11666371,-1,-1,0.000000,0.000000,0.000000,False,Sin objeto: medicion congelada
1777334202.542517,True,False,0.11687391,-1,-1,0.000000,0.000000,0.000000,False,Sin objeto: medicion congelada
1777334202.614100,True,False,0.11689192,-1,-1,0.000000,0.000000,0.000000,False,Sin objeto: medicion congelada
1777334202.663489,True,False,0.11682669,-1,-1,0.000000,0.000000,0.000000,False,Sin objeto: medicion congelada
1777334202.694503,True,False,0.11681486,-1,-1,0.000000,0.000000,0.000000,False,Sin objeto: medicion congelada
1777334202.737781,True,False,0.11678432,-1,-1,0.000000,0.000000,0.000000,False,Sin objeto: medicion congelada
1777334202.776079,True,False,0.11678681,-1,-1,0.000000,0.000000,0.000000,False,Sin objeto: medicion congelada
1777334202.824247,True,False,0.11672990,-1,-1,0.000000,0.000000,0.000000,False,Sin objeto: medicion congelada
1777334202.867877,True,False,0.11672026,-1,-1,0.000000,0.000000,0.000000,False,Sin objeto: medicion congelada
1777334202.918641,True,False,0.11677643,-1,-1,0.000000,0.000000,0.000000,False,Sin objeto: medicion congelada
1777334202.954424,True,False,0.11686218,-1,-1,0.000000,0.000000,0.000000,False,Sin objeto: medicion congelada
1777334202.993114,True,False,0.11764526,-1,-1,0.000000,0.000000,0.000000,False,Sin objeto: medicion congelada
1777334203.030145,True,False,0.11805270,-1,-1,0.000000,0.000000,0.000000,False,Sin objeto: medicion congelada
1777334203.065623,True,False,0.11851269,-1,-1,0.000000,0.000000,0.000000,False,Sin objeto: medicion congelada
1777334203.105870,True,False,0.11873338,-1,-1,0.000000,0.000000,0.000000,False,Sin objeto: medicion congelada
1777334203.142103,True,False,0.11877254,-1,-1,0.000000,0.000000,0.000000,False,Sin objeto: medicion congelada
1777334203.172811,True,False,0.11877254,-1,-1,0.000000,0.000000,0.000000,False,Sin objeto: medicion congelada
1777334203.215363,True,False,0.11855471,-1,-1,0.000000,0.000000,0.000000,False,Sin objeto: medicion congelada
1777334203.257465,True,False,0.11881265,-1,-1,0.000000,0.000000,0.000000,False,Sin objeto: medicion congelada
1777334203.293395,True,False,0.11977930,-1,-1,0.000000,0.000000,0.000000,False,Sin objeto: medicion congelada
1777334203.329415,True,False,0.12025382,-1,-1,0.000000,0.000000,0.000000,False,Sin objeto: medicion congelada
1777334203.363311,True,False,0.12068620,-1,-1,0.000000,0.000000,0.000000,False,Sin objeto: medicion congelada
1777334203.397240,True,False,0.12136583,-1,-1,0.000000,0.000000,0.000000,False,Sin objeto: medicion congelada
1777334203.432997,True,False,0.12164142,-1,-1,0.000000,0.000000,0.000000,False,Sin objeto: medicion congelada
1777334203.469912,True,False,0.12205498,-1,-1,0.000000,0.000000,0.000000,False,Sin objeto: medicion congelada
1777334203.500453,True,False,0.12248833,-1,-1,0.000000,0.000000,0.000000,False,Sin objeto: medicion congelada
1777334203.535710,True,False,0.12277072,-1,-1,0.000000,0.000000,0.000000,False,Sin objeto: medicion congelada
1777334203.570299,True,False,0.12246354,-1,-1,0.000000,0.000000,0.000000,False,Sin objeto: medicion congelada
1777334203.604998,True,False,0.12216917,-1,-1,0.000000,0.000000,0.000000,False,Sin objeto: medicion congelada
1777334203.639669,True,False,0.12077678,-1,-1,0.000000,0.000000,0.000000,False,Sin objeto: medicion congelada
1777334203.681237,False,False,0.00000000,-1,-1,0.000000,0.000000,0.000000,False,Sin AprilTag: medicion congelada
1777334203.715166,False,False,0.00000000,-1,-1,0.000000,0.000000,0.000000,False,Sin AprilTag: medicion congelada
1777334203.749437,False,False,0.00000000,-1,-1,0.000000,0.000000,0.000000,False,Sin AprilTag: medicion congelada
1777334203.786300,False,False,0.00000000,-1,-1,0.000000,0.000000,0.000000,False,Sin AprilTag: medicion congelada
1777334203.825959,False,False,0.00000000,-1,-1,0.000000,0.000000,0.000000,False,Sin AprilTag: medicion congelada
1777334203.863844,False,False,0.00000000,-1,-1,0.000000,0.000000,0.000000,False,Sin AprilTag: medicion congelada
1777334203.901177,False,False,0.00000000,-1,-1,0.000000,0.000000,0.000000,False,Sin AprilTag: medicion congelada
1777334203.935897,False,False,0.00000000,-1,-1,0.000000,0.000000,0.000000,False,Sin AprilTag: medicion congelada
1777334203.970370,False,False,0.00000000,-1,-1,0.000000,0.000000,0.000000,False,Sin AprilTag: medicion congelada
1777334204.021650,False,False,0.00000000,-1,-1,0.000000,0.000000,0.000000,False,Sin AprilTag: medicion congelada
1777334204.070589,False,False,0.00000000,-1,-1,0.000000,0.000000,0.000000,False,Sin AprilTag: medicion congelada
1777334204.110415,False,False,0.00000000,-1,-1,0.000000,0.000000,0.000000,False,Sin AprilTag: medicion congelada
1777334204.145155,False,False,0.00000000,-1,-1,0.000000,0.000000,0.000000,False,Sin AprilTag: medicion congelada
1777334204.179629,False,False,0.00000000,-1,-1,0.000000,0.000000,0.000000,False,Sin AprilTag: medicion congelada
1777334204.231270,False,False,0.00000000,-1,-1,0.000000,0.000000,0.000000,False,Sin AprilTag: medicion congelada
1777334204.282571,False,False,0.00000000,-1,-1,0.000000,0.000000,0.000000,False,Sin AprilTag: medicion congelada
1777334204.316787,False,False,0.00000000,-1,-1,0.000000,0.000000,0.000000,False,Sin AprilTag: medicion congelada
1777334204.350380,False,False,0.00000000,-1,-1,0.000000,0.000000,0.000000,False,Sin AprilTag: medicion congelada
1777334204.381356,False,False,0.00000000,-1,-1,0.000000,0.000000,0.000000,False,Sin AprilTag: medicion congelada
1777334204.413844,False,False,0.00000000,-1,-1,0.000000,0.000000,0.000000,False,Sin AprilTag: medicion congelada
1777334204.443809,False,False,0.00000000,-1,-1,0.000000,0.000000,0.000000,False,Sin AprilTag: medicion congelada
1777334204.478190,False,False,0.00000000,-1,-1,0.000000,0.000000,0.000000,False,Sin AprilTag: medicion congelada
1777334204.512545,False,False,0.00000000,-1,-1,0.000000,0.000000,0.000000,False,Sin AprilTag: medicion congelada
1777334204.544841,False,False,0.00000000,-1,-1,0.000000,0.000000,0.000000,False,Sin AprilTag: medicion congelada
1777334204.579488,False,False,0.00000000,-1,-1,0.000000,0.000000,0.000000,False,Sin AprilTag: medicion congelada
1777334204.617481,False,False,0.00000000,-1,-1,0.000000,0.000000,0.000000,False,Sin AprilTag: medicion congelada
1777334204.652316,False,False,0.00000000,-1,-1,0.000000,0.000000,0.000000,False,Sin AprilTag: medicion congelada
1777334204.705403,False,False,0.00000000,-1,-1,0.000000,0.000000,0.000000,False,Sin AprilTag: medicion congelada
1777334204.742977,False,False,0.00000000,-1,-1,0.000000,0.000000,0.000000,False,Sin AprilTag: medicion congelada
1777334204.777196,False,False,0.00000000,-1,-1,0.000000,0.000000,0.000000,False,Sin AprilTag: medicion congelada
1777334204.811989,False,False,0.00000000,-1,-1,0.000000,0.000000,0.000000,False,Sin AprilTag: medicion congelada
1777334204.865852,False,False,0.00000000,-1,-1,0.000000,0.000000,0.000000,False,Sin AprilTag: medicion congelada
1777334204.947954,False,False,0.00000000,-1,-1,0.000000,0.000000,0.000000,False,Sin AprilTag: medicion congelada
1777334205.000249,False,False,0.00000000,-1,-1,0.000000,0.000000,0.000000,False,Sin AprilTag: medicion congelada
1777334205.065974,False,False,0.00000000,-1,-1,0.000000,0.000000,0.000000,False,Sin AprilTag: medicion congelada
1777334205.099536,False,False,0.00000000,-1,-1,0.000000,0.000000,0.000000,False,Sin AprilTag: medicion congelada
1777334205.133589,False,False,0.00000000,-1,-1,0.000000,0.000000,0.000000,False,Sin AprilTag: medicion congelada
1777334205.167580,False,False,0.00000000,-1,-1,0.000000,0.000000,0.000000,False,Sin AprilTag: medicion congelada
1777334205.201719,False,False,0.00000000,-1,-1,0.000000,0.000000,0.000000,False,Sin AprilTag: medicion congelada
1777334205.252491,False,False,0.00000000,-1,-1,0.000000,0.000000,0.000000,False,Sin AprilTag: medicion congelada
1777334205.320816,False,False,0.00000000,-1,-1,0.000000,0.000000,0.000000,False,Sin AprilTag: medicion congelada
1777334205.355356,False,False,0.00000000,-1,-1,0.000000,0.000000,0.000000,False,Sin AprilTag: medicion congelada
1777334205.389609,False,False,0.00000000,-1,-1,0.000000,0.000000,0.000000,False,Sin AprilTag: medicion congelada
1777334205.424146,False,False,0.00000000,-1,-1,0.000000,0.000000,0.000000,False,Sin AprilTag: medicion congelada
1777334205.458164,False,False,0.00000000,-1,-1,0.000000,0.000000,0.000000,False,Sin AprilTag: medicion congelada
1777334205.492554,False,False,0.00000000,-1,-1,0.000000,0.000000,0.000000,False,Sin AprilTag: medicion congelada
1777334205.525985,False,False,0.00000000,-1,-1,0.000000,0.000000,0.000000,False,Sin AprilTag: medicion congelada
1777334205.560193,False,False,0.00000000,-1,-1,0.000000,0.000000,0.000000,False,Sin AprilTag: medicion congelada
1777334205.594206,False,False,0.00000000,-1,-1,0.000000,0.000000,0.000000,False,Sin AprilTag: medicion congelada
1777334205.627064,False,False,0.00000000,-1,-1,0.000000,0.000000,0.000000,False,Sin AprilTag: medicion congelada
1777334205.661483,False,False,0.00000000,-1,-1,0.000000,0.000000,0.000000,False,Sin AprilTag: medicion congelada
1777334205.695847,False,False,0.00000000,-1,-1,0.000000,0.000000,0.000000,False,Sin AprilTag: medicion congelada
1777334205.730243,False,False,0.00000000,-1,-1,0.000000,0.000000,0.000000,False,Sin AprilTag: medicion congelada
1777334205.764320,False,False,0.00000000,-1,-1,0.000000,0.000000,0.000000,False,Sin AprilTag: medicion congelada
1777334205.799214,False,False,0.00000000,-1,-1,0.000000,0.000000,0.000000,False,Sin AprilTag: medicion congelada
1777334205.832501,False,False,0.00000000,-1,-1,0.000000,0.000000,0.000000,False,Sin AprilTag: medicion congelada
1777334205.866204,False,False,0.00000000,-1,-1,0.000000,0.000000,0.000000,False,Sin AprilTag: medicion congelada
1777334205.900435,False,False,0.00000000,-1,-1,0.000000,0.000000,0.000000,False,Sin AprilTag: medicion congelada
1777334205.935832,False,False,0.00000000,-1,-1,0.000000,0.000000,0.000000,False,Sin AprilTag: medicion congelada
1777334205.986100,False,False,0.00000000,-1,-1,0.000000,0.000000,0.000000,False,Sin AprilTag: medicion congelada
1777334206.036729,False,False,0.00000000,-1,-1,0.000000,0.000000,0.000000,False,Sin AprilTag: medicion congelada
1777334206.087304,False,False,0.00000000,-1,-1,0.000000,0.000000,0.000000,False,Sin AprilTag: medicion congelada
1777334206.121845,False,False,0.00000000,-1,-1,0.000000,0.000000,0.000000,False,Sin AprilTag: medicion congelada
1777334206.156214,False,False,0.00000000,-1,-1,0.000000,0.000000,0.000000,False,Sin AprilTag: medicion congelada
1777334206.190377,False,False,0.00000000,-1,-1,0.000000,0.000000,0.000000,False,Sin AprilTag: medicion congelada
1777334206.225221,False,False,0.00000000,-1,-1,0.000000,0.000000,0.000000,False,Sin AprilTag: medicion congelada
1777334206.260667,False,False,0.00000000,-1,-1,0.000000,0.000000,0.000000,False,Sin AprilTag: medicion congelada
1777334206.294316,False,False,0.00000000,-1,-1,0.000000,0.000000,0.000000,False,Sin AprilTag: medicion congelada
1777334206.329148,False,False,0.00000000,-1,-1,0.000000,0.000000,0.000000,False,Sin AprilTag: medicion congelada
1777334206.362922,False,False,0.00000000,-1,-1,0.000000,0.000000,0.000000,False,Sin AprilTag: medicion congelada
1777334206.397193,False,False,0.00000000,-1,-1,0.000000,0.000000,0.000000,False,Sin AprilTag: medicion congelada
1777334206.432174,False,False,0.00000000,-1,-1,0.000000,0.000000,0.000000,False,Sin AprilTag: medicion congelada
1777334206.466388,False,False,0.00000000,-1,-1,0.000000,0.000000,0.000000,False,Sin AprilTag: medicion congelada
1777334206.500263,False,False,0.00000000,-1,-1,0.000000,0.000000,0.000000,False,Sin AprilTag: medicion congelada
1777334206.534548,False,False,0.00000000,-1,-1,0.000000,0.000000,0.000000,False,Sin AprilTag: medicion congelada
1777334206.569026,False,False,0.00000000,-1,-1,0.000000,0.000000,0.000000,False,Sin AprilTag: medicion congelada
1777334206.603206,False,False,0.00000000,-1,-1,0.000000,0.000000,0.000000,False,Sin AprilTag: medicion congelada
1777334206.628290,False,False,0.00000000,-1,-1,0.000000,0.000000,0.000000,False,Sin AprilTag: medicion congelada
1777334206.662418,False,False,0.00000000,-1,-1,0.000000,0.000000,0.000000,False,Sin AprilTag: medicion congelada
1777334206.697047,False,False,0.00000000,-1,-1,0.000000,0.000000,0.000000,False,Sin AprilTag: medicion congelada
1777334206.731875,False,False,0.00000000,-1,-1,0.000000,0.000000,0.000000,False,Sin AprilTag: medicion congelada
1777334206.765623,False,False,0.00000000,-1,-1,0.000000,0.000000,0.000000,False,Sin AprilTag: medicion congelada
1777334206.799663,False,False,0.00000000,-1,-1,0.000000,0.000000,0.000000,False,Sin AprilTag: medicion congelada
1777334206.834231,False,False,0.00000000,-1,-1,0.000000,0.000000,0.000000,False,Sin AprilTag: medicion congelada
1777334206.884657,False,False,0.00000000,-1,-1,0.000000,0.000000,0.000000,False,Sin AprilTag: medicion congelada
1777334206.929938,False,False,0.00000000,-1,-1,0.000000,0.000000,0.000000,False,Sin AprilTag: medicion congelada
1777334206.963944,False,False,0.00000000,-1,-1,0.000000,0.000000,0.000000,False,Sin AprilTag: medicion congelada
1777334206.998796,False,False,0.00000000,-1,-1,0.000000,0.000000,0.000000,False,Sin AprilTag: medicion congelada
1777334207.033427,False,False,0.00000000,-1,-1,0.000000,0.000000,0.000000,False,Sin AprilTag: medicion congelada
1777334207.082439,True,False,0.12523099,-1,-1,0.000000,0.000000,0.000000,False,Sin objeto: medicion congelada
1777334207.133744,False,False,0.00000000,-1,-1,0.000000,0.000000,0.000000,False,Sin AprilTag: medicion congelada
1777334207.183896,True,False,0.12554426,-1,-1,0.000000,0.000000,0.000000,False,Sin objeto: medicion congelada
1777334207.217465,True,False,0.12513836,-1,-1,0.000000,0.000000,0.000000,False,Sin objeto: medicion congelada
1777334207.251969,True,False,0.12398731,-1,-1,0.000000,0.000000,0.000000,False,Sin objeto: medicion congelada
1777334207.286481,True,False,0.12260561,-1,-1,0.000000,0.000000,0.000000,False,Sin objeto: medicion congelada
1777334207.336622,True,False,0.12266756,-1,-1,0.000000,0.000000,0.000000,False,Sin objeto: medicion congelada
1777334207.386191,True,False,0.12269959,-1,-1,0.000000,0.000000,0.000000,False,Sin objeto: medicion congelada
1777334207.419427,True,False,0.12284114,-1,-1,0.000000,0.000000,0.000000,False,Sin objeto: medicion congelada
1777334207.453580,True,False,0.12308531,-1,-1,0.000000,0.000000,0.000000,False,Sin objeto: medicion congelada
1777334207.488202,True,False,0.12325058,-1,-1,0.000000,0.000000,0.000000,False,Sin objeto: medicion congelada
1777334207.538334,True,False,0.12331165,-1,-1,0.000000,0.000000,0.000000,False,Sin objeto: medicion congelada
1777334207.588724,True,False,0.12319196,-1,-1,0.000000,0.000000,0.000000,False,Sin objeto: medicion congelada
1777334207.622611,True,False,0.12055011,-1,-1,0.000000,0.000000,0.000000,False,Sin objeto: medicion congelada
1777334207.658987,True,False,0.11829990,-1,-1,0.000000,0.000000,0.000000,False,Sin objeto: medicion congelada
1777334207.692945,True,False,0.11733103,-1,-1,0.000000,0.000000,0.000000,False,Sin objeto: medicion congelada
1777334207.726187,True,False,0.11660290,-1,-1,0.000000,0.000000,0.000000,False,Sin objeto: medicion congelada
1777334207.760215,True,False,0.11613153,-1,-1,0.000000,0.000000,0.000000,False,Sin objeto: medicion congelada
1777334207.788707,True,False,0.11585377,-1,-1,0.000000,0.000000,0.000000,False,Sin objeto: medicion congelada
1777334207.822998,True,False,0.11557139,-1,-1,0.000000,0.000000,0.000000,False,Sin objeto: medicion congelada
1777334207.857236,True,False,0.11511027,-1,-1,0.000000,0.000000,0.000000,False,Sin objeto: medicion congelada
1777334207.891426,True,False,0.11468525,-1,-1,0.000000,0.000000,0.000000,False,Sin objeto: medicion congelada
1777334207.941979,True,False,0.11411636,-1,-1,0.000000,0.000000,0.000000,False,Sin objeto: medicion congelada
1777334207.975391,True,False,0.11344861,-1,-1,0.000000,0.000000,0.000000,False,Sin objeto: medicion congelada
1777334208.009414,True,False,0.11266919,-1,-1,0.000000,0.000000,0.000000,False,Sin objeto: medicion congelada
1777334208.059505,True,False,0.11182219,-1,-1,0.000000,0.000000,0.000000,False,Sin objeto: medicion congelada
1777334208.094884,True,False,0.11068783,-1,-1,0.000000,0.000000,0.000000,False,Sin objeto: medicion congelada
1777334208.144499,True,False,0.10971729,-1,-1,0.000000,0.000000,0.000000,False,Sin objeto: medicion congelada
1777334208.179104,True,False,0.10890332,-1,-1,0.000000,0.000000,0.000000,False,Sin objeto: medicion congelada
1777334208.213707,True,False,0.10794350,-1,-1,0.000000,0.000000,0.000000,False,Sin objeto: medicion congelada
1777334208.248970,True,False,0.10726640,-1,-1,0.000000,0.000000,0.000000,False,Sin objeto: medicion congelada
1777334208.298928,True,False,0.10654899,-1,-1,0.000000,0.000000,0.000000,False,Sin objeto: medicion congelada
1777334208.342467,True,False,0.10563222,-1,-1,0.000000,0.000000,0.000000,False,Sin objeto: medicion congelada
1777334208.376842,True,False,0.10457179,-1,-1,0.000000,0.000000,0.000000,False,Sin objeto: medicion congelada
1777334208.411264,True,False,0.10370379,-1,-1,0.000000,0.000000,0.000000,False,Sin objeto: medicion congelada
1777334208.445882,True,False,0.10197843,-1,-1,0.000000,0.000000,0.000000,False,Sin objeto: medicion congelada
1777334208.480297,True,False,0.10200454,-1,-1,0.000000,0.000000,0.000000,False,Sin objeto: medicion congelada
1777334208.514261,True,False,0.10235465,-1,-1,0.000000,0.000000,0.000000,False,Sin objeto: medicion congelada
1777334208.564106,True,False,0.10271565,-1,-1,0.000000,0.000000,0.000000,False,Sin objeto: medicion congelada
1777334208.614070,True,False,0.10292896,-1,-1,0.000000,0.000000,0.000000,False,Sin objeto: medicion congelada
1777334208.649823,True,False,0.10328078,-1,-1,0.000000,0.000000,0.000000,False,Sin objeto: medicion congelada
1777334208.682673,True,False,0.10392941,-1,-1,0.000000,0.000000,0.000000,False,Sin objeto: medicion congelada
1777334208.732438,True,False,0.10466597,-1,-1,0.000000,0.000000,0.000000,False,Sin objeto: medicion congelada
1777334208.766753,True,False,0.10567036,-1,-1,0.000000,0.000000,0.000000,False,Sin objeto: medicion congelada
1777334208.801150,True,False,0.10586455,-1,-1,0.000000,0.000000,0.000000,False,Sin objeto: medicion congelada
1777334208.852389,True,False,0.10595520,-1,-1,0.000000,0.000000,0.000000,False,Sin objeto: medicion congelada
1777334208.902383,True,False,0.10681932,-1,-1,0.000000,0.000000,0.000000,False,Sin objeto: medicion congelada
1777334208.952408,True,False,0.10517272,-1,-1,0.000000,0.000000,0.000000,False,Sin objeto: medicion congelada
1777334208.987052,False,False,0.00000000,-1,-1,0.000000,0.000000,0.000000,False,Sin AprilTag: medicion congelada
1777334209.021562,False,False,0.00000000,-1,-1,0.000000,0.000000,0.000000,False,Sin AprilTag: medicion congelada
1777334209.057738,False,False,0.00000000,-1,-1,0.000000,0.000000,0.000000,False,Sin AprilTag: medicion congelada
1777334209.091890,False,False,0.00000000,-1,-1,0.000000,0.000000,0.000000,False,Sin AprilTag: medicion congelada
1777334209.127567,False,False,0.00000000,-1,-1,0.000000,0.000000,0.000000,False,Sin AprilTag: medicion congelada
1777334209.163157,False,False,0.00000000,-1,-1,0.000000,0.000000,0.000000,False,Sin AprilTag: medicion congelada
1777334209.196453,False,False,0.00000000,-1,-1,0.000000,0.000000,0.000000,False,Sin AprilTag: medicion congelada
1777334209.229549,False,False,0.00000000,-1,-1,0.000000,0.000000,0.000000,False,Sin AprilTag: medicion congelada
1777334209.263857,False,False,0.00000000,-1,-1,0.000000,0.000000,0.000000,False,Sin AprilTag: medicion congelada
1777334209.298366,False,False,0.00000000,-1,-1,0.000000,0.000000,0.000000,False,Sin AprilTag: medicion congelada
1777334209.363157,False,False,0.00000000,-1,-1,0.000000,0.000000,0.000000,False,Sin AprilTag: medicion congelada
1777334209.423286,False,False,0.00000000,-1,-1,0.000000,0.000000,0.000000,False,Sin AprilTag: medicion congelada
1777334209.457544,False,False,0.00000000,-1,-1,0.000000,0.000000,0.000000,False,Sin AprilTag: medicion congelada
1777334209.491721,False,False,0.00000000,-1,-1,0.000000,0.000000,0.000000,False,Sin AprilTag: medicion congelada
1777334209.525938,False,False,0.00000000,-1,-1,0.000000,0.000000,0.000000,False,Sin AprilTag: medicion congelada
1777334209.560170,False,False,0.00000000,-1,-1,0.000000,0.000000,0.000000,False,Sin AprilTag: medicion congelada
1777334209.593753,False,False,0.00000000,-1,-1,0.000000,0.000000,0.000000,False,Sin AprilTag: medicion congelada
1777334209.627981,False,False,0.00000000,-1,-1,0.000000,0.000000,0.000000,False,Sin AprilTag: medicion congelada
1777334209.661969,False,False,0.00000000,-1,-1,0.000000,0.000000,0.000000,False,Sin AprilTag: medicion congelada
1777334209.696985,False,False,0.00000000,-1,-1,0.000000,0.000000,0.000000,False,Sin AprilTag: medicion congelada
1777334209.731742,False,False,0.00000000,-1,-1,0.000000,0.000000,0.000000,False,Sin AprilTag: medicion congelada
1777334209.765918,False,False,0.00000000,-1,-1,0.000000,0.000000,0.000000,False,Sin AprilTag: medicion congelada
1777334209.799192,False,False,0.00000000,-1,-1,0.000000,0.000000,0.000000,False,Sin AprilTag: medicion congelada
1777334209.833140,False,False,0.00000000,-1,-1,0.000000,0.000000,0.000000,False,Sin AprilTag: medicion congelada
1777334209.866622,False,False,0.00000000,-1,-1,0.000000,0.000000,0.000000,False,Sin AprilTag: medicion congelada
1777334209.917091,False,False,0.00000000,-1,-1,0.000000,0.000000,0.000000,False,Sin AprilTag: medicion congelada
1777334209.967063,False,False,0.00000000,-1,-1,0.000000,0.000000,0.000000,False,Sin AprilTag: medicion congelada
1777334210.016934,False,False,0.00000000,-1,-1,0.000000,0.000000,0.000000,False,Sin AprilTag: medicion congelada
1777334210.081697,False,False,0.00000000,-1,-1,0.000000,0.000000,0.000000,False,Sin AprilTag: medicion congelada
1777334210.131767,False,False,0.00000000,-1,-1,0.000000,0.000000,0.000000,False,Sin AprilTag: medicion congelada
1777334210.164940,False,False,0.00000000,-1,-1,0.000000,0.000000,0.000000,False,Sin AprilTag: medicion congelada
1777334210.199359,False,False,0.00000000,-1,-1,0.000000,0.000000,0.000000,False,Sin AprilTag: medicion congelada
1777334210.233353,False,False,0.00000000,-1,-1,0.000000,0.000000,0.000000,False,Sin AprilTag: medicion congelada
1777334210.274385,False,False,0.00000000,-1,-1,0.000000,0.000000,0.000000,False,Sin AprilTag: medicion congelada
1777334210.308220,False,False,0.00000000,-1,-1,0.000000,0.000000,0.000000,False,Sin AprilTag: medicion congelada
1777334210.343360,False,False,0.00000000,-1,-1,0.000000,0.000000,0.000000,False,Sin AprilTag: medicion congelada
1777334210.378670,False,False,0.00000000,-1,-1,0.000000,0.000000,0.000000,False,Sin AprilTag: medicion congelada
1777334210.412541,False,False,0.00000000,-1,-1,0.000000,0.000000,0.000000,False,Sin AprilTag: medicion congelada
1777334210.446858,False,False,0.00000000,-1,-1,0.000000,0.000000,0.000000,False,Sin AprilTag: medicion congelada
1777334210.482083,False,False,0.00000000,-1,-1,0.000000,0.000000,0.000000,False,Sin AprilTag: medicion congelada
1777334210.516539,False,False,0.00000000,-1,-1,0.000000,0.000000,0.000000,False,Sin AprilTag: medicion congelada
1777334210.550604,False,False,0.00000000,-1,-1,0.000000,0.000000,0.000000,False,Sin AprilTag: medicion congelada
1777334210.598818,False,False,0.00000000,-1,-1,0.000000,0.000000,0.000000,False,Sin AprilTag: medicion congelada
1777334210.633018,False,False,0.00000000,-1,-1,0.000000,0.000000,0.000000,False,Sin AprilTag: medicion congelada
1777334210.667340,False,False,0.00000000,-1,-1,0.000000,0.000000,0.000000,False,Sin AprilTag: medicion congelada
1777334210.701501,False,False,0.00000000,-1,-1,0.000000,0.000000,0.000000,False,Sin AprilTag: medicion congelada
1777334210.735089,False,False,0.00000000,-1,-1,0.000000,0.000000,0.000000,False,Sin AprilTag: medicion congelada
1777334210.798419,False,False,0.00000000,-1,-1,0.000000,0.000000,0.000000,False,Sin AprilTag: medicion congelada
1777334210.832299,False,False,0.00000000,-1,-1,0.000000,0.000000,0.000000,False,Sin AprilTag: medicion congelada
1777334210.865918,False,False,0.00000000,-1,-1,0.000000,0.000000,0.000000,False,Sin AprilTag: medicion congelada
1777334210.909737,False,False,0.00000000,-1,-1,0.000000,0.000000,0.000000,False,Sin AprilTag: medicion congelada
1777334210.944156,False,False,0.00000000,-1,-1,0.000000,0.000000,0.000000,False,Sin AprilTag: medicion congelada
1777334210.977418,False,False,0.00000000,-1,-1,0.000000,0.000000,0.000000,False,Sin AprilTag: medicion congelada
1777334211.011746,False,False,0.00000000,-1,-1,0.000000,0.000000,0.000000,False,Sin AprilTag: medicion congelada
1777334211.045615,False,False,0.00000000,-1,-1,0.000000,0.000000,0.000000,False,Sin AprilTag: medicion congelada
1777334211.079729,False,False,0.00000000,-1,-1,0.000000,0.000000,0.000000,False,Sin AprilTag: medicion congelada
1777334211.114533,False,False,0.00000000,-1,-1,0.000000,0.000000,0.000000,False,Sin AprilTag: medicion congelada
1777334211.148247,False,False,0.00000000,-1,-1,0.000000,0.000000,0.000000,False,Sin AprilTag: medicion congelada
1777334211.183516,False,False,0.00000000,-1,-1,0.000000,0.000000,0.000000,False,Sin AprilTag: medicion congelada
1777334211.235972,False,False,0.00000000,-1,-1,0.000000,0.000000,0.000000,False,Sin AprilTag: medicion congelada
1777334211.270138,False,False,0.00000000,-1,-1,0.000000,0.000000,0.000000,False,Sin AprilTag: medicion congelada
1777334211.304426,False,False,0.00000000,-1,-1,0.000000,0.000000,0.000000,False,Sin AprilTag: medicion congelada
1777334211.339464,False,False,0.00000000,-1,-1,0.000000,0.000000,0.000000,False,Sin AprilTag: medicion congelada
1777334211.373203,False,False,0.00000000,-1,-1,0.000000,0.000000,0.000000,False,Sin AprilTag: medicion congelada
1777334211.406884,False,False,0.00000000,-1,-1,0.000000,0.000000,0.000000,False,Sin AprilTag: medicion congelada
1777334211.431319,False,False,0.00000000,-1,-1,0.000000,0.000000,0.000000,False,Sin AprilTag: medicion congelada
1777334211.465574,False,False,0.00000000,-1,-1,0.000000,0.000000,0.000000,False,Sin AprilTag: medicion congelada
1777334211.499947,False,False,0.00000000,-1,-1,0.000000,0.000000,0.000000,False,Sin AprilTag: medicion congelada
1777334211.524369,False,False,0.00000000,-1,-1,0.000000,0.000000,0.000000,False,Sin AprilTag: medicion congelada
1777334211.558917,False,False,0.00000000,-1,-1,0.000000,0.000000,0.000000,False,Sin AprilTag: medicion congelada
1777334211.593680,False,False,0.00000000,-1,-1,0.000000,0.000000,0.000000,False,Sin AprilTag: medicion congelada
1777334211.627939,False,False,0.00000000,-1,-1,0.000000,0.000000,0.000000,False,Sin AprilTag: medicion congelada
1777334211.660810,False,False,0.00000000,-1,-1,0.000000,0.000000,0.000000,False,Sin AprilTag: medicion congelada
1777334211.694655,False,False,0.00000000,-1,-1,0.000000,0.000000,0.000000,False,Sin AprilTag: medicion congelada
1777334211.728945,False,False,0.00000000,-1,-1,0.000000,0.000000,0.000000,False,Sin AprilTag: medicion congelada
1777334211.763455,False,False,0.00000000,-1,-1,0.000000,0.000000,0.000000,False,Sin AprilTag: medicion congelada
1777334211.797279,False,False,0.00000000,-1,-1,0.000000,0.000000,0.000000,False,Sin AprilTag: medicion congelada
1777334211.831614,False,False,0.00000000,-1,-1,0.000000,0.000000,0.000000,False,Sin AprilTag: medicion congelada
1777334211.868220,False,False,0.00000000,-1,-1,0.000000,0.000000,0.000000,False,Sin AprilTag: medicion congelada
1777334211.902822,False,False,0.00000000,-1,-1,0.000000,0.000000,0.000000,False,Sin AprilTag: medicion congelada
1777334211.936898,False,False,0.00000000,-1,-1,0.000000,0.000000,0.000000,False,Sin AprilTag: medicion congelada
1777334211.971180,False,False,0.00000000,-1,-1,0.000000,0.000000,0.000000,False,Sin AprilTag: medicion congelada
1777334211.996392,False,False,0.00000000,-1,-1,0.000000,0.000000,0.000000,False,Sin AprilTag: medicion congelada
1777334212.030155,False,False,0.00000000,-1,-1,0.000000,0.000000,0.000000,False,Sin AprilTag: medicion congelada
1777334212.064015,False,False,0.00000000,-1,-1,0.000000,0.000000,0.000000,False,Sin AprilTag: medicion congelada
1777334212.098321,False,False,0.00000000,-1,-1,0.000000,0.000000,0.000000,False,Sin AprilTag: medicion congelada
1777334212.132450,False,False,0.00000000,-1,-1,0.000000,0.000000,0.000000,False,Sin AprilTag: medicion congelada
1777334212.167310,False,False,0.00000000,-1,-1,0.000000,0.000000,0.000000,False,Sin AprilTag: medicion congelada
1777334212.201321,False,False,0.00000000,-1,-1,0.000000,0.000000,0.000000,False,Sin AprilTag: medicion congelada
1777334212.235762,False,False,0.00000000,-1,-1,0.000000,0.000000,0.000000,False,Sin AprilTag: medicion congelada
1777334212.274167,False,False,0.00000000,-1,-1,0.000000,0.000000,0.000000,False,Sin AprilTag: medicion congelada
1777334212.308348,False,False,0.00000000,-1,-1,0.000000,0.000000,0.000000,False,Sin AprilTag: medicion congelada
1777334212.343421,False,False,0.00000000,-1,-1,0.000000,0.000000,0.000000,False,Sin AprilTag: medicion congelada
1777334212.381537,False,False,0.00000000,-1,-1,0.000000,0.000000,0.000000,False,Sin AprilTag: medicion congelada
1777334212.406542,False,False,0.00000000,-1,-1,0.000000,0.000000,0.000000,False,Sin AprilTag: medicion congelada
1777334212.440882,False,False,0.00000000,-1,-1,0.000000,0.000000,0.000000,False,Sin AprilTag: medicion congelada
1777334212.476726,False,False,0.00000000,-1,-1,0.000000,0.000000,0.000000,False,Sin AprilTag: medicion congelada
1777334212.502863,False,False,0.00000000,-1,-1,0.000000,0.000000,0.000000,False,Sin AprilTag: medicion congelada
1777334212.537134,False,False,0.00000000,-1,-1,0.000000,0.000000,0.000000,False,Sin AprilTag: medicion congelada
1777334212.585387,False,False,0.00000000,-1,-1,0.000000,0.000000,0.000000,False,Sin AprilTag: medicion congelada
1777334212.616784,False,False,0.00000000,-1,-1,0.000000,0.000000,0.000000,False,Sin AprilTag: medicion congelada
1777334212.650115,False,False,0.00000000,-1,-1,0.000000,0.000000,0.000000,False,Sin AprilTag: medicion congelada
1777334212.684329,False,False,0.00000000,-1,-1,0.000000,0.000000,0.000000,False,Sin AprilTag: medicion congelada
1777334212.720098,False,False,0.00000000,-1,-1,0.000000,0.000000,0.000000,False,Sin AprilTag: medicion congelada
1777334212.764731,False,False,0.00000000,-1,-1,0.000000,0.000000,0.000000,False,Sin AprilTag: medicion congelada
1777334212.799300,False,False,0.00000000,-1,-1,0.000000,0.000000,0.000000,False,Sin AprilTag: medicion congelada
1777334212.833697,False,False,0.00000000,-1,-1,0.000000,0.000000,0.000000,False,Sin AprilTag: medicion congelada
1777334212.892899,False,False,0.00000000,-1,-1,0.000000,0.000000,0.000000,False,Sin AprilTag: medicion congelada
1777334212.958571,False,False,0.00000000,-1,-1,0.000000,0.000000,0.000000,False,Sin AprilTag: medicion congelada
1777334212.993738,False,False,0.00000000,-1,-1,0.000000,0.000000,0.000000,False,Sin AprilTag: medicion congelada
1777334213.043912,False,False,0.00000000,-1,-1,0.000000,0.000000,0.000000,False,Sin AprilTag: medicion congelada
1777334213.072438,False,False,0.00000000,-1,-1,0.000000,0.000000,0.000000,False,Sin AprilTag: medicion congelada
1777334213.106476,False,False,0.00000000,-1,-1,0.000000,0.000000,0.000000,False,Sin AprilTag: medicion congelada
1777334213.140547,False,False,0.00000000,-1,-1,0.000000,0.000000,0.000000,False,Sin AprilTag: medicion congelada
1777334213.177036,False,False,0.00000000,-1,-1,0.000000,0.000000,0.000000,False,Sin AprilTag: medicion congelada
1777334213.210738,False,False,0.00000000,-1,-1,0.000000,0.000000,0.000000,False,Sin AprilTag: medicion congelada
1777334213.239739,False,False,0.00000000,-1,-1,0.000000,0.000000,0.000000,False,Sin AprilTag: medicion congelada
1777334213.274602,False,False,0.00000000,-1,-1,0.000000,0.000000,0.000000,False,Sin AprilTag: medicion congelada
1777334213.311487,False,False,0.00000000,-1,-1,0.000000,0.000000,0.000000,False,Sin AprilTag: medicion congelada
1777334213.346875,False,False,0.00000000,-1,-1,0.000000,0.000000,0.000000,False,Sin AprilTag: medicion congelada
1777334213.380741,False,False,0.00000000,-1,-1,0.000000,0.000000,0.000000,False,Sin AprilTag: medicion congelada
1777334213.405466,False,False,0.00000000,-1,-1,0.000000,0.000000,0.000000,False,Sin AprilTag: medicion congelada
1777334213.439399,False,False,0.00000000,-1,-1,0.000000,0.000000,0.000000,False,Sin AprilTag: medicion congelada
1777334213.473716,False,False,0.00000000,-1,-1,0.000000,0.000000,0.000000,False,Sin AprilTag: medicion congelada
1777334213.508499,False,False,0.00000000,-1,-1,0.000000,0.000000,0.000000,False,Sin AprilTag: medicion congelada
1777334213.542478,False,False,0.00000000,-1,-1,0.000000,0.000000,0.000000,False,Sin AprilTag: medicion congelada
1777334213.591041,False,False,0.00000000,-1,-1,0.000000,0.000000,0.000000,False,Sin AprilTag: medicion congelada
1777334213.624575,False,False,0.00000000,-1,-1,0.000000,0.000000,0.000000,False,Sin AprilTag: medicion congelada
1777334213.659064,False,False,0.00000000,-1,-1,0.000000,0.000000,0.000000,False,Sin AprilTag: medicion congelada
1777334213.692963,False,False,0.00000000,-1,-1,0.000000,0.000000,0.000000,False,Sin AprilTag: medicion congelada
1777334213.726928,False,False,0.00000000,-1,-1,0.000000,0.000000,0.000000,False,Sin AprilTag: medicion congelada
1777334213.761161,False,False,0.00000000,-1,-1,0.000000,0.000000,0.000000,False,Sin AprilTag: medicion congelada
1777334213.795692,False,False,0.00000000,-1,-1,0.000000,0.000000,0.000000,False,Sin AprilTag: medicion congelada
1777334213.853239,False,False,0.00000000,-1,-1,0.000000,0.000000,0.000000,False,Sin AprilTag: medicion congelada
1777334213.917987,False,False,0.00000000,-1,-1,0.000000,0.000000,0.000000,False,Sin AprilTag: medicion congelada
1777334213.975984,False,False,0.00000000,-1,-1,0.000000,0.000000,0.000000,False,Sin AprilTag: medicion congelada
1777334214.009585,False,False,0.00000000,-1,-1,0.000000,0.000000,0.000000,False,Sin AprilTag: medicion congelada
1777334214.043452,False,False,0.00000000,-1,-1,0.000000,0.000000,0.000000,False,Sin AprilTag: medicion congelada
1777334214.077874,False,False,0.00000000,-1,-1,0.000000,0.000000,0.000000,False,Sin AprilTag: medicion congelada
1777334214.111792,False,False,0.00000000,-1,-1,0.000000,0.000000,0.000000,False,Sin AprilTag: medicion congelada
1777334214.141673,False,False,0.00000000,-1,-1,0.000000,0.000000,0.000000,False,Sin AprilTag: medicion congelada
1777334214.176224,False,False,0.00000000,-1,-1,0.000000,0.000000,0.000000,False,Sin AprilTag: medicion congelada
1777334214.228019,False,False,0.00000000,-1,-1,0.000000,0.000000,0.000000,False,Sin AprilTag: medicion congelada
1777334214.269842,False,False,0.00000000,-1,-1,0.000000,0.000000,0.000000,False,Sin AprilTag: medicion congelada
1777334214.309068,False,False,0.00000000,-1,-1,0.000000,0.000000,0.000000,False,Sin AprilTag: medicion congelada
1777334214.343961,False,False,0.00000000,-1,-1,0.000000,0.000000,0.000000,False,Sin AprilTag: medicion congelada
1777334214.399859,False,False,0.00000000,-1,-1,0.000000,0.000000,0.000000,False,Sin AprilTag: medicion congelada
1777334214.443523,False,False,0.00000000,-1,-1,0.000000,0.000000,0.000000,False,Sin AprilTag: medicion congelada
1777334214.492581,False,False,0.00000000,-1,-1,0.000000,0.000000,0.000000,False,Sin AprilTag: medicion congelada
1777334214.561939,False,False,0.00000000,-1,-1,0.000000,0.000000,0.000000,False,Sin AprilTag: medicion congelada
1777334214.616588,False,False,0.00000000,-1,-1,0.000000,0.000000,0.000000,False,Sin AprilTag: medicion congelada
1777334214.667242,False,False,0.00000000,-1,-1,0.000000,0.000000,0.000000,False,Sin AprilTag: medicion congelada
1777334214.702452,False,False,0.00000000,-1,-1,0.000000,0.000000,0.000000,False,Sin AprilTag: medicion congelada
1777334214.735764,False,False,0.00000000,-1,-1,0.000000,0.000000,0.000000,False,Sin AprilTag: medicion congelada
1777334214.772626,False,False,0.00000000,-1,-1,0.000000,0.000000,0.000000,False,Sin AprilTag: medicion congelada
1777334214.805196,False,False,0.00000000,-1,-1,0.000000,0.000000,0.000000,False,Sin AprilTag: medicion congelada
1777334214.857870,False,False,0.00000000,-1,-1,0.000000,0.000000,0.000000,False,Sin AprilTag: medicion congelada
1777334214.901775,False,False,0.00000000,-1,-1,0.000000,0.000000,0.000000,False,Sin AprilTag: medicion congelada
1777334214.935852,False,False,0.00000000,-1,-1,0.000000,0.000000,0.000000,False,Sin AprilTag: medicion congelada
1777334214.991481,False,False,0.00000000,-1,-1,0.000000,0.000000,0.000000,False,Sin AprilTag: medicion congelada
1777334215.025289,False,False,0.00000000,-1,-1,0.000000,0.000000,0.000000,False,Sin AprilTag: medicion congelada
1777334215.056211,False,False,0.00000000,-1,-1,0.000000,0.000000,0.000000,False,Sin AprilTag: medicion congelada
1777334215.099761,False,False,0.00000000,-1,-1,0.000000,0.000000,0.000000,False,Sin AprilTag: medicion congelada
1777334215.150867,False,False,0.00000000,-1,-1,0.000000,0.000000,0.000000,False,Sin AprilTag: medicion congelada
1777334215.207067,False,False,0.00000000,-1,-1,0.000000,0.000000,0.000000,False,Sin AprilTag: medicion congelada
1777334215.241747,False,False,0.00000000,-1,-1,0.000000,0.000000,0.000000,False,Sin AprilTag: medicion congelada
1777334215.276563,False,False,0.00000000,-1,-1,0.000000,0.000000,0.000000,False,Sin AprilTag: medicion congelada
1777334215.322994,False,False,0.00000000,-1,-1,0.000000,0.000000,0.000000,False,Sin AprilTag: medicion congelada
1777334215.360370,False,False,0.00000000,-1,-1,0.000000,0.000000,0.000000,False,Sin AprilTag: medicion congelada
1777334215.395471,False,False,0.00000000,-1,-1,0.000000,0.000000,0.000000,False,Sin AprilTag: medicion congelada
1777334215.426766,False,False,0.00000000,-1,-1,0.000000,0.000000,0.000000,False,Sin AprilTag: medicion congelada
1777334215.477329,False,False,0.00000000,-1,-1,0.000000,0.000000,0.000000,False,Sin AprilTag: medicion congelada
1777334215.515567,False,False,0.00000000,-1,-1,0.000000,0.000000,0.000000,False,Sin AprilTag: medicion congelada
1777334215.548931,False,False,0.00000000,-1,-1,0.000000,0.000000,0.000000,False,Sin AprilTag: medicion congelada
1777334215.592502,False,False,0.00000000,-1,-1,0.000000,0.000000,0.000000,False,Sin AprilTag: medicion congelada
1777334215.626563,False,False,0.00000000,-1,-1,0.000000,0.000000,0.000000,False,Sin AprilTag: medicion congelada
1777334215.658631,False,False,0.00000000,-1,-1,0.000000,0.000000,0.000000,False,Sin AprilTag: medicion congelada
1777334215.710618,False,False,0.00000000,-1,-1,0.000000,0.000000,0.000000,False,Sin AprilTag: medicion congelada
1777334215.748175,False,False,0.00000000,-1,-1,0.000000,0.000000,0.000000,False,Sin AprilTag: medicion congelada
1777334215.790190,False,False,0.00000000,-1,-1,0.000000,0.000000,0.000000,False,Sin AprilTag: medicion congelada
1777334215.847267,False,False,0.00000000,-1,-1,0.000000,0.000000,0.000000,False,Sin AprilTag: medicion congelada
1777334215.897127,False,False,0.00000000,-1,-1,0.000000,0.000000,0.000000,False,Sin AprilTag: medicion congelada
1777334215.922268,False,False,0.00000000,-1,-1,0.000000,0.000000,0.000000,False,Sin AprilTag: medicion congelada
1777334215.951745,False,False,0.00000000,-1,-1,0.000000,0.000000,0.000000,False,Sin AprilTag: medicion congelada
1777334216.002541,False,False,0.00000000,-1,-1,0.000000,0.000000,0.000000,False,Sin AprilTag: medicion congelada
1777334216.052602,False,False,0.00000000,-1,-1,0.000000,0.000000,0.000000,False,Sin AprilTag: medicion congelada
1777334216.090599,False,False,0.00000000,-1,-1,0.000000,0.000000,0.000000,False,Sin AprilTag: medicion congelada
1777334216.128156,False,False,0.00000000,-1,-1,0.000000,0.000000,0.000000,False,Sin AprilTag: medicion congelada
1777334216.179622,False,False,0.00000000,-1,-1,0.000000,0.000000,0.000000,False,Sin AprilTag: medicion congelada
1777334216.221907,False,False,0.00000000,-1,-1,0.000000,0.000000,0.000000,False,Sin AprilTag: medicion congelada
1777334216.256738,False,False,0.00000000,-1,-1,0.000000,0.000000,0.000000,False,Sin AprilTag: medicion congelada
1777334216.322289,False,False,0.00000000,-1,-1,0.000000,0.000000,0.000000,False,Sin AprilTag: medicion congelada
1777334216.388143,False,False,0.00000000,-1,-1,0.000000,0.000000,0.000000,False,Sin AprilTag: medicion congelada
1777334216.433345,False,False,0.00000000,-1,-1,0.000000,0.000000,0.000000,False,Sin AprilTag: medicion congelada
1777334216.465588,False,False,0.00000000,-1,-1,0.000000,0.000000,0.000000,False,Sin AprilTag: medicion congelada
1777334216.516407,False,False,0.00000000,-1,-1,0.000000,0.000000,0.000000,False,Sin AprilTag: medicion congelada
1777334216.571647,False,False,0.00000000,-1,-1,0.000000,0.000000,0.000000,False,Sin AprilTag: medicion congelada
1777334216.622668,False,False,0.00000000,-1,-1,0.000000,0.000000,0.000000,False,Sin AprilTag: medicion congelada
1777334216.661042,False,False,0.00000000,-1,-1,0.000000,0.000000,0.000000,False,Sin AprilTag: medicion congelada
1777334216.700907,False,False,0.00000000,-1,-1,0.000000,0.000000,0.000000,False,Sin AprilTag: medicion congelada
1777334216.751127,False,False,0.00000000,-1,-1,0.000000,0.000000,0.000000,False,Sin AprilTag: medicion congelada
1777334216.791046,False,False,0.00000000,-1,-1,0.000000,0.000000,0.000000,False,Sin AprilTag: medicion congelada
1777334216.847033,False,False,0.00000000,-1,-1,0.000000,0.000000,0.000000,False,Sin AprilTag: medicion congelada
1777334216.881231,False,False,0.00000000,-1,-1,0.000000,0.000000,0.000000,False,Sin AprilTag: medicion congelada
1777334216.937452,False,False,0.00000000,-1,-1,0.000000,0.000000,0.000000,False,Sin AprilTag: medicion congelada
1777334216.975857,False,False,0.00000000,-1,-1,0.000000,0.000000,0.000000,False,Sin AprilTag: medicion congelada
1777334217.012526,False,False,0.00000000,-1,-1,0.000000,0.000000,0.000000,False,Sin AprilTag: medicion congelada
1777334217.062836,False,False,0.00000000,-1,-1,0.000000,0.000000,0.000000,False,Sin AprilTag: medicion congelada
1777334217.115568,False,False,0.00000000,-1,-1,0.000000,0.000000,0.000000,False,Sin AprilTag: medicion congelada
1777334217.153275,False,False,0.00000000,-1,-1,0.000000,0.000000,0.000000,False,Sin AprilTag: medicion congelada
1777334217.187243,False,False,0.00000000,-1,-1,0.000000,0.000000,0.000000,False,Sin AprilTag: medicion congelada
1777334217.229173,False,False,0.00000000,-1,-1,0.000000,0.000000,0.000000,False,Sin AprilTag: medicion congelada
1777334217.263440,False,False,0.00000000,-1,-1,0.000000,0.000000,0.000000,False,Sin AprilTag: medicion congelada
1777334217.298146,False,False,0.00000000,-1,-1,0.000000,0.000000,0.000000,False,Sin AprilTag: medicion congelada
1777334217.332896,False,False,0.00000000,-1,-1,0.000000,0.000000,0.000000,False,Sin AprilTag: medicion congelada
1777334217.381184,False,False,0.00000000,-1,-1,0.000000,0.000000,0.000000,False,Sin AprilTag: medicion congelada
1777334217.431641,False,False,0.00000000,-1,-1,0.000000,0.000000,0.000000,False,Sin AprilTag: medicion congelada
1777334217.466138,False,False,0.00000000,-1,-1,0.000000,0.000000,0.000000,False,Sin AprilTag: medicion congelada
1777334217.523799,False,False,0.00000000,-1,-1,0.000000,0.000000,0.000000,False,Sin AprilTag: medicion congelada
1777334217.583467,False,False,0.00000000,-1,-1,0.000000,0.000000,0.000000,False,Sin AprilTag: medicion congelada
1777334217.649601,False,False,0.00000000,-1,-1,0.000000,0.000000,0.000000,False,Sin AprilTag: medicion congelada
1777334217.694041,False,False,0.00000000,-1,-1,0.000000,0.000000,0.000000,False,Sin AprilTag: medicion congelada
1777334217.762663,False,False,0.00000000,-1,-1,0.000000,0.000000,0.000000,False,Sin AprilTag: medicion congelada
1777334217.819252,False,False,0.00000000,-1,-1,0.000000,0.000000,0.000000,False,Sin AprilTag: medicion congelada
1777334217.900054,False,False,0.00000000,-1,-1,0.000000,0.000000,0.000000,False,Sin AprilTag: medicion congelada
1777334217.936440,False,False,0.00000000,-1,-1,0.000000,0.000000,0.000000,False,Sin AprilTag: medicion congelada
1777334217.972220,False,False,0.00000000,-1,-1,0.000000,0.000000,0.000000,False,Sin AprilTag: medicion congelada
1777334218.013245,False,False,0.00000000,-1,-1,0.000000,0.000000,0.000000,False,Sin AprilTag: medicion congelada
1777334218.085252,False,False,0.00000000,-1,-1,0.000000,0.000000,0.000000,False,Sin AprilTag: medicion congelada
1777334218.156398,False,False,0.00000000,-1,-1,0.000000,0.000000,0.000000,False,Sin AprilTag: medicion congelada
1777334218.206746,False,False,0.00000000,-1,-1,0.000000,0.000000,0.000000,False,Sin AprilTag: medicion congelada
1777334218.241675,False,False,0.00000000,-1,-1,0.000000,0.000000,0.000000,False,Sin AprilTag: medicion congelada
1777334218.276353,False,False,0.00000000,-1,-1,0.000000,0.000000,0.000000,False,Sin AprilTag: medicion congelada
1777334218.328027,False,False,0.00000000,-1,-1,0.000000,0.000000,0.000000,False,Sin AprilTag: medicion congelada
1777334218.395177,False,False,0.00000000,-1,-1,0.000000,0.000000,0.000000,False,Sin AprilTag: medicion congelada
1777334218.446606,False,False,0.00000000,-1,-1,0.000000,0.000000,0.000000,False,Sin AprilTag: medicion congelada
1777334218.497145,False,False,0.00000000,-1,-1,0.000000,0.000000,0.000000,False,Sin AprilTag: medicion congelada
1777334218.546725,False,False,0.00000000,-1,-1,0.000000,0.000000,0.000000,False,Sin AprilTag: medicion congelada
1777334218.581033,False,False,0.00000000,-1,-1,0.000000,0.000000,0.000000,False,Sin AprilTag: medicion congelada
1777334218.615632,False,False,0.00000000,-1,-1,0.000000,0.000000,0.000000,False,Sin AprilTag: medicion congelada
1777334218.666827,False,False,0.00000000,-1,-1,0.000000,0.000000,0.000000,False,Sin AprilTag: medicion congelada
1777334218.719918,False,False,0.00000000,-1,-1,0.000000,0.000000,0.000000,False,Sin AprilTag: medicion congelada
1777334218.770650,False,False,0.00000000,-1,-1,0.000000,0.000000,0.000000,False,Sin AprilTag: medicion congelada
1777334218.821704,False,False,0.00000000,-1,-1,0.000000,0.000000,0.000000,False,Sin AprilTag: medicion congelada
1777334218.872157,False,False,0.00000000,-1,-1,0.000000,0.000000,0.000000,False,Sin AprilTag: medicion congelada
1777334218.907353,False,False,0.00000000,-1,-1,0.000000,0.000000,0.000000,False,Sin AprilTag: medicion congelada
1777334218.958890,False,False,0.00000000,-1,-1,0.000000,0.000000,0.000000,False,Sin AprilTag: medicion congelada
1777334218.992464,False,False,0.00000000,-1,-1,0.000000,0.000000,0.000000,False,Sin AprilTag: medicion congelada
1777334219.027708,False,False,0.00000000,-1,-1,0.000000,0.000000,0.000000,False,Sin AprilTag: medicion congelada
1777334219.062110,False,False,0.00000000,-1,-1,0.000000,0.000000,0.000000,False,Sin AprilTag: medicion congelada
1777334219.096400,False,False,0.00000000,-1,-1,0.000000,0.000000,0.000000,False,Sin AprilTag: medicion congelada
1777334219.131599,False,False,0.00000000,-1,-1,0.000000,0.000000,0.000000,False,Sin AprilTag: medicion congelada
1777334219.165896,False,False,0.00000000,-1,-1,0.000000,0.000000,0.000000,False,Sin AprilTag: medicion congelada
1777334219.199979,False,False,0.00000000,-1,-1,0.000000,0.000000,0.000000,False,Sin AprilTag: medicion congelada
1777334219.234368,False,False,0.00000000,-1,-1,0.000000,0.000000,0.000000,False,Sin AprilTag: medicion congelada
1777334219.268819,False,False,0.00000000,-1,-1,0.000000,0.000000,0.000000,False,Sin AprilTag: medicion congelada
1777334219.302905,False,False,0.00000000,-1,-1,0.000000,0.000000,0.000000,False,Sin AprilTag: medicion congelada
1777334219.337124,False,False,0.00000000,-1,-1,0.000000,0.000000,0.000000,False,Sin AprilTag: medicion congelada
1777334219.371152,False,False,0.00000000,-1,-1,0.000000,0.000000,0.000000,False,Sin AprilTag: medicion congelada
1777334219.405886,False,False,0.00000000,-1,-1,0.000000,0.000000,0.000000,False,Sin AprilTag: medicion congelada
1777334219.456756,False,False,0.00000000,-1,-1,0.000000,0.000000,0.000000,False,Sin AprilTag: medicion congelada
1777334219.496514,False,False,0.00000000,-1,-1,0.000000,0.000000,0.000000,False,Sin AprilTag: medicion congelada
1777334219.530898,False,False,0.00000000,-1,-1,0.000000,0.000000,0.000000,False,Sin AprilTag: medicion congelada
1777334219.565603,False,False,0.00000000,-1,-1,0.000000,0.000000,0.000000,False,Sin AprilTag: medicion congelada
1777334219.616054,False,False,0.00000000,-1,-1,0.000000,0.000000,0.000000,False,Sin AprilTag: medicion congelada
1777334219.683436,False,False,0.00000000,-1,-1,0.000000,0.000000,0.000000,False,Sin AprilTag: medicion congelada
1777334219.733789,False,False,0.00000000,-1,-1,0.000000,0.000000,0.000000,False,Sin AprilTag: medicion congelada
1777334219.769022,False,False,0.00000000,-1,-1,0.000000,0.000000,0.000000,False,Sin AprilTag: medicion congelada
1777334219.801961,False,False,0.00000000,-1,-1,0.000000,0.000000,0.000000,False,Sin AprilTag: medicion congelada
1777334219.836582,False,False,0.00000000,-1,-1,0.000000,0.000000,0.000000,False,Sin AprilTag: medicion congelada
1777334219.871303,False,False,0.00000000,-1,-1,0.000000,0.000000,0.000000,False,Sin AprilTag: medicion congelada
1777334219.905697,False,False,0.00000000,-1,-1,0.000000,0.000000,0.000000,False,Sin AprilTag: medicion congelada
1777334219.939122,False,False,0.00000000,-1,-1,0.000000,0.000000,0.000000,False,Sin AprilTag: medicion congelada
1777334219.973460,False,False,0.00000000,-1,-1,0.000000,0.000000,0.000000,False,Sin AprilTag: medicion congelada
1777334220.007993,False,False,0.00000000,-1,-1,0.000000,0.000000,0.000000,False,Sin AprilTag: medicion congelada
1777334220.048334,False,False,0.00000000,-1,-1,0.000000,0.000000,0.000000,False,Sin AprilTag: medicion congelada
1777334220.082291,False,False,0.00000000,-1,-1,0.000000,0.000000,0.000000,False,Sin AprilTag: medicion congelada
1777334220.116642,False,False,0.00000000,-1,-1,0.000000,0.000000,0.000000,False,Sin AprilTag: medicion congelada
1777334220.151513,False,False,0.00000000,-1,-1,0.000000,0.000000,0.000000,False,Sin AprilTag: medicion congelada
1777334220.185724,False,False,0.00000000,-1,-1,0.000000,0.000000,0.000000,False,Sin AprilTag: medicion congelada
1777334220.236426,False,False,0.00000000,-1,-1,0.000000,0.000000,0.000000,False,Sin AprilTag: medicion congelada
1777334220.286783,False,False,0.00000000,-1,-1,0.000000,0.000000,0.000000,False,Sin AprilTag: medicion congelada
1777334220.335183,False,False,0.00000000,-1,-1,0.000000,0.000000,0.000000,False,Sin AprilTag: medicion congelada
1777334220.385007,False,False,0.00000000,-1,-1,0.000000,0.000000,0.000000,False,Sin AprilTag: medicion congelada
1777334220.435098,False,False,0.00000000,-1,-1,0.000000,0.000000,0.000000,False,Sin AprilTag: medicion congelada
1777334220.486393,False,False,0.00000000,-1,-1,0.000000,0.000000,0.000000,False,Sin AprilTag: medicion congelada
1777334220.532343,False,False,0.00000000,-1,-1,0.000000,0.000000,0.000000,False,Sin AprilTag: medicion congelada
1777334220.567202,False,False,0.00000000,-1,-1,0.000000,0.000000,0.000000,False,Sin AprilTag: medicion congelada
1777334220.601501,False,False,0.00000000,-1,-1,0.000000,0.000000,0.000000,False,Sin AprilTag: medicion congelada
1777334220.636217,False,False,0.00000000,-1,-1,0.000000,0.000000,0.000000,False,Sin AprilTag: medicion congelada
1777334220.670102,False,False,0.00000000,-1,-1,0.000000,0.000000,0.000000,False,Sin AprilTag: medicion congelada
1777334220.720169,False,False,0.00000000,-1,-1,0.000000,0.000000,0.000000,False,Sin AprilTag: medicion congelada
1777334220.769810,False,False,0.00000000,-1,-1,0.000000,0.000000,0.000000,False,Sin AprilTag: medicion congelada
1777334220.820098,False,False,0.00000000,-1,-1,0.000000,0.000000,0.000000,False,Sin AprilTag: medicion congelada
1777334220.854819,False,False,0.00000000,-1,-1,0.000000,0.000000,0.000000,False,Sin AprilTag: medicion congelada
1777334220.888175,False,False,0.00000000,-1,-1,0.000000,0.000000,0.000000,False,Sin AprilTag: medicion congelada
1777334220.922340,False,False,0.00000000,-1,-1,0.000000,0.000000,0.000000,False,Sin AprilTag: medicion congelada
1777334220.956681,False,False,0.00000000,-1,-1,0.000000,0.000000,0.000000,False,Sin AprilTag: medicion congelada
1777334220.994806,False,False,0.00000000,-1,-1,0.000000,0.000000,0.000000,False,Sin AprilTag: medicion congelada
1777334221.028926,False,False,0.00000000,-1,-1,0.000000,0.000000,0.000000,False,Sin AprilTag: medicion congelada
1777334221.079093,False,False,0.00000000,-1,-1,0.000000,0.000000,0.000000,False,Sin AprilTag: medicion congelada
1777334221.129437,False,False,0.00000000,-1,-1,0.000000,0.000000,0.000000,False,Sin AprilTag: medicion congelada
1777334221.163274,False,False,0.00000000,-1,-1,0.000000,0.000000,0.000000,False,Sin AprilTag: medicion congelada
1777334221.197221,False,False,0.00000000,-1,-1,0.000000,0.000000,0.000000,False,Sin AprilTag: medicion congelada
1777334221.231304,False,False,0.00000000,-1,-1,0.000000,0.000000,0.000000,False,Sin AprilTag: medicion congelada
1777334221.301696,False,False,0.00000000,-1,-1,0.000000,0.000000,0.000000,False,Sin AprilTag: medicion congelada
1777334221.367283,False,False,0.00000000,-1,-1,0.000000,0.000000,0.000000,False,Sin AprilTag: medicion congelada
1777334221.418066,False,False,0.00000000,-1,-1,0.000000,0.000000,0.000000,False,Sin AprilTag: medicion congelada
1777334221.468825,False,False,0.00000000,-1,-1,0.000000,0.000000,0.000000,False,Sin AprilTag: medicion congelada
1777334221.519441,False,False,0.00000000,-1,-1,0.000000,0.000000,0.000000,False,Sin AprilTag: medicion congelada
1777334221.568936,False,False,0.00000000,-1,-1,0.000000,0.000000,0.000000,False,Sin AprilTag: medicion congelada
1777334221.603960,False,False,0.00000000,-1,-1,0.000000,0.000000,0.000000,False,Sin AprilTag: medicion congelada
1777334221.637215,False,False,0.00000000,-1,-1,0.000000,0.000000,0.000000,False,Sin AprilTag: medicion congelada
1777334221.672111,False,False,0.00000000,-1,-1,0.000000,0.000000,0.000000,False,Sin AprilTag: medicion congelada
1777334221.708613,False,False,0.00000000,-1,-1,0.000000,0.000000,0.000000,False,Sin AprilTag: medicion congelada
1777334221.744721,False,False,0.00000000,-1,-1,0.000000,0.000000,0.000000,False,Sin AprilTag: medicion congelada
1777334221.778727,False,False,0.00000000,-1,-1,0.000000,0.000000,0.000000,False,Sin AprilTag: medicion congelada
1777334221.813562,False,False,0.00000000,-1,-1,0.000000,0.000000,0.000000,False,Sin AprilTag: medicion congelada
1777334221.847939,False,False,0.00000000,-1,-1,0.000000,0.000000,0.000000,False,Sin AprilTag: medicion congelada
1777334221.882255,False,False,0.00000000,-1,-1,0.000000,0.000000,0.000000,False,Sin AprilTag: medicion congelada
1777334221.916460,False,False,0.00000000,-1,-1,0.000000,0.000000,0.000000,False,Sin AprilTag: medicion congelada
1777334221.951039,False,False,0.00000000,-1,-1,0.000000,0.000000,0.000000,False,Sin AprilTag: medicion congelada
1777334221.985493,False,False,0.00000000,-1,-1,0.000000,0.000000,0.000000,False,Sin AprilTag: medicion congelada
1777334222.019543,False,False,0.00000000,-1,-1,0.000000,0.000000,0.000000,False,Sin AprilTag: medicion congelada
1777334222.053518,False,False,0.00000000,-1,-1,0.000000,0.000000,0.000000,False,Sin AprilTag: medicion congelada
1777334222.087461,False,False,0.00000000,-1,-1,0.000000,0.000000,0.000000,False,Sin AprilTag: medicion congelada
1777334222.120269,False,False,0.00000000,-1,-1,0.000000,0.000000,0.000000,False,Sin AprilTag: medicion congelada
1777334222.154516,False,False,0.00000000,-1,-1,0.000000,0.000000,0.000000,False,Sin AprilTag: medicion congelada
1777334222.188251,False,False,0.00000000,-1,-1,0.000000,0.000000,0.000000,False,Sin AprilTag: medicion congelada
1777334222.222238,False,False,0.00000000,-1,-1,0.000000,0.000000,0.000000,False,Sin AprilTag: medicion congelada
1777334222.272764,False,False,0.00000000,-1,-1,0.000000,0.000000,0.000000,False,Sin AprilTag: medicion congelada
1777334222.322455,False,False,0.00000000,-1,-1,0.000000,0.000000,0.000000,False,Sin AprilTag: medicion congelada
1777334222.373426,False,False,0.00000000,-1,-1,0.000000,0.000000,0.000000,False,Sin AprilTag: medicion congelada
1777334222.423856,False,False,0.00000000,-1,-1,0.000000,0.000000,0.000000,False,Sin AprilTag: medicion congelada
1777334222.458136,False,False,0.00000000,-1,-1,0.000000,0.000000,0.000000,False,Sin AprilTag: medicion congelada
1777334222.493311,False,False,0.00000000,-1,-1,0.000000,0.000000,0.000000,False,Sin AprilTag: medicion congelada
1777334222.567299,False,False,0.00000000,-1,-1,0.000000,0.000000,0.000000,False,Sin AprilTag: medicion congelada
1777334222.632799,False,False,0.00000000,-1,-1,0.000000,0.000000,0.000000,False,Sin AprilTag: medicion congelada
1777334222.683890,False,False,0.00000000,-1,-1,0.000000,0.000000,0.000000,False,Sin AprilTag: medicion congelada
1777334222.733643,False,False,0.00000000,-1,-1,0.000000,0.000000,0.000000,False,Sin AprilTag: medicion congelada
1777334222.767709,False,False,0.00000000,-1,-1,0.000000,0.000000,0.000000,False,Sin AprilTag: medicion congelada
1777334222.801622,False,False,0.00000000,-1,-1,0.000000,0.000000,0.000000,False,Sin AprilTag: medicion congelada
1777334222.835049,False,False,0.00000000,-1,-1,0.000000,0.000000,0.000000,False,Sin AprilTag: medicion congelada
1777334222.869682,False,False,0.00000000,-1,-1,0.000000,0.000000,0.000000,False,Sin AprilTag: medicion congelada
1777334222.920349,False,False,0.00000000,-1,-1,0.000000,0.000000,0.000000,False,Sin AprilTag: medicion congelada
1777334222.970589,False,False,0.00000000,-1,-1,0.000000,0.000000,0.000000,False,Sin AprilTag: medicion congelada
1777334223.004547,False,False,0.00000000,-1,-1,0.000000,0.000000,0.000000,False,Sin AprilTag: medicion congelada
1777334223.055798,False,False,0.00000000,-1,-1,0.000000,0.000000,0.000000,False,Sin AprilTag: medicion congelada
1777334223.105502,False,False,0.00000000,-1,-1,0.000000,0.000000,0.000000,False,Sin AprilTag: medicion congelada
1777334223.140125,False,False,0.00000000,-1,-1,0.000000,0.000000,0.000000,False,Sin AprilTag: medicion congelada
1777334223.174325,False,False,0.00000000,-1,-1,0.000000,0.000000,0.000000,False,Sin AprilTag: medicion congelada
1777334223.214938,False,False,0.00000000,-1,-1,0.000000,0.000000,0.000000,False,Sin AprilTag: medicion congelada
1777334223.282429,False,False,0.00000000,-1,-1,0.000000,0.000000,0.000000,False,Sin AprilTag: medicion congelada
1777334223.331264,False,False,0.00000000,-1,-1,0.000000,0.000000,0.000000,False,Sin AprilTag: medicion congelada
1777334223.365662,False,False,0.00000000,-1,-1,0.000000,0.000000,0.000000,False,Sin AprilTag: medicion congelada
1777334223.400177,False,False,0.00000000,-1,-1,0.000000,0.000000,0.000000,False,Sin AprilTag: medicion congelada
1777334223.434287,False,False,0.00000000,-1,-1,0.000000,0.000000,0.000000,False,Sin AprilTag: medicion congelada
1777334223.466393,False,False,0.00000000,-1,-1,0.000000,0.000000,0.000000,False,Sin AprilTag: medicion congelada
1777334223.501947,True,False,0.08692346,-1,-1,0.000000,0.000000,0.000000,False,Sin objeto: medicion congelada
1777334223.535929,True,False,0.08044796,-1,-1,0.000000,0.000000,0.000000,False,Sin objeto: medicion congelada
1777334223.570653,True,False,0.08048546,-1,-1,0.000000,0.000000,0.000000,False,Sin objeto: medicion congelada
1777334223.604829,True,False,0.08020182,-1,-1,0.000000,0.000000,0.000000,False,Sin objeto: medicion congelada
1777334223.661524,True,False,0.07874513,-1,-1,0.000000,0.000000,0.000000,False,Sin objeto: medicion congelada
1777334223.696077,False,False,0.00000000,-1,-1,0.000000,0.000000,0.000000,False,Sin AprilTag: medicion congelada
1777334223.729763,False,False,0.00000000,-1,-1,0.000000,0.000000,0.000000,False,Sin AprilTag: medicion congelada
1777334223.764438,False,False,0.00000000,-1,-1,0.000000,0.000000,0.000000,False,Sin AprilTag: medicion congelada
1777334223.803413,False,False,0.00000000,-1,-1,0.000000,0.000000,0.000000,False,Sin AprilTag: medicion congelada
1777334223.837136,False,False,0.00000000,-1,-1,0.000000,0.000000,0.000000,False,Sin AprilTag: medicion congelada
1777334223.871523,False,False,0.00000000,-1,-1,0.000000,0.000000,0.000000,False,Sin AprilTag: medicion congelada
1777334223.922811,False,False,0.00000000,-1,-1,0.000000,0.000000,0.000000,False,Sin AprilTag: medicion congelada
1777334223.972898,False,False,0.00000000,-1,-1,0.000000,0.000000,0.000000,False,Sin AprilTag: medicion congelada
1777334224.017020,True,False,0.08207678,-1,-1,0.000000,0.000000,0.000000,False,Sin objeto: medicion congelada
1777334224.050499,True,False,0.08300136,-1,-1,0.000000,0.000000,0.000000,False,Sin objeto: medicion congelada
1777334224.084736,True,False,0.08325895,-1,-1,0.000000,0.000000,0.000000,False,Sin objeto: medicion congelada
1777334224.135148,True,False,0.08294589,-1,-1,0.000000,0.000000,0.000000,False,Sin objeto: medicion congelada
1777334224.172777,False,False,0.00000000,-1,-1,0.000000,0.000000,0.000000,False,Sin AprilTag: medicion congelada
1777334224.206975,False,False,0.00000000,-1,-1,0.000000,0.000000,0.000000,False,Sin AprilTag: medicion congelada
1777334224.243960,False,False,0.00000000,-1,-1,0.000000,0.000000,0.000000,False,Sin AprilTag: medicion congelada
1777334224.276989,False,False,0.00000000,-1,-1,0.000000,0.000000,0.000000,False,Sin AprilTag: medicion congelada
1777334224.311972,False,False,0.00000000,-1,-1,0.000000,0.000000,0.000000,False,Sin AprilTag: medicion congelada
1777334224.344846,False,False,0.00000000,-1,-1,0.000000,0.000000,0.000000,False,Sin AprilTag: medicion congelada
1777334224.378829,False,False,0.00000000,-1,-1,0.000000,0.000000,0.000000,False,Sin AprilTag: medicion congelada
1777334224.413021,False,False,0.00000000,-1,-1,0.000000,0.000000,0.000000,False,Sin AprilTag: medicion congelada
1777334224.446974,False,False,0.00000000,-1,-1,0.000000,0.000000,0.000000,False,Sin AprilTag: medicion congelada
1777334224.482007,False,False,0.00000000,-1,-1,0.000000,0.000000,0.000000,False,Sin AprilTag: medicion congelada
1777334224.516277,False,False,0.00000000,-1,-1,0.000000,0.000000,0.000000,False,Sin AprilTag: medicion congelada
1777334224.550935,False,False,0.00000000,-1,-1,0.000000,0.000000,0.000000,False,Sin AprilTag: medicion congelada
1777334224.585102,False,False,0.00000000,-1,-1,0.000000,0.000000,0.000000,False,Sin AprilTag: medicion congelada
1777334224.620211,True,False,0.08578912,-1,-1,0.000000,0.000000,0.000000,False,Sin objeto: medicion congelada
1777334224.654482,True,False,0.08591694,-1,-1,0.000000,0.000000,0.000000,False,Sin objeto: medicion congelada
1777334224.688770,False,False,0.00000000,-1,-1,0.000000,0.000000,0.000000,False,Sin AprilTag: medicion congelada
1777334224.723657,False,False,0.00000000,-1,-1,0.000000,0.000000,0.000000,False,Sin AprilTag: medicion congelada
1777334224.758138,False,False,0.00000000,-1,-1,0.000000,0.000000,0.000000,False,Sin AprilTag: medicion congelada
1777334224.793059,False,False,0.00000000,-1,-1,0.000000,0.000000,0.000000,False,Sin AprilTag: medicion congelada
1777334224.827357,False,False,0.00000000,-1,-1,0.000000,0.000000,0.000000,False,Sin AprilTag: medicion congelada
1777334224.879409,False,False,0.00000000,-1,-1,0.000000,0.000000,0.000000,False,Sin AprilTag: medicion congelada
1777334224.929458,False,False,0.00000000,-1,-1,0.000000,0.000000,0.000000,False,Sin AprilTag: medicion congelada
1777334224.963759,False,False,0.00000000,-1,-1,0.000000,0.000000,0.000000,False,Sin AprilTag: medicion congelada
1777334224.997852,False,False,0.00000000,-1,-1,0.000000,0.000000,0.000000,False,Sin AprilTag: medicion congelada
1777334225.033926,False,False,0.00000000,-1,-1,0.000000,0.000000,0.000000,False,Sin AprilTag: medicion congelada
1777334225.068457,False,False,0.00000000,-1,-1,0.000000,0.000000,0.000000,False,Sin AprilTag: medicion congelada
1777334225.100959,False,False,0.00000000,-1,-1,0.000000,0.000000,0.000000,False,Sin AprilTag: medicion congelada
1777334225.134889,False,False,0.00000000,-1,-1,0.000000,0.000000,0.000000,False,Sin AprilTag: medicion congelada
1777334225.169330,False,False,0.00000000,-1,-1,0.000000,0.000000,0.000000,False,Sin AprilTag: medicion congelada
1777334225.203691,False,False,0.00000000,-1,-1,0.000000,0.000000,0.000000,False,Sin AprilTag: medicion congelada
1777334225.237993,False,False,0.00000000,-1,-1,0.000000,0.000000,0.000000,False,Sin AprilTag: medicion congelada
1777334225.294926,False,False,0.00000000,-1,-1,0.000000,0.000000,0.000000,False,Sin AprilTag: medicion congelada
1777334225.345353,False,False,0.00000000,-1,-1,0.000000,0.000000,0.000000,False,Sin AprilTag: medicion congelada
1777334225.395469,False,False,0.00000000,-1,-1,0.000000,0.000000,0.000000,False,Sin AprilTag: medicion congelada
1777334225.445907,False,False,0.00000000,-1,-1,0.000000,0.000000,0.000000,False,Sin AprilTag: medicion congelada
1777334225.479659,False,False,0.00000000,-1,-1,0.000000,0.000000,0.000000,False,Sin AprilTag: medicion congelada
1777334225.514463,False,False,0.00000000,-1,-1,0.000000,0.000000,0.000000,False,Sin AprilTag: medicion congelada
1777334225.548416,False,False,0.00000000,-1,-1,0.000000,0.000000,0.000000,False,Sin AprilTag: medicion congelada
1777334225.582922,False,False,0.00000000,-1,-1,0.000000,0.000000,0.000000,False,Sin AprilTag: medicion congelada
1777334225.617384,False,False,0.00000000,-1,-1,0.000000,0.000000,0.000000,False,Sin AprilTag: medicion congelada
1777334225.652055,False,False,0.00000000,-1,-1,0.000000,0.000000,0.000000,False,Sin AprilTag: medicion congelada
1777334225.685997,False,False,0.00000000,-1,-1,0.000000,0.000000,0.000000,False,Sin AprilTag: medicion congelada
1777334225.722289,False,False,0.00000000,-1,-1,0.000000,0.000000,0.000000,False,Sin AprilTag: medicion congelada
1777334225.757859,False,False,0.00000000,-1,-1,0.000000,0.000000,0.000000,False,Sin AprilTag: medicion congelada
1777334225.791480,False,False,0.00000000,-1,-1,0.000000,0.000000,0.000000,False,Sin AprilTag: medicion congelada
1777334225.842711,False,False,0.00000000,-1,-1,0.000000,0.000000,0.000000,False,Sin AprilTag: medicion congelada
1777334225.893652,False,False,0.00000000,-1,-1,0.000000,0.000000,0.000000,False,Sin AprilTag: medicion congelada
1777334225.943557,False,False,0.00000000,-1,-1,0.000000,0.000000,0.000000,False,Sin AprilTag: medicion congelada
1777334225.976332,False,False,0.00000000,-1,-1,0.000000,0.000000,0.000000,False,Sin AprilTag: medicion congelada
1777334226.010904,False,False,0.00000000,-1,-1,0.000000,0.000000,0.000000,False,Sin AprilTag: medicion congelada
1777334226.078327,False,False,0.00000000,-1,-1,0.000000,0.000000,0.000000,False,Sin AprilTag: medicion congelada
1777334226.123759,False,False,0.00000000,-1,-1,0.000000,0.000000,0.000000,False,Sin AprilTag: medicion congelada
1777334226.157706,False,False,0.00000000,-1,-1,0.000000,0.000000,0.000000,False,Sin AprilTag: medicion congelada
1777334226.191837,False,False,0.00000000,-1,-1,0.000000,0.000000,0.000000,False,Sin AprilTag: medicion congelada
1777334226.226143,True,False,0.09454038,-1,-1,0.000000,0.000000,0.000000,False,Sin objeto: medicion congelada
1777334226.260256,False,False,0.00000000,-1,-1,0.000000,0.000000,0.000000,False,Sin AprilTag: medicion congelada
1777334226.294309,True,False,0.09445414,-1,-1,0.000000,0.000000,0.000000,False,Sin objeto: medicion congelada
1777334226.328514,False,False,0.00000000,-1,-1,0.000000,0.000000,0.000000,False,Sin AprilTag: medicion congelada
1777334226.363169,False,False,0.00000000,-1,-1,0.000000,0.000000,0.000000,False,Sin AprilTag: medicion congelada
1777334226.396430,True,False,0.09458494,-1,-1,0.000000,0.000000,0.000000,False,Sin objeto: medicion congelada
1777334226.430562,True,False,0.09458188,-1,-1,0.000000,0.000000,0.000000,False,Sin objeto: medicion congelada
1777334226.464416,True,False,0.09449844,-1,-1,0.000000,0.000000,0.000000,False,Sin objeto: medicion congelada
1777334226.498738,False,False,0.00000000,-1,-1,0.000000,0.000000,0.000000,False,Sin AprilTag: medicion congelada
1777334226.532902,False,False,0.00000000,-1,-1,0.000000,0.000000,0.000000,False,Sin AprilTag: medicion congelada
1777334226.567134,False,False,0.00000000,-1,-1,0.000000,0.000000,0.000000,False,Sin AprilTag: medicion congelada
1777334226.600955,False,False,0.00000000,-1,-1,0.000000,0.000000,0.000000,False,Sin AprilTag: medicion congelada
1777334226.635502,False,False,0.00000000,-1,-1,0.000000,0.000000,0.000000,False,Sin AprilTag: medicion congelada
1777334226.669754,True,False,0.09262357,-1,-1,0.000000,0.000000,0.000000,False,Sin objeto: medicion congelada
1777334226.703784,True,False,0.09219334,-1,-1,0.000000,0.000000,0.000000,False,Sin objeto: medicion congelada
1777334226.738688,False,False,0.00000000,-1,-1,0.000000,0.000000,0.000000,False,Sin AprilTag: medicion congelada
1777334226.772261,False,False,0.00000000,-1,-1,0.000000,0.000000,0.000000,False,Sin AprilTag: medicion congelada
1777334226.806389,False,False,0.00000000,-1,-1,0.000000,0.000000,0.000000,False,Sin AprilTag: medicion congelada
1777334226.841344,False,False,0.00000000,-1,-1,0.000000,0.000000,0.000000,False,Sin AprilTag: medicion congelada
1777334226.875809,True,False,0.09058329,-1,-1,0.000000,0.000000,0.000000,False,Sin objeto: medicion congelada
1777334226.910188,False,False,0.00000000,-1,-1,0.000000,0.000000,0.000000,False,Sin AprilTag: medicion congelada
1777334226.944384,False,False,0.00000000,-1,-1,0.000000,0.000000,0.000000,False,Sin AprilTag: medicion congelada
1777334226.978042,False,False,0.00000000,-1,-1,0.000000,0.000000,0.000000,False,Sin AprilTag: medicion congelada
1777334227.012313,True,False,0.09011600,-1,-1,0.000000,0.000000,0.000000,False,Sin objeto: medicion congelada
1777334227.046915,False,False,0.00000000,-1,-1,0.000000,0.000000,0.000000,False,Sin AprilTag: medicion congelada
1777334227.080559,False,False,0.00000000,-1,-1,0.000000,0.000000,0.000000,False,Sin AprilTag: medicion congelada
1777334227.114674,False,False,0.00000000,-1,-1,0.000000,0.000000,0.000000,False,Sin AprilTag: medicion congelada
1777334227.149104,False,False,0.00000000,-1,-1,0.000000,0.000000,0.000000,False,Sin AprilTag: medicion congelada
1777334227.182388,False,False,0.00000000,-1,-1,0.000000,0.000000,0.000000,False,Sin AprilTag: medicion congelada
1777334227.210565,False,False,0.00000000,-1,-1,0.000000,0.000000,0.000000,False,Sin AprilTag: medicion congelada
1777334227.244553,False,False,0.00000000,-1,-1,0.000000,0.000000,0.000000,False,Sin AprilTag: medicion congelada
1777334227.279142,False,False,0.00000000,-1,-1,0.000000,0.000000,0.000000,False,Sin AprilTag: medicion congelada
1777334227.312946,False,False,0.00000000,-1,-1,0.000000,0.000000,0.000000,False,Sin AprilTag: medicion congelada
1777334227.347306,False,False,0.00000000,-1,-1,0.000000,0.000000,0.000000,False,Sin AprilTag: medicion congelada
1777334227.370625,False,False,0.00000000,-1,-1,0.000000,0.000000,0.000000,False,Sin AprilTag: medicion congelada
1777334227.405155,False,False,0.00000000,-1,-1,0.000000,0.000000,0.000000,False,Sin AprilTag: medicion congelada
1777334227.439601,False,False,0.00000000,-1,-1,0.000000,0.000000,0.000000,False,Sin AprilTag: medicion congelada
1777334227.473896,False,False,0.00000000,-1,-1,0.000000,0.000000,0.000000,False,Sin AprilTag: medicion congelada
1777334227.507945,False,False,0.00000000,-1,-1,0.000000,0.000000,0.000000,False,Sin AprilTag: medicion congelada
1777334227.542231,False,False,0.00000000,-1,-1,0.000000,0.000000,0.000000,False,Sin AprilTag: medicion congelada
1777334227.577899,True,False,0.09335767,-1,-1,0.000000,0.000000,0.000000,False,Sin objeto: medicion congelada
1777334227.611435,True,False,0.09520549,-1,-1,0.000000,0.000000,0.000000,False,Sin objeto: medicion congelada
1777334227.645917,True,False,0.09677213,-1,-1,0.000000,0.000000,0.000000,False,Sin objeto: medicion congelada
1777334227.679792,True,False,0.09831732,-1,-1,0.000000,0.000000,0.000000,False,Sin objeto: medicion congelada
1777334227.713945,True,False,0.09986717,-1,-1,0.000000,0.000000,0.000000,False,Sin objeto: medicion congelada
1777334227.747528,True,False,0.10198132,-1,-1,0.000000,0.000000,0.000000,False,Sin objeto: medicion congelada
1777334227.781570,True,False,0.10300810,-1,-1,0.000000,0.000000,0.000000,False,Sin objeto: medicion congelada
1777334227.816019,True,False,0.10407275,-1,-1,0.000000,0.000000,0.000000,False,Sin objeto: medicion congelada
1777334227.850223,True,False,0.10520305,-1,-1,0.000000,0.000000,0.000000,False,Sin objeto: medicion congelada
1777334227.884413,True,False,0.10634207,-1,-1,0.000000,0.000000,0.000000,False,Sin objeto: medicion congelada
1777334227.918228,True,False,0.10739323,-1,-1,0.000000,0.000000,0.000000,False,Sin objeto: medicion congelada
1777334227.952050,True,False,0.10812596,-1,-1,0.000000,0.000000,0.000000,False,Sin objeto: medicion congelada
1777334227.986502,True,False,0.10869667,-1,-1,0.000000,0.000000,0.000000,False,Sin objeto: medicion congelada
1777334228.019537,True,False,0.10912635,-1,-1,0.000000,0.000000,0.000000,False,Sin objeto: medicion congelada
1777334228.052653,True,False,0.10912635,-1,-1,0.000000,0.000000,0.000000,False,Sin objeto: medicion congelada
1777334228.087504,True,False,0.10922087,-1,-1,0.000000,0.000000,0.000000,False,Sin objeto: medicion congelada
1777334228.110566,True,False,0.10881825,-1,-1,0.000000,0.000000,0.000000,False,Sin objeto: medicion congelada
1777334228.145312,True,False,0.10836810,-1,-1,0.000000,0.000000,0.000000,False,Sin objeto: medicion congelada
1777334228.169584,True,False,0.10839668,-1,-1,0.000000,0.000000,0.000000,False,Sin objeto: medicion congelada
1777334228.203927,True,False,0.10870831,-1,-1,0.000000,0.000000,0.000000,False,Sin objeto: medicion congelada
1777334228.239070,True,False,0.10889083,-1,-1,0.000000,0.000000,0.000000,False,Sin objeto: medicion congelada
1777334228.273107,True,False,0.10910886,-1,-1,0.000000,0.000000,0.000000,False,Sin objeto: medicion congelada
1777334228.311978,True,False,0.10931923,-1,-1,0.000000,0.000000,0.000000,False,Sin objeto: medicion congelada
1777334228.346567,True,False,0.10940199,-1,-1,0.000000,0.000000,0.000000,False,Sin objeto: medicion congelada
1777334228.382125,True,False,0.10923003,-1,-1,0.000000,0.000000,0.000000,False,Sin objeto: medicion congelada
1777334228.432700,True,False,0.10910087,-1,-1,0.000000,0.000000,0.000000,False,Sin objeto: medicion congelada
1777334228.466653,True,False,0.10887669,-1,-1,0.000000,0.000000,0.000000,False,Sin objeto: medicion congelada
1777334228.518671,True,False,0.10812646,-1,-1,0.000000,0.000000,0.000000,False,Sin objeto: medicion congelada
1777334228.543063,True,False,0.10833501,-1,-1,0.000000,0.000000,0.000000,False,Sin objeto: medicion congelada
1777334228.590378,True,False,0.10842064,-1,-1,0.000000,0.000000,0.000000,False,Sin objeto: medicion congelada
1777334228.622605,True,False,0.10855093,-1,-1,0.000000,0.000000,0.000000,False,Sin objeto: medicion congelada
1777334228.672208,True,False,0.10868569,-1,-1,0.000000,0.000000,0.000000,False,Sin objeto: medicion congelada
1777334228.706136,True,False,0.10882764,-1,-1,0.000000,0.000000,0.000000,False,Sin objeto: medicion congelada
1777334228.734617,True,False,0.10877255,-1,-1,0.000000,0.000000,0.000000,False,Sin objeto: medicion congelada
1777334228.769320,True,False,0.10866455,-1,-1,0.000000,0.000000,0.000000,False,Sin objeto: medicion congelada
1777334228.803225,True,False,0.10878983,-1,-1,0.000000,0.000000,0.000000,False,Sin objeto: medicion congelada
1777334228.833675,True,False,0.10861566,-1,-1,0.000000,0.000000,0.000000,False,Sin objeto: medicion congelada
1777334228.867405,True,False,0.10871777,-1,-1,0.000000,0.000000,0.000000,False,Sin objeto: medicion congelada
1777334228.905169,True,False,0.10869279,-1,-1,0.000000,0.000000,0.000000,False,Sin objeto: medicion congelada
1777334228.939689,True,False,0.10861360,-1,-1,0.000000,0.000000,0.000000,False,Sin objeto: medicion congelada
1777334228.974095,True,False,0.10861202,-1,-1,0.000000,0.000000,0.000000,False,Sin objeto: medicion congelada
1777334229.007623,True,False,0.10872621,-1,-1,0.000000,0.000000,0.000000,False,Sin objeto: medicion congelada
1777334229.029630,True,False,0.10870931,-1,-1,0.000000,0.000000,0.000000,False,Sin objeto: medicion congelada
1777334229.063553,True,False,0.10871587,-1,-1,0.000000,0.000000,0.000000,False,Sin objeto: medicion congelada
1777334229.096572,True,False,0.10870191,-1,-1,0.000000,0.000000,0.000000,False,Sin objeto: medicion congelada
1777334229.130649,True,False,0.10873641,-1,-1,0.000000,0.000000,0.000000,False,Sin objeto: medicion congelada
1777334229.165877,True,False,0.10883499,-1,-1,0.000000,0.000000,0.000000,False,Sin objeto: medicion congelada
1777334229.209168,True,False,0.10892226,-1,-1,0.000000,0.000000,0.000000,False,Sin objeto: medicion congelada
1777334229.244834,True,False,0.10905092,-1,-1,0.000000,0.000000,0.000000,False,Sin objeto: medicion congelada
1777334229.270695,True,False,0.10927130,-1,-1,0.000000,0.000000,0.000000,False,Sin objeto: medicion congelada
1777334229.305659,True,False,0.10921209,-1,-1,0.000000,0.000000,0.000000,False,Sin objeto: medicion congelada
1777334229.340359,True,False,0.10931748,-1,-1,0.000000,0.000000,0.000000,False,Sin objeto: medicion congelada
1777334229.374837,True,False,0.10936557,-1,-1,0.000000,0.000000,0.000000,False,Sin objeto: medicion congelada
1777334229.409465,True,False,0.10964655,-1,-1,0.000000,0.000000,0.000000,False,Sin objeto: medicion congelada
1777334229.439893,True,False,0.11034175,-1,-1,0.000000,0.000000,0.000000,False,Sin objeto: medicion congelada
1777334229.474060,True,False,0.11088378,-1,-1,0.000000,0.000000,0.000000,False,Sin objeto: medicion congelada
1777334229.509813,True,False,0.11130553,-1,-1,0.000000,0.000000,0.000000,False,Sin objeto: medicion congelada
1777334229.542899,True,False,0.11179851,-1,-1,0.000000,0.000000,0.000000,False,Sin objeto: medicion congelada
1777334229.567495,True,False,0.11222411,-1,-1,0.000000,0.000000,0.000000,False,Sin objeto: medicion congelada
1777334229.604507,True,False,0.11239646,-1,-1,0.000000,0.000000,0.000000,False,Sin objeto: medicion congelada
1777334229.631947,True,False,0.11272701,-1,-1,0.000000,0.000000,0.000000,False,Sin objeto: medicion congelada
1777334229.666641,True,False,0.11333578,-1,-1,0.000000,0.000000,0.000000,False,Sin objeto: medicion congelada
1777334229.701134,True,False,0.11376838,-1,-1,0.000000,0.000000,0.000000,False,Sin objeto: medicion congelada
1777334229.728502,True,False,0.11367585,-1,-1,0.000000,0.000000,0.000000,False,Sin objeto: medicion congelada
1777334229.759542,True,False,0.11415031,-1,-1,0.000000,0.000000,0.000000,False,Sin objeto: medicion congelada
1777334229.793526,True,False,0.11446377,-1,-1,0.000000,0.000000,0.000000,False,Sin objeto: medicion congelada
1777334229.830206,True,False,0.11447582,-1,-1,0.000000,0.000000,0.000000,False,Sin objeto: medicion congelada
1777334229.870585,True,False,0.11478859,-1,-1,0.000000,0.000000,0.000000,False,Sin objeto: medicion congelada
1777334229.905264,True,False,0.11513297,-1,-1,0.000000,0.000000,0.000000,False,Sin objeto: medicion congelada
1777334229.941508,True,False,0.11513297,-1,-1,0.000000,0.000000,0.000000,False,Sin objeto: medicion congelada
1777334229.975601,True,False,0.11529403,-1,-1,0.000000,0.000000,0.000000,False,Sin objeto: medicion congelada
1777334229.999252,True,False,0.11529369,-1,-1,0.000000,0.000000,0.000000,False,Sin objeto: medicion congelada
1777334230.034203,True,False,0.11543032,-1,-1,0.000000,0.000000,0.000000,False,Sin objeto: medicion congelada
1777334230.063068,True,False,0.11572718,-1,-1,0.000000,0.000000,0.000000,False,Sin objeto: medicion congelada
1777334230.097119,True,False,0.11606606,-1,-1,0.000000,0.000000,0.000000,False,Sin objeto: medicion congelada
1777334230.132806,True,False,0.11641657,-1,-1,0.000000,0.000000,0.000000,False,Sin objeto: medicion congelada
1777334230.158954,True,False,0.11674151,-1,-1,0.000000,0.000000,0.000000,False,Sin objeto: medicion congelada
1777334230.189519,True,False,0.11705995,-1,-1,0.000000,0.000000,0.000000,False,Sin objeto: medicion congelada
1777334230.224600,True,False,0.11729300,-1,-1,0.000000,0.000000,0.000000,False,Sin objeto: medicion congelada
1777334230.258830,True,False,0.11782756,-1,-1,0.000000,0.000000,0.000000,False,Sin objeto: medicion congelada
1777334230.288060,True,False,0.11827657,-1,-1,0.000000,0.000000,0.000000,False,Sin objeto: medicion congelada
1777334230.320727,True,False,0.11868598,-1,-1,0.000000,0.000000,0.000000,False,Sin objeto: medicion congelada
1777334230.371107,True,False,0.11888608,-1,-1,0.000000,0.000000,0.000000,False,Sin objeto: medicion congelada
1777334230.441172,True,False,0.11863534,-1,-1,0.000000,0.000000,0.000000,False,Sin objeto: medicion congelada
1777334230.490883,True,False,0.11856769,-1,-1,0.000000,0.000000,0.000000,False,Sin objeto: medicion congelada
1777334230.528834,True,False,0.11861962,-1,-1,0.000000,0.000000,0.000000,False,Sin objeto: medicion congelada
1777334230.561195,True,False,0.11850403,-1,-1,0.000000,0.000000,0.000000,False,Sin objeto: medicion congelada
1777334230.592078,True,False,0.11848316,-1,-1,0.000000,0.000000,0.000000,False,Sin objeto: medicion congelada
1777334230.642311,True,False,0.11850747,-1,-1,0.000000,0.000000,0.000000,False,Sin objeto: medicion congelada
1777334230.676144,True,False,0.11829733,-1,-1,0.000000,0.000000,0.000000,False,Sin objeto: medicion congelada
1777334230.718119,True,False,0.11798065,-1,-1,0.000000,0.000000,0.000000,False,Sin objeto: medicion congelada
1777334230.758277,True,False,0.11812572,-1,-1,0.000000,0.000000,0.000000,False,Sin objeto: medicion congelada
1777334230.784255,True,False,0.11837518,-1,-1,0.000000,0.000000,0.000000,False,Sin objeto: medicion congelada
1777334230.834831,True,False,0.11895312,-1,-1,0.000000,0.000000,0.000000,False,Sin objeto: medicion congelada
1777334230.881495,True,False,0.11968838,-1,-1,0.000000,0.000000,0.000000,False,Sin objeto: medicion congelada
1777334230.915915,True,False,0.12034296,-1,-1,0.000000,0.000000,0.000000,False,Sin objeto: medicion congelada
1777334230.950172,True,False,0.12071926,-1,-1,0.000000,0.000000,0.000000,False,Sin objeto: medicion congelada
1777334230.987728,True,False,0.12083211,-1,-1,0.000000,0.000000,0.000000,False,Sin objeto: medicion congelada
1777334231.023656,True,False,0.12083756,-1,-1,0.000000,0.000000,0.000000,False,Sin objeto: medicion congelada
1777334231.059290,True,False,0.12083879,-1,-1,0.000000,0.000000,0.000000,False,Sin objeto: medicion congelada
1777334231.093668,True,False,0.12068987,-1,-1,0.000000,0.000000,0.000000,False,Sin objeto: medicion congelada
1777334231.128219,True,False,0.12046698,-1,-1,0.000000,0.000000,0.000000,False,Sin objeto: medicion congelada
1777334231.179105,True,False,0.12036569,-1,-1,0.000000,0.000000,0.000000,False,Sin objeto: medicion congelada
1777334231.229848,True,False,0.12034101,-1,-1,0.000000,0.000000,0.000000,False,Sin objeto: medicion congelada
1777334231.273207,True,False,0.12023135,-1,-1,0.000000,0.000000,0.000000,False,Sin objeto: medicion congelada
1777334231.308896,True,False,0.12009236,-1,-1,0.000000,0.000000,0.000000,False,Sin objeto: medicion congelada
1777334231.343182,True,False,0.12018641,-1,-1,0.000000,0.000000,0.000000,False,Sin objeto: medicion congelada
1777334231.384428,True,False,0.12028633,-1,-1,0.000000,0.000000,0.000000,False,Sin objeto: medicion congelada
1777334231.435965,True,False,0.12043438,-1,-1,0.000000,0.000000,0.000000,False,Sin objeto: medicion congelada
1777334231.486399,True,False,0.12080694,-1,-1,0.000000,0.000000,0.000000,False,Sin objeto: medicion congelada
1777334231.527881,True,False,0.12121829,-1,-1,0.000000,0.000000,0.000000,False,Sin objeto: medicion congelada
1777334231.558162,True,False,0.12214534,-1,-1,0.000000,0.000000,0.000000,False,Sin objeto: medicion congelada
1777334231.592283,True,False,0.12322611,-1,-1,0.000000,0.000000,0.000000,False,Sin objeto: medicion congelada
1777334231.628327,True,False,0.12417744,-1,-1,0.000000,0.000000,0.000000,False,Sin objeto: medicion congelada
1777334231.658054,True,False,0.12484909,-1,-1,0.000000,0.000000,0.000000,False,Sin objeto: medicion congelada
1777334231.692237,True,False,0.12626740,-1,-1,0.000000,0.000000,0.000000,False,Sin objeto: medicion congelada
1777334231.726999,True,False,0.12717518,-1,-1,0.000000,0.000000,0.000000,False,Sin objeto: medicion congelada
1777334231.759323,True,False,0.12770004,-1,-1,0.000000,0.000000,0.000000,False,Sin objeto: medicion congelada
1777334231.793638,True,False,0.12802174,-1,-1,0.000000,0.000000,0.000000,False,Sin objeto: medicion congelada
1777334231.827546,True,False,0.12776325,-1,-1,0.000000,0.000000,0.000000,False,Sin objeto: medicion congelada
1777334231.861395,True,False,0.12739178,-1,-1,0.000000,0.000000,0.000000,False,Sin objeto: medicion congelada
1777334231.896734,True,False,0.12739178,-1,-1,0.000000,0.000000,0.000000,False,Sin objeto: medicion congelada
1777334231.947464,True,False,0.12683729,-1,-1,0.000000,0.000000,0.000000,False,Sin objeto: medicion congelada
1777334231.986559,True,False,0.12629723,-1,-1,0.000000,0.000000,0.000000,False,Sin objeto: medicion congelada
1777334232.019322,True,False,0.12582429,-1,-1,0.000000,0.000000,0.000000,False,Sin objeto: medicion congelada
1777334232.053225,True,False,0.12566501,-1,-1,0.000000,0.000000,0.000000,False,Sin objeto: medicion congelada
1777334232.090860,True,False,0.12538426,-1,-1,0.000000,0.000000,0.000000,False,Sin objeto: medicion congelada
1777334232.124541,True,False,0.12552656,-1,-1,0.000000,0.000000,0.000000,False,Sin objeto: medicion congelada
1777334232.150609,True,False,0.12546191,-1,-1,0.000000,0.000000,0.000000,False,Sin objeto: medicion congelada
1777334232.185165,True,False,0.12549049,-1,-1,0.000000,0.000000,0.000000,False,Sin objeto: medicion congelada
1777334232.238052,True,False,0.12525682,-1,-1,0.000000,0.000000,0.000000,False,Sin objeto: medicion congelada
1777334232.272738,True,False,0.12480378,-1,-1,0.000000,0.000000,0.000000,False,Sin objeto: medicion congelada
1777334232.306889,True,False,0.12446982,-1,-1,0.000000,0.000000,0.000000,False,Sin objeto: medicion congelada
1777334232.340449,True,False,0.12429013,-1,-1,0.000000,0.000000,0.000000,False,Sin objeto: medicion congelada
1777334232.373425,True,False,0.12416426,-1,-1,0.000000,0.000000,0.000000,False,Sin objeto: medicion congelada
1777334232.410968,True,False,0.12393645,-1,-1,0.000000,0.000000,0.000000,False,Sin objeto: medicion congelada
1777334232.452589,True,False,0.12379975,-1,-1,0.000000,0.000000,0.000000,False,Sin objeto: medicion congelada
1777334232.495451,True,False,0.12376845,-1,-1,0.000000,0.000000,0.000000,False,Sin objeto: medicion congelada
1777334232.523533,True,False,0.12365449,-1,-1,0.000000,0.000000,0.000000,False,Sin objeto: medicion congelada
1777334232.558069,True,False,0.12399549,-1,-1,0.000000,0.000000,0.000000,False,Sin objeto: medicion congelada
1777334232.590888,True,False,0.12398385,-1,-1,0.000000,0.000000,0.000000,False,Sin objeto: medicion congelada
1777334232.625663,True,False,0.12398611,-1,-1,0.000000,0.000000,0.000000,False,Sin objeto: medicion congelada
1777334232.659257,True,False,0.12408252,-1,-1,0.000000,0.000000,0.000000,False,Sin objeto: medicion congelada
1777334232.687284,True,False,0.12409618,-1,-1,0.000000,0.000000,0.000000,False,Sin objeto: medicion congelada
1777334232.722294,True,False,0.12415334,-1,-1,0.000000,0.000000,0.000000,False,Sin objeto: medicion congelada
1777334232.759543,True,False,0.12432063,-1,-1,0.000000,0.000000,0.000000,False,Sin objeto: medicion congelada
1777334232.801739,True,False,0.12458025,-1,-1,0.000000,0.000000,0.000000,False,Sin objeto: medicion congelada
1777334232.836894,True,False,0.12486617,-1,-1,0.000000,0.000000,0.000000,False,Sin objeto: medicion congelada
1777334232.885246,True,False,0.12507654,-1,-1,0.000000,0.000000,0.000000,False,Sin objeto: medicion congelada
1777334232.924596,True,False,0.12563294,-1,-1,0.000000,0.000000,0.000000,False,Sin objeto: medicion congelada
1777334232.966081,True,False,0.12622814,-1,-1,0.000000,0.000000,0.000000,False,Sin objeto: medicion congelada
1777334233.001437,True,False,0.12647191,-1,-1,0.000000,0.000000,0.000000,False,Sin objeto: medicion congelada
1777334233.051233,True,False,0.12684576,-1,-1,0.000000,0.000000,0.000000,False,Sin objeto: medicion congelada
1777334233.102075,True,False,0.12700053,-1,-1,0.000000,0.000000,0.000000,False,Sin objeto: medicion congelada
1777334233.144004,True,False,0.12746234,-1,-1,0.000000,0.000000,0.000000,False,Sin objeto: medicion congelada
1777334233.179442,True,False,0.12851253,-1,-1,0.000000,0.000000,0.000000,False,Sin objeto: medicion congelada
1777334233.214052,True,False,0.13006738,-1,-1,0.000000,0.000000,0.000000,False,Sin objeto: medicion congelada
1777334233.246882,True,False,0.13032342,-1,-1,0.000000,0.000000,0.000000,False,Sin objeto: medicion congelada
1777334233.281026,True,False,0.13008992,-1,-1,0.000000,0.000000,0.000000,False,Sin objeto: medicion congelada
1777334233.310562,True,False,0.12901831,-1,-1,0.000000,0.000000,0.000000,False,Sin objeto: medicion congelada
1777334233.345079,True,False,0.12703517,-1,-1,0.000000,0.000000,0.000000,False,Sin objeto: medicion congelada
1777334233.379829,True,False,0.12443134,-1,-1,0.000000,0.000000,0.000000,False,Sin objeto: medicion congelada
1777334233.412979,True,False,0.12231250,-1,-1,0.000000,0.000000,0.000000,False,Sin objeto: medicion congelada
1777334233.447448,True,False,0.12083694,-1,-1,0.000000,0.000000,0.000000,False,Sin objeto: medicion congelada
1777334233.482199,True,False,0.12003276,-1,-1,0.000000,0.000000,0.000000,False,Sin objeto: medicion congelada
1777334233.534496,True,False,0.11942449,-1,-1,0.000000,0.000000,0.000000,False,Sin objeto: medicion congelada
1777334233.585275,True,False,0.11890022,-1,-1,0.000000,0.000000,0.000000,False,Sin objeto: medicion congelada
1777334233.628260,True,False,0.11854778,-1,-1,0.000000,0.000000,0.000000,False,Sin objeto: medicion congelada
1777334233.661918,True,False,0.11832117,-1,-1,0.000000,0.000000,0.000000,False,Sin objeto: medicion congelada
1777334233.696257,True,False,0.11831361,-1,-1,0.000000,0.000000,0.000000,False,Sin objeto: medicion congelada
1777334233.733592,True,False,0.11794979,-1,-1,0.000000,0.000000,0.000000,False,Sin objeto: medicion congelada
1777334233.768424,True,False,0.11763187,-1,-1,0.000000,0.000000,0.000000,False,Sin objeto: medicion congelada
1777334233.803648,True,False,0.11763187,-1,-1,0.000000,0.000000,0.000000,False,Sin objeto: medicion congelada
1777334233.838070,True,False,0.11736321,-1,-1,0.000000,0.000000,0.000000,False,Sin objeto: medicion congelada
1777334233.870749,True,False,0.11723448,-1,-1,0.000000,0.000000,0.000000,False,Sin objeto: medicion congelada
1777334233.906718,True,False,0.11720302,-1,-1,0.000000,0.000000,0.000000,False,Sin objeto: medicion congelada
1777334233.934598,True,False,0.11712546,-1,-1,0.000000,0.000000,0.000000,False,Sin objeto: medicion congelada
1777334233.968869,True,False,0.11716577,-1,-1,0.000000,0.000000,0.000000,False,Sin objeto: medicion congelada
1777334234.001772,True,False,0.11747543,-1,-1,0.000000,0.000000,0.000000,False,Sin objeto: medicion congelada
1777334234.035222,True,False,0.11773147,-1,-1,0.000000,0.000000,0.000000,False,Sin objeto: medicion congelada
1777334234.069350,True,False,0.11786033,-1,-1,0.000000,0.000000,0.000000,False,Sin objeto: medicion congelada
1777334234.104270,True,False,0.11807508,-1,-1,0.000000,0.000000,0.000000,False,Sin objeto: medicion congelada
1777334234.138845,True,False,0.11816105,-1,-1,0.000000,0.000000,0.000000,False,Sin objeto: medicion congelada
1777334234.191206,True,False,0.11801601,-1,-1,0.000000,0.000000,0.000000,False,Sin objeto: medicion congelada
1777334234.240808,True,False,0.11786946,-1,-1,0.000000,0.000000,0.000000,False,Sin objeto: medicion congelada
1777334234.273871,True,False,0.11781306,-1,-1,0.000000,0.000000,0.000000,False,Sin objeto: medicion congelada
1777334234.307648,True,False,0.11783376,-1,-1,0.000000,0.000000,0.000000,False,Sin objeto: medicion congelada
1777334234.342773,True,False,0.11787430,-1,-1,0.000000,0.000000,0.000000,False,Sin objeto: medicion congelada
1777334234.376593,True,False,0.11803965,-1,-1,0.000000,0.000000,0.000000,False,Sin objeto: medicion congelada
1777334234.411160,True,False,0.11836530,-1,-1,0.000000,0.000000,0.000000,False,Sin objeto: medicion congelada
1777334234.463649,True,False,0.11860627,-1,-1,0.000000,0.000000,0.000000,False,Sin objeto: medicion congelada
1777334234.510782,True,False,0.11880715,-1,-1,0.000000,0.000000,0.000000,False,Sin objeto: medicion congelada
1777334234.545340,True,False,0.11908133,-1,-1,0.000000,0.000000,0.000000,False,Sin objeto: medicion congelada
1777334234.579417,True,False,0.11940798,-1,-1,0.000000,0.000000,0.000000,False,Sin objeto: medicion congelada
1777334234.613695,True,False,0.11961410,-1,-1,0.000000,0.000000,0.000000,False,Sin objeto: medicion congelada
1777334234.648334,True,False,0.11961215,-1,-1,0.000000,0.000000,0.000000,False,Sin objeto: medicion congelada
1777334234.682559,True,False,0.11955174,-1,-1,0.000000,0.000000,0.000000,False,Sin objeto: medicion congelada
1777334234.717213,True,False,0.11933935,-1,-1,0.000000,0.000000,0.000000,False,Sin objeto: medicion congelada
1777334234.751692,True,False,0.11951372,-1,-1,0.000000,0.000000,0.000000,False,Sin objeto: medicion congelada
1777334234.785782,True,False,0.11994606,-1,-1,0.000000,0.000000,0.000000,False,Sin objeto: medicion congelada
1777334234.836939,True,False,0.12047212,-1,-1,0.000000,0.000000,0.000000,False,Sin objeto: medicion congelada
1777334234.889198,True,False,0.12097522,-1,-1,0.000000,0.000000,0.000000,False,Sin objeto: medicion congelada
1777334234.923435,True,False,0.12143781,-1,-1,0.000000,0.000000,0.000000,False,Sin objeto: medicion congelada
1777334234.957407,True,False,0.12194361,-1,-1,0.000000,0.000000,0.000000,False,Sin objeto: medicion congelada
1777334234.989936,True,False,0.12221904,-1,-1,0.000000,0.000000,0.000000,False,Sin objeto: medicion congelada
1777334235.024256,True,False,0.12221556,-1,-1,0.000000,0.000000,0.000000,False,Sin objeto: medicion congelada
1777334235.074522,True,False,0.12217599,-1,-1,0.000000,0.000000,0.000000,False,Sin objeto: medicion congelada
1777334235.124915,True,False,0.12448142,-1,-1,0.000000,0.000000,0.000000,False,Sin objeto: medicion congelada
1777334235.159297,True,False,0.12465931,-1,-1,0.000000,0.000000,0.000000,False,Sin objeto: medicion congelada
1777334235.193879,True,False,0.12507921,-1,-1,0.000000,0.000000,0.000000,False,Sin objeto: medicion congelada
1777334235.246154,True,False,0.12530543,-1,-1,0.000000,0.000000,0.000000,False,Sin objeto: medicion congelada
1777334235.296094,True,False,0.12613111,-1,-1,0.000000,0.000000,0.000000,False,Sin objeto: medicion congelada
1777334235.335656,True,False,0.12740965,-1,-1,0.000000,0.000000,0.000000,False,Sin objeto: medicion congelada
1777334235.370452,True,False,0.12865100,-1,-1,0.000000,0.000000,0.000000,False,Sin objeto: medicion congelada
1777334235.421346,True,False,0.12937031,-1,-1,0.000000,0.000000,0.000000,False,Sin objeto: medicion congelada
1777334235.455728,True,False,0.12982000,-1,-1,0.000000,0.000000,0.000000,False,Sin objeto: medicion congelada
1777334235.490382,True,False,0.12963549,-1,-1,0.000000,0.000000,0.000000,False,Sin objeto: medicion congelada
1777334235.523772,True,False,0.12910765,-1,-1,0.000000,0.000000,0.000000,False,Sin objeto: medicion congelada
1777334235.574787,True,False,0.12794085,-1,-1,0.000000,0.000000,0.000000,False,Sin objeto: medicion congelada
1777334235.623829,True,False,0.12721390,-1,-1,0.000000,0.000000,0.000000,False,Sin objeto: medicion congelada
1777334235.682614,True,False,0.12466832,-1,-1,0.000000,0.000000,0.000000,False,Sin objeto: medicion congelada
1777334235.734992,True,False,0.12466832,-1,-1,0.000000,0.000000,0.000000,False,Sin objeto: medicion congelada
1777334235.769810,True,False,0.12383070,-1,-1,0.000000,0.000000,0.000000,False,Sin objeto: medicion congelada
1777334235.803715,True,False,0.12332345,-1,-1,0.000000,0.000000,0.000000,False,Sin objeto: medicion congelada
1777334235.837899,True,False,0.12348377,-1,-1,0.000000,0.000000,0.000000,False,Sin objeto: medicion congelada
1777334235.872125,True,False,0.12392139,-1,-1,0.000000,0.000000,0.000000,False,Sin objeto: medicion congelada
1777334235.906847,True,False,0.12445068,-1,-1,0.000000,0.000000,0.000000,False,Sin objeto: medicion congelada
1777334235.940154,True,False,0.12470997,-1,-1,0.000000,0.000000,0.000000,False,Sin objeto: medicion congelada
1777334235.974738,True,False,0.12467340,-1,-1,0.000000,0.000000,0.000000,False,Sin objeto: medicion congelada
1777334236.007967,True,False,0.12463049,-1,-1,0.000000,0.000000,0.000000,False,Sin objeto: medicion congelada
1777334236.042025,True,False,0.12457945,-1,-1,0.000000,0.000000,0.000000,False,Sin objeto: medicion congelada
1777334236.075704,True,False,0.12438716,-1,-1,0.000000,0.000000,0.000000,False,Sin objeto: medicion congelada
1777334236.132541,True,False,0.12477654,-1,-1,0.000000,0.000000,0.000000,False,Sin objeto: medicion congelada
1777334236.165940,True,False,0.12560065,-1,-1,0.000000,0.000000,0.000000,False,Sin objeto: medicion congelada
1777334236.201153,True,False,0.12616931,-1,-1,0.000000,0.000000,0.000000,False,Sin objeto: medicion congelada
1777334236.245484,True,False,0.12683641,-1,-1,0.000000,0.000000,0.000000,False,Sin objeto: medicion congelada
1777334236.279726,False,False,0.00000000,-1,-1,0.000000,0.000000,0.000000,False,Sin AprilTag: medicion congelada
1777334236.314521,False,False,0.00000000,-1,-1,0.000000,0.000000,0.000000,False,Sin AprilTag: medicion congelada
1777334236.349008,False,False,0.00000000,-1,-1,0.000000,0.000000,0.000000,False,Sin AprilTag: medicion congelada
1777334236.383842,False,False,0.00000000,-1,-1,0.000000,0.000000,0.000000,False,Sin AprilTag: medicion congelada
1777334236.418138,False,False,0.00000000,-1,-1,0.000000,0.000000,0.000000,False,Sin AprilTag: medicion congelada
1777334236.517198,False,False,0.00000000,-1,-1,0.000000,0.000000,0.000000,False,Sin AprilTag: medicion congelada
1777334236.587524,False,False,0.00000000,-1,-1,0.000000,0.000000,0.000000,False,Sin AprilTag: medicion congelada
1777334236.621796,False,False,0.00000000,-1,-1,0.000000,0.000000,0.000000,False,Sin AprilTag: medicion congelada
1777334236.656350,False,False,0.00000000,-1,-1,0.000000,0.000000,0.000000,False,Sin AprilTag: medicion congelada
1777334236.690215,False,False,0.00000000,-1,-1,0.000000,0.000000,0.000000,False,Sin AprilTag: medicion congelada
1777334236.755724,False,False,0.00000000,-1,-1,0.000000,0.000000,0.000000,False,Sin AprilTag: medicion congelada
1777334236.821363,False,False,0.00000000,-1,-1,0.000000,0.000000,0.000000,False,Sin AprilTag: medicion congelada
1777334236.872434,False,False,0.00000000,-1,-1,0.000000,0.000000,0.000000,False,Sin AprilTag: medicion congelada
1777334236.922642,False,False,0.00000000,-1,-1,0.000000,0.000000,0.000000,False,Sin AprilTag: medicion congelada
1777334236.956862,False,False,0.00000000,-1,-1,0.000000,0.000000,0.000000,False,Sin AprilTag: medicion congelada
1777334236.992863,False,False,0.00000000,-1,-1,0.000000,0.000000,0.000000,False,Sin AprilTag: medicion congelada
1777334237.027177,False,False,0.00000000,-1,-1,0.000000,0.000000,0.000000,False,Sin AprilTag: medicion congelada
1777334237.077558,False,False,0.00000000,-1,-1,0.000000,0.000000,0.000000,False,Sin AprilTag: medicion congelada
1777334237.127691,False,False,0.00000000,-1,-1,0.000000,0.000000,0.000000,False,Sin AprilTag: medicion congelada
1777334237.178159,False,False,0.00000000,-1,-1,0.000000,0.000000,0.000000,False,Sin AprilTag: medicion congelada
1777334237.224647,False,False,0.00000000,-1,-1,0.000000,0.000000,0.000000,False,Sin AprilTag: medicion congelada
1777334237.258612,False,False,0.00000000,-1,-1,0.000000,0.000000,0.000000,False,Sin AprilTag: medicion congelada
1777334237.292767,False,False,0.00000000,-1,-1,0.000000,0.000000,0.000000,False,Sin AprilTag: medicion congelada
1777334237.327361,False,False,0.00000000,-1,-1,0.000000,0.000000,0.000000,False,Sin AprilTag: medicion congelada
1777334237.377464,False,False,0.00000000,-1,-1,0.000000,0.000000,0.000000,False,Sin AprilTag: medicion congelada
1777334237.427422,False,False,0.00000000,-1,-1,0.000000,0.000000,0.000000,False,Sin AprilTag: medicion congelada
1777334237.476839,False,False,0.00000000,-1,-1,0.000000,0.000000,0.000000,False,Sin AprilTag: medicion congelada
1777334237.535241,False,False,0.00000000,-1,-1,0.000000,0.000000,0.000000,False,Sin AprilTag: medicion congelada
1777334237.572744,False,False,0.00000000,-1,-1,0.000000,0.000000,0.000000,False,Sin AprilTag: medicion congelada
1777334237.624576,False,False,0.00000000,-1,-1,0.000000,0.000000,0.000000,False,Sin AprilTag: medicion congelada
1777334237.674134,False,False,0.00000000,-1,-1,0.000000,0.000000,0.000000,False,Sin AprilTag: medicion congelada
1777334237.723214,False,False,0.00000000,-1,-1,0.000000,0.000000,0.000000,False,Sin AprilTag: medicion congelada
1777334237.775343,False,False,0.00000000,-1,-1,0.000000,0.000000,0.000000,False,Sin AprilTag: medicion congelada
1777334237.818867,False,False,0.00000000,-1,-1,0.000000,0.000000,0.000000,False,Sin AprilTag: medicion congelada
1777334237.852233,False,False,0.00000000,-1,-1,0.000000,0.000000,0.000000,False,Sin AprilTag: medicion congelada
1777334237.886761,False,False,0.00000000,-1,-1,0.000000,0.000000,0.000000,False,Sin AprilTag: medicion congelada
1777334237.921016,False,False,0.00000000,-1,-1,0.000000,0.000000,0.000000,False,Sin AprilTag: medicion congelada
1777334237.955760,False,False,0.00000000,-1,-1,0.000000,0.000000,0.000000,False,Sin AprilTag: medicion congelada
1777334238.019549,False,False,0.00000000,-1,-1,0.000000,0.000000,0.000000,False,Sin AprilTag: medicion congelada
1777334238.085304,False,False,0.00000000,-1,-1,0.000000,0.000000,0.000000,False,Sin AprilTag: medicion congelada
1777334238.114622,False,False,0.00000000,-1,-1,0.000000,0.000000,0.000000,False,Sin AprilTag: medicion congelada
1777334238.149075,False,False,0.00000000,-1,-1,0.000000,0.000000,0.000000,False,Sin AprilTag: medicion congelada
1777334238.199809,False,False,0.00000000,-1,-1,0.000000,0.000000,0.000000,False,Sin AprilTag: medicion congelada
1777334238.252268,False,False,0.00000000,-1,-1,0.000000,0.000000,0.000000,False,Sin AprilTag: medicion congelada
1777334238.298706,False,False,0.00000000,-1,-1,0.000000,0.000000,0.000000,False,Sin AprilTag: medicion congelada
1777334238.332712,False,False,0.00000000,-1,-1,0.000000,0.000000,0.000000,False,Sin AprilTag: medicion congelada
1777334238.366368,False,False,0.00000000,-1,-1,0.000000,0.000000,0.000000,False,Sin AprilTag: medicion congelada
1777334238.400869,False,False,0.00000000,-1,-1,0.000000,0.000000,0.000000,False,Sin AprilTag: medicion congelada
1777334238.435645,False,False,0.00000000,-1,-1,0.000000,0.000000,0.000000,False,Sin AprilTag: medicion congelada
1777334238.469623,False,False,0.00000000,-1,-1,0.000000,0.000000,0.000000,False,Sin AprilTag: medicion congelada
1777334238.520542,False,False,0.00000000,-1,-1,0.000000,0.000000,0.000000,False,Sin AprilTag: medicion congelada
1777334238.570773,False,False,0.00000000,-1,-1,0.000000,0.000000,0.000000,False,Sin AprilTag: medicion congelada
1777334238.603776,False,False,0.00000000,-1,-1,0.000000,0.000000,0.000000,False,Sin AprilTag: medicion congelada
1777334238.638043,False,False,0.00000000,-1,-1,0.000000,0.000000,0.000000,False,Sin AprilTag: medicion congelada
1777334238.687624,False,False,0.00000000,-1,-1,0.000000,0.000000,0.000000,False,Sin AprilTag: medicion congelada
1777334238.733063,False,False,0.00000000,-1,-1,0.000000,0.000000,0.000000,False,Sin AprilTag: medicion congelada
1777334238.767519,False,False,0.00000000,-1,-1,0.000000,0.000000,0.000000,False,Sin AprilTag: medicion congelada
1777334238.818507,False,False,0.00000000,-1,-1,0.000000,0.000000,0.000000,False,Sin AprilTag: medicion congelada
1777334238.868464,False,False,0.00000000,-1,-1,0.000000,0.000000,0.000000,False,Sin AprilTag: medicion congelada
1777334238.909575,False,False,0.00000000,-1,-1,0.000000,0.000000,0.000000,False,Sin AprilTag: medicion congelada
1777334238.944223,False,False,0.00000000,-1,-1,0.000000,0.000000,0.000000,False,Sin AprilTag: medicion congelada
1777334238.978816,False,False,0.00000000,-1,-1,0.000000,0.000000,0.000000,False,Sin AprilTag: medicion congelada
1777334239.028569,False,False,0.00000000,-1,-1,0.000000,0.000000,0.000000,False,Sin AprilTag: medicion congelada
1777334239.062650,False,False,0.00000000,-1,-1,0.000000,0.000000,0.000000,False,Sin AprilTag: medicion congelada
1777334239.113127,False,False,0.00000000,-1,-1,0.000000,0.000000,0.000000,False,Sin AprilTag: medicion congelada
1777334239.163867,False,False,0.00000000,-1,-1,0.000000,0.000000,0.000000,False,Sin AprilTag: medicion congelada
1777334239.214531,False,False,0.00000000,-1,-1,0.000000,0.000000,0.000000,False,Sin AprilTag: medicion congelada
1777334239.263381,False,False,0.00000000,-1,-1,0.000000,0.000000,0.000000,False,Sin AprilTag: medicion congelada
1777334239.297712,False,False,0.00000000,-1,-1,0.000000,0.000000,0.000000,False,Sin AprilTag: medicion congelada
1777334239.333932,False,False,0.00000000,-1,-1,0.000000,0.000000,0.000000,False,Sin AprilTag: medicion congelada
1777334239.367417,False,False,0.00000000,-1,-1,0.000000,0.000000,0.000000,False,Sin AprilTag: medicion congelada
1777334239.401769,False,False,0.00000000,-1,-1,0.000000,0.000000,0.000000,False,Sin AprilTag: medicion congelada
1777334239.456852,False,False,0.00000000,-1,-1,0.000000,0.000000,0.000000,False,Sin AprilTag: medicion congelada
1777334239.506895,False,False,0.00000000,-1,-1,0.000000,0.000000,0.000000,False,Sin AprilTag: medicion congelada
1777334239.536707,False,False,0.00000000,-1,-1,0.000000,0.000000,0.000000,False,Sin AprilTag: medicion congelada
1777334239.570878,False,False,0.00000000,-1,-1,0.000000,0.000000,0.000000,False,Sin AprilTag: medicion congelada
1777334239.620971,False,False,0.00000000,-1,-1,0.000000,0.000000,0.000000,False,Sin AprilTag: medicion congelada
1777334239.671311,False,False,0.00000000,-1,-1,0.000000,0.000000,0.000000,False,Sin AprilTag: medicion congelada
1777334239.705607,False,False,0.00000000,-1,-1,0.000000,0.000000,0.000000,False,Sin AprilTag: medicion congelada
1777334239.740464,False,False,0.00000000,-1,-1,0.000000,0.000000,0.000000,False,Sin AprilTag: medicion congelada
1777334239.775013,False,False,0.00000000,-1,-1,0.000000,0.000000,0.000000,False,Sin AprilTag: medicion congelada
1777334239.809243,False,False,0.00000000,-1,-1,0.000000,0.000000,0.000000,False,Sin AprilTag: medicion congelada
1777334239.874471,False,False,0.00000000,-1,-1,0.000000,0.000000,0.000000,False,Sin AprilTag: medicion congelada
1777334239.939455,False,False,0.00000000,-1,-1,0.000000,0.000000,0.000000,False,Sin AprilTag: medicion congelada
1777334239.989840,False,False,0.00000000,-1,-1,0.000000,0.000000,0.000000,False,Sin AprilTag: medicion congelada
1777334240.041188,False,False,0.00000000,-1,-1,0.000000,0.000000,0.000000,False,Sin AprilTag: medicion congelada
1777334240.091211,False,False,0.00000000,-1,-1,0.000000,0.000000,0.000000,False,Sin AprilTag: medicion congelada
1777334240.141327,False,False,0.00000000,-1,-1,0.000000,0.000000,0.000000,False,Sin AprilTag: medicion congelada
1777334240.176166,False,False,0.00000000,-1,-1,0.000000,0.000000,0.000000,False,Sin AprilTag: medicion congelada
1777334240.210667,False,False,0.00000000,-1,-1,0.000000,0.000000,0.000000,False,Sin AprilTag: medicion congelada
1777334240.270541,False,False,0.00000000,-1,-1,0.000000,0.000000,0.000000,False,Sin AprilTag: medicion congelada
1777334240.314503,False,False,0.00000000,-1,-1,0.000000,0.000000,0.000000,False,Sin AprilTag: medicion congelada
1777334240.349227,False,False,0.00000000,-1,-1,0.000000,0.000000,0.000000,False,Sin AprilTag: medicion congelada
1777334240.383890,False,False,0.00000000,-1,-1,0.000000,0.000000,0.000000,False,Sin AprilTag: medicion congelada
1777334240.420089,False,False,0.00000000,-1,-1,0.000000,0.000000,0.000000,False,Sin AprilTag: medicion congelada
1777334240.454402,False,False,0.00000000,-1,-1,0.000000,0.000000,0.000000,False,Sin AprilTag: medicion congelada
1777334240.489143,False,False,0.00000000,-1,-1,0.000000,0.000000,0.000000,False,Sin AprilTag: medicion congelada
1777334240.523795,False,False,0.00000000,-1,-1,0.000000,0.000000,0.000000,False,Sin AprilTag: medicion congelada
1777334240.559005,False,False,0.00000000,-1,-1,0.000000,0.000000,0.000000,False,Sin AprilTag: medicion congelada
1777334240.593123,False,False,0.00000000,-1,-1,0.000000,0.000000,0.000000,False,Sin AprilTag: medicion congelada
1777334240.627493,False,False,0.00000000,-1,-1,0.000000,0.000000,0.000000,False,Sin AprilTag: medicion congelada
1777334240.661226,False,False,0.00000000,-1,-1,0.000000,0.000000,0.000000,False,Sin AprilTag: medicion congelada
1777334240.695158,False,False,0.00000000,-1,-1,0.000000,0.000000,0.000000,False,Sin AprilTag: medicion congelada
1777334240.729645,False,False,0.00000000,-1,-1,0.000000,0.000000,0.000000,False,Sin AprilTag: medicion congelada
1777334240.779479,False,False,0.00000000,-1,-1,0.000000,0.000000,0.000000,False,Sin AprilTag: medicion congelada
1777334240.831429,False,False,0.00000000,-1,-1,0.000000,0.000000,0.000000,False,Sin AprilTag: medicion congelada
1777334240.882662,False,False,0.00000000,-1,-1,0.000000,0.000000,0.000000,False,Sin AprilTag: medicion congelada
1777334240.925804,False,False,0.00000000,-1,-1,0.000000,0.000000,0.000000,False,Sin AprilTag: medicion congelada
1777334240.959522,False,False,0.00000000,-1,-1,0.000000,0.000000,0.000000,False,Sin AprilTag: medicion congelada
1777334240.994240,False,False,0.00000000,-1,-1,0.000000,0.000000,0.000000,False,Sin AprilTag: medicion congelada
1777334241.028250,False,False,0.00000000,-1,-1,0.000000,0.000000,0.000000,False,Sin AprilTag: medicion congelada
1777334241.062618,False,False,0.00000000,-1,-1,0.000000,0.000000,0.000000,False,Sin AprilTag: medicion congelada
1777334241.096940,False,False,0.00000000,-1,-1,0.000000,0.000000,0.000000,False,Sin AprilTag: medicion congelada
1777334241.131143,False,False,0.00000000,-1,-1,0.000000,0.000000,0.000000,False,Sin AprilTag: medicion congelada
1777334241.164840,False,False,0.00000000,-1,-1,0.000000,0.000000,0.000000,False,Sin AprilTag: medicion congelada
1777334241.197963,False,False,0.00000000,-1,-1,0.000000,0.000000,0.000000,False,Sin AprilTag: medicion congelada
1777334241.232044,False,False,0.00000000,-1,-1,0.000000,0.000000,0.000000,False,Sin AprilTag: medicion congelada
1777334241.267070,False,False,0.00000000,-1,-1,0.000000,0.000000,0.000000,False,Sin AprilTag: medicion congelada
1777334241.291604,False,False,0.00000000,-1,-1,0.000000,0.000000,0.000000,False,Sin AprilTag: medicion congelada
1777334241.324244,False,False,0.00000000,-1,-1,0.000000,0.000000,0.000000,False,Sin AprilTag: medicion congelada
1777334241.376667,False,False,0.00000000,-1,-1,0.000000,0.000000,0.000000,False,Sin AprilTag: medicion congelada
1777334241.427155,False,False,0.00000000,-1,-1,0.000000,0.000000,0.000000,False,Sin AprilTag: medicion congelada
1777334241.461560,False,False,0.00000000,-1,-1,0.000000,0.000000,0.000000,False,Sin AprilTag: medicion congelada
1777334241.494791,False,False,0.00000000,-1,-1,0.000000,0.000000,0.000000,False,Sin AprilTag: medicion congelada
1777334241.555554,False,False,0.00000000,-1,-1,0.000000,0.000000,0.000000,False,Sin AprilTag: medicion congelada
1777334241.621247,False,False,0.00000000,-1,-1,0.000000,0.000000,0.000000,False,Sin AprilTag: medicion congelada
1777334241.661059,False,False,0.00000000,-1,-1,0.000000,0.000000,0.000000,False,Sin AprilTag: medicion congelada
1777334241.694767,False,False,0.00000000,-1,-1,0.000000,0.000000,0.000000,False,Sin AprilTag: medicion congelada
1777334241.745224,False,False,0.00000000,-1,-1,0.000000,0.000000,0.000000,False,Sin AprilTag: medicion congelada
1777334241.812095,False,False,0.00000000,-1,-1,0.000000,0.000000,0.000000,False,Sin AprilTag: medicion congelada
1777334241.862076,False,False,0.00000000,-1,-1,0.000000,0.000000,0.000000,False,Sin AprilTag: medicion congelada
1777334241.918991,False,False,0.00000000,-1,-1,0.000000,0.000000,0.000000,False,Sin AprilTag: medicion congelada
1777334241.955049,False,False,0.00000000,-1,-1,0.000000,0.000000,0.000000,False,Sin AprilTag: medicion congelada
1777334241.987640,False,False,0.00000000,-1,-1,0.000000,0.000000,0.000000,False,Sin AprilTag: medicion congelada
1777334242.022157,False,False,0.00000000,-1,-1,0.000000,0.000000,0.000000,False,Sin AprilTag: medicion congelada
1777334242.065550,False,False,0.00000000,-1,-1,0.000000,0.000000,0.000000,False,Sin AprilTag: medicion congelada
1777334242.101851,False,False,0.00000000,-1,-1,0.000000,0.000000,0.000000,False,Sin AprilTag: medicion congelada
1777334242.129645,False,False,0.00000000,-1,-1,0.000000,0.000000,0.000000,False,Sin AprilTag: medicion congelada
1777334242.182820,False,False,0.00000000,-1,-1,0.000000,0.000000,0.000000,False,Sin AprilTag: medicion congelada
1777334242.248734,False,False,0.00000000,-1,-1,0.000000,0.000000,0.000000,False,Sin AprilTag: medicion congelada
1777334242.296605,False,False,0.00000000,-1,-1,0.000000,0.000000,0.000000,False,Sin AprilTag: medicion congelada
1777334242.360247,False,False,0.00000000,-1,-1,0.000000,0.000000,0.000000,False,Sin AprilTag: medicion congelada
1777334242.439244,False,False,0.00000000,-1,-1,0.000000,0.000000,0.000000,False,Sin AprilTag: medicion congelada
1777334242.502151,False,False,0.00000000,-1,-1,0.000000,0.000000,0.000000,False,Sin AprilTag: medicion congelada
1777334242.564808,False,False,0.00000000,-1,-1,0.000000,0.000000,0.000000,False,Sin AprilTag: medicion congelada
1777334242.626817,False,False,0.00000000,-1,-1,0.000000,0.000000,0.000000,False,Sin AprilTag: medicion congelada
1777334242.676254,False,False,0.00000000,-1,-1,0.000000,0.000000,0.000000,False,Sin AprilTag: medicion congelada
1777334242.728758,False,False,0.00000000,-1,-1,0.000000,0.000000,0.000000,False,Sin AprilTag: medicion congelada
1777334242.777033,False,False,0.00000000,-1,-1,0.000000,0.000000,0.000000,False,Sin AprilTag: medicion congelada
1777334242.826145,False,False,0.00000000,-1,-1,0.000000,0.000000,0.000000,False,Sin AprilTag: medicion congelada
1777334242.884100,False,False,0.00000000,-1,-1,0.000000,0.000000,0.000000,False,Sin AprilTag: medicion congelada
1777334242.933624,False,False,0.00000000,-1,-1,0.000000,0.000000,0.000000,False,Sin AprilTag: medicion congelada
1777334242.982090,False,False,0.00000000,-1,-1,0.000000,0.000000,0.000000,False,Sin AprilTag: medicion congelada
1777334243.039022,False,False,0.00000000,-1,-1,0.000000,0.000000,0.000000,False,Sin AprilTag: medicion congelada
1777334243.116120,False,False,0.00000000,-1,-1,0.000000,0.000000,0.000000,False,Sin AprilTag: medicion congelada
1777334243.168910,False,False,0.00000000,-1,-1,0.000000,0.000000,0.000000,False,Sin AprilTag: medicion congelada
1777334243.237188,False,False,0.00000000,-1,-1,0.000000,0.000000,0.000000,False,Sin AprilTag: medicion congelada
1777334243.286550,False,False,0.00000000,-1,-1,0.000000,0.000000,0.000000,False,Sin AprilTag: medicion congelada
1777334243.343441,False,False,0.00000000,-1,-1,0.000000,0.000000,0.000000,False,Sin AprilTag: medicion congelada
1777334243.409325,False,False,0.00000000,-1,-1,0.000000,0.000000,0.000000,False,Sin AprilTag: medicion congelada
1777334243.477644,False,False,0.00000000,-1,-1,0.000000,0.000000,0.000000,False,Sin AprilTag: medicion congelada
1777334243.524460,False,False,0.00000000,-1,-1,0.000000,0.000000,0.000000,False,Sin AprilTag: medicion congelada
1777334243.581702,False,False,0.00000000,-1,-1,0.000000,0.000000,0.000000,False,Sin AprilTag: medicion congelada
1777334243.633777,False,False,0.00000000,-1,-1,0.000000,0.000000,0.000000,False,Sin AprilTag: medicion congelada
1777334243.682903,False,False,0.00000000,-1,-1,0.000000,0.000000,0.000000,False,Sin AprilTag: medicion congelada
1777334243.727339,False,False,0.00000000,-1,-1,0.000000,0.000000,0.000000,False,Sin AprilTag: medicion congelada
1777334243.781124,False,False,0.00000000,-1,-1,0.000000,0.000000,0.000000,False,Sin AprilTag: medicion congelada
1777334243.831114,False,False,0.00000000,-1,-1,0.000000,0.000000,0.000000,False,Sin AprilTag: medicion congelada
1777334243.878944,False,False,0.00000000,-1,-1,0.000000,0.000000,0.000000,False,Sin AprilTag: medicion congelada
1777334243.935169,False,False,0.00000000,-1,-1,0.000000,0.000000,0.000000,False,Sin AprilTag: medicion congelada
1777334244.000031,False,False,0.00000000,-1,-1,0.000000,0.000000,0.000000,False,Sin AprilTag: medicion congelada
1777334244.123029,False,False,0.00000000,-1,-1,0.000000,0.000000,0.000000,False,Sin AprilTag: medicion congelada
1777334244.198657,False,False,0.00000000,-1,-1,0.000000,0.000000,0.000000,False,Sin AprilTag: medicion congelada
1777334244.255358,False,False,0.00000000,-1,-1,0.000000,0.000000,0.000000,False,Sin AprilTag: medicion congelada
1777334244.316288,False,False,0.00000000,-1,-1,0.000000,0.000000,0.000000,False,Sin AprilTag: medicion congelada
1777334244.378963,False,False,0.00000000,-1,-1,0.000000,0.000000,0.000000,False,Sin AprilTag: medicion congelada
1777334244.435301,False,False,0.00000000,-1,-1,0.000000,0.000000,0.000000,False,Sin AprilTag: medicion congelada
1777334244.501647,False,False,0.00000000,-1,-1,0.000000,0.000000,0.000000,False,Sin AprilTag: medicion congelada
1777334244.558300,False,False,0.00000000,-1,-1,0.000000,0.000000,0.000000,False,Sin AprilTag: medicion congelada
1777334244.619114,False,False,0.00000000,-1,-1,0.000000,0.000000,0.000000,False,Sin AprilTag: medicion congelada
1777334244.682240,False,False,0.00000000,-1,-1,0.000000,0.000000,0.000000,False,Sin AprilTag: medicion congelada
1777334244.739680,False,False,0.00000000,-1,-1,0.000000,0.000000,0.000000,False,Sin AprilTag: medicion congelada
1777334244.805188,False,False,0.00000000,-1,-1,0.000000,0.000000,0.000000,False,Sin AprilTag: medicion congelada
1777334244.862800,False,False,0.00000000,-1,-1,0.000000,0.000000,0.000000,False,Sin AprilTag: medicion congelada
1777334244.927921,False,False,0.00000000,-1,-1,0.000000,0.000000,0.000000,False,Sin AprilTag: medicion congelada
1777334244.985570,False,False,0.00000000,-1,-1,0.000000,0.000000,0.000000,False,Sin AprilTag: medicion congelada
1777334245.050888,False,False,0.00000000,-1,-1,0.000000,0.000000,0.000000,False,Sin AprilTag: medicion congelada
1777334245.109320,False,False,0.00000000,-1,-1,0.000000,0.000000,0.000000,False,Sin AprilTag: medicion congelada
1777334245.169181,False,False,0.00000000,-1,-1,0.000000,0.000000,0.000000,False,Sin AprilTag: medicion congelada
1777334245.233419,False,False,0.00000000,-1,-1,0.000000,0.000000,0.000000,False,Sin AprilTag: medicion congelada
1777334245.299076,False,False,0.00000000,-1,-1,0.000000,0.000000,0.000000,False,Sin AprilTag: medicion congelada
1777334245.365653,False,False,0.00000000,-1,-1,0.000000,0.000000,0.000000,False,Sin AprilTag: medicion congelada
1777334245.432071,False,False,0.00000000,-1,-1,0.000000,0.000000,0.000000,False,Sin AprilTag: medicion congelada
1777334245.497925,False,False,0.00000000,-1,-1,0.000000,0.000000,0.000000,False,Sin AprilTag: medicion congelada
1777334245.564009,False,False,0.00000000,-1,-1,0.000000,0.000000,0.000000,False,Sin AprilTag: medicion congelada
1777334245.630232,False,False,0.00000000,-1,-1,0.000000,0.000000,0.000000,False,Sin AprilTag: medicion congelada
1777334245.689650,False,False,0.00000000,-1,-1,0.000000,0.000000,0.000000,False,Sin AprilTag: medicion congelada
1777334245.763651,False,False,0.00000000,-1,-1,0.000000,0.000000,0.000000,False,Sin AprilTag: medicion congelada
1777334245.835902,False,False,0.00000000,-1,-1,0.000000,0.000000,0.000000,False,Sin AprilTag: medicion congelada
1777334245.894617,False,False,0.00000000,-1,-1,0.000000,0.000000,0.000000,False,Sin AprilTag: medicion congelada
1777334245.961950,False,False,0.00000000,-1,-1,0.000000,0.000000,0.000000,False,Sin AprilTag: medicion congelada
1777334246.028852,False,False,0.00000000,-1,-1,0.000000,0.000000,0.000000,False,Sin AprilTag: medicion congelada
1777334246.086838,False,False,0.00000000,-1,-1,0.000000,0.000000,0.000000,False,Sin AprilTag: medicion congelada
1777334246.143570,False,False,0.00000000,-1,-1,0.000000,0.000000,0.000000,False,Sin AprilTag: medicion congelada
1777334246.207289,False,False,0.00000000,-1,-1,0.000000,0.000000,0.000000,False,Sin AprilTag: medicion congelada
1777334246.271433,False,False,0.00000000,-1,-1,0.000000,0.000000,0.000000,False,Sin AprilTag: medicion congelada
1777334246.334737,False,False,0.00000000,-1,-1,0.000000,0.000000,0.000000,False,Sin AprilTag: medicion congelada
1777334246.398283,False,False,0.00000000,-1,-1,0.000000,0.000000,0.000000,False,Sin AprilTag: medicion congelada
1777334246.462780,False,False,0.00000000,-1,-1,0.000000,0.000000,0.000000,False,Sin AprilTag: medicion congelada
1777334246.526216,False,False,0.00000000,-1,-1,0.000000,0.000000,0.000000,False,Sin AprilTag: medicion congelada
1777334246.590058,False,False,0.00000000,-1,-1,0.000000,0.000000,0.000000,False,Sin AprilTag: medicion congelada
1777334246.653866,False,False,0.00000000,-1,-1,0.000000,0.000000,0.000000,False,Sin AprilTag: medicion congelada
1777334246.717033,False,False,0.00000000,-1,-1,0.000000,0.000000,0.000000,False,Sin AprilTag: medicion congelada
1777334246.779771,False,False,0.00000000,-1,-1,0.000000,0.000000,0.000000,False,Sin AprilTag: medicion congelada
1777334246.843782,False,False,0.00000000,-1,-1,0.000000,0.000000,0.000000,False,Sin AprilTag: medicion congelada
1777334246.907107,False,False,0.00000000,-1,-1,0.000000,0.000000,0.000000,False,Sin AprilTag: medicion congelada
1777334246.970606,False,False,0.00000000,-1,-1,0.000000,0.000000,0.000000,False,Sin AprilTag: medicion congelada
1777334247.034903,False,False,0.00000000,-1,-1,0.000000,0.000000,0.000000,False,Sin AprilTag: medicion congelada
1777334247.098582,False,False,0.00000000,-1,-1,0.000000,0.000000,0.000000,False,Sin AprilTag: medicion congelada
1777334247.162085,False,False,0.00000000,-1,-1,0.000000,0.000000,0.000000,False,Sin AprilTag: medicion congelada
1777334247.241537,False,False,0.00000000,-1,-1,0.000000,0.000000,0.000000,False,Sin AprilTag: medicion congelada
1777334247.304677,False,False,0.00000000,-1,-1,0.000000,0.000000,0.000000,False,Sin AprilTag: medicion congelada
1777334247.369484,False,False,0.00000000,-1,-1,0.000000,0.000000,0.000000,False,Sin AprilTag: medicion congelada
1777334247.431926,False,False,0.00000000,-1,-1,0.000000,0.000000,0.000000,False,Sin AprilTag: medicion congelada
1777334247.495779,False,False,0.00000000,-1,-1,0.000000,0.000000,0.000000,False,Sin AprilTag: medicion congelada
1777334247.559253,False,False,0.00000000,-1,-1,0.000000,0.000000,0.000000,False,Sin AprilTag: medicion congelada
1777334247.622523,False,False,0.00000000,-1,-1,0.000000,0.000000,0.000000,False,Sin AprilTag: medicion congelada
1777334247.686352,False,False,0.00000000,-1,-1,0.000000,0.000000,0.000000,False,Sin AprilTag: medicion congelada
1777334247.750609,False,False,0.00000000,-1,-1,0.000000,0.000000,0.000000,False,Sin AprilTag: medicion congelada
1777334247.829923,False,False,0.00000000,-1,-1,0.000000,0.000000,0.000000,False,Sin AprilTag: medicion congelada
1777334247.894900,False,False,0.00000000,-1,-1,0.000000,0.000000,0.000000,False,Sin AprilTag: medicion congelada
1777334247.974592,False,False,0.00000000,-1,-1,0.000000,0.000000,0.000000,False,Sin AprilTag: medicion congelada
1777334248.046989,False,False,0.00000000,-1,-1,0.000000,0.000000,0.000000,False,Sin AprilTag: medicion congelada
1777334248.118061,False,False,0.00000000,-1,-1,0.000000,0.000000,0.000000,False,Sin AprilTag: medicion congelada
1777334248.193524,False,False,0.00000000,-1,-1,0.000000,0.000000,0.000000,False,Sin AprilTag: medicion congelada
1777334248.257346,False,False,0.00000000,-1,-1,0.000000,0.000000,0.000000,False,Sin AprilTag: medicion congelada
1777334248.321051,False,False,0.00000000,-1,-1,0.000000,0.000000,0.000000,False,Sin AprilTag: medicion congelada
1777334248.384769,False,False,0.00000000,-1,-1,0.000000,0.000000,0.000000,False,Sin AprilTag: medicion congelada
1777334248.449195,False,False,0.00000000,-1,-1,0.000000,0.000000,0.000000,False,Sin AprilTag: medicion congelada
1777334248.512892,False,False,0.00000000,-1,-1,0.000000,0.000000,0.000000,False,Sin AprilTag: medicion congelada
1777334248.574806,False,False,0.00000000,-1,-1,0.000000,0.000000,0.000000,False,Sin AprilTag: medicion congelada
1777334248.648267,False,False,0.00000000,-1,-1,0.000000,0.000000,0.000000,False,Sin AprilTag: medicion congelada
1777334248.724245,False,False,0.00000000,-1,-1,0.000000,0.000000,0.000000,False,Sin AprilTag: medicion congelada
1777334248.792907,False,False,0.00000000,-1,-1,0.000000,0.000000,0.000000,False,Sin AprilTag: medicion congelada
1777334248.871489,False,False,0.00000000,-1,-1,0.000000,0.000000,0.000000,False,Sin AprilTag: medicion congelada
1777334248.950569,False,False,0.00000000,-1,-1,0.000000,0.000000,0.000000,False,Sin AprilTag: medicion congelada
1777334249.018515,False,False,0.00000000,-1,-1,0.000000,0.000000,0.000000,False,Sin AprilTag: medicion congelada
1777334249.084716,False,False,0.00000000,-1,-1,0.000000,0.000000,0.000000,False,Sin AprilTag: medicion congelada
1777334249.142525,False,False,0.00000000,-1,-1,0.000000,0.000000,0.000000,False,Sin AprilTag: medicion congelada
1777334249.201735,False,False,0.00000000,-1,-1,0.000000,0.000000,0.000000,False,Sin AprilTag: medicion congelada
1777334249.268383,False,False,0.00000000,-1,-1,0.000000,0.000000,0.000000,False,Sin AprilTag: medicion congelada
1777334249.326473,False,False,0.00000000,-1,-1,0.000000,0.000000,0.000000,False,Sin AprilTag: medicion congelada
1777334249.392831,False,False,0.00000000,-1,-1,0.000000,0.000000,0.000000,False,Sin AprilTag: medicion congelada
1777334249.452020,False,False,0.00000000,-1,-1,0.000000,0.000000,0.000000,False,Sin AprilTag: medicion congelada
1777334249.518411,False,False,0.00000000,-1,-1,0.000000,0.000000,0.000000,False,Sin AprilTag: medicion congelada
1777334249.576169,False,False,0.00000000,-1,-1,0.000000,0.000000,0.000000,False,Sin AprilTag: medicion congelada
1777334249.634375,False,False,0.00000000,-1,-1,0.000000,0.000000,0.000000,False,Sin AprilTag: medicion congelada
1777334249.692853,False,False,0.00000000,-1,-1,0.000000,0.000000,0.000000,False,Sin AprilTag: medicion congelada
1777334249.752189,False,False,0.00000000,-1,-1,0.000000,0.000000,0.000000,False,Sin AprilTag: medicion congelada
1777334249.809017,False,False,0.00000000,-1,-1,0.000000,0.000000,0.000000,False,Sin AprilTag: medicion congelada
1777334249.884964,False,False,0.00000000,-1,-1,0.000000,0.000000,0.000000,False,Sin AprilTag: medicion congelada
1777334249.942993,False,False,0.00000000,-1,-1,0.000000,0.000000,0.000000,False,Sin AprilTag: medicion congelada
1777334250.018155,False,False,0.00000000,-1,-1,0.000000,0.000000,0.000000,False,Sin AprilTag: medicion congelada
1777334250.076044,False,False,0.00000000,-1,-1,0.000000,0.000000,0.000000,False,Sin AprilTag: medicion congelada
1777334250.143114,False,False,0.00000000,-1,-1,0.000000,0.000000,0.000000,False,Sin AprilTag: medicion congelada
1777334250.217170,False,False,0.00000000,-1,-1,0.000000,0.000000,0.000000,False,Sin AprilTag: medicion congelada
1777334250.275142,False,False,0.00000000,-1,-1,0.000000,0.000000,0.000000,False,Sin AprilTag: medicion congelada
1777334250.334771,False,False,0.00000000,-1,-1,0.000000,0.000000,0.000000,False,Sin AprilTag: medicion congelada
1777334250.391831,False,False,0.00000000,-1,-1,0.000000,0.000000,0.000000,False,Sin AprilTag: medicion congelada
1777334250.449108,False,False,0.00000000,-1,-1,0.000000,0.000000,0.000000,False,Sin AprilTag: medicion congelada
1777334250.516759,False,False,0.00000000,-1,-1,0.000000,0.000000,0.000000,False,Sin AprilTag: medicion congelada
1777334250.590689,False,False,0.00000000,-1,-1,0.000000,0.000000,0.000000,False,Sin AprilTag: medicion congelada
1777334250.649428,False,False,0.00000000,-1,-1,0.000000,0.000000,0.000000,False,Sin AprilTag: medicion congelada
1777334250.717729,False,False,0.00000000,-1,-1,0.000000,0.000000,0.000000,False,Sin AprilTag: medicion congelada
1777334250.779719,False,False,0.00000000,-1,-1,0.000000,0.000000,0.000000,False,Sin AprilTag: medicion congelada
1777334250.848853,False,False,0.00000000,-1,-1,0.000000,0.000000,0.000000,False,Sin AprilTag: medicion congelada
1777334250.906130,False,False,0.00000000,-1,-1,0.000000,0.000000,0.000000,False,Sin AprilTag: medicion congelada
1777334250.967787,False,False,0.00000000,-1,-1,0.000000,0.000000,0.000000,False,Sin AprilTag: medicion congelada
1777334251.033556,False,False,0.00000000,-1,-1,0.000000,0.000000,0.000000,False,Sin AprilTag: medicion congelada
1777334251.091666,False,False,0.00000000,-1,-1,0.000000,0.000000,0.000000,False,Sin AprilTag: medicion congelada
1777334251.168059,False,False,0.00000000,-1,-1,0.000000,0.000000,0.000000,False,Sin AprilTag: medicion congelada
1777334251.224685,False,False,0.00000000,-1,-1,0.000000,0.000000,0.000000,False,Sin AprilTag: medicion congelada
1777334251.283540,False,False,0.00000000,-1,-1,0.000000,0.000000,0.000000,False,Sin AprilTag: medicion congelada
1777334251.348214,False,False,0.00000000,-1,-1,0.000000,0.000000,0.000000,False,Sin AprilTag: medicion congelada
1777334251.424659,False,False,0.00000000,-1,-1,0.000000,0.000000,0.000000,False,Sin AprilTag: medicion congelada
1777334251.500249,False,False,0.00000000,-1,-1,0.000000,0.000000,0.000000,False,Sin AprilTag: medicion congelada
1777334251.571867,False,False,0.00000000,-1,-1,0.000000,0.000000,0.000000,False,Sin AprilTag: medicion congelada
1777334251.637265,False,False,0.00000000,-1,-1,0.000000,0.000000,0.000000,False,Sin AprilTag: medicion congelada
1777334251.704719,False,False,0.00000000,-1,-1,0.000000,0.000000,0.000000,False,Sin AprilTag: medicion congelada
1777334251.766596,False,False,0.00000000,-1,-1,0.000000,0.000000,0.000000,False,Sin AprilTag: medicion congelada
1777334251.832664,False,False,0.00000000,-1,-1,0.000000,0.000000,0.000000,False,Sin AprilTag: medicion congelada
1777334251.898704,False,False,0.00000000,-1,-1,0.000000,0.000000,0.000000,False,Sin AprilTag: medicion congelada
1777334251.965400,False,False,0.00000000,-1,-1,0.000000,0.000000,0.000000,False,Sin AprilTag: medicion congelada
1777334252.023455,False,False,0.00000000,-1,-1,0.000000,0.000000,0.000000,False,Sin AprilTag: medicion congelada
1777334252.087569,False,False,0.00000000,-1,-1,0.000000,0.000000,0.000000,False,Sin AprilTag: medicion congelada
1777334252.151103,False,False,0.00000000,-1,-1,0.000000,0.000000,0.000000,False,Sin AprilTag: medicion congelada
1777334252.214992,False,False,0.00000000,-1,-1,0.000000,0.000000,0.000000,False,Sin AprilTag: medicion congelada
1777334252.279015,False,False,0.00000000,-1,-1,0.000000,0.000000,0.000000,False,Sin AprilTag: medicion congelada
1777334252.343036,False,False,0.00000000,-1,-1,0.000000,0.000000,0.000000,False,Sin AprilTag: medicion congelada
1777334252.407296,False,False,0.00000000,-1,-1,0.000000,0.000000,0.000000,False,Sin AprilTag: medicion congelada
1777334252.474911,False,False,0.00000000,-1,-1,0.000000,0.000000,0.000000,False,Sin AprilTag: medicion congelada
1777334252.547238,False,False,0.00000000,-1,-1,0.000000,0.000000,0.000000,False,Sin AprilTag: medicion congelada
1777334252.626975,False,False,0.00000000,-1,-1,0.000000,0.000000,0.000000,False,Sin AprilTag: medicion congelada
1777334252.690777,False,False,0.00000000,-1,-1,0.000000,0.000000,0.000000,False,Sin AprilTag: medicion congelada
1777334252.754962,False,False,0.00000000,-1,-1,0.000000,0.000000,0.000000,False,Sin AprilTag: medicion congelada
1777334252.818457,False,False,0.00000000,-1,-1,0.000000,0.000000,0.000000,False,Sin AprilTag: medicion congelada
1777334252.882859,False,False,0.00000000,-1,-1,0.000000,0.000000,0.000000,False,Sin AprilTag: medicion congelada
1777334252.947220,False,False,0.00000000,-1,-1,0.000000,0.000000,0.000000,False,Sin AprilTag: medicion congelada
1777334253.010808,False,False,0.00000000,-1,-1,0.000000,0.000000,0.000000,False,Sin AprilTag: medicion congelada
1777334253.068151,False,False,0.00000000,-1,-1,0.000000,0.000000,0.000000,False,Sin AprilTag: medicion congelada
1777334253.143144,False,False,0.00000000,-1,-1,0.000000,0.000000,0.000000,False,Sin AprilTag: medicion congelada
1777334253.207119,False,False,0.00000000,-1,-1,0.000000,0.000000,0.000000,False,Sin AprilTag: medicion congelada
1777334253.280429,False,False,0.00000000,-1,-1,0.000000,0.000000,0.000000,False,Sin AprilTag: medicion congelada
1777334253.349244,False,False,0.00000000,-1,-1,0.000000,0.000000,0.000000,False,Sin AprilTag: medicion congelada
1777334253.421935,False,False,0.00000000,-1,-1,0.000000,0.000000,0.000000,False,Sin AprilTag: medicion congelada
1777334253.491888,False,False,0.00000000,-1,-1,0.000000,0.000000,0.000000,False,Sin AprilTag: medicion congelada
1777334253.556968,False,False,0.00000000,-1,-1,0.000000,0.000000,0.000000,False,Sin AprilTag: medicion congelada
1777334253.630177,False,False,0.00000000,-1,-1,0.000000,0.000000,0.000000,False,Sin AprilTag: medicion congelada
1777334253.693931,False,False,0.00000000,-1,-1,0.000000,0.000000,0.000000,False,Sin AprilTag: medicion congelada
1777334253.757297,False,False,0.00000000,-1,-1,0.000000,0.000000,0.000000,False,Sin AprilTag: medicion congelada
1777334253.816297,False,False,0.00000000,-1,-1,0.000000,0.000000,0.000000,False,Sin AprilTag: medicion congelada
1777334253.877922,False,False,0.00000000,-1,-1,0.000000,0.000000,0.000000,False,Sin AprilTag: medicion congelada
1777334253.944283,False,False,0.00000000,-1,-1,0.000000,0.000000,0.000000,False,Sin AprilTag: medicion congelada
1777334254.018444,False,False,0.00000000,-1,-1,0.000000,0.000000,0.000000,False,Sin AprilTag: medicion congelada
1777334254.081952,False,False,0.00000000,-1,-1,0.000000,0.000000,0.000000,False,Sin AprilTag: medicion congelada
1777334254.137366,False,False,0.00000000,-1,-1,0.000000,0.000000,0.000000,False,Sin AprilTag: medicion congelada
1777334254.199271,False,False,0.00000000,-1,-1,0.000000,0.000000,0.000000,False,Sin AprilTag: medicion congelada
1777334254.264191,False,False,0.00000000,-1,-1,0.000000,0.000000,0.000000,False,Sin AprilTag: medicion congelada
1777334254.323884,False,False,0.00000000,-1,-1,0.000000,0.000000,0.000000,False,Sin AprilTag: medicion congelada
1777334254.387149,False,False,0.00000000,-1,-1,0.000000,0.000000,0.000000,False,Sin AprilTag: medicion congelada
1777334254.442999,False,False,0.00000000,-1,-1,0.000000,0.000000,0.000000,False,Sin AprilTag: medicion congelada
1777334254.524835,False,False,0.00000000,-1,-1,0.000000,0.000000,0.000000,False,Sin AprilTag: medicion congelada
1777334254.588763,False,False,0.00000000,-1,-1,0.000000,0.000000,0.000000,False,Sin AprilTag: medicion congelada
1777334254.656086,False,False,0.00000000,-1,-1,0.000000,0.000000,0.000000,False,Sin AprilTag: medicion congelada
1777334254.729540,False,False,0.00000000,-1,-1,0.000000,0.000000,0.000000,False,Sin AprilTag: medicion congelada
1777334254.805478,False,False,0.00000000,-1,-1,0.000000,0.000000,0.000000,False,Sin AprilTag: medicion congelada
1777334254.861363,False,False,0.00000000,-1,-1,0.000000,0.000000,0.000000,False,Sin AprilTag: medicion congelada
1777334254.932428,False,False,0.00000000,-1,-1,0.000000,0.000000,0.000000,False,Sin AprilTag: medicion congelada
1777334254.995540,False,False,0.00000000,-1,-1,0.000000,0.000000,0.000000,False,Sin AprilTag: medicion congelada
1777334255.059186,False,False,0.00000000,-1,-1,0.000000,0.000000,0.000000,False,Sin AprilTag: medicion congelada
1777334255.131750,False,False,0.00000000,-1,-1,0.000000,0.000000,0.000000,False,Sin AprilTag: medicion congelada
1777334255.196194,False,False,0.00000000,-1,-1,0.000000,0.000000,0.000000,False,Sin AprilTag: medicion congelada
1777334255.260542,False,False,0.00000000,-1,-1,0.000000,0.000000,0.000000,False,Sin AprilTag: medicion congelada
1777334255.331597,False,False,0.00000000,-1,-1,0.000000,0.000000,0.000000,False,Sin AprilTag: medicion congelada
1777334255.406451,False,False,0.00000000,-1,-1,0.000000,0.000000,0.000000,False,Sin AprilTag: medicion congelada
1777334255.478528,False,False,0.00000000,-1,-1,0.000000,0.000000,0.000000,False,Sin AprilTag: medicion congelada
1777334255.543055,False,False,0.00000000,-1,-1,0.000000,0.000000,0.000000,False,Sin AprilTag: medicion congelada
1777334255.606569,False,False,0.00000000,-1,-1,0.000000,0.000000,0.000000,False,Sin AprilTag: medicion congelada
1777334255.664103,False,False,0.00000000,-1,-1,0.000000,0.000000,0.000000,False,Sin AprilTag: medicion congelada
1777334255.729806,False,False,0.00000000,-1,-1,0.000000,0.000000,0.000000,False,Sin AprilTag: medicion congelada
1777334255.801491,False,False,0.00000000,-1,-1,0.000000,0.000000,0.000000,False,Sin AprilTag: medicion congelada
1777334255.858275,False,False,0.00000000,-1,-1,0.000000,0.000000,0.000000,False,Sin AprilTag: medicion congelada
1777334255.916473,False,False,0.00000000,-1,-1,0.000000,0.000000,0.000000,False,Sin AprilTag: medicion congelada
1777334255.979906,False,False,0.00000000,-1,-1,0.000000,0.000000,0.000000,False,Sin AprilTag: medicion congelada
1777334256.044886,False,False,0.00000000,-1,-1,0.000000,0.000000,0.000000,False,Sin AprilTag: medicion congelada
1777334256.109184,False,False,0.00000000,-1,-1,0.000000,0.000000,0.000000,False,Sin AprilTag: medicion congelada
1777334256.172842,False,False,0.00000000,-1,-1,0.000000,0.000000,0.000000,False,Sin AprilTag: medicion congelada
1777334256.230012,False,False,0.00000000,-1,-1,0.000000,0.000000,0.000000,False,Sin AprilTag: medicion congelada
1777334256.298884,False,False,0.00000000,-1,-1,0.000000,0.000000,0.000000,False,Sin AprilTag: medicion congelada
1777334256.359905,False,False,0.00000000,-1,-1,0.000000,0.000000,0.000000,False,Sin AprilTag: medicion congelada
1777334256.423594,False,False,0.00000000,-1,-1,0.000000,0.000000,0.000000,False,Sin AprilTag: medicion congelada
1777334256.489564,False,False,0.00000000,-1,-1,0.000000,0.000000,0.000000,False,Sin AprilTag: medicion congelada
1777334256.561630,False,False,0.00000000,-1,-1,0.000000,0.000000,0.000000,False,Sin AprilTag: medicion congelada
1777334256.640578,False,False,0.00000000,-1,-1,0.000000,0.000000,0.000000,False,Sin AprilTag: medicion congelada
1777334256.704161,False,False,0.00000000,-1,-1,0.000000,0.000000,0.000000,False,Sin AprilTag: medicion congelada
1777334256.777747,False,False,0.00000000,-1,-1,0.000000,0.000000,0.000000,False,Sin AprilTag: medicion congelada
1777334256.865406,False,False,0.00000000,-1,-1,0.000000,0.000000,0.000000,False,Sin AprilTag: medicion congelada
1777334256.948370,False,False,0.00000000,-1,-1,0.000000,0.000000,0.000000,False,Sin AprilTag: medicion congelada
1777334257.020906,False,False,0.00000000,-1,-1,0.000000,0.000000,0.000000,False,Sin AprilTag: medicion congelada
1777334257.080616,False,False,0.00000000,-1,-1,0.000000,0.000000,0.000000,False,Sin AprilTag: medicion congelada
1777334257.146427,False,False,0.00000000,-1,-1,0.000000,0.000000,0.000000,False,Sin AprilTag: medicion congelada
1777334257.215407,False,False,0.00000000,-1,-1,0.000000,0.000000,0.000000,False,Sin AprilTag: medicion congelada
1777334257.280596,False,False,0.00000000,-1,-1,0.000000,0.000000,0.000000,False,Sin AprilTag: medicion congelada
1777334257.344151,False,False,0.00000000,-1,-1,0.000000,0.000000,0.000000,False,Sin AprilTag: medicion congelada
1777334257.406394,False,False,0.00000000,-1,-1,0.000000,0.000000,0.000000,False,Sin AprilTag: medicion congelada
1777334257.464355,False,False,0.00000000,-1,-1,0.000000,0.000000,0.000000,False,Sin AprilTag: medicion congelada
1777334257.531838,False,False,0.00000000,-1,-1,0.000000,0.000000,0.000000,False,Sin AprilTag: medicion congelada
1777334257.603791,False,False,0.00000000,-1,-1,0.000000,0.000000,0.000000,False,Sin AprilTag: medicion congelada
1777334257.676501,False,False,0.00000000,-1,-1,0.000000,0.000000,0.000000,False,Sin AprilTag: medicion congelada
1777334257.742787,False,False,0.00000000,-1,-1,0.000000,0.000000,0.000000,False,Sin AprilTag: medicion congelada
1777334257.800358,False,False,0.00000000,-1,-1,0.000000,0.000000,0.000000,False,Sin AprilTag: medicion congelada
1777334257.863160,False,False,0.00000000,-1,-1,0.000000,0.000000,0.000000,False,Sin AprilTag: medicion congelada
1777334257.931093,False,False,0.00000000,-1,-1,0.000000,0.000000,0.000000,False,Sin AprilTag: medicion congelada
1777334257.997884,False,False,0.00000000,-1,-1,0.000000,0.000000,0.000000,False,Sin AprilTag: medicion congelada
1777334258.060355,False,False,0.00000000,-1,-1,0.000000,0.000000,0.000000,False,Sin AprilTag: medicion congelada
1777334258.123851,False,False,0.00000000,-1,-1,0.000000,0.000000,0.000000,False,Sin AprilTag: medicion congelada
1777334258.203216,False,False,0.00000000,-1,-1,0.000000,0.000000,0.000000,False,Sin AprilTag: medicion congelada
1777334258.269111,False,False,0.00000000,-1,-1,0.000000,0.000000,0.000000,False,Sin AprilTag: medicion congelada
1777334258.332086,False,False,0.00000000,-1,-1,0.000000,0.000000,0.000000,False,Sin AprilTag: medicion congelada
1777334258.407328,False,False,0.00000000,-1,-1,0.000000,0.000000,0.000000,False,Sin AprilTag: medicion congelada
1777334258.503846,False,False,0.00000000,-1,-1,0.000000,0.000000,0.000000,False,Sin AprilTag: medicion congelada
1777334258.582388,False,False,0.00000000,-1,-1,0.000000,0.000000,0.000000,False,Sin AprilTag: medicion congelada
1777334258.646097,False,False,0.00000000,-1,-1,0.000000,0.000000,0.000000,False,Sin AprilTag: medicion congelada
1777334258.709395,False,False,0.00000000,-1,-1,0.000000,0.000000,0.000000,False,Sin AprilTag: medicion congelada
1777334258.772740,False,False,0.00000000,-1,-1,0.000000,0.000000,0.000000,False,Sin AprilTag: medicion congelada
1777334258.836422,False,False,0.00000000,-1,-1,0.000000,0.000000,0.000000,False,Sin AprilTag: medicion congelada
1777334258.908086,False,False,0.00000000,-1,-1,0.000000,0.000000,0.000000,False,Sin AprilTag: medicion congelada
1777334258.981086,False,False,0.00000000,-1,-1,0.000000,0.000000,0.000000,False,Sin AprilTag: medicion congelada
1777334259.077272,False,False,0.00000000,-1,-1,0.000000,0.000000,0.000000,False,Sin AprilTag: medicion congelada
1777334259.140940,False,False,0.00000000,-1,-1,0.000000,0.000000,0.000000,False,Sin AprilTag: medicion congelada
1777334259.205566,False,False,0.00000000,-1,-1,0.000000,0.000000,0.000000,False,Sin AprilTag: medicion congelada
1777334259.268541,False,False,0.00000000,-1,-1,0.000000,0.000000,0.000000,False,Sin AprilTag: medicion congelada
1777334259.332114,False,False,0.00000000,-1,-1,0.000000,0.000000,0.000000,False,Sin AprilTag: medicion congelada
1777334259.395859,False,False,0.00000000,-1,-1,0.000000,0.000000,0.000000,False,Sin AprilTag: medicion congelada
1777334259.459553,False,False,0.00000000,-1,-1,0.000000,0.000000,0.000000,False,Sin AprilTag: medicion congelada
1777334259.524719,False,False,0.00000000,-1,-1,0.000000,0.000000,0.000000,False,Sin AprilTag: medicion congelada
1777334259.581654,False,False,0.00000000,-1,-1,0.000000,0.000000,0.000000,False,Sin AprilTag: medicion congelada
1777334259.645496,False,False,0.00000000,-1,-1,0.000000,0.000000,0.000000,False,Sin AprilTag: medicion congelada
1777334259.709150,False,False,0.00000000,-1,-1,0.000000,0.000000,0.000000,False,Sin AprilTag: medicion congelada
1777334259.773030,False,False,0.00000000,-1,-1,0.000000,0.000000,0.000000,False,Sin AprilTag: medicion congelada
1777334259.836778,False,False,0.00000000,-1,-1,0.000000,0.000000,0.000000,False,Sin AprilTag: medicion congelada
1777334259.900641,False,False,0.00000000,-1,-1,0.000000,0.000000,0.000000,False,Sin AprilTag: medicion congelada
1777334259.964055,False,False,0.00000000,-1,-1,0.000000,0.000000,0.000000,False,Sin AprilTag: medicion congelada
1777334260.027748,False,False,0.00000000,-1,-1,0.000000,0.000000,0.000000,False,Sin AprilTag: medicion congelada
1777334260.093002,False,False,0.00000000,-1,-1,0.000000,0.000000,0.000000,False,Sin AprilTag: medicion congelada
1777334260.157865,False,False,0.00000000,-1,-1,0.000000,0.000000,0.000000,False,Sin AprilTag: medicion congelada
1777334260.228917,False,False,0.00000000,-1,-1,0.000000,0.000000,0.000000,False,Sin AprilTag: medicion congelada
1777334260.292061,False,False,0.00000000,-1,-1,0.000000,0.000000,0.000000,False,Sin AprilTag: medicion congelada
1777334260.355888,False,False,0.00000000,-1,-1,0.000000,0.000000,0.000000,False,Sin AprilTag: medicion congelada
1777334260.435548,False,False,0.00000000,-1,-1,0.000000,0.000000,0.000000,False,Sin AprilTag: medicion congelada
1777334260.515660,False,False,0.00000000,-1,-1,0.000000,0.000000,0.000000,False,Sin AprilTag: medicion congelada
1777334260.579530,False,False,0.00000000,-1,-1,0.000000,0.000000,0.000000,False,Sin AprilTag: medicion congelada
1777334260.644399,False,False,0.00000000,-1,-1,0.000000,0.000000,0.000000,False,Sin AprilTag: medicion congelada
1777334260.707712,False,False,0.00000000,-1,-1,0.000000,0.000000,0.000000,False,Sin AprilTag: medicion congelada
1777334260.803246,False,False,0.00000000,-1,-1,0.000000,0.000000,0.000000,False,Sin AprilTag: medicion congelada
1777334260.867483,False,False,0.00000000,-1,-1,0.000000,0.000000,0.000000,False,Sin AprilTag: medicion congelada
1777334260.930976,False,False,0.00000000,-1,-1,0.000000,0.000000,0.000000,False,Sin AprilTag: medicion congelada
1777334260.994775,False,False,0.00000000,-1,-1,0.000000,0.000000,0.000000,False,Sin AprilTag: medicion congelada
1777334261.058896,False,False,0.00000000,-1,-1,0.000000,0.000000,0.000000,False,Sin AprilTag: medicion congelada
1777334261.124247,False,False,0.00000000,-1,-1,0.000000,0.000000,0.000000,False,Sin AprilTag: medicion congelada
1777334261.187690,False,False,0.00000000,-1,-1,0.000000,0.000000,0.000000,False,Sin AprilTag: medicion congelada
1777334261.251411,False,False,0.00000000,-1,-1,0.000000,0.000000,0.000000,False,Sin AprilTag: medicion congelada
1777334261.315358,False,False,0.00000000,-1,-1,0.000000,0.000000,0.000000,False,Sin AprilTag: medicion congelada
1777334261.379607,False,False,0.00000000,-1,-1,0.000000,0.000000,0.000000,False,Sin AprilTag: medicion congelada
1777334261.443372,False,False,0.00000000,-1,-1,0.000000,0.000000,0.000000,False,Sin AprilTag: medicion congelada
1777334261.507214,False,False,0.00000000,-1,-1,0.000000,0.000000,0.000000,False,Sin AprilTag: medicion congelada
1777334261.571081,False,False,0.00000000,-1,-1,0.000000,0.000000,0.000000,False,Sin AprilTag: medicion congelada
1777334261.648308,False,False,0.00000000,-1,-1,0.000000,0.000000,0.000000,False,Sin AprilTag: medicion congelada
1777334261.719779,False,False,0.00000000,-1,-1,0.000000,0.000000,0.000000,False,Sin AprilTag: medicion congelada
1777334261.814500,False,False,0.00000000,-1,-1,0.000000,0.000000,0.000000,False,Sin AprilTag: medicion congelada
1777334261.878036,False,False,0.00000000,-1,-1,0.000000,0.000000,0.000000,False,Sin AprilTag: medicion congelada
1777334261.941453,False,False,0.00000000,-1,-1,0.000000,0.000000,0.000000,False,Sin AprilTag: medicion congelada
1777334262.005303,False,False,0.00000000,-1,-1,0.000000,0.000000,0.000000,False,Sin AprilTag: medicion congelada
1777334262.069318,False,False,0.00000000,-1,-1,0.000000,0.000000,0.000000,False,Sin AprilTag: medicion congelada
1777334262.149497,False,False,0.00000000,-1,-1,0.000000,0.000000,0.000000,False,Sin AprilTag: medicion congelada
1777334262.213224,False,False,0.00000000,-1,-1,0.000000,0.000000,0.000000,False,Sin AprilTag: medicion congelada
1777334262.276759,False,False,0.00000000,-1,-1,0.000000,0.000000,0.000000,False,Sin AprilTag: medicion congelada
1777334262.357140,False,False,0.00000000,-1,-1,0.000000,0.000000,0.000000,False,Sin AprilTag: medicion congelada
1777334262.420549,False,False,0.00000000,-1,-1,0.000000,0.000000,0.000000,False,Sin AprilTag: medicion congelada
1777334262.484356,False,False,0.00000000,-1,-1,0.000000,0.000000,0.000000,False,Sin AprilTag: medicion congelada
1777334262.548108,False,False,0.00000000,-1,-1,0.000000,0.000000,0.000000,False,Sin AprilTag: medicion congelada
1777334262.611830,False,False,0.00000000,-1,-1,0.000000,0.000000,0.000000,False,Sin AprilTag: medicion congelada
1777334262.675552,False,False,0.00000000,-1,-1,0.000000,0.000000,0.000000,False,Sin AprilTag: medicion congelada
1777334262.744517,False,False,0.00000000,-1,-1,0.000000,0.000000,0.000000,False,Sin AprilTag: medicion congelada
1777334262.813027,False,False,0.00000000,-1,-1,0.000000,0.000000,0.000000,False,Sin AprilTag: medicion congelada
1777334262.892630,False,False,0.00000000,-1,-1,0.000000,0.000000,0.000000,False,Sin AprilTag: medicion congelada
1777334262.955933,False,False,0.00000000,-1,-1,0.000000,0.000000,0.000000,False,Sin AprilTag: medicion congelada
1777334263.019638,False,False,0.00000000,-1,-1,0.000000,0.000000,0.000000,False,Sin AprilTag: medicion congelada
1777334263.082923,False,False,0.00000000,-1,-1,0.000000,0.000000,0.000000,False,Sin AprilTag: medicion congelada
1777334263.146278,False,False,0.00000000,-1,-1,0.000000,0.000000,0.000000,False,Sin AprilTag: medicion congelada
1777334263.223097,False,False,0.00000000,-1,-1,0.000000,0.000000,0.000000,False,Sin AprilTag: medicion congelada
1777334263.306153,False,False,0.00000000,-1,-1,0.000000,0.000000,0.000000,False,Sin AprilTag: medicion congelada
1777334263.374883,False,False,0.00000000,-1,-1,0.000000,0.000000,0.000000,False,Sin AprilTag: medicion congelada
1777334263.438432,False,False,0.00000000,-1,-1,0.000000,0.000000,0.000000,False,Sin AprilTag: medicion congelada
1777334263.517665,False,False,0.00000000,-1,-1,0.000000,0.000000,0.000000,False,Sin AprilTag: medicion congelada
1777334263.597167,False,False,0.00000000,-1,-1,0.000000,0.000000,0.000000,False,Sin AprilTag: medicion congelada
1777334263.676766,False,False,0.00000000,-1,-1,0.000000,0.000000,0.000000,False,Sin AprilTag: medicion congelada
1777334263.740233,False,False,0.00000000,-1,-1,0.000000,0.000000,0.000000,False,Sin AprilTag: medicion congelada
1777334263.813241,False,False,0.00000000,-1,-1,0.000000,0.000000,0.000000,False,Sin AprilTag: medicion congelada
1777334263.876925,False,False,0.00000000,-1,-1,0.000000,0.000000,0.000000,False,Sin AprilTag: medicion congelada
1777334263.940269,False,False,0.00000000,-1,-1,0.000000,0.000000,0.000000,False,Sin AprilTag: medicion congelada
1777334264.003765,False,False,0.00000000,-1,-1,0.000000,0.000000,0.000000,False,Sin AprilTag: medicion congelada
1777334264.067160,False,False,0.00000000,-1,-1,0.000000,0.000000,0.000000,False,Sin AprilTag: medicion congelada
1777334264.130442,False,False,0.00000000,-1,-1,0.000000,0.000000,0.000000,False,Sin AprilTag: medicion congelada
1777334264.194550,False,False,0.00000000,-1,-1,0.000000,0.000000,0.000000,False,Sin AprilTag: medicion congelada
1777334264.258521,False,False,0.00000000,-1,-1,0.000000,0.000000,0.000000,False,Sin AprilTag: medicion congelada
1777334264.324585,False,False,0.00000000,-1,-1,0.000000,0.000000,0.000000,False,Sin AprilTag: medicion congelada
1777334264.395389,False,False,0.00000000,-1,-1,0.000000,0.000000,0.000000,False,Sin AprilTag: medicion congelada
1777334264.459068,False,False,0.00000000,-1,-1,0.000000,0.000000,0.000000,False,Sin AprilTag: medicion congelada
1777334264.522821,False,False,0.00000000,-1,-1,0.000000,0.000000,0.000000,False,Sin AprilTag: medicion congelada
1777334264.586723,False,False,0.00000000,-1,-1,0.000000,0.000000,0.000000,False,Sin AprilTag: medicion congelada
1777334264.650173,False,False,0.00000000,-1,-1,0.000000,0.000000,0.000000,False,Sin AprilTag: medicion congelada
1777334264.714276,False,False,0.00000000,-1,-1,0.000000,0.000000,0.000000,False,Sin AprilTag: medicion congelada
1777334264.777988,False,False,0.00000000,-1,-1,0.000000,0.000000,0.000000,False,Sin AprilTag: medicion congelada
1777334264.836909,False,False,0.00000000,-1,-1,0.000000,0.000000,0.000000,False,Sin AprilTag: medicion congelada
1777334264.909389,False,False,0.00000000,-1,-1,0.000000,0.000000,0.000000,False,Sin AprilTag: medicion congelada
1777334264.973334,False,False,0.00000000,-1,-1,0.000000,0.000000,0.000000,False,Sin AprilTag: medicion congelada
1777334265.037070,False,False,0.00000000,-1,-1,0.000000,0.000000,0.000000,False,Sin AprilTag: medicion congelada
1777334265.100635,False,False,0.00000000,-1,-1,0.000000,0.000000,0.000000,False,Sin AprilTag: medicion congelada
1777334265.164382,False,False,0.00000000,-1,-1,0.000000,0.000000,0.000000,False,Sin AprilTag: medicion congelada
1777334265.228198,False,False,0.00000000,-1,-1,0.000000,0.000000,0.000000,False,Sin AprilTag: medicion congelada
1777334265.292013,False,False,0.00000000,-1,-1,0.000000,0.000000,0.000000,False,Sin AprilTag: medicion congelada
1777334265.362879,False,False,0.00000000,-1,-1,0.000000,0.000000,0.000000,False,Sin AprilTag: medicion congelada
1777334265.428802,False,False,0.00000000,-1,-1,0.000000,0.000000,0.000000,False,Sin AprilTag: medicion congelada
1777334265.492261,False,False,0.00000000,-1,-1,0.000000,0.000000,0.000000,False,Sin AprilTag: medicion congelada
1777334265.556394,False,False,0.00000000,-1,-1,0.000000,0.000000,0.000000,False,Sin AprilTag: medicion congelada
1777334265.620271,False,False,0.00000000,-1,-1,0.000000,0.000000,0.000000,False,Sin AprilTag: medicion congelada
1777334265.684194,False,False,0.00000000,-1,-1,0.000000,0.000000,0.000000,False,Sin AprilTag: medicion congelada
1777334265.747368,False,False,0.00000000,-1,-1,0.000000,0.000000,0.000000,False,Sin AprilTag: medicion congelada
1777334265.826983,False,False,0.00000000,-1,-1,0.000000,0.000000,0.000000,False,Sin AprilTag: medicion congelada
1777334265.895385,False,False,0.00000000,-1,-1,0.000000,0.000000,0.000000,False,Sin AprilTag: medicion congelada
1777334265.968340,False,False,0.00000000,-1,-1,0.000000,0.000000,0.000000,False,Sin AprilTag: medicion congelada
1777334266.032116,False,False,0.00000000,-1,-1,0.000000,0.000000,0.000000,False,Sin AprilTag: medicion congelada
1777334266.111748,False,False,0.00000000,-1,-1,0.000000,0.000000,0.000000,False,Sin AprilTag: medicion congelada
1777334266.191909,False,False,0.00000000,-1,-1,0.000000,0.000000,0.000000,False,Sin AprilTag: medicion congelada
1777334266.255466,False,False,0.00000000,-1,-1,0.000000,0.000000,0.000000,False,Sin AprilTag: medicion congelada
1777334266.340294,False,False,0.00000000,-1,-1,0.000000,0.000000,0.000000,False,Sin AprilTag: medicion congelada
1777334266.430617,False,False,0.00000000,-1,-1,0.000000,0.000000,0.000000,False,Sin AprilTag: medicion congelada
1777334266.504404,False,False,0.00000000,-1,-1,0.000000,0.000000,0.000000,False,Sin AprilTag: medicion congelada
1777334266.568372,False,False,0.00000000,-1,-1,0.000000,0.000000,0.000000,False,Sin AprilTag: medicion congelada
1777334266.632515,False,False,0.00000000,-1,-1,0.000000,0.000000,0.000000,False,Sin AprilTag: medicion congelada
1777334266.696473,False,False,0.00000000,-1,-1,0.000000,0.000000,0.000000,False,Sin AprilTag: medicion congelada
1777334266.760302,False,False,0.00000000,-1,-1,0.000000,0.000000,0.000000,False,Sin AprilTag: medicion congelada
1777334266.823248,False,False,0.00000000,-1,-1,0.000000,0.000000,0.000000,False,Sin AprilTag: medicion congelada
1777334266.886082,False,False,0.00000000,-1,-1,0.000000,0.000000,0.000000,False,Sin AprilTag: medicion congelada
1777334266.953659,False,False,0.00000000,-1,-1,0.000000,0.000000,0.000000,False,Sin AprilTag: medicion congelada
1777334267.017005,False,False,0.00000000,-1,-1,0.000000,0.000000,0.000000,False,Sin AprilTag: medicion congelada
1777334267.080088,False,False,0.00000000,-1,-1,0.000000,0.000000,0.000000,False,Sin AprilTag: medicion congelada
1777334267.143301,False,False,0.00000000,-1,-1,0.000000,0.000000,0.000000,False,Sin AprilTag: medicion congelada
1777334267.206399,False,False,0.00000000,-1,-1,0.000000,0.000000,0.000000,False,Sin AprilTag: medicion congelada
1777334267.269449,False,False,0.00000000,-1,-1,0.000000,0.000000,0.000000,False,Sin AprilTag: medicion congelada
1777334267.332621,False,False,0.00000000,-1,-1,0.000000,0.000000,0.000000,False,Sin AprilTag: medicion congelada
1777334267.395962,False,False,0.00000000,-1,-1,0.000000,0.000000,0.000000,False,Sin AprilTag: medicion congelada
1777334267.459833,False,False,0.00000000,-1,-1,0.000000,0.000000,0.000000,False,Sin AprilTag: medicion congelada
1777334267.516856,False,False,0.00000000,-1,-1,0.000000,0.000000,0.000000,False,Sin AprilTag: medicion congelada
1777334267.580684,False,False,0.00000000,-1,-1,0.000000,0.000000,0.000000,False,Sin AprilTag: medicion congelada
1777334267.644705,False,False,0.00000000,-1,-1,0.000000,0.000000,0.000000,False,Sin AprilTag: medicion congelada
1777334267.708413,False,False,0.00000000,-1,-1,0.000000,0.000000,0.000000,False,Sin AprilTag: medicion congelada
1777334267.772600,False,False,0.00000000,-1,-1,0.000000,0.000000,0.000000,False,Sin AprilTag: medicion congelada
1777334267.836126,False,False,0.00000000,-1,-1,0.000000,0.000000,0.000000,False,Sin AprilTag: medicion congelada
1777334267.899918,False,False,0.00000000,-1,-1,0.000000,0.000000,0.000000,False,Sin AprilTag: medicion congelada
1777334267.963449,False,False,0.00000000,-1,-1,0.000000,0.000000,0.000000,False,Sin AprilTag: medicion congelada
1777334268.027895,False,False,0.00000000,-1,-1,0.000000,0.000000,0.000000,False,Sin AprilTag: medicion congelada
1777334268.091309,False,False,0.00000000,-1,-1,0.000000,0.000000,0.000000,False,Sin AprilTag: medicion congelada
1777334268.154579,False,False,0.00000000,-1,-1,0.000000,0.000000,0.000000,False,Sin AprilTag: medicion congelada
1777334268.217940,False,False,0.00000000,-1,-1,0.000000,0.000000,0.000000,False,Sin AprilTag: medicion congelada
1777334268.281847,False,False,0.00000000,-1,-1,0.000000,0.000000,0.000000,False,Sin AprilTag: medicion congelada
1777334268.345574,False,False,0.00000000,-1,-1,0.000000,0.000000,0.000000,False,Sin AprilTag: medicion congelada
1777334268.409665,False,False,0.00000000,-1,-1,0.000000,0.000000,0.000000,False,Sin AprilTag: medicion congelada
1777334268.473169,False,False,0.00000000,-1,-1,0.000000,0.000000,0.000000,False,Sin AprilTag: medicion congelada
1777334268.538270,False,False,0.00000000,-1,-1,0.000000,0.000000,0.000000,False,Sin AprilTag: medicion congelada
1777334268.610883,False,False,0.00000000,-1,-1,0.000000,0.000000,0.000000,False,Sin AprilTag: medicion congelada
1777334268.674747,False,False,0.00000000,-1,-1,0.000000,0.000000,0.000000,False,Sin AprilTag: medicion congelada
1777334268.739936,False,False,0.00000000,-1,-1,0.000000,0.000000,0.000000,False,Sin AprilTag: medicion congelada
1777334268.801673,False,False,0.00000000,-1,-1,0.000000,0.000000,0.000000,False,Sin AprilTag: medicion congelada
1777334268.865788,False,False,0.00000000,-1,-1,0.000000,0.000000,0.000000,False,Sin AprilTag: medicion congelada
1777334268.929781,False,False,0.00000000,-1,-1,0.000000,0.000000,0.000000,False,Sin AprilTag: medicion congelada
1777334268.993228,False,False,0.00000000,-1,-1,0.000000,0.000000,0.000000,False,Sin AprilTag: medicion congelada
1777334269.056356,False,False,0.00000000,-1,-1,0.000000,0.000000,0.000000,False,Sin AprilTag: medicion congelada
1777334269.128841,False,False,0.00000000,-1,-1,0.000000,0.000000,0.000000,False,Sin AprilTag: medicion congelada
1777334269.192450,False,False,0.00000000,-1,-1,0.000000,0.000000,0.000000,False,Sin AprilTag: medicion congelada
1777334269.256666,False,False,0.00000000,-1,-1,0.000000,0.000000,0.000000,False,Sin AprilTag: medicion congelada
1777334269.319808,False,False,0.00000000,-1,-1,0.000000,0.000000,0.000000,False,Sin AprilTag: medicion congelada
1777334269.382989,False,False,0.00000000,-1,-1,0.000000,0.000000,0.000000,False,Sin AprilTag: medicion congelada
1777334269.464965,False,False,0.00000000,-1,-1,0.000000,0.000000,0.000000,False,Sin AprilTag: medicion congelada
1777334269.526689,False,False,0.00000000,-1,-1,0.000000,0.000000,0.000000,False,Sin AprilTag: medicion congelada
1777334269.590021,False,False,0.00000000,-1,-1,0.000000,0.000000,0.000000,False,Sin AprilTag: medicion congelada
1777334269.647354,False,False,0.00000000,-1,-1,0.000000,0.000000,0.000000,False,Sin AprilTag: medicion congelada
1777334269.711397,False,False,0.00000000,-1,-1,0.000000,0.000000,0.000000,False,Sin AprilTag: medicion congelada
1777334269.775556,False,False,0.00000000,-1,-1,0.000000,0.000000,0.000000,False,Sin AprilTag: medicion congelada
1777334269.839326,False,False,0.00000000,-1,-1,0.000000,0.000000,0.000000,False,Sin AprilTag: medicion congelada
1777334269.903497,False,False,0.00000000,-1,-1,0.000000,0.000000,0.000000,False,Sin AprilTag: medicion congelada
1777334269.967491,False,False,0.00000000,-1,-1,0.000000,0.000000,0.000000,False,Sin AprilTag: medicion congelada
1777334270.031137,False,False,0.00000000,-1,-1,0.000000,0.000000,0.000000,False,Sin AprilTag: medicion congelada
1777334270.094789,False,False,0.00000000,-1,-1,0.000000,0.000000,0.000000,False,Sin AprilTag: medicion congelada
1777334270.167433,False,False,0.00000000,-1,-1,0.000000,0.000000,0.000000,False,Sin AprilTag: medicion congelada
1777334270.233259,False,False,0.00000000,-1,-1,0.000000,0.000000,0.000000,False,Sin AprilTag: medicion congelada
1777334270.295942,False,False,0.00000000,-1,-1,0.000000,0.000000,0.000000,False,Sin AprilTag: medicion congelada
1777334270.359557,False,False,0.00000000,-1,-1,0.000000,0.000000,0.000000,False,Sin AprilTag: medicion congelada
1777334270.422802,False,False,0.00000000,-1,-1,0.000000,0.000000,0.000000,False,Sin AprilTag: medicion congelada
1777334270.486739,False,False,0.00000000,-1,-1,0.000000,0.000000,0.000000,False,Sin AprilTag: medicion congelada
1777334270.550595,False,False,0.00000000,-1,-1,0.000000,0.000000,0.000000,False,Sin AprilTag: medicion congelada
1777334270.613866,False,False,0.00000000,-1,-1,0.000000,0.000000,0.000000,False,Sin AprilTag: medicion congelada
1777334270.681623,False,False,0.00000000,-1,-1,0.000000,0.000000,0.000000,False,Sin AprilTag: medicion congelada
1777334270.740463,False,False,0.00000000,-1,-1,0.000000,0.000000,0.000000,False,Sin AprilTag: medicion congelada
1777334270.804335,False,False,0.00000000,-1,-1,0.000000,0.000000,0.000000,False,Sin AprilTag: medicion congelada
1777334270.886670,False,False,0.00000000,-1,-1,0.000000,0.000000,0.000000,False,Sin AprilTag: medicion congelada
1777334270.948013,False,False,0.00000000,-1,-1,0.000000,0.000000,0.000000,False,Sin AprilTag: medicion congelada
1777334271.011003,False,False,0.00000000,-1,-1,0.000000,0.000000,0.000000,False,Sin AprilTag: medicion congelada
1777334271.073887,False,False,0.00000000,-1,-1,0.000000,0.000000,0.000000,False,Sin AprilTag: medicion congelada
1777334271.137477,False,False,0.00000000,-1,-1,0.000000,0.000000,0.000000,False,Sin AprilTag: medicion congelada
1777334271.202896,False,False,0.00000000,-1,-1,0.000000,0.000000,0.000000,False,Sin AprilTag: medicion congelada
1777334271.275424,False,False,0.00000000,-1,-1,0.000000,0.000000,0.000000,False,Sin AprilTag: medicion congelada
1777334271.338885,False,False,0.00000000,-1,-1,0.000000,0.000000,0.000000,False,Sin AprilTag: medicion congelada
1777334271.402351,False,False,0.00000000,-1,-1,0.000000,0.000000,0.000000,False,Sin AprilTag: medicion congelada
1777334271.466361,False,False,0.00000000,-1,-1,0.000000,0.000000,0.000000,False,Sin AprilTag: medicion congelada
1777334271.529533,False,False,0.00000000,-1,-1,0.000000,0.000000,0.000000,False,Sin AprilTag: medicion congelada
1777334271.591947,False,False,0.00000000,-1,-1,0.000000,0.000000,0.000000,False,Sin AprilTag: medicion congelada
1777334271.655112,False,False,0.00000000,-1,-1,0.000000,0.000000,0.000000,False,Sin AprilTag: medicion congelada
1777334271.720855,False,False,0.00000000,-1,-1,0.000000,0.000000,0.000000,False,Sin AprilTag: medicion congelada
1777334271.785755,False,False,0.00000000,-1,-1,0.000000,0.000000,0.000000,False,Sin AprilTag: medicion congelada
1777334271.860226,False,False,0.00000000,-1,-1,0.000000,0.000000,0.000000,False,Sin AprilTag: medicion congelada
1777334271.926650,False,False,0.00000000,-1,-1,0.000000,0.000000,0.000000,False,Sin AprilTag: medicion congelada
1777334271.990245,False,False,0.00000000,-1,-1,0.000000,0.000000,0.000000,False,Sin AprilTag: medicion congelada
1777334272.054195,False,False,0.00000000,-1,-1,0.000000,0.000000,0.000000,False,Sin AprilTag: medicion congelada
1777334272.118510,False,False,0.00000000,-1,-1,0.000000,0.000000,0.000000,False,Sin AprilTag: medicion congelada
1777334272.182500,False,False,0.00000000,-1,-1,0.000000,0.000000,0.000000,False,Sin AprilTag: medicion congelada
1777334272.252352,False,False,0.00000000,-1,-1,0.000000,0.000000,0.000000,False,Sin AprilTag: medicion congelada
1777334272.323554,False,False,0.00000000,-1,-1,0.000000,0.000000,0.000000,False,Sin AprilTag: medicion congelada
1777334272.371003,False,False,0.00000000,-1,-1,0.000000,0.000000,0.000000,False,Sin AprilTag: medicion congelada
1777334272.427656,False,False,0.00000000,-1,-1,0.000000,0.000000,0.000000,False,Sin AprilTag: medicion congelada
1777334272.494047,False,False,0.00000000,-1,-1,0.000000,0.000000,0.000000,False,Sin AprilTag: medicion congelada
1777334272.568136,False,False,0.00000000,-1,-1,0.000000,0.000000,0.000000,False,Sin AprilTag: medicion congelada
1777334272.633939,False,False,0.00000000,-1,-1,0.000000,0.000000,0.000000,False,Sin AprilTag: medicion congelada
1777334272.691508,False,False,0.00000000,-1,-1,0.000000,0.000000,0.000000,False,Sin AprilTag: medicion congelada
1777334272.755152,False,False,0.00000000,-1,-1,0.000000,0.000000,0.000000,False,Sin AprilTag: medicion congelada
1777334272.819212,False,False,0.00000000,-1,-1,0.000000,0.000000,0.000000,False,Sin AprilTag: medicion congelada
1777334272.885059,False,False,0.00000000,-1,-1,0.000000,0.000000,0.000000,False,Sin AprilTag: medicion congelada
1777334272.948875,False,False,0.00000000,-1,-1,0.000000,0.000000,0.000000,False,Sin AprilTag: medicion congelada
1777334273.009830,False,False,0.00000000,-1,-1,0.000000,0.000000,0.000000,False,Sin AprilTag: medicion congelada
1777334273.076015,False,False,0.00000000,-1,-1,0.000000,0.000000,0.000000,False,Sin AprilTag: medicion congelada
1777334273.139023,False,False,0.00000000,-1,-1,0.000000,0.000000,0.000000,False,Sin AprilTag: medicion congelada
1777334273.202711,False,False,0.00000000,-1,-1,0.000000,0.000000,0.000000,False,Sin AprilTag: medicion congelada
1777334273.266895,False,False,0.00000000,-1,-1,0.000000,0.000000,0.000000,False,Sin AprilTag: medicion congelada
1777334273.356739,False,False,0.00000000,-1,-1,0.000000,0.000000,0.000000,False,Sin AprilTag: medicion congelada
1777334273.426057,False,False,0.00000000,-1,-1,0.000000,0.000000,0.000000,False,Sin AprilTag: medicion congelada
1777334273.493453,False,False,0.00000000,-1,-1,0.000000,0.000000,0.000000,False,Sin AprilTag: medicion congelada
1777334273.557217,False,False,0.00000000,-1,-1,0.000000,0.000000,0.000000,False,Sin AprilTag: medicion congelada
1777334273.626829,False,False,0.00000000,-1,-1,0.000000,0.000000,0.000000,False,Sin AprilTag: medicion congelada
1777334273.691993,False,False,0.00000000,-1,-1,0.000000,0.000000,0.000000,False,Sin AprilTag: medicion congelada
1777334273.758264,False,False,0.00000000,-1,-1,0.000000,0.000000,0.000000,False,Sin AprilTag: medicion congelada
1777334273.824030,False,False,0.00000000,-1,-1,0.000000,0.000000,0.000000,False,Sin AprilTag: medicion congelada
1777334273.882178,False,False,0.00000000,-1,-1,0.000000,0.000000,0.000000,False,Sin AprilTag: medicion congelada
1777334273.956656,False,False,0.00000000,-1,-1,0.000000,0.000000,0.000000,False,Sin AprilTag: medicion congelada
1777334274.021352,False,False,0.00000000,-1,-1,0.000000,0.000000,0.000000,False,Sin AprilTag: medicion congelada
1777334274.084860,False,False,0.00000000,-1,-1,0.000000,0.000000,0.000000,False,Sin AprilTag: medicion congelada
1777334274.148900,False,False,0.00000000,-1,-1,0.000000,0.000000,0.000000,False,Sin AprilTag: medicion congelada
1777334274.213044,False,False,0.00000000,-1,-1,0.000000,0.000000,0.000000,False,Sin AprilTag: medicion congelada
1777334274.275804,False,False,0.00000000,-1,-1,0.000000,0.000000,0.000000,False,Sin AprilTag: medicion congelada
1777334274.349802,False,False,0.00000000,-1,-1,0.000000,0.000000,0.000000,False,Sin AprilTag: medicion congelada
1777334274.423654,False,False,0.00000000,-1,-1,0.000000,0.000000,0.000000,False,Sin AprilTag: medicion congelada
1777334274.490591,False,False,0.00000000,-1,-1,0.000000,0.000000,0.000000,False,Sin AprilTag: medicion congelada
1777334274.553199,False,False,0.00000000,-1,-1,0.000000,0.000000,0.000000,False,Sin AprilTag: medicion congelada
1777334274.616629,False,False,0.00000000,-1,-1,0.000000,0.000000,0.000000,False,Sin AprilTag: medicion congelada
1777334274.680068,False,False,0.00000000,-1,-1,0.000000,0.000000,0.000000,False,Sin AprilTag: medicion congelada
1777334274.743937,False,False,0.00000000,-1,-1,0.000000,0.000000,0.000000,False,Sin AprilTag: medicion congelada
1777334274.807377,False,False,0.00000000,-1,-1,0.000000,0.000000,0.000000,False,Sin AprilTag: medicion congelada
1777334274.870692,False,False,0.00000000,-1,-1,0.000000,0.000000,0.000000,False,Sin AprilTag: medicion congelada
1777334274.943690,False,False,0.00000000,-1,-1,0.000000,0.000000,0.000000,False,Sin AprilTag: medicion congelada
1777334275.022251,False,False,0.00000000,-1,-1,0.000000,0.000000,0.000000,False,Sin AprilTag: medicion congelada
1777334275.084913,False,False,0.00000000,-1,-1,0.000000,0.000000,0.000000,False,Sin AprilTag: medicion congelada
1777334275.148204,False,False,0.00000000,-1,-1,0.000000,0.000000,0.000000,False,Sin AprilTag: medicion congelada
1777334275.210967,False,False,0.00000000,-1,-1,0.000000,0.000000,0.000000,False,Sin AprilTag: medicion congelada
1777334275.273862,False,False,0.00000000,-1,-1,0.000000,0.000000,0.000000,False,Sin AprilTag: medicion congelada
1777334275.341945,False,False,0.00000000,-1,-1,0.000000,0.000000,0.000000,False,Sin AprilTag: medicion congelada
1777334275.408650,False,False,0.00000000,-1,-1,0.000000,0.000000,0.000000,False,Sin AprilTag: medicion congelada
1777334275.473671,False,False,0.00000000,-1,-1,0.000000,0.000000,0.000000,False,Sin AprilTag: medicion congelada
1777334275.541843,False,False,0.00000000,-1,-1,0.000000,0.000000,0.000000,False,Sin AprilTag: medicion congelada
1777334275.605445,False,False,0.00000000,-1,-1,0.000000,0.000000,0.000000,False,Sin AprilTag: medicion congelada
1777334275.676081,False,False,0.00000000,-1,-1,0.000000,0.000000,0.000000,False,Sin AprilTag: medicion congelada
1777334275.733378,False,False,0.00000000,-1,-1,0.000000,0.000000,0.000000,False,Sin AprilTag: medicion congelada
1777334275.801211,False,False,0.00000000,-1,-1,0.000000,0.000000,0.000000,False,Sin AprilTag: medicion congelada
1777334275.865140,False,False,0.00000000,-1,-1,0.000000,0.000000,0.000000,False,Sin AprilTag: medicion congelada
1777334275.928662,False,False,0.00000000,-1,-1,0.000000,0.000000,0.000000,False,Sin AprilTag: medicion congelada
1777334275.992920,False,False,0.00000000,-1,-1,0.000000,0.000000,0.000000,False,Sin AprilTag: medicion congelada
1777334276.057201,False,False,0.00000000,-1,-1,0.000000,0.000000,0.000000,False,Sin AprilTag: medicion congelada
1777334276.120895,False,False,0.00000000,-1,-1,0.000000,0.000000,0.000000,False,Sin AprilTag: medicion congelada
1777334276.184780,False,False,0.00000000,-1,-1,0.000000,0.000000,0.000000,False,Sin AprilTag: medicion congelada
1777334276.243357,False,False,0.00000000,-1,-1,0.000000,0.000000,0.000000,False,Sin AprilTag: medicion congelada
1777334276.308943,False,False,0.00000000,-1,-1,0.000000,0.000000,0.000000,False,Sin AprilTag: medicion congelada
1777334276.374152,False,False,0.00000000,-1,-1,0.000000,0.000000,0.000000,False,Sin AprilTag: medicion congelada
1777334276.431668,False,False,0.00000000,-1,-1,0.000000,0.000000,0.000000,False,Sin AprilTag: medicion congelada
1777334276.504423,False,False,0.00000000,-1,-1,0.000000,0.000000,0.000000,False,Sin AprilTag: medicion congelada
1777334276.568428,False,False,0.00000000,-1,-1,0.000000,0.000000,0.000000,False,Sin AprilTag: medicion congelada
1777334276.647256,False,False,0.00000000,-1,-1,0.000000,0.000000,0.000000,False,Sin AprilTag: medicion congelada
1777334276.726683,False,False,0.00000000,-1,-1,0.000000,0.000000,0.000000,False,Sin AprilTag: medicion congelada
1777334276.793536,False,False,0.00000000,-1,-1,0.000000,0.000000,0.000000,False,Sin AprilTag: medicion congelada
1777334276.860628,False,False,0.00000000,-1,-1,0.000000,0.000000,0.000000,False,Sin AprilTag: medicion congelada
1777334276.925267,False,False,0.00000000,-1,-1,0.000000,0.000000,0.000000,False,Sin AprilTag: medicion congelada
1777334276.982622,False,False,0.00000000,-1,-1,0.000000,0.000000,0.000000,False,Sin AprilTag: medicion congelada
1777334277.053879,False,False,0.00000000,-1,-1,0.000000,0.000000,0.000000,False,Sin AprilTag: medicion congelada
1777334277.124914,False,False,0.00000000,-1,-1,0.000000,0.000000,0.000000,False,Sin AprilTag: medicion congelada
1777334277.191503,False,False,0.00000000,-1,-1,0.000000,0.000000,0.000000,False,Sin AprilTag: medicion congelada
1777334277.255939,False,False,0.00000000,-1,-1,0.000000,0.000000,0.000000,False,Sin AprilTag: medicion congelada
1777334277.319536,False,False,0.00000000,-1,-1,0.000000,0.000000,0.000000,False,Sin AprilTag: medicion congelada
1777334277.388528,False,False,0.00000000,-1,-1,0.000000,0.000000,0.000000,False,Sin AprilTag: medicion congelada
1777334277.454790,False,False,0.00000000,-1,-1,0.000000,0.000000,0.000000,False,Sin AprilTag: medicion congelada
1777334277.519445,False,False,0.00000000,-1,-1,0.000000,0.000000,0.000000,False,Sin AprilTag: medicion congelada
1777334277.590435,False,False,0.00000000,-1,-1,0.000000,0.000000,0.000000,False,Sin AprilTag: medicion congelada
1777334277.669736,False,False,0.00000000,-1,-1,0.000000,0.000000,0.000000,False,Sin AprilTag: medicion congelada
1777334277.742961,False,False,0.00000000,-1,-1,0.000000,0.000000,0.000000,False,Sin AprilTag: medicion congelada
1777334277.806632,False,False,0.00000000,-1,-1,0.000000,0.000000,0.000000,False,Sin AprilTag: medicion congelada
1777334277.875020,False,False,0.00000000,-1,-1,0.000000,0.000000,0.000000,False,Sin AprilTag: medicion congelada
1777334277.941620,False,False,0.00000000,-1,-1,0.000000,0.000000,0.000000,False,Sin AprilTag: medicion congelada
1777334278.009073,False,False,0.00000000,-1,-1,0.000000,0.000000,0.000000,False,Sin AprilTag: medicion congelada
1777334278.076945,False,False,0.00000000,-1,-1,0.000000,0.000000,0.000000,False,Sin AprilTag: medicion congelada
1777334278.159225,False,False,0.00000000,-1,-1,0.000000,0.000000,0.000000,False,Sin AprilTag: medicion congelada
1777334278.238633,False,False,0.00000000,-1,-1,0.000000,0.000000,0.000000,False,Sin AprilTag: medicion congelada
1777334278.325351,False,False,0.00000000,-1,-1,0.000000,0.000000,0.000000,False,Sin AprilTag: medicion congelada
1777334278.400892,False,False,0.00000000,-1,-1,0.000000,0.000000,0.000000,False,Sin AprilTag: medicion congelada
1777334278.467091,False,False,0.00000000,-1,-1,0.000000,0.000000,0.000000,False,Sin AprilTag: medicion congelada
1777334278.533681,False,False,0.00000000,-1,-1,0.000000,0.000000,0.000000,False,Sin AprilTag: medicion congelada
1777334278.608520,False,False,0.00000000,-1,-1,0.000000,0.000000,0.000000,False,Sin AprilTag: medicion congelada
1777334278.675852,False,False,0.00000000,-1,-1,0.000000,0.000000,0.000000,False,Sin AprilTag: medicion congelada
1777334278.741118,False,False,0.00000000,-1,-1,0.000000,0.000000,0.000000,False,Sin AprilTag: medicion congelada
1777334278.807106,False,False,0.00000000,-1,-1,0.000000,0.000000,0.000000,False,Sin AprilTag: medicion congelada
1777334278.888011,False,False,0.00000000,-1,-1,0.000000,0.000000,0.000000,False,Sin AprilTag: medicion congelada
1777334278.969301,False,False,0.00000000,-1,-1,0.000000,0.000000,0.000000,False,Sin AprilTag: medicion congelada
1777334279.032545,False,False,0.00000000,-1,-1,0.000000,0.000000,0.000000,False,Sin AprilTag: medicion congelada
1777334279.104328,False,False,0.00000000,-1,-1,0.000000,0.000000,0.000000,False,Sin AprilTag: medicion congelada
1777334279.183759,False,False,0.00000000,-1,-1,0.000000,0.000000,0.000000,False,Sin AprilTag: medicion congelada
1777334279.263387,False,False,0.00000000,-1,-1,0.000000,0.000000,0.000000,False,Sin AprilTag: medicion congelada
1777334279.343594,False,False,0.00000000,-1,-1,0.000000,0.000000,0.000000,False,Sin AprilTag: medicion congelada
1777334279.406953,False,False,0.00000000,-1,-1,0.000000,0.000000,0.000000,False,Sin AprilTag: medicion congelada
1777334279.486950,False,False,0.00000000,-1,-1,0.000000,0.000000,0.000000,False,Sin AprilTag: medicion congelada
1777334279.559025,False,False,0.00000000,-1,-1,0.000000,0.000000,0.000000,False,Sin AprilTag: medicion congelada
1777334279.639874,False,False,0.00000000,-1,-1,0.000000,0.000000,0.000000,False,Sin AprilTag: medicion congelada
1777334279.719371,False,False,0.00000000,-1,-1,0.000000,0.000000,0.000000,False,Sin AprilTag: medicion congelada
1777334279.799276,False,False,0.00000000,-1,-1,0.000000,0.000000,0.000000,False,Sin AprilTag: medicion congelada
1777334279.879211,False,False,0.00000000,-1,-1,0.000000,0.000000,0.000000,False,Sin AprilTag: medicion congelada
1777334279.943574,False,False,0.00000000,-1,-1,0.000000,0.000000,0.000000,False,Sin AprilTag: medicion congelada
1777334280.022929,False,False,0.00000000,-1,-1,0.000000,0.000000,0.000000,False,Sin AprilTag: medicion congelada
1777334280.096400,False,False,0.00000000,-1,-1,0.000000,0.000000,0.000000,False,Sin AprilTag: medicion congelada
1777334280.160746,False,False,0.00000000,-1,-1,0.000000,0.000000,0.000000,False,Sin AprilTag: medicion congelada
1777334280.223690,False,False,0.00000000,-1,-1,0.000000,0.000000,0.000000,False,Sin AprilTag: medicion congelada
1777334280.296171,False,False,0.00000000,-1,-1,0.000000,0.000000,0.000000,False,Sin AprilTag: medicion congelada
1777334280.359482,False,False,0.00000000,-1,-1,0.000000,0.000000,0.000000,False,Sin AprilTag: medicion congelada
1777334280.423207,False,False,0.00000000,-1,-1,0.000000,0.000000,0.000000,False,Sin AprilTag: medicion congelada
1777334280.487151,False,False,0.00000000,-1,-1,0.000000,0.000000,0.000000,False,Sin AprilTag: medicion congelada
1777334280.550515,False,False,0.00000000,-1,-1,0.000000,0.000000,0.000000,False,Sin AprilTag: medicion congelada
1777334280.607593,False,False,0.00000000,-1,-1,0.000000,0.000000,0.000000,False,Sin AprilTag: medicion congelada
1777334280.673888,False,False,0.00000000,-1,-1,0.000000,0.000000,0.000000,False,Sin AprilTag: medicion congelada
1777334280.732062,False,False,0.00000000,-1,-1,0.000000,0.000000,0.000000,False,Sin AprilTag: medicion congelada
1777334280.797137,False,False,0.00000000,-1,-1,0.000000,0.000000,0.000000,False,Sin AprilTag: medicion congelada
1777334280.868015,False,False,0.00000000,-1,-1,0.000000,0.000000,0.000000,False,Sin AprilTag: medicion congelada
1777334280.931555,False,False,0.00000000,-1,-1,0.000000,0.000000,0.000000,False,Sin AprilTag: medicion congelada
1777334280.995345,False,False,0.00000000,-1,-1,0.000000,0.000000,0.000000,False,Sin AprilTag: medicion congelada
1777334281.059135,False,False,0.00000000,-1,-1,0.000000,0.000000,0.000000,False,Sin AprilTag: medicion congelada
1777334281.123076,False,False,0.00000000,-1,-1,0.000000,0.000000,0.000000,False,Sin AprilTag: medicion congelada
1777334281.196382,False,False,0.00000000,-1,-1,0.000000,0.000000,0.000000,False,Sin AprilTag: medicion congelada
1777334281.257408,False,False,0.00000000,-1,-1,0.000000,0.000000,0.000000,False,Sin AprilTag: medicion congelada
1777334281.323878,False,False,0.00000000,-1,-1,0.000000,0.000000,0.000000,False,Sin AprilTag: medicion congelada
1777334281.387622,False,False,0.00000000,-1,-1,0.000000,0.000000,0.000000,False,Sin AprilTag: medicion congelada
1777334281.447510,False,False,0.00000000,-1,-1,0.000000,0.000000,0.000000,False,Sin AprilTag: medicion congelada
1777334281.516118,False,False,0.00000000,-1,-1,0.000000,0.000000,0.000000,False,Sin AprilTag: medicion congelada
1777334281.581354,False,False,0.00000000,-1,-1,0.000000,0.000000,0.000000,False,Sin AprilTag: medicion congelada
1777334281.654232,False,False,0.00000000,-1,-1,0.000000,0.000000,0.000000,False,Sin AprilTag: medicion congelada
1777334281.716790,False,False,0.00000000,-1,-1,0.000000,0.000000,0.000000,False,Sin AprilTag: medicion congelada
1777334281.784239,False,False,0.00000000,-1,-1,0.000000,0.000000,0.000000,False,Sin AprilTag: medicion congelada
1777334281.865037,False,False,0.00000000,-1,-1,0.000000,0.000000,0.000000,False,Sin AprilTag: medicion congelada
1777334281.935812,False,False,0.00000000,-1,-1,0.000000,0.000000,0.000000,False,Sin AprilTag: medicion congelada
1777334281.999342,False,False,0.00000000,-1,-1,0.000000,0.000000,0.000000,False,Sin AprilTag: medicion congelada
1777334282.073564,False,False,0.00000000,-1,-1,0.000000,0.000000,0.000000,False,Sin AprilTag: medicion congelada
1777334282.134793,False,False,0.00000000,-1,-1,0.000000,0.000000,0.000000,False,Sin AprilTag: medicion congelada
1777334282.198417,False,False,0.00000000,-1,-1,0.000000,0.000000,0.000000,False,Sin AprilTag: medicion congelada
1777334282.265904,False,False,0.00000000,-1,-1,0.000000,0.000000,0.000000,False,Sin AprilTag: medicion congelada
1777334282.329966,False,False,0.00000000,-1,-1,0.000000,0.000000,0.000000,False,Sin AprilTag: medicion congelada
1777334282.400449,False,False,0.00000000,-1,-1,0.000000,0.000000,0.000000,False,Sin AprilTag: medicion congelada
1777334282.473419,False,False,0.00000000,-1,-1,0.000000,0.000000,0.000000,False,Sin AprilTag: medicion congelada
1777334282.540671,False,False,0.00000000,-1,-1,0.000000,0.000000,0.000000,False,Sin AprilTag: medicion congelada
1777334282.615261,False,False,0.00000000,-1,-1,0.000000,0.000000,0.000000,False,Sin AprilTag: medicion congelada
1777334282.683598,False,False,0.00000000,-1,-1,0.000000,0.000000,0.000000,False,Sin AprilTag: medicion congelada
1777334282.757935,False,False,0.00000000,-1,-1,0.000000,0.000000,0.000000,False,Sin AprilTag: medicion congelada
1777334282.832074,False,False,0.00000000,-1,-1,0.000000,0.000000,0.000000,False,Sin AprilTag: medicion congelada
1777334282.898082,False,False,0.00000000,-1,-1,0.000000,0.000000,0.000000,False,Sin AprilTag: medicion congelada
1777334282.964664,False,False,0.00000000,-1,-1,0.000000,0.000000,0.000000,False,Sin AprilTag: medicion congelada
1777334283.029663,False,False,0.00000000,-1,-1,0.000000,0.000000,0.000000,False,Sin AprilTag: medicion congelada
1777334283.096997,False,False,0.00000000,-1,-1,0.000000,0.000000,0.000000,False,Sin AprilTag: medicion congelada
1777334283.157503,False,False,0.00000000,-1,-1,0.000000,0.000000,0.000000,False,Sin AprilTag: medicion congelada
1777334283.222916,False,False,0.00000000,-1,-1,0.000000,0.000000,0.000000,False,Sin AprilTag: medicion congelada
1777334283.289701,False,False,0.00000000,-1,-1,0.000000,0.000000,0.000000,False,Sin AprilTag: medicion congelada
1777334283.351665,False,False,0.00000000,-1,-1,0.000000,0.000000,0.000000,False,Sin AprilTag: medicion congelada
1777334283.413879,False,False,0.00000000,-1,-1,0.000000,0.000000,0.000000,False,Sin AprilTag: medicion congelada
1777334283.470938,False,False,0.00000000,-1,-1,0.000000,0.000000,0.000000,False,Sin AprilTag: medicion congelada
1777334283.537633,False,False,0.00000000,-1,-1,0.000000,0.000000,0.000000,False,Sin AprilTag: medicion congelada
1777334283.594665,False,False,0.00000000,-1,-1,0.000000,0.000000,0.000000,False,Sin AprilTag: medicion congelada
1777334283.657104,False,False,0.00000000,-1,-1,0.000000,0.000000,0.000000,False,Sin AprilTag: medicion congelada
1777334283.720387,False,False,0.00000000,-1,-1,0.000000,0.000000,0.000000,False,Sin AprilTag: medicion congelada
1777334283.789215,False,False,0.00000000,-1,-1,0.000000,0.000000,0.000000,False,Sin AprilTag: medicion congelada
1777334283.855730,False,False,0.00000000,-1,-1,0.000000,0.000000,0.000000,False,Sin AprilTag: medicion congelada
1777334283.922976,False,False,0.00000000,-1,-1,0.000000,0.000000,0.000000,False,Sin AprilTag: medicion congelada
1777334283.985596,False,False,0.00000000,-1,-1,0.000000,0.000000,0.000000,False,Sin AprilTag: medicion congelada
1777334284.046554,False,False,0.00000000,-1,-1,0.000000,0.000000,0.000000,False,Sin AprilTag: medicion congelada
1777334284.105283,False,False,0.00000000,-1,-1,0.000000,0.000000,0.000000,False,Sin AprilTag: medicion congelada
1777334284.163889,False,False,0.00000000,-1,-1,0.000000,0.000000,0.000000,False,Sin AprilTag: medicion congelada
1777334284.232537,False,False,0.00000000,-1,-1,0.000000,0.000000,0.000000,False,Sin AprilTag: medicion congelada
1777334284.288305,False,False,0.00000000,-1,-1,0.000000,0.000000,0.000000,False,Sin AprilTag: medicion congelada
1777334284.355089,False,False,0.00000000,-1,-1,0.000000,0.000000,0.000000,False,Sin AprilTag: medicion congelada
1777334284.415229,False,False,0.00000000,-1,-1,0.000000,0.000000,0.000000,False,Sin AprilTag: medicion congelada
1777334284.473477,False,False,0.00000000,-1,-1,0.000000,0.000000,0.000000,False,Sin AprilTag: medicion congelada
1777334284.531518,False,False,0.00000000,-1,-1,0.000000,0.000000,0.000000,False,Sin AprilTag: medicion congelada
1777334284.590093,False,False,0.00000000,-1,-1,0.000000,0.000000,0.000000,False,Sin AprilTag: medicion congelada
1777334284.654284,False,False,0.00000000,-1,-1,0.000000,0.000000,0.000000,False,Sin AprilTag: medicion congelada
1777334284.720255,False,False,0.00000000,-1,-1,0.000000,0.000000,0.000000,False,Sin AprilTag: medicion congelada
1777334284.784176,False,False,0.00000000,-1,-1,0.000000,0.000000,0.000000,False,Sin AprilTag: medicion congelada
1777334284.854132,False,False,0.00000000,-1,-1,0.000000,0.000000,0.000000,False,Sin AprilTag: medicion congelada
1777334284.919390,False,False,0.00000000,-1,-1,0.000000,0.000000,0.000000,False,Sin AprilTag: medicion congelada
1777334284.987466,False,False,0.00000000,-1,-1,0.000000,0.000000,0.000000,False,Sin AprilTag: medicion congelada
1777334285.052549,False,False,0.00000000,-1,-1,0.000000,0.000000,0.000000,False,Sin AprilTag: medicion congelada
1777334285.115436,False,False,0.00000000,-1,-1,0.000000,0.000000,0.000000,False,Sin AprilTag: medicion congelada
1777334285.181633,False,False,0.00000000,-1,-1,0.000000,0.000000,0.000000,False,Sin AprilTag: medicion congelada
1777334285.247294,False,False,0.00000000,-1,-1,0.000000,0.000000,0.000000,False,Sin AprilTag: medicion congelada
1777334285.305902,False,False,0.00000000,-1,-1,0.000000,0.000000,0.000000,False,Sin AprilTag: medicion congelada
1777334285.371161,False,False,0.00000000,-1,-1,0.000000,0.000000,0.000000,False,Sin AprilTag: medicion congelada
1777334285.438422,False,False,0.00000000,-1,-1,0.000000,0.000000,0.000000,False,Sin AprilTag: medicion congelada
1777334285.497100,False,False,0.00000000,-1,-1,0.000000,0.000000,0.000000,False,Sin AprilTag: medicion congelada
1777334285.554746,False,False,0.00000000,-1,-1,0.000000,0.000000,0.000000,False,Sin AprilTag: medicion congelada
1777334285.613835,False,False,0.00000000,-1,-1,0.000000,0.000000,0.000000,False,Sin AprilTag: medicion congelada
1777334285.671453,False,False,0.00000000,-1,-1,0.000000,0.000000,0.000000,False,Sin AprilTag: medicion congelada
1777334285.737337,False,False,0.00000000,-1,-1,0.000000,0.000000,0.000000,False,Sin AprilTag: medicion congelada
1777334285.800850,False,False,0.00000000,-1,-1,0.000000,0.000000,0.000000,False,Sin AprilTag: medicion congelada
1777334285.860272,False,False,0.00000000,-1,-1,0.000000,0.000000,0.000000,False,Sin AprilTag: medicion congelada
1777334285.917111,False,False,0.00000000,-1,-1,0.000000,0.000000,0.000000,False,Sin AprilTag: medicion congelada
1777334285.989745,False,False,0.00000000,-1,-1,0.000000,0.000000,0.000000,False,Sin AprilTag: medicion congelada
1777334286.048932,False,False,0.00000000,-1,-1,0.000000,0.000000,0.000000,False,Sin AprilTag: medicion congelada
1777334286.114164,False,False,0.00000000,-1,-1,0.000000,0.000000,0.000000,False,Sin AprilTag: medicion congelada
1777334286.188327,False,False,0.00000000,-1,-1,0.000000,0.000000,0.000000,False,Sin AprilTag: medicion congelada
1777334286.256403,False,False,0.00000000,-1,-1,0.000000,0.000000,0.000000,False,Sin AprilTag: medicion congelada
1777334286.320003,False,False,0.00000000,-1,-1,0.000000,0.000000,0.000000,False,Sin AprilTag: medicion congelada
1777334286.389058,False,False,0.00000000,-1,-1,0.000000,0.000000,0.000000,False,Sin AprilTag: medicion congelada
1777334286.462912,False,False,0.00000000,-1,-1,0.000000,0.000000,0.000000,False,Sin AprilTag: medicion congelada
1777334286.538077,False,False,0.00000000,-1,-1,0.000000,0.000000,0.000000,False,Sin AprilTag: medicion congelada
1777334286.619017,False,False,0.00000000,-1,-1,0.000000,0.000000,0.000000,False,Sin AprilTag: medicion congelada
1777334286.694857,False,False,0.00000000,-1,-1,0.000000,0.000000,0.000000,False,Sin AprilTag: medicion congelada
1777334286.755195,False,False,0.00000000,-1,-1,0.000000,0.000000,0.000000,False,Sin AprilTag: medicion congelada
1777334286.822865,False,False,0.00000000,-1,-1,0.000000,0.000000,0.000000,False,Sin AprilTag: medicion congelada
1777334286.889323,False,False,0.00000000,-1,-1,0.000000,0.000000,0.000000,False,Sin AprilTag: medicion congelada
1777334286.953177,False,False,0.00000000,-1,-1,0.000000,0.000000,0.000000,False,Sin AprilTag: medicion congelada
1777334287.021660,False,False,0.00000000,-1,-1,0.000000,0.000000,0.000000,False,Sin AprilTag: medicion congelada
1777334287.086698,False,False,0.00000000,-1,-1,0.000000,0.000000,0.000000,False,Sin AprilTag: medicion congelada
1777334287.152550,False,False,0.00000000,-1,-1,0.000000,0.000000,0.000000,False,Sin AprilTag: medicion congelada
1777334287.206056,False,False,0.00000000,-1,-1,0.000000,0.000000,0.000000,False,Sin AprilTag: medicion congelada
1777334287.272762,False,False,0.00000000,-1,-1,0.000000,0.000000,0.000000,False,Sin AprilTag: medicion congelada
1777334287.331579,False,False,0.00000000,-1,-1,0.000000,0.000000,0.000000,False,Sin AprilTag: medicion congelada
1777334287.395208,False,False,0.00000000,-1,-1,0.000000,0.000000,0.000000,False,Sin AprilTag: medicion congelada
1777334287.463714,False,False,0.00000000,-1,-1,0.000000,0.000000,0.000000,False,Sin AprilTag: medicion congelada
1777334287.522745,False,False,0.00000000,-1,-1,0.000000,0.000000,0.000000,False,Sin AprilTag: medicion congelada
1777334287.579950,False,False,0.00000000,-1,-1,0.000000,0.000000,0.000000,False,Sin AprilTag: medicion congelada
1777334287.639744,False,False,0.00000000,-1,-1,0.000000,0.000000,0.000000,False,Sin AprilTag: medicion congelada
1777334287.704407,False,False,0.00000000,-1,-1,0.000000,0.000000,0.000000,False,Sin AprilTag: medicion congelada
1777334287.763625,False,False,0.00000000,-1,-1,0.000000,0.000000,0.000000,False,Sin AprilTag: medicion congelada
1777334287.822014,False,False,0.00000000,-1,-1,0.000000,0.000000,0.000000,False,Sin AprilTag: medicion congelada
1777334287.877637,False,False,0.00000000,-1,-1,0.000000,0.000000,0.000000,False,Sin AprilTag: medicion congelada
1777334287.938676,False,False,0.00000000,-1,-1,0.000000,0.000000,0.000000,False,Sin AprilTag: medicion congelada
1777334288.005368,False,False,0.00000000,-1,-1,0.000000,0.000000,0.000000,False,Sin AprilTag: medicion congelada
1777334288.073262,False,False,0.00000000,-1,-1,0.000000,0.000000,0.000000,False,Sin AprilTag: medicion congelada
1777334288.132527,False,False,0.00000000,-1,-1,0.000000,0.000000,0.000000,False,Sin AprilTag: medicion congelada
1777334288.195801,False,False,0.00000000,-1,-1,0.000000,0.000000,0.000000,False,Sin AprilTag: medicion congelada
1777334288.259880,False,False,0.00000000,-1,-1,0.000000,0.000000,0.000000,False,Sin AprilTag: medicion congelada
1777334288.321916,False,False,0.00000000,-1,-1,0.000000,0.000000,0.000000,False,Sin AprilTag: medicion congelada
1777334288.389222,False,False,0.00000000,-1,-1,0.000000,0.000000,0.000000,False,Sin AprilTag: medicion congelada
1777334288.463189,False,False,0.00000000,-1,-1,0.000000,0.000000,0.000000,False,Sin AprilTag: medicion congelada
1777334288.520255,False,False,0.00000000,-1,-1,0.000000,0.000000,0.000000,False,Sin AprilTag: medicion congelada
1777334288.584081,False,False,0.00000000,-1,-1,0.000000,0.000000,0.000000,False,Sin AprilTag: medicion congelada
1777334288.654746,False,False,0.00000000,-1,-1,0.000000,0.000000,0.000000,False,Sin AprilTag: medicion congelada
1777334288.718953,False,False,0.00000000,-1,-1,0.000000,0.000000,0.000000,False,Sin AprilTag: medicion congelada
1777334288.776359,False,False,0.00000000,-1,-1,0.000000,0.000000,0.000000,False,Sin AprilTag: medicion congelada
1777334288.838484,False,False,0.00000000,-1,-1,0.000000,0.000000,0.000000,False,Sin AprilTag: medicion congelada
1777334288.894684,False,False,0.00000000,-1,-1,0.000000,0.000000,0.000000,False,Sin AprilTag: medicion congelada
1777334288.960042,False,False,0.00000000,-1,-1,0.000000,0.000000,0.000000,False,Sin AprilTag: medicion congelada
1777334289.020422,False,False,0.00000000,-1,-1,0.000000,0.000000,0.000000,False,Sin AprilTag: medicion congelada
1777334289.094975,False,False,0.00000000,-1,-1,0.000000,0.000000,0.000000,False,Sin AprilTag: medicion congelada
1777334289.160134,False,False,0.00000000,-1,-1,0.000000,0.000000,0.000000,False,Sin AprilTag: medicion congelada
1777334289.227702,False,False,0.00000000,-1,-1,0.000000,0.000000,0.000000,False,Sin AprilTag: medicion congelada
1777334289.285250,False,False,0.00000000,-1,-1,0.000000,0.000000,0.000000,False,Sin AprilTag: medicion congelada
1777334289.342386,False,False,0.00000000,-1,-1,0.000000,0.000000,0.000000,False,Sin AprilTag: medicion congelada
1777334289.400106,False,False,0.00000000,-1,-1,0.000000,0.000000,0.000000,False,Sin AprilTag: medicion congelada
1777334289.455540,False,False,0.00000000,-1,-1,0.000000,0.000000,0.000000,False,Sin AprilTag: medicion congelada
1777334289.513503,False,False,0.00000000,-1,-1,0.000000,0.000000,0.000000,False,Sin AprilTag: medicion congelada
1777334289.587101,False,False,0.00000000,-1,-1,0.000000,0.000000,0.000000,False,Sin AprilTag: medicion congelada
1777334289.652936,False,False,0.00000000,-1,-1,0.000000,0.000000,0.000000,False,Sin AprilTag: medicion congelada
1777334289.714521,False,False,0.00000000,-1,-1,0.000000,0.000000,0.000000,False,Sin AprilTag: medicion congelada
1777334289.782792,False,False,0.00000000,-1,-1,0.000000,0.000000,0.000000,False,Sin AprilTag: medicion congelada
1777334289.850786,False,False,0.00000000,-1,-1,0.000000,0.000000,0.000000,False,Sin AprilTag: medicion congelada
1777334289.922240,False,False,0.00000000,-1,-1,0.000000,0.000000,0.000000,False,Sin AprilTag: medicion congelada
1777334290.004577,False,False,0.00000000,-1,-1,0.000000,0.000000,0.000000,False,Sin AprilTag: medicion congelada
1777334290.069949,False,False,0.00000000,-1,-1,0.000000,0.000000,0.000000,False,Sin AprilTag: medicion congelada
1777334290.134351,False,False,0.00000000,-1,-1,0.000000,0.000000,0.000000,False,Sin AprilTag: medicion congelada
1777334290.197734,False,False,0.00000000,-1,-1,0.000000,0.000000,0.000000,False,Sin AprilTag: medicion congelada
1777334290.262512,False,False,0.00000000,-1,-1,0.000000,0.000000,0.000000,False,Sin AprilTag: medicion congelada
1777334290.329317,False,False,0.00000000,-1,-1,0.000000,0.000000,0.000000,False,Sin AprilTag: medicion congelada
1777334290.386163,False,False,0.00000000,-1,-1,0.000000,0.000000,0.000000,False,Sin AprilTag: medicion congelada
1777334290.449363,False,False,0.00000000,-1,-1,0.000000,0.000000,0.000000,False,Sin AprilTag: medicion congelada
1777334290.513231,False,False,0.00000000,-1,-1,0.000000,0.000000,0.000000,False,Sin AprilTag: medicion congelada
1777334290.577027,False,False,0.00000000,-1,-1,0.000000,0.000000,0.000000,False,Sin AprilTag: medicion congelada
1777334290.650109,False,False,0.00000000,-1,-1,0.000000,0.000000,0.000000,False,Sin AprilTag: medicion congelada
1777334290.714486,False,False,0.00000000,-1,-1,0.000000,0.000000,0.000000,False,Sin AprilTag: medicion congelada
1777334290.777947,False,False,0.00000000,-1,-1,0.000000,0.000000,0.000000,False,Sin AprilTag: medicion congelada
1777334290.841556,False,False,0.00000000,-1,-1,0.000000,0.000000,0.000000,False,Sin AprilTag: medicion congelada
1777334290.904276,False,False,0.00000000,-1,-1,0.000000,0.000000,0.000000,False,Sin AprilTag: medicion congelada
1777334290.978037,False,False,0.00000000,-1,-1,0.000000,0.000000,0.000000,False,Sin AprilTag: medicion congelada
1777334291.050151,False,False,0.00000000,-1,-1,0.000000,0.000000,0.000000,False,Sin AprilTag: medicion congelada
1777334291.112600,False,False,0.00000000,-1,-1,0.000000,0.000000,0.000000,False,Sin AprilTag: medicion congelada
1777334291.169427,False,False,0.00000000,-1,-1,0.000000,0.000000,0.000000,False,Sin AprilTag: medicion congelada
1777334291.234129,False,False,0.00000000,-1,-1,0.000000,0.000000,0.000000,False,Sin AprilTag: medicion congelada
1777334291.297362,False,False,0.00000000,-1,-1,0.000000,0.000000,0.000000,False,Sin AprilTag: medicion congelada
1777334291.367657,False,False,0.00000000,-1,-1,0.000000,0.000000,0.000000,False,Sin AprilTag: medicion congelada
1777334291.427929,False,False,0.00000000,-1,-1,0.000000,0.000000,0.000000,False,Sin AprilTag: medicion congelada
1777334291.483850,False,False,0.00000000,-1,-1,0.000000,0.000000,0.000000,False,Sin AprilTag: medicion congelada
1777334291.562880,False,False,0.00000000,-1,-1,0.000000,0.000000,0.000000,False,Sin AprilTag: medicion congelada
1777334291.625548,False,False,0.00000000,-1,-1,0.000000,0.000000,0.000000,False,Sin AprilTag: medicion congelada
1777334291.688493,False,False,0.00000000,-1,-1,0.000000,0.000000,0.000000,False,Sin AprilTag: medicion congelada
1777334291.751823,False,False,0.00000000,-1,-1,0.000000,0.000000,0.000000,False,Sin AprilTag: medicion congelada
1777334291.810628,False,False,0.00000000,-1,-1,0.000000,0.000000,0.000000,False,Sin AprilTag: medicion congelada
1777334291.869910,False,False,0.00000000,-1,-1,0.000000,0.000000,0.000000,False,Sin AprilTag: medicion congelada
1777334291.933147,False,False,0.00000000,-1,-1,0.000000,0.000000,0.000000,False,Sin AprilTag: medicion congelada
1777334291.996490,False,False,0.00000000,-1,-1,0.000000,0.000000,0.000000,False,Sin AprilTag: medicion congelada
1777334292.060065,False,False,0.00000000,-1,-1,0.000000,0.000000,0.000000,False,Sin AprilTag: medicion congelada
1777334292.123966,False,False,0.00000000,-1,-1,0.000000,0.000000,0.000000,False,Sin AprilTag: medicion congelada
1777334292.188807,False,False,0.00000000,-1,-1,0.000000,0.000000,0.000000,False,Sin AprilTag: medicion congelada
1777334292.268610,False,False,0.00000000,-1,-1,0.000000,0.000000,0.000000,False,Sin AprilTag: medicion congelada
1777334292.331934,False,False,0.00000000,-1,-1,0.000000,0.000000,0.000000,False,Sin AprilTag: medicion congelada
1777334292.395339,False,False,0.00000000,-1,-1,0.000000,0.000000,0.000000,False,Sin AprilTag: medicion congelada
1777334292.459468,False,False,0.00000000,-1,-1,0.000000,0.000000,0.000000,False,Sin AprilTag: medicion congelada
1777334292.523440,False,False,0.00000000,-1,-1,0.000000,0.000000,0.000000,False,Sin AprilTag: medicion congelada
1777334292.587688,False,False,0.00000000,-1,-1,0.000000,0.000000,0.000000,False,Sin AprilTag: medicion congelada
1777334292.651365,False,False,0.00000000,-1,-1,0.000000,0.000000,0.000000,False,Sin AprilTag: medicion congelada
1777334292.715005,False,False,0.00000000,-1,-1,0.000000,0.000000,0.000000,False,Sin AprilTag: medicion congelada
1777334292.778245,False,False,0.00000000,-1,-1,0.000000,0.000000,0.000000,False,Sin AprilTag: medicion congelada
1777334292.842373,False,False,0.00000000,-1,-1,0.000000,0.000000,0.000000,False,Sin AprilTag: medicion congelada
1777334292.905477,False,False,0.00000000,-1,-1,0.000000,0.000000,0.000000,False,Sin AprilTag: medicion congelada
1777334292.969269,False,False,0.00000000,-1,-1,0.000000,0.000000,0.000000,False,Sin AprilTag: medicion congelada
1777334293.128404,False,False,0.00000000,-1,-1,0.000000,0.000000,0.000000,False,Sin AprilTag: medicion congelada
1777334293.239864,False,False,0.00000000,-1,-1,0.000000,0.000000,0.000000,False,Sin AprilTag: medicion congelada
1777334293.303263,False,False,0.00000000,-1,-1,0.000000,0.000000,0.000000,False,Sin AprilTag: medicion congelada
1777334293.383225,False,False,0.00000000,-1,-1,0.000000,0.000000,0.000000,False,Sin AprilTag: medicion congelada
1777334293.447163,False,False,0.00000000,-1,-1,0.000000,0.000000,0.000000,False,Sin AprilTag: medicion congelada
1777334293.513023,False,False,0.00000000,-1,-1,0.000000,0.000000,0.000000,False,Sin AprilTag: medicion congelada
1777334293.574560,False,False,0.00000000,-1,-1,0.000000,0.000000,0.000000,False,Sin AprilTag: medicion congelada
1777334293.638617,False,False,0.00000000,-1,-1,0.000000,0.000000,0.000000,False,Sin AprilTag: medicion congelada
1777334293.702573,False,False,0.00000000,-1,-1,0.000000,0.000000,0.000000,False,Sin AprilTag: medicion congelada
1777334293.765707,False,False,0.00000000,-1,-1,0.000000,0.000000,0.000000,False,Sin AprilTag: medicion congelada
1777334293.829279,False,False,0.00000000,-1,-1,0.000000,0.000000,0.000000,False,Sin AprilTag: medicion congelada
1777334293.893110,False,False,0.00000000,-1,-1,0.000000,0.000000,0.000000,False,Sin AprilTag: medicion congelada
1777334293.956924,False,False,0.00000000,-1,-1,0.000000,0.000000,0.000000,False,Sin AprilTag: medicion congelada
1777334294.020880,False,False,0.00000000,-1,-1,0.000000,0.000000,0.000000,False,Sin AprilTag: medicion congelada
1777334294.084048,False,False,0.00000000,-1,-1,0.000000,0.000000,0.000000,False,Sin AprilTag: medicion congelada
1777334294.148011,False,False,0.00000000,-1,-1,0.000000,0.000000,0.000000,False,Sin AprilTag: medicion congelada
1777334294.229162,False,False,0.00000000,-1,-1,0.000000,0.000000,0.000000,False,Sin AprilTag: medicion congelada
1777334294.291624,False,False,0.00000000,-1,-1,0.000000,0.000000,0.000000,False,Sin AprilTag: medicion congelada
1777334294.356078,False,False,0.00000000,-1,-1,0.000000,0.000000,0.000000,False,Sin AprilTag: medicion congelada
1777334294.420222,False,False,0.00000000,-1,-1,0.000000,0.000000,0.000000,False,Sin AprilTag: medicion congelada
1777334294.484027,False,False,0.00000000,-1,-1,0.000000,0.000000,0.000000,False,Sin AprilTag: medicion congelada
1777334294.547628,False,False,0.00000000,-1,-1,0.000000,0.000000,0.000000,False,Sin AprilTag: medicion congelada
1777334294.611424,False,False,0.00000000,-1,-1,0.000000,0.000000,0.000000,False,Sin AprilTag: medicion congelada
1777334294.675474,False,False,0.00000000,-1,-1,0.000000,0.000000,0.000000,False,Sin AprilTag: medicion congelada
1777334294.739410,False,False,0.00000000,-1,-1,0.000000,0.000000,0.000000,False,Sin AprilTag: medicion congelada
1777334294.803050,False,False,0.00000000,-1,-1,0.000000,0.000000,0.000000,False,Sin AprilTag: medicion congelada
1777334294.866560,False,False,0.00000000,-1,-1,0.000000,0.000000,0.000000,False,Sin AprilTag: medicion congelada
1777334294.930247,False,False,0.00000000,-1,-1,0.000000,0.000000,0.000000,False,Sin AprilTag: medicion congelada
1777334294.996867,False,False,0.00000000,-1,-1,0.000000,0.000000,0.000000,False,Sin AprilTag: medicion congelada
1777334295.061174,False,False,0.00000000,-1,-1,0.000000,0.000000,0.000000,False,Sin AprilTag: medicion congelada
1777334295.117828,False,False,0.00000000,-1,-1,0.000000,0.000000,0.000000,False,Sin AprilTag: medicion congelada
1777334295.181717,False,False,0.00000000,-1,-1,0.000000,0.000000,0.000000,False,Sin AprilTag: medicion congelada
1777334295.252716,False,False,0.00000000,-1,-1,0.000000,0.000000,0.000000,False,Sin AprilTag: medicion congelada
1777334295.314082,False,False,0.00000000,-1,-1,0.000000,0.000000,0.000000,False,Sin AprilTag: medicion congelada
1777334295.383883,False,False,0.00000000,-1,-1,0.000000,0.000000,0.000000,False,Sin AprilTag: medicion congelada
1777334295.444338,False,False,0.00000000,-1,-1,0.000000,0.000000,0.000000,False,Sin AprilTag: medicion congelada
1777334295.502557,False,False,0.00000000,-1,-1,0.000000,0.000000,0.000000,False,Sin AprilTag: medicion congelada
1777334295.562656,False,False,0.00000000,-1,-1,0.000000,0.000000,0.000000,False,Sin AprilTag: medicion congelada
1777334295.619308,False,False,0.00000000,-1,-1,0.000000,0.000000,0.000000,False,Sin AprilTag: medicion congelada
1777334295.676062,False,False,0.00000000,-1,-1,0.000000,0.000000,0.000000,False,Sin AprilTag: medicion congelada
1777334295.733374,False,False,0.00000000,-1,-1,0.000000,0.000000,0.000000,False,Sin AprilTag: medicion congelada
1777334295.793249,False,False,0.00000000,-1,-1,0.000000,0.000000,0.000000,False,Sin AprilTag: medicion congelada
1777334295.863163,False,False,0.00000000,-1,-1,0.000000,0.000000,0.000000,False,Sin AprilTag: medicion congelada
1777334295.932228,False,False,0.00000000,-1,-1,0.000000,0.000000,0.000000,False,Sin AprilTag: medicion congelada
1777334296.006002,False,False,0.00000000,-1,-1,0.000000,0.000000,0.000000,False,Sin AprilTag: medicion congelada
1777334296.081833,False,False,0.00000000,-1,-1,0.000000,0.000000,0.000000,False,Sin AprilTag: medicion congelada
1777334296.157051,False,False,0.00000000,-1,-1,0.000000,0.000000,0.000000,False,Sin AprilTag: medicion congelada
1777334296.229403,False,False,0.00000000,-1,-1,0.000000,0.000000,0.000000,False,Sin AprilTag: medicion congelada
1777334296.309153,False,False,0.00000000,-1,-1,0.000000,0.000000,0.000000,False,Sin AprilTag: medicion congelada
1777334296.372382,False,False,0.00000000,-1,-1,0.000000,0.000000,0.000000,False,Sin AprilTag: medicion congelada
1777334296.436502,False,False,0.00000000,-1,-1,0.000000,0.000000,0.000000,False,Sin AprilTag: medicion congelada
1777334296.501394,False,False,0.00000000,-1,-1,0.000000,0.000000,0.000000,False,Sin AprilTag: medicion congelada
1777334296.581949,False,False,0.00000000,-1,-1,0.000000,0.000000,0.000000,False,Sin AprilTag: medicion congelada
1777334296.629341,False,False,0.00000000,-1,-1,0.000000,0.000000,0.000000,False,Sin AprilTag: medicion congelada
1777334296.673302,False,False,0.00000000,-1,-1,0.000000,0.000000,0.000000,False,Sin AprilTag: medicion congelada
1777334296.713949,False,False,0.00000000,-1,-1,0.000000,0.000000,0.000000,False,Sin AprilTag: medicion congelada
1777334296.780579,False,False,0.00000000,-1,-1,0.000000,0.000000,0.000000,False,Sin AprilTag: medicion congelada
1777334296.829748,False,False,0.00000000,-1,-1,0.000000,0.000000,0.000000,False,Sin AprilTag: medicion congelada
1777334296.891107,False,False,0.00000000,-1,-1,0.000000,0.000000,0.000000,False,Sin AprilTag: medicion congelada
1777334296.937387,False,False,0.00000000,-1,-1,0.000000,0.000000,0.000000,False,Sin AprilTag: medicion congelada
1777334296.962762,False,False,0.00000000,-1,-1,0.000000,0.000000,0.000000,False,Sin AprilTag: medicion congelada
1777334296.986819,False,False,0.00000000,-1,-1,0.000000,0.000000,0.000000,False,Sin AprilTag: medicion congelada
1777334297.021111,False,False,0.00000000,-1,-1,0.000000,0.000000,0.000000,False,Sin AprilTag: medicion congelada
1777334297.056003,False,False,0.00000000,-1,-1,0.000000,0.000000,0.000000,False,Sin AprilTag: medicion congelada
1777334297.090392,False,False,0.00000000,-1,-1,0.000000,0.000000,0.000000,False,Sin AprilTag: medicion congelada
1777334297.124313,False,False,0.00000000,-1,-1,0.000000,0.000000,0.000000,False,Sin AprilTag: medicion congelada
1777334297.156445,False,False,0.00000000,-1,-1,0.000000,0.000000,0.000000,False,Sin AprilTag: medicion congelada
1777334297.190872,False,False,0.00000000,-1,-1,0.000000,0.000000,0.000000,False,Sin AprilTag: medicion congelada
1777334297.230408,False,False,0.00000000,-1,-1,0.000000,0.000000,0.000000,False,Sin AprilTag: medicion congelada
1777334297.264411,False,False,0.00000000,-1,-1,0.000000,0.000000,0.000000,False,Sin AprilTag: medicion congelada
1777334297.299549,False,False,0.00000000,-1,-1,0.000000,0.000000,0.000000,False,Sin AprilTag: medicion congelada
1777334297.325821,False,False,0.00000000,-1,-1,0.000000,0.000000,0.000000,False,Sin AprilTag: medicion congelada
1777334297.359743,False,False,0.00000000,-1,-1,0.000000,0.000000,0.000000,False,Sin AprilTag: medicion congelada
1777334297.396413,False,False,0.00000000,-1,-1,0.000000,0.000000,0.000000,False,Sin AprilTag: medicion congelada
1777334297.431878,False,False,0.00000000,-1,-1,0.000000,0.000000,0.000000,False,Sin AprilTag: medicion congelada
1777334297.466117,False,False,0.00000000,-1,-1,0.000000,0.000000,0.000000,False,Sin AprilTag: medicion congelada
1777334297.495946,False,False,0.00000000,-1,-1,0.000000,0.000000,0.000000,False,Sin AprilTag: medicion congelada
1777334297.530368,False,False,0.00000000,-1,-1,0.000000,0.000000,0.000000,False,Sin AprilTag: medicion congelada
1777334297.565179,False,False,0.00000000,-1,-1,0.000000,0.000000,0.000000,False,Sin AprilTag: medicion congelada
1777334297.599488,False,False,0.00000000,-1,-1,0.000000,0.000000,0.000000,False,Sin AprilTag: medicion congelada
1777334297.633386,False,False,0.00000000,-1,-1,0.000000,0.000000,0.000000,False,Sin AprilTag: medicion congelada
1777334297.669285,False,False,0.00000000,-1,-1,0.000000,0.000000,0.000000,False,Sin AprilTag: medicion congelada
1777334297.721510,False,False,0.00000000,-1,-1,0.000000,0.000000,0.000000,False,Sin AprilTag: medicion congelada
1777334297.756044,False,False,0.00000000,-1,-1,0.000000,0.000000,0.000000,False,Sin AprilTag: medicion congelada
1777334297.791803,False,False,0.00000000,-1,-1,0.000000,0.000000,0.000000,False,Sin AprilTag: medicion congelada
1777334297.825758,False,True,0.00000000,616,367,0.000000,0.000000,0.000000,False,Sin AprilTag: medicion congelada
1777334297.889792,False,True,0.00000000,545,330,0.000000,0.000000,0.000000,False,Sin AprilTag: medicion congelada
1777334297.927444,False,True,0.00000000,545,330,0.000000,0.000000,0.000000,False,Sin AprilTag: medicion congelada
1777334297.993562,False,True,0.00000000,529,321,0.000000,0.000000,0.000000,False,Sin AprilTag: medicion congelada
1777334298.022352,False,True,0.00000000,514,313,0.000000,0.000000,0.000000,False,Sin AprilTag: medicion congelada
1777334298.055752,False,True,0.00000000,514,313,0.000000,0.000000,0.000000,False,Sin AprilTag: medicion congelada
1777334298.091059,False,True,0.00000000,498,308,0.000000,0.000000,0.000000,False,Sin AprilTag: medicion congelada
1777334298.126924,False,True,0.00000000,498,308,0.000000,0.000000,0.000000,False,Sin AprilTag: medicion congelada
1777334298.177997,False,True,0.00000000,493,309,0.000000,0.000000,0.000000,False,Sin AprilTag: medicion congelada
1777334298.222981,False,True,0.00000000,493,309,0.000000,0.000000,0.000000,False,Sin AprilTag: medicion congelada
1777334298.251684,False,True,0.00000000,488,300,0.000000,0.000000,0.000000,False,Sin AprilTag: medicion congelada
1777334298.302413,False,True,0.00000000,485,280,0.000000,0.000000,0.000000,False,Sin AprilTag: medicion congelada
1777334298.353731,False,True,0.00000000,485,280,0.000000,0.000000,0.000000,False,Sin AprilTag: medicion congelada
1777334298.393581,False,True,0.00000000,484,275,0.000000,0.000000,0.000000,False,Sin AprilTag: medicion congelada
1777334298.431731,False,True,0.00000000,483,278,0.000000,0.000000,0.000000,False,Sin AprilTag: medicion congelada
1777334298.466795,False,True,0.00000000,483,278,0.000000,0.000000,0.000000,False,Sin AprilTag: medicion congelada
1777334298.508901,False,True,0.00000000,485,284,0.000000,0.000000,0.000000,False,Sin AprilTag: medicion congelada
1777334298.561266,False,True,0.00000000,489,293,0.000000,0.000000,0.000000,False,Sin AprilTag: medicion congelada
1777334298.614461,False,True,0.00000000,489,293,0.000000,0.000000,0.000000,False,Sin AprilTag: medicion congelada
1777334298.664452,False,True,0.00000000,501,307,0.000000,0.000000,0.000000,False,Sin AprilTag: medicion congelada
1777334298.715258,False,True,0.00000000,501,307,0.000000,0.000000,0.000000,False,Sin AprilTag: medicion congelada
1777334298.750439,False,True,0.00000000,515,340,0.000000,0.000000,0.000000,False,Sin AprilTag: medicion congelada
1777334298.797778,False,True,0.00000000,521,360,0.000000,0.000000,0.000000,False,Sin AprilTag: medicion congelada
1777334298.839716,False,True,0.00000000,521,360,0.000000,0.000000,0.000000,False,Sin AprilTag: medicion congelada
1777334298.888353,False,True,0.00000000,526,370,0.000000,0.000000,0.000000,False,Sin AprilTag: medicion congelada
1777334298.932957,False,True,0.00000000,527,378,0.000000,0.000000,0.000000,False,Sin AprilTag: medicion congelada
1777334299.012407,False,True,0.00000000,527,378,0.000000,0.000000,0.000000,False,Sin AprilTag: medicion congelada
1777334299.057007,False,True,0.00000000,536,392,0.000000,0.000000,0.000000,False,Sin AprilTag: medicion congelada
1777334299.123727,False,True,0.00000000,537,387,0.000000,0.000000,0.000000,False,Sin AprilTag: medicion congelada
1777334299.172397,False,True,0.00000000,537,387,0.000000,0.000000,0.000000,False,Sin AprilTag: medicion congelada
1777334299.222389,False,True,0.00000000,537,386,0.000000,0.000000,0.000000,False,Sin AprilTag: medicion congelada
1777334299.272611,False,True,0.00000000,538,384,0.000000,0.000000,0.000000,False,Sin AprilTag: medicion congelada
1777334299.347930,False,True,0.00000000,538,382,0.000000,0.000000,0.000000,False,Sin AprilTag: medicion congelada
1777334299.400416,False,True,0.00000000,538,382,0.000000,0.000000,0.000000,False,Sin AprilTag: medicion congelada
1777334299.451100,False,True,0.00000000,538,381,0.000000,0.000000,0.000000,False,Sin AprilTag: medicion congelada
1777334299.501510,False,True,0.00000000,537,388,0.000000,0.000000,0.000000,False,Sin AprilTag: medicion congelada
1777334299.567384,False,True,0.00000000,537,375,0.000000,0.000000,0.000000,False,Sin AprilTag: medicion congelada
1777334299.611003,False,True,0.00000000,537,375,0.000000,0.000000,0.000000,False,Sin AprilTag: medicion congelada
1777334299.645424,False,True,0.00000000,537,374,0.000000,0.000000,0.000000,False,Sin AprilTag: medicion congelada
1777334299.678766,False,True,0.00000000,537,374,0.000000,0.000000,0.000000,False,Sin AprilTag: medicion congelada
1777334299.713038,False,True,0.00000000,536,375,0.000000,0.000000,0.000000,False,Sin AprilTag: medicion congelada
1777334299.759349,False,True,0.00000000,534,369,0.000000,0.000000,0.000000,False,Sin AprilTag: medicion congelada
1777334299.810015,False,True,0.00000000,534,369,0.000000,0.000000,0.000000,False,Sin AprilTag: medicion congelada
1777334299.860648,False,True,0.00000000,536,366,0.000000,0.000000,0.000000,False,Sin AprilTag: medicion congelada
1777334299.911173,False,True,0.00000000,536,366,0.000000,0.000000,0.000000,False,Sin AprilTag: medicion congelada
1777334299.961139,False,True,0.00000000,535,364,0.000000,0.000000,0.000000,False,Sin AprilTag: medicion congelada
1777334300.011533,False,True,0.00000000,536,363,0.000000,0.000000,0.000000,False,Sin AprilTag: medicion congelada
1777334300.061491,False,True,0.00000000,536,363,0.000000,0.000000,0.000000,False,Sin AprilTag: medicion congelada
1777334300.112095,False,True,0.00000000,539,368,0.000000,0.000000,0.000000,False,Sin AprilTag: medicion congelada
1777334300.146737,False,True,0.00000000,537,364,0.000000,0.000000,0.000000,False,Sin AprilTag: medicion congelada
1777334300.181286,False,True,0.00000000,537,364,0.000000,0.000000,0.000000,False,Sin AprilTag: medicion congelada
1777334300.215259,False,True,0.00000000,537,363,0.000000,0.000000,0.000000,False,Sin AprilTag: medicion congelada
1777334300.271783,False,True,0.00000000,537,363,0.000000,0.000000,0.000000,False,Sin AprilTag: medicion congelada
1777334300.337911,False,True,0.00000000,540,367,0.000000,0.000000,0.000000,False,Sin AprilTag: medicion congelada
1777334300.371533,False,True,0.00000000,544,367,0.000000,0.000000,0.000000,False,Sin AprilTag: medicion congelada
1777334300.413988,False,True,0.00000000,548,370,0.000000,0.000000,0.000000,False,Sin AprilTag: medicion congelada
1777334300.447774,False,True,0.00000000,548,370,0.000000,0.000000,0.000000,False,Sin AprilTag: medicion congelada
1777334300.482114,False,True,0.00000000,553,369,0.000000,0.000000,0.000000,False,Sin AprilTag: medicion congelada
1777334300.516457,False,True,0.00000000,553,369,0.000000,0.000000,0.000000,False,Sin AprilTag: medicion congelada
1777334300.553203,False,True,0.00000000,555,369,0.000000,0.000000,0.000000,False,Sin AprilTag: medicion congelada
1777334300.587525,False,True,0.00000000,555,369,0.000000,0.000000,0.000000,False,Sin AprilTag: medicion congelada
1777334300.620614,False,True,0.00000000,564,359,0.000000,0.000000,0.000000,False,Sin AprilTag: medicion congelada
1777334300.654604,False,True,0.00000000,569,390,0.000000,0.000000,0.000000,False,Sin AprilTag: medicion congelada
1777334300.688908,False,True,0.00000000,569,390,0.000000,0.000000,0.000000,False,Sin AprilTag: medicion congelada
1777334300.722989,False,True,0.00000000,593,373,0.000000,0.000000,0.000000,False,Sin AprilTag: medicion congelada
1777334300.756920,False,True,0.00000000,593,373,0.000000,0.000000,0.000000,False,Sin AprilTag: medicion congelada
1777334300.791003,False,False,0.00000000,-1,-1,0.000000,0.000000,0.000000,False,Sin AprilTag: medicion congelada
1777334300.825203,False,False,0.00000000,-1,-1,0.000000,0.000000,0.000000,False,Sin AprilTag: medicion congelada
1777334300.859256,False,False,0.00000000,-1,-1,0.000000,0.000000,0.000000,False,Sin AprilTag: medicion congelada
1777334300.893453,False,False,0.00000000,-1,-1,0.000000,0.000000,0.000000,False,Sin AprilTag: medicion congelada
1777334300.927522,False,False,0.00000000,-1,-1,0.000000,0.000000,0.000000,False,Sin AprilTag: medicion congelada
1777334300.961977,False,False,0.00000000,-1,-1,0.000000,0.000000,0.000000,False,Sin AprilTag: medicion congelada
1777334300.997133,False,False,0.00000000,-1,-1,0.000000,0.000000,0.000000,False,Sin AprilTag: medicion congelada
1777334301.031685,False,False,0.00000000,-1,-1,0.000000,0.000000,0.000000,False,Sin AprilTag: medicion congelada
1777334301.066266,False,False,0.00000000,-1,-1,0.000000,0.000000,0.000000,False,Sin AprilTag: medicion congelada
1777334301.116086,False,False,0.00000000,-1,-1,0.000000,0.000000,0.000000,False,Sin AprilTag: medicion congelada
1777334301.166780,False,False,0.00000000,-1,-1,0.000000,0.000000,0.000000,False,Sin AprilTag: medicion congelada
1777334301.218032,False,False,0.00000000,-1,-1,0.000000,0.000000,0.000000,False,Sin AprilTag: medicion congelada
1777334301.268281,False,False,0.00000000,-1,-1,0.000000,0.000000,0.000000,False,Sin AprilTag: medicion congelada
1777334301.310067,False,False,0.00000000,-1,-1,0.000000,0.000000,0.000000,False,Sin AprilTag: medicion congelada
1777334301.360383,False,False,0.00000000,-1,-1,0.000000,0.000000,0.000000,False,Sin AprilTag: medicion congelada
1777334301.409181,False,False,0.00000000,-1,-1,0.000000,0.000000,0.000000,False,Sin AprilTag: medicion congelada
1777334301.445627,False,False,0.00000000,-1,-1,0.000000,0.000000,0.000000,False,Sin AprilTag: medicion congelada
1777334301.480395,False,False,0.00000000,-1,-1,0.000000,0.000000,0.000000,False,Sin AprilTag: medicion congelada
1777334301.513988,False,False,0.00000000,-1,-1,0.000000,0.000000,0.000000,False,Sin AprilTag: medicion congelada
1777334301.547835,False,False,0.00000000,-1,-1,0.000000,0.000000,0.000000,False,Sin AprilTag: medicion congelada
1777334301.581627,False,False,0.00000000,-1,-1,0.000000,0.000000,0.000000,False,Sin AprilTag: medicion congelada
1777334301.614830,False,False,0.00000000,-1,-1,0.000000,0.000000,0.000000,False,Sin AprilTag: medicion congelada
1777334301.649343,False,False,0.00000000,-1,-1,0.000000,0.000000,0.000000,False,Sin AprilTag: medicion congelada
1777334301.700385,False,False,0.00000000,-1,-1,0.000000,0.000000,0.000000,False,Sin AprilTag: medicion congelada
1777334301.750439,False,False,0.00000000,-1,-1,0.000000,0.000000,0.000000,False,Sin AprilTag: medicion congelada
1777334301.800381,False,False,0.00000000,-1,-1,0.000000,0.000000,0.000000,False,Sin AprilTag: medicion congelada
1777334301.852986,False,False,0.00000000,-1,-1,0.000000,0.000000,0.000000,False,Sin AprilTag: medicion congelada
1777334301.887403,False,False,0.00000000,-1,-1,0.000000,0.000000,0.000000,False,Sin AprilTag: medicion congelada
1777334301.923601,False,False,0.00000000,-1,-1,0.000000,0.000000,0.000000,False,Sin AprilTag: medicion congelada
1777334301.957837,False,False,0.00000000,-1,-1,0.000000,0.000000,0.000000,False,Sin AprilTag: medicion congelada
1777334301.992066,False,False,0.00000000,-1,-1,0.000000,0.000000,0.000000,False,Sin AprilTag: medicion congelada
1777334302.026350,False,False,0.00000000,-1,-1,0.000000,0.000000,0.000000,False,Sin AprilTag: medicion congelada
1777334302.060654,False,False,0.00000000,-1,-1,0.000000,0.000000,0.000000,False,Sin AprilTag: medicion congelada
1777334302.095491,False,False,0.00000000,-1,-1,0.000000,0.000000,0.000000,False,Sin AprilTag: medicion congelada
1777334302.125820,False,False,0.00000000,-1,-1,0.000000,0.000000,0.000000,False,Sin AprilTag: medicion congelada
1777334302.160499,False,False,0.00000000,-1,-1,0.000000,0.000000,0.000000,False,Sin AprilTag: medicion congelada
1777334302.195029,False,False,0.00000000,-1,-1,0.000000,0.000000,0.000000,False,Sin AprilTag: medicion congelada
1777334302.230230,False,False,0.00000000,-1,-1,0.000000,0.000000,0.000000,False,Sin AprilTag: medicion congelada
1777334302.264368,False,False,0.00000000,-1,-1,0.000000,0.000000,0.000000,False,Sin AprilTag: medicion congelada
1777334302.298886,False,False,0.00000000,-1,-1,0.000000,0.000000,0.000000,False,Sin AprilTag: medicion congelada
1777334302.348961,False,False,0.00000000,-1,-1,0.000000,0.000000,0.000000,False,Sin AprilTag: medicion congelada
1777334302.386459,False,False,0.00000000,-1,-1,0.000000,0.000000,0.000000,False,Sin AprilTag: medicion congelada
1777334302.419767,False,False,0.00000000,-1,-1,0.000000,0.000000,0.000000,False,Sin AprilTag: medicion congelada
1777334302.454190,False,False,0.00000000,-1,-1,0.000000,0.000000,0.000000,False,Sin AprilTag: medicion congelada
1777334302.488491,False,False,0.00000000,-1,-1,0.000000,0.000000,0.000000,False,Sin AprilTag: medicion congelada
1777334302.539591,False,False,0.00000000,-1,-1,0.000000,0.000000,0.000000,False,Sin AprilTag: medicion congelada
1777334302.605334,False,False,0.00000000,-1,-1,0.000000,0.000000,0.000000,False,Sin AprilTag: medicion congelada
1777334302.655994,False,False,0.00000000,-1,-1,0.000000,0.000000,0.000000,False,Sin AprilTag: medicion congelada
1777334302.688322,False,False,0.00000000,-1,-1,0.000000,0.000000,0.000000,False,Sin AprilTag: medicion congelada
1777334302.722559,False,False,0.00000000,-1,-1,0.000000,0.000000,0.000000,False,Sin AprilTag: medicion congelada
1777334302.757239,False,False,0.00000000,-1,-1,0.000000,0.000000,0.000000,False,Sin AprilTag: medicion congelada
1777334302.790514,False,False,0.00000000,-1,-1,0.000000,0.000000,0.000000,False,Sin AprilTag: medicion congelada
1777334302.822513,False,False,0.00000000,-1,-1,0.000000,0.000000,0.000000,False,Sin AprilTag: medicion congelada
1777334302.855830,False,False,0.00000000,-1,-1,0.000000,0.000000,0.000000,False,Sin AprilTag: medicion congelada
1777334302.890349,False,False,0.00000000,-1,-1,0.000000,0.000000,0.000000,False,Sin AprilTag: medicion congelada
1777334302.924896,False,False,0.00000000,-1,-1,0.000000,0.000000,0.000000,False,Sin AprilTag: medicion congelada
1777334302.958957,False,False,0.00000000,-1,-1,0.000000,0.000000,0.000000,False,Sin AprilTag: medicion congelada
1777334302.993853,False,False,0.00000000,-1,-1,0.000000,0.000000,0.000000,False,Sin AprilTag: medicion congelada
1777334303.028274,False,False,0.00000000,-1,-1,0.000000,0.000000,0.000000,False,Sin AprilTag: medicion congelada
1777334303.061712,False,False,0.00000000,-1,-1,0.000000,0.000000,0.000000,False,Sin AprilTag: medicion congelada
1777334303.096018,False,False,0.00000000,-1,-1,0.000000,0.000000,0.000000,False,Sin AprilTag: medicion congelada
1777334303.130223,False,False,0.00000000,-1,-1,0.000000,0.000000,0.000000,False,Sin AprilTag: medicion congelada
1777334303.164381,False,False,0.00000000,-1,-1,0.000000,0.000000,0.000000,False,Sin AprilTag: medicion congelada
1777334303.198670,False,False,0.00000000,-1,-1,0.000000,0.000000,0.000000,False,Sin AprilTag: medicion congelada
1777334303.248539,False,False,0.00000000,-1,-1,0.000000,0.000000,0.000000,False,Sin AprilTag: medicion congelada
1777334303.299002,False,False,0.00000000,-1,-1,0.000000,0.000000,0.000000,False,Sin AprilTag: medicion congelada
1777334303.349290,False,False,0.00000000,-1,-1,0.000000,0.000000,0.000000,False,Sin AprilTag: medicion congelada
1777334303.383827,False,False,0.00000000,-1,-1,0.000000,0.000000,0.000000,False,Sin AprilTag: medicion congelada
1777334303.418102,False,False,0.00000000,-1,-1,0.000000,0.000000,0.000000,False,Sin AprilTag: medicion congelada
1777334303.473288,False,False,0.00000000,-1,-1,0.000000,0.000000,0.000000,False,Sin AprilTag: medicion congelada
1777334303.524194,False,False,0.00000000,-1,-1,0.000000,0.000000,0.000000,False,Sin AprilTag: medicion congelada
1777334303.574400,False,False,0.00000000,-1,-1,0.000000,0.000000,0.000000,False,Sin AprilTag: medicion congelada
1777334303.625246,False,False,0.00000000,-1,-1,0.000000,0.000000,0.000000,False,Sin AprilTag: medicion congelada
1777334303.662267,False,False,0.00000000,-1,-1,0.000000,0.000000,0.000000,False,Sin AprilTag: medicion congelada
1777334303.696452,False,False,0.00000000,-1,-1,0.000000,0.000000,0.000000,False,Sin AprilTag: medicion congelada
1777334303.730747,False,False,0.00000000,-1,-1,0.000000,0.000000,0.000000,False,Sin AprilTag: medicion congelada
1777334303.781720,False,False,0.00000000,-1,-1,0.000000,0.000000,0.000000,False,Sin AprilTag: medicion congelada
1777334303.840634,False,False,0.00000000,-1,-1,0.000000,0.000000,0.000000,False,Sin AprilTag: medicion congelada
1777334303.890265,False,False,0.00000000,-1,-1,0.000000,0.000000,0.000000,False,Sin AprilTag: medicion congelada
1777334303.924711,False,False,0.00000000,-1,-1,0.000000,0.000000,0.000000,False,Sin AprilTag: medicion congelada
1777334303.974683,False,False,0.00000000,-1,-1,0.000000,0.000000,0.000000,False,Sin AprilTag: medicion congelada
1777334304.026747,False,False,0.00000000,-1,-1,0.000000,0.000000,0.000000,False,Sin AprilTag: medicion congelada
1777334304.060470,False,False,0.00000000,-1,-1,0.000000,0.000000,0.000000,False,Sin AprilTag: medicion congelada
1777334304.110380,False,False,0.00000000,-1,-1,0.000000,0.000000,0.000000,False,Sin AprilTag: medicion congelada
1777334304.159414,False,False,0.00000000,-1,-1,0.000000,0.000000,0.000000,False,Sin AprilTag: medicion congelada
1777334304.209914,False,False,0.00000000,-1,-1,0.000000,0.000000,0.000000,False,Sin AprilTag: medicion congelada
1777334304.255962,False,False,0.00000000,-1,-1,0.000000,0.000000,0.000000,False,Sin AprilTag: medicion congelada
1777334304.290197,False,False,0.00000000,-1,-1,0.000000,0.000000,0.000000,False,Sin AprilTag: medicion congelada
1777334304.326495,False,False,0.00000000,-1,-1,0.000000,0.000000,0.000000,False,Sin AprilTag: medicion congelada
1777334304.360802,False,False,0.00000000,-1,-1,0.000000,0.000000,0.000000,False,Sin AprilTag: medicion congelada
1777334304.395272,False,False,0.00000000,-1,-1,0.000000,0.000000,0.000000,False,Sin AprilTag: medicion congelada
1777334304.429315,False,False,0.00000000,-1,-1,0.000000,0.000000,0.000000,False,Sin AprilTag: medicion congelada
1777334304.462520,False,False,0.00000000,-1,-1,0.000000,0.000000,0.000000,False,Sin AprilTag: medicion congelada
1777334304.497407,False,False,0.00000000,-1,-1,0.000000,0.000000,0.000000,False,Sin AprilTag: medicion congelada
1777334304.524513,False,False,0.00000000,-1,-1,0.000000,0.000000,0.000000,False,Sin AprilTag: medicion congelada
1777334304.557782,False,False,0.00000000,-1,-1,0.000000,0.000000,0.000000,False,Sin AprilTag: medicion congelada
1777334304.592220,False,False,0.00000000,-1,-1,0.000000,0.000000,0.000000,False,Sin AprilTag: medicion congelada
1777334304.626238,False,False,0.00000000,-1,-1,0.000000,0.000000,0.000000,False,Sin AprilTag: medicion congelada
1777334304.661228,False,False,0.00000000,-1,-1,0.000000,0.000000,0.000000,False,Sin AprilTag: medicion congelada
1777334304.695506,False,False,0.00000000,-1,-1,0.000000,0.000000,0.000000,False,Sin AprilTag: medicion congelada
1777334304.730935,False,False,0.00000000,-1,-1,0.000000,0.000000,0.000000,False,Sin AprilTag: medicion congelada
1777334304.780978,False,False,0.00000000,-1,-1,0.000000,0.000000,0.000000,False,Sin AprilTag: medicion congelada
1777334304.833311,False,False,0.00000000,-1,-1,0.000000,0.000000,0.000000,False,Sin AprilTag: medicion congelada
1777334304.867500,False,False,0.00000000,-1,-1,0.000000,0.000000,0.000000,False,Sin AprilTag: medicion congelada
1777334304.919170,False,False,0.00000000,-1,-1,0.000000,0.000000,0.000000,False,Sin AprilTag: medicion congelada
1777334304.971484,False,False,0.00000000,-1,-1,0.000000,0.000000,0.000000,False,Sin AprilTag: medicion congelada
1777334305.005876,False,False,0.00000000,-1,-1,0.000000,0.000000,0.000000,False,Sin AprilTag: medicion congelada
1777334305.040051,False,False,0.00000000,-1,-1,0.000000,0.000000,0.000000,False,Sin AprilTag: medicion congelada
1777334305.073821,False,False,0.00000000,-1,-1,0.000000,0.000000,0.000000,False,Sin AprilTag: medicion congelada
1777334305.108053,False,False,0.00000000,-1,-1,0.000000,0.000000,0.000000,False,Sin AprilTag: medicion congelada
1777334305.141456,False,False,0.00000000,-1,-1,0.000000,0.000000,0.000000,False,Sin AprilTag: medicion congelada
1777334305.175805,False,False,0.00000000,-1,-1,0.000000,0.000000,0.000000,False,Sin AprilTag: medicion congelada
1777334305.225276,False,False,0.00000000,-1,-1,0.000000,0.000000,0.000000,False,Sin AprilTag: medicion congelada
1777334305.275689,False,False,0.00000000,-1,-1,0.000000,0.000000,0.000000,False,Sin AprilTag: medicion congelada
1777334305.310060,False,False,0.00000000,-1,-1,0.000000,0.000000,0.000000,False,Sin AprilTag: medicion congelada
1777334305.344552,False,False,0.00000000,-1,-1,0.000000,0.000000,0.000000,False,Sin AprilTag: medicion congelada
1777334305.378148,False,False,0.00000000,-1,-1,0.000000,0.000000,0.000000,False,Sin AprilTag: medicion congelada
1777334305.417797,False,False,0.00000000,-1,-1,0.000000,0.000000,0.000000,False,Sin AprilTag: medicion congelada
1777334305.453414,False,False,0.00000000,-1,-1,0.000000,0.000000,0.000000,False,Sin AprilTag: medicion congelada
1777334305.488029,False,False,0.00000000,-1,-1,0.000000,0.000000,0.000000,False,Sin AprilTag: medicion congelada
1777334305.521658,False,False,0.00000000,-1,-1,0.000000,0.000000,0.000000,False,Sin AprilTag: medicion congelada
1777334305.556086,False,False,0.00000000,-1,-1,0.000000,0.000000,0.000000,False,Sin AprilTag: medicion congelada
1777334305.606342,False,False,0.00000000,-1,-1,0.000000,0.000000,0.000000,False,Sin AprilTag: medicion congelada
1777334305.651763,False,False,0.00000000,-1,-1,0.000000,0.000000,0.000000,False,Sin AprilTag: medicion congelada
1777334305.693289,False,False,0.00000000,-1,-1,0.000000,0.000000,0.000000,False,Sin AprilTag: medicion congelada
1777334305.767324,False,False,0.00000000,-1,-1,0.000000,0.000000,0.000000,False,Sin AprilTag: medicion congelada
1777334305.849449,False,False,0.00000000,-1,-1,0.000000,0.000000,0.000000,False,Sin AprilTag: medicion congelada
1777334305.904160,False,False,0.00000000,-1,-1,0.000000,0.000000,0.000000,False,Sin AprilTag: medicion congelada
1777334305.937060,False,False,0.00000000,-1,-1,0.000000,0.000000,0.000000,False,Sin AprilTag: medicion congelada
1777334305.971486,False,False,0.00000000,-1,-1,0.000000,0.000000,0.000000,False,Sin AprilTag: medicion congelada
1777334306.021820,False,False,0.00000000,-1,-1,0.000000,0.000000,0.000000,False,Sin AprilTag: medicion congelada
1777334306.084829,False,False,0.00000000,-1,-1,0.000000,0.000000,0.000000,False,Sin AprilTag: medicion congelada
1777334306.135766,False,False,0.00000000,-1,-1,0.000000,0.000000,0.000000,False,Sin AprilTag: medicion congelada
1777334306.194197,False,False,0.00000000,-1,-1,0.000000,0.000000,0.000000,False,Sin AprilTag: medicion congelada
1777334306.242119,False,False,0.00000000,-1,-1,0.000000,0.000000,0.000000,False,Sin AprilTag: medicion congelada
1777334306.286246,False,False,0.00000000,-1,-1,0.000000,0.000000,0.000000,False,Sin AprilTag: medicion congelada
1777334306.311492,False,False,0.00000000,-1,-1,0.000000,0.000000,0.000000,False,Sin AprilTag: medicion congelada
1777334306.350001,False,False,0.00000000,-1,-1,0.000000,0.000000,0.000000,False,Sin AprilTag: medicion congelada
1777334306.383487,False,False,0.00000000,-1,-1,0.000000,0.000000,0.000000,False,Sin AprilTag: medicion congelada
1777334306.414415,False,False,0.00000000,-1,-1,0.000000,0.000000,0.000000,False,Sin AprilTag: medicion congelada
1777334306.448449,False,False,0.00000000,-1,-1,0.000000,0.000000,0.000000,False,Sin AprilTag: medicion congelada
1777334306.481591,False,False,0.00000000,-1,-1,0.000000,0.000000,0.000000,False,Sin AprilTag: medicion congelada
1777334306.531529,False,False,0.00000000,-1,-1,0.000000,0.000000,0.000000,False,Sin AprilTag: medicion congelada
1777334306.561034,False,False,0.00000000,-1,-1,0.000000,0.000000,0.000000,False,Sin AprilTag: medicion congelada
1777334306.594668,False,False,0.00000000,-1,-1,0.000000,0.000000,0.000000,False,Sin AprilTag: medicion congelada
1777334306.623991,False,False,0.00000000,-1,-1,0.000000,0.000000,0.000000,False,Sin AprilTag: medicion congelada
1777334306.657872,False,False,0.00000000,-1,-1,0.000000,0.000000,0.000000,False,Sin AprilTag: medicion congelada
1777334306.709043,False,False,0.00000000,-1,-1,0.000000,0.000000,0.000000,False,Sin AprilTag: medicion congelada
1777334306.750489,False,False,0.00000000,-1,-1,0.000000,0.000000,0.000000,False,Sin AprilTag: medicion congelada
1777334306.784495,False,False,0.00000000,-1,-1,0.000000,0.000000,0.000000,False,Sin AprilTag: medicion congelada
1777334306.810153,False,False,0.00000000,-1,-1,0.000000,0.000000,0.000000,False,Sin AprilTag: medicion congelada
1777334306.846222,False,False,0.00000000,-1,-1,0.000000,0.000000,0.000000,False,Sin AprilTag: medicion congelada
1777334306.881288,False,False,0.00000000,-1,-1,0.000000,0.000000,0.000000,False,Sin AprilTag: medicion congelada
1777334306.918772,False,False,0.00000000,-1,-1,0.000000,0.000000,0.000000,False,Sin AprilTag: medicion congelada
1777334306.951742,False,False,0.00000000,-1,-1,0.000000,0.000000,0.000000,False,Sin AprilTag: medicion congelada
1777334306.985840,False,False,0.00000000,-1,-1,0.000000,0.000000,0.000000,False,Sin AprilTag: medicion congelada
1777334307.012636,False,False,0.00000000,-1,-1,0.000000,0.000000,0.000000,False,Sin AprilTag: medicion congelada
1777334307.043395,False,False,0.00000000,-1,-1,0.000000,0.000000,0.000000,False,Sin AprilTag: medicion congelada
1777334307.093867,False,False,0.00000000,-1,-1,0.000000,0.000000,0.000000,False,Sin AprilTag: medicion congelada
1777334307.128053,False,False,0.00000000,-1,-1,0.000000,0.000000,0.000000,False,Sin AprilTag: medicion congelada
1777334307.162351,False,False,0.00000000,-1,-1,0.000000,0.000000,0.000000,False,Sin AprilTag: medicion congelada
1777334307.198436,False,False,0.00000000,-1,-1,0.000000,0.000000,0.000000,False,Sin AprilTag: medicion congelada
1777334307.233874,False,False,0.00000000,-1,-1,0.000000,0.000000,0.000000,False,Sin AprilTag: medicion congelada
1777334307.267950,False,False,0.00000000,-1,-1,0.000000,0.000000,0.000000,False,Sin AprilTag: medicion congelada
1777334307.301401,False,False,0.00000000,-1,-1,0.000000,0.000000,0.000000,False,Sin AprilTag: medicion congelada
1777334307.336694,False,False,0.00000000,-1,-1,0.000000,0.000000,0.000000,False,Sin AprilTag: medicion congelada
1777334307.378369,False,False,0.00000000,-1,-1,0.000000,0.000000,0.000000,False,Sin AprilTag: medicion congelada
1777334307.437742,False,False,0.00000000,-1,-1,0.000000,0.000000,0.000000,False,Sin AprilTag: medicion congelada
1777334307.476310,False,False,0.00000000,-1,-1,0.000000,0.000000,0.000000,False,Sin AprilTag: medicion congelada
1777334307.514257,False,False,0.00000000,-1,-1,0.000000,0.000000,0.000000,False,Sin AprilTag: medicion congelada
1777334307.545127,False,False,0.00000000,-1,-1,0.000000,0.000000,0.000000,False,Sin AprilTag: medicion congelada
1777334307.576888,False,False,0.00000000,-1,-1,0.000000,0.000000,0.000000,False,Sin AprilTag: medicion congelada
1777334307.616016,False,False,0.00000000,-1,-1,0.000000,0.000000,0.000000,False,Sin AprilTag: medicion congelada
1777334307.651122,False,False,0.00000000,-1,-1,0.000000,0.000000,0.000000,False,Sin AprilTag: medicion congelada
1777334307.680357,False,False,0.00000000,-1,-1,0.000000,0.000000,0.000000,False,Sin AprilTag: medicion congelada
1777334307.713567,False,False,0.00000000,-1,-1,0.000000,0.000000,0.000000,False,Sin AprilTag: medicion congelada
1777334307.763436,False,False,0.00000000,-1,-1,0.000000,0.000000,0.000000,False,Sin AprilTag: medicion congelada
1777334307.798724,False,False,0.00000000,-1,-1,0.000000,0.000000,0.000000,False,Sin AprilTag: medicion congelada
1777334307.822687,False,False,0.00000000,-1,-1,0.000000,0.000000,0.000000,False,Sin AprilTag: medicion congelada
1777334307.854123,False,False,0.00000000,-1,-1,0.000000,0.000000,0.000000,False,Sin AprilTag: medicion congelada
1777334307.891974,False,False,0.00000000,-1,-1,0.000000,0.000000,0.000000,False,Sin AprilTag: medicion congelada
1777334307.927452,False,False,0.00000000,-1,-1,0.000000,0.000000,0.000000,False,Sin AprilTag: medicion congelada
1777334307.961925,False,False,0.00000000,-1,-1,0.000000,0.000000,0.000000,False,Sin AprilTag: medicion congelada
1777334307.996749,False,False,0.00000000,-1,-1,0.000000,0.000000,0.000000,False,Sin AprilTag: medicion congelada
1777334308.031559,False,False,0.00000000,-1,-1,0.000000,0.000000,0.000000,False,Sin AprilTag: medicion congelada
1777334308.081262,False,False,0.00000000,-1,-1,0.000000,0.000000,0.000000,False,Sin AprilTag: medicion congelada
1777334308.115753,False,False,0.00000000,-1,-1,0.000000,0.000000,0.000000,False,Sin AprilTag: medicion congelada
1777334308.150194,False,False,0.00000000,-1,-1,0.000000,0.000000,0.000000,False,Sin AprilTag: medicion congelada
1777334308.184825,False,False,0.00000000,-1,-1,0.000000,0.000000,0.000000,False,Sin AprilTag: medicion congelada
1777334308.218683,False,False,0.00000000,-1,-1,0.000000,0.000000,0.000000,False,Sin AprilTag: medicion congelada
1777334308.252984,False,False,0.00000000,-1,-1,0.000000,0.000000,0.000000,False,Sin AprilTag: medicion congelada
1777334308.280561,False,False,0.00000000,-1,-1,0.000000,0.000000,0.000000,False,Sin AprilTag: medicion congelada
1777334308.307558,False,False,0.00000000,-1,-1,0.000000,0.000000,0.000000,False,Sin AprilTag: medicion congelada
1777334308.332829,False,False,0.00000000,-1,-1,0.000000,0.000000,0.000000,False,Sin AprilTag: medicion congelada
1777334308.366469,False,False,0.00000000,-1,-1,0.000000,0.000000,0.000000,False,Sin AprilTag: medicion congelada
1777334308.396772,False,False,0.00000000,-1,-1,0.000000,0.000000,0.000000,False,Sin AprilTag: medicion congelada
1777334308.431108,False,False,0.00000000,-1,-1,0.000000,0.000000,0.000000,False,Sin AprilTag: medicion congelada
1777334308.483509,False,False,0.00000000,-1,-1,0.000000,0.000000,0.000000,False,Sin AprilTag: medicion congelada
1777334308.549801,False,False,0.00000000,-1,-1,0.000000,0.000000,0.000000,False,Sin AprilTag: medicion congelada
1777334308.584996,False,False,0.00000000,-1,-1,0.000000,0.000000,0.000000,False,Sin AprilTag: medicion congelada
1777334308.639806,False,False,0.00000000,-1,-1,0.000000,0.000000,0.000000,False,Sin AprilTag: medicion congelada
1777334308.674987,False,False,0.00000000,-1,-1,0.000000,0.000000,0.000000,False,Sin AprilTag: medicion congelada
1777334308.740401,False,False,0.00000000,-1,-1,0.000000,0.000000,0.000000,False,Sin AprilTag: medicion congelada
1777334308.773283,False,False,0.00000000,-1,-1,0.000000,0.000000,0.000000,False,Sin AprilTag: medicion congelada
1777334308.800970,False,False,0.00000000,-1,-1,0.000000,0.000000,0.000000,False,Sin AprilTag: medicion congelada
1777334308.835617,False,False,0.00000000,-1,-1,0.000000,0.000000,0.000000,False,Sin AprilTag: medicion congelada
1777334308.870281,False,False,0.00000000,-1,-1,0.000000,0.000000,0.000000,False,Sin AprilTag: medicion congelada
1777334308.904341,False,False,0.00000000,-1,-1,0.000000,0.000000,0.000000,False,Sin AprilTag: medicion congelada
1777334308.938747,False,False,0.00000000,-1,-1,0.000000,0.000000,0.000000,False,Sin AprilTag: medicion congelada
1777334308.973181,False,False,0.00000000,-1,-1,0.000000,0.000000,0.000000,False,Sin AprilTag: medicion congelada
1777334309.007542,False,False,0.00000000,-1,-1,0.000000,0.000000,0.000000,False,Sin AprilTag: medicion congelada
1777334309.062687,False,False,0.00000000,-1,-1,0.000000,0.000000,0.000000,False,Sin AprilTag: medicion congelada
1777334309.086504,False,False,0.00000000,-1,-1,0.000000,0.000000,0.000000,False,Sin AprilTag: medicion congelada
1777334309.119439,False,False,0.00000000,-1,-1,0.000000,0.000000,0.000000,False,Sin AprilTag: medicion congelada
1777334309.153950,False,False,0.00000000,-1,-1,0.000000,0.000000,0.000000,False,Sin AprilTag: medicion congelada
1777334309.191001,False,False,0.00000000,-1,-1,0.000000,0.000000,0.000000,False,Sin AprilTag: medicion congelada
1777334309.224669,False,False,0.00000000,-1,-1,0.000000,0.000000,0.000000,False,Sin AprilTag: medicion congelada
1777334309.258455,False,False,0.00000000,-1,-1,0.000000,0.000000,0.000000,False,Sin AprilTag: medicion congelada
1777334309.293313,False,False,0.00000000,-1,-1,0.000000,0.000000,0.000000,False,Sin AprilTag: medicion congelada
1777334309.320799,False,False,0.00000000,-1,-1,0.000000,0.000000,0.000000,False,Sin AprilTag: medicion congelada
1777334309.355808,False,False,0.00000000,-1,-1,0.000000,0.000000,0.000000,False,Sin AprilTag: medicion congelada
1777334309.388952,False,False,0.00000000,-1,-1,0.000000,0.000000,0.000000,False,Sin AprilTag: medicion congelada
1777334309.424505,False,False,0.00000000,-1,-1,0.000000,0.000000,0.000000,False,Sin AprilTag: medicion congelada
1777334309.459469,False,False,0.00000000,-1,-1,0.000000,0.000000,0.000000,False,Sin AprilTag: medicion congelada
1777334309.495438,False,False,0.00000000,-1,-1,0.000000,0.000000,0.000000,False,Sin AprilTag: medicion congelada
1777334309.529548,False,False,0.00000000,-1,-1,0.000000,0.000000,0.000000,False,Sin AprilTag: medicion congelada
1777334309.566391,False,False,0.00000000,-1,-1,0.000000,0.000000,0.000000,False,Sin AprilTag: medicion congelada
1777334309.590249,False,False,0.00000000,-1,-1,0.000000,0.000000,0.000000,False,Sin AprilTag: medicion congelada
1777334309.620733,False,False,0.00000000,-1,-1,0.000000,0.000000,0.000000,False,Sin AprilTag: medicion congelada
1777334309.647756,False,False,0.00000000,-1,-1,0.000000,0.000000,0.000000,False,Sin AprilTag: medicion congelada
1777334309.681663,False,False,0.00000000,-1,-1,0.000000,0.000000,0.000000,False,Sin AprilTag: medicion congelada
1777334309.721391,False,False,0.00000000,-1,-1,0.000000,0.000000,0.000000,False,Sin AprilTag: medicion congelada
1777334309.756381,False,False,0.00000000,-1,-1,0.000000,0.000000,0.000000,False,Sin AprilTag: medicion congelada
1777334309.807632,False,False,0.00000000,-1,-1,0.000000,0.000000,0.000000,False,Sin AprilTag: medicion congelada
1777334309.853841,False,False,0.00000000,-1,-1,0.000000,0.000000,0.000000,False,Sin AprilTag: medicion congelada
1777334309.889374,False,False,0.00000000,-1,-1,0.000000,0.000000,0.000000,False,Sin AprilTag: medicion congelada
1777334309.923885,False,False,0.00000000,-1,-1,0.000000,0.000000,0.000000,False,Sin AprilTag: medicion congelada
1777334309.975108,False,False,0.00000000,-1,-1,0.000000,0.000000,0.000000,False,Sin AprilTag: medicion congelada
1777334310.015823,False,False,0.00000000,-1,-1,0.000000,0.000000,0.000000,False,Sin AprilTag: medicion congelada
1777334310.051134,False,False,0.00000000,-1,-1,0.000000,0.000000,0.000000,False,Sin AprilTag: medicion congelada
1777334310.085235,False,False,0.00000000,-1,-1,0.000000,0.000000,0.000000,False,Sin AprilTag: medicion congelada
1777334310.120608,False,False,0.00000000,-1,-1,0.000000,0.000000,0.000000,False,Sin AprilTag: medicion congelada
1777334310.158857,False,False,0.00000000,-1,-1,0.000000,0.000000,0.000000,False,Sin AprilTag: medicion congelada
1777334310.208792,False,False,0.00000000,-1,-1,0.000000,0.000000,0.000000,False,Sin AprilTag: medicion congelada
1777334310.250941,False,False,0.00000000,-1,-1,0.000000,0.000000,0.000000,False,Sin AprilTag: medicion congelada
1777334310.303279,False,False,0.00000000,-1,-1,0.000000,0.000000,0.000000,False,Sin AprilTag: medicion congelada
1777334310.367447,False,False,0.00000000,-1,-1,0.000000,0.000000,0.000000,False,Sin AprilTag: medicion congelada
1777334310.420315,False,False,0.00000000,-1,-1,0.000000,0.000000,0.000000,False,Sin AprilTag: medicion congelada
1777334310.455386,False,False,0.00000000,-1,-1,0.000000,0.000000,0.000000,False,Sin AprilTag: medicion congelada
1777334310.489320,False,False,0.00000000,-1,-1,0.000000,0.000000,0.000000,False,Sin AprilTag: medicion congelada
1777334310.522960,False,False,0.00000000,-1,-1,0.000000,0.000000,0.000000,False,Sin AprilTag: medicion congelada
1777334310.557962,False,False,0.00000000,-1,-1,0.000000,0.000000,0.000000,False,Sin AprilTag: medicion congelada
1777334310.593010,False,False,0.00000000,-1,-1,0.000000,0.000000,0.000000,False,Sin AprilTag: medicion congelada
1777334310.619938,False,False,0.00000000,-1,-1,0.000000,0.000000,0.000000,False,Sin AprilTag: medicion congelada
1777334310.653864,False,False,0.00000000,-1,-1,0.000000,0.000000,0.000000,False,Sin AprilTag: medicion congelada
1777334310.688307,False,False,0.00000000,-1,-1,0.000000,0.000000,0.000000,False,Sin AprilTag: medicion congelada
1777334310.723194,False,False,0.00000000,-1,-1,0.000000,0.000000,0.000000,False,Sin AprilTag: medicion congelada
1777334310.756147,False,False,0.00000000,-1,-1,0.000000,0.000000,0.000000,False,Sin AprilTag: medicion congelada
1777334310.791126,False,False,0.00000000,-1,-1,0.000000,0.000000,0.000000,False,Sin AprilTag: medicion congelada
1777334310.840612,False,False,0.00000000,-1,-1,0.000000,0.000000,0.000000,False,Sin AprilTag: medicion congelada
1777334310.869661,False,False,0.00000000,-1,-1,0.000000,0.000000,0.000000,False,Sin AprilTag: medicion congelada
1777334310.903883,False,False,0.00000000,-1,-1,0.000000,0.000000,0.000000,False,Sin AprilTag: medicion congelada
1777334310.938604,False,False,0.00000000,-1,-1,0.000000,0.000000,0.000000,False,Sin AprilTag: medicion congelada
1777334310.964133,False,False,0.00000000,-1,-1,0.000000,0.000000,0.000000,False,Sin AprilTag: medicion congelada
1777334310.997920,False,False,0.00000000,-1,-1,0.000000,0.000000,0.000000,False,Sin AprilTag: medicion congelada
1777334311.026164,False,False,0.00000000,-1,-1,0.000000,0.000000,0.000000,False,Sin AprilTag: medicion congelada
1777334311.076375,False,False,0.00000000,-1,-1,0.000000,0.000000,0.000000,False,Sin AprilTag: medicion congelada
1777334311.110853,False,False,0.00000000,-1,-1,0.000000,0.000000,0.000000,False,Sin AprilTag: medicion congelada
1777334311.144772,False,False,0.00000000,-1,-1,0.000000,0.000000,0.000000,False,Sin AprilTag: medicion congelada
1777334311.178753,False,False,0.00000000,-1,-1,0.000000,0.000000,0.000000,False,Sin AprilTag: medicion congelada
1777334311.214209,False,False,0.00000000,-1,-1,0.000000,0.000000,0.000000,False,Sin AprilTag: medicion congelada
1777334311.248553,False,False,0.00000000,-1,-1,0.000000,0.000000,0.000000,False,Sin AprilTag: medicion congelada
1777334311.277094,False,False,0.00000000,-1,-1,0.000000,0.000000,0.000000,False,Sin AprilTag: medicion congelada
1777334311.310660,False,False,0.00000000,-1,-1,0.000000,0.000000,0.000000,False,Sin AprilTag: medicion congelada
1777334311.340726,False,False,0.00000000,-1,-1,0.000000,0.000000,0.000000,False,Sin AprilTag: medicion congelada
1777334311.375700,False,False,0.00000000,-1,-1,0.000000,0.000000,0.000000,False,Sin AprilTag: medicion congelada
1777334311.409298,False,False,0.00000000,-1,-1,0.000000,0.000000,0.000000,False,Sin AprilTag: medicion congelada
1777334311.440296,False,False,0.00000000,-1,-1,0.000000,0.000000,0.000000,False,Sin AprilTag: medicion congelada
1777334311.474611,False,False,0.00000000,-1,-1,0.000000,0.000000,0.000000,False,Sin AprilTag: medicion congelada
1777334311.509179,False,False,0.00000000,-1,-1,0.000000,0.000000,0.000000,False,Sin AprilTag: medicion congelada
1777334311.543630,False,False,0.00000000,-1,-1,0.000000,0.000000,0.000000,False,Sin AprilTag: medicion congelada
1777334311.578527,False,False,0.00000000,-1,-1,0.000000,0.000000,0.000000,False,Sin AprilTag: medicion congelada
1777334311.631109,False,False,0.00000000,-1,-1,0.000000,0.000000,0.000000,False,Sin AprilTag: medicion congelada
1777334311.666009,False,False,0.00000000,-1,-1,0.000000,0.000000,0.000000,False,Sin AprilTag: medicion congelada
1777334311.717170,False,False,0.00000000,-1,-1,0.000000,0.000000,0.000000,False,Sin AprilTag: medicion congelada
1777334311.772802,False,False,0.00000000,-1,-1,0.000000,0.000000,0.000000,False,Sin AprilTag: medicion congelada
1777334311.830007,False,False,0.00000000,-1,-1,0.000000,0.000000,0.000000,False,Sin AprilTag: medicion congelada
1777334311.902181,False,False,0.00000000,-1,-1,0.000000,0.000000,0.000000,False,Sin AprilTag: medicion congelada
1777334311.936542,False,False,0.00000000,-1,-1,0.000000,0.000000,0.000000,False,Sin AprilTag: medicion congelada
1777334312.002059,False,False,0.00000000,-1,-1,0.000000,0.000000,0.000000,False,Sin AprilTag: medicion congelada
1777334312.049941,False,False,0.00000000,-1,-1,0.000000,0.000000,0.000000,False,Sin AprilTag: medicion congelada
1777334312.089150,False,False,0.00000000,-1,-1,0.000000,0.000000,0.000000,False,Sin AprilTag: medicion congelada
1777334312.123401,False,False,0.00000000,-1,-1,0.000000,0.000000,0.000000,False,Sin AprilTag: medicion congelada
1777334312.158123,False,False,0.00000000,-1,-1,0.000000,0.000000,0.000000,False,Sin AprilTag: medicion congelada
1777334312.207788,False,False,0.00000000,-1,-1,0.000000,0.000000,0.000000,False,Sin AprilTag: medicion congelada
1777334312.253915,False,False,0.00000000,-1,-1,0.000000,0.000000,0.000000,False,Sin AprilTag: medicion congelada
1777334312.288634,False,False,0.00000000,-1,-1,0.000000,0.000000,0.000000,False,Sin AprilTag: medicion congelada
1777334312.323599,False,False,0.00000000,-1,-1,0.000000,0.000000,0.000000,False,Sin AprilTag: medicion congelada
1777334312.356735,False,False,0.00000000,-1,-1,0.000000,0.000000,0.000000,False,Sin AprilTag: medicion congelada
1777334312.392320,False,False,0.00000000,-1,-1,0.000000,0.000000,0.000000,False,Sin AprilTag: medicion congelada
1777334312.442914,False,False,0.00000000,-1,-1,0.000000,0.000000,0.000000,False,Sin AprilTag: medicion congelada
1777334312.479771,False,False,0.00000000,-1,-1,0.000000,0.000000,0.000000,False,Sin AprilTag: medicion congelada
1777334312.514823,False,False,0.00000000,-1,-1,0.000000,0.000000,0.000000,False,Sin AprilTag: medicion congelada
1777334312.565910,False,False,0.00000000,-1,-1,0.000000,0.000000,0.000000,False,Sin AprilTag: medicion congelada
1777334312.615519,False,False,0.00000000,-1,-1,0.000000,0.000000,0.000000,False,Sin AprilTag: medicion congelada
1777334312.666044,False,False,0.00000000,-1,-1,0.000000,0.000000,0.000000,False,Sin AprilTag: medicion congelada
1777334312.765513,False,False,0.00000000,-1,-1,0.000000,0.000000,0.000000,False,Sin AprilTag: medicion congelada
1777334312.800401,False,False,0.00000000,-1,-1,0.000000,0.000000,0.000000,False,Sin AprilTag: medicion congelada
1777334312.850960,False,False,0.00000000,-1,-1,0.000000,0.000000,0.000000,False,Sin AprilTag: medicion congelada
1777334312.904325,False,False,0.00000000,-1,-1,0.000000,0.000000,0.000000,False,Sin AprilTag: medicion congelada
1777334312.939638,False,False,0.00000000,-1,-1,0.000000,0.000000,0.000000,False,Sin AprilTag: medicion congelada
1777334312.973981,False,False,0.00000000,-1,-1,0.000000,0.000000,0.000000,False,Sin AprilTag: medicion congelada
1777334313.004795,False,False,0.00000000,-1,-1,0.000000,0.000000,0.000000,False,Sin AprilTag: medicion congelada
1777334313.038408,False,False,0.00000000,-1,-1,0.000000,0.000000,0.000000,False,Sin AprilTag: medicion congelada
1777334313.079344,False,False,0.00000000,-1,-1,0.000000,0.000000,0.000000,False,Sin AprilTag: medicion congelada
1777334313.113961,False,False,0.00000000,-1,-1,0.000000,0.000000,0.000000,False,Sin AprilTag: medicion congelada
1777334313.164722,False,False,0.00000000,-1,-1,0.000000,0.000000,0.000000,False,Sin AprilTag: medicion congelada
1777334313.230638,False,False,0.00000000,-1,-1,0.000000,0.000000,0.000000,False,Sin AprilTag: medicion congelada
1777334313.297580,False,False,0.00000000,-1,-1,0.000000,0.000000,0.000000,False,Sin AprilTag: medicion congelada
1777334313.348194,False,False,0.00000000,-1,-1,0.000000,0.000000,0.000000,False,Sin AprilTag: medicion congelada
1777334313.416187,False,False,0.00000000,-1,-1,0.000000,0.000000,0.000000,False,Sin AprilTag: medicion congelada
1777334313.482249,False,False,0.00000000,-1,-1,0.000000,0.000000,0.000000,False,Sin AprilTag: medicion congelada
1777334313.547679,False,False,0.00000000,-1,-1,0.000000,0.000000,0.000000,False,Sin AprilTag: medicion congelada
1777334313.584055,False,False,0.00000000,-1,-1,0.000000,0.000000,0.000000,False,Sin AprilTag: medicion congelada
1777334313.618811,False,False,0.00000000,-1,-1,0.000000,0.000000,0.000000,False,Sin AprilTag: medicion congelada
1777334313.653041,False,False,0.00000000,-1,-1,0.000000,0.000000,0.000000,False,Sin AprilTag: medicion congelada
1777334313.691578,False,False,0.00000000,-1,-1,0.000000,0.000000,0.000000,False,Sin AprilTag: medicion congelada
1777334313.726472,False,False,0.00000000,-1,-1,0.000000,0.000000,0.000000,False,Sin AprilTag: medicion congelada
1777334313.794875,False,False,0.00000000,-1,-1,0.000000,0.000000,0.000000,False,Sin AprilTag: medicion congelada
1777334313.861809,False,False,0.00000000,-1,-1,0.000000,0.000000,0.000000,False,Sin AprilTag: medicion congelada
1777334313.898518,False,False,0.00000000,-1,-1,0.000000,0.000000,0.000000,False,Sin AprilTag: medicion congelada
1777334313.933008,False,False,0.00000000,-1,-1,0.000000,0.000000,0.000000,False,Sin AprilTag: medicion congelada
1777334313.971447,False,False,0.00000000,-1,-1,0.000000,0.000000,0.000000,False,Sin AprilTag: medicion congelada
1777334314.006237,False,False,0.00000000,-1,-1,0.000000,0.000000,0.000000,False,Sin AprilTag: medicion congelada
1777334314.044540,False,False,0.00000000,-1,-1,0.000000,0.000000,0.000000,False,Sin AprilTag: medicion congelada
1777334314.083305,False,False,0.00000000,-1,-1,0.000000,0.000000,0.000000,False,Sin AprilTag: medicion congelada
1777334314.117966,False,False,0.00000000,-1,-1,0.000000,0.000000,0.000000,False,Sin AprilTag: medicion congelada
1777334314.152634,False,False,0.00000000,-1,-1,0.000000,0.000000,0.000000,False,Sin AprilTag: medicion congelada
1777334314.187640,False,False,0.00000000,-1,-1,0.000000,0.000000,0.000000,False,Sin AprilTag: medicion congelada
1777334314.237706,False,False,0.00000000,-1,-1,0.000000,0.000000,0.000000,False,Sin AprilTag: medicion congelada
1777334314.270568,False,False,0.00000000,-1,-1,0.000000,0.000000,0.000000,False,Sin AprilTag: medicion congelada
1777334314.304495,False,False,0.00000000,-1,-1,0.000000,0.000000,0.000000,False,Sin AprilTag: medicion congelada
1777334314.339405,False,False,0.00000000,-1,-1,0.000000,0.000000,0.000000,False,Sin AprilTag: medicion congelada
1777334314.401506,False,False,0.00000000,-1,-1,0.000000,0.000000,0.000000,False,Sin AprilTag: medicion congelada
1777334314.451317,False,False,0.00000000,-1,-1,0.000000,0.000000,0.000000,False,Sin AprilTag: medicion congelada
1777334314.486434,False,False,0.00000000,-1,-1,0.000000,0.000000,0.000000,False,Sin AprilTag: medicion congelada
1777334314.521571,False,False,0.00000000,-1,-1,0.000000,0.000000,0.000000,False,Sin AprilTag: medicion congelada
1777334314.556341,False,False,0.00000000,-1,-1,0.000000,0.000000,0.000000,False,Sin AprilTag: medicion congelada
1777334314.607723,False,False,0.00000000,-1,-1,0.000000,0.000000,0.000000,False,Sin AprilTag: medicion congelada
1777334314.649891,False,False,0.00000000,-1,-1,0.000000,0.000000,0.000000,False,Sin AprilTag: medicion congelada
1777334314.688477,False,False,0.00000000,-1,-1,0.000000,0.000000,0.000000,False,Sin AprilTag: medicion congelada
1777334314.723103,False,False,0.00000000,-1,-1,0.000000,0.000000,0.000000,False,Sin AprilTag: medicion congelada
1777334314.757839,False,False,0.00000000,-1,-1,0.000000,0.000000,0.000000,False,Sin AprilTag: medicion congelada
1777334314.793373,False,False,0.00000000,-1,-1,0.000000,0.000000,0.000000,False,Sin AprilTag: medicion congelada
1777334314.844667,False,False,0.00000000,-1,-1,0.000000,0.000000,0.000000,False,Sin AprilTag: medicion congelada
1777334314.894658,False,False,0.00000000,-1,-1,0.000000,0.000000,0.000000,False,Sin AprilTag: medicion congelada
1777334314.929600,False,False,0.00000000,-1,-1,0.000000,0.000000,0.000000,False,Sin AprilTag: medicion congelada
1777334314.963453,False,False,0.00000000,-1,-1,0.000000,0.000000,0.000000,False,Sin AprilTag: medicion congelada
1777334315.013967,False,False,0.00000000,-1,-1,0.000000,0.000000,0.000000,False,Sin AprilTag: medicion congelada
1777334315.065050,False,False,0.00000000,-1,-1,0.000000,0.000000,0.000000,False,Sin AprilTag: medicion congelada
1777334315.099165,False,False,0.00000000,-1,-1,0.000000,0.000000,0.000000,False,Sin AprilTag: medicion congelada
1777334315.132474,False,False,0.00000000,-1,-1,0.000000,0.000000,0.000000,False,Sin AprilTag: medicion congelada
1777334315.166738,False,False,0.00000000,-1,-1,0.000000,0.000000,0.000000,False,Sin AprilTag: medicion congelada
1777334315.201117,False,False,0.00000000,-1,-1,0.000000,0.000000,0.000000,False,Sin AprilTag: medicion congelada
1777334315.235134,False,False,0.00000000,-1,-1,0.000000,0.000000,0.000000,False,Sin AprilTag: medicion congelada
1777334315.269751,False,False,0.00000000,-1,-1,0.000000,0.000000,0.000000,False,Sin AprilTag: medicion congelada
1777334315.304133,False,False,0.00000000,-1,-1,0.000000,0.000000,0.000000,False,Sin AprilTag: medicion congelada
1777334315.341079,False,False,0.00000000,-1,-1,0.000000,0.000000,0.000000,False,Sin AprilTag: medicion congelada
1777334315.375124,False,False,0.00000000,-1,-1,0.000000,0.000000,0.000000,False,Sin AprilTag: medicion congelada
1777334315.408395,False,False,0.00000000,-1,-1,0.000000,0.000000,0.000000,False,Sin AprilTag: medicion congelada
1777334315.442549,False,False,0.00000000,-1,-1,0.000000,0.000000,0.000000,False,Sin AprilTag: medicion congelada
1777334315.475565,False,False,0.00000000,-1,-1,0.000000,0.000000,0.000000,False,Sin AprilTag: medicion congelada
1777334315.509797,False,False,0.00000000,-1,-1,0.000000,0.000000,0.000000,False,Sin AprilTag: medicion congelada
1777334315.543920,False,False,0.00000000,-1,-1,0.000000,0.000000,0.000000,False,Sin AprilTag: medicion congelada
1777334315.578628,False,False,0.00000000,-1,-1,0.000000,0.000000,0.000000,False,Sin AprilTag: medicion congelada
1777334315.629367,False,False,0.00000000,-1,-1,0.000000,0.000000,0.000000,False,Sin AprilTag: medicion congelada
1777334315.696783,False,False,0.00000000,-1,-1,0.000000,0.000000,0.000000,False,Sin AprilTag: medicion congelada
1777334315.748380,False,False,0.00000000,-1,-1,0.000000,0.000000,0.000000,False,Sin AprilTag: medicion congelada
1777334315.780554,False,False,0.00000000,-1,-1,0.000000,0.000000,0.000000,False,Sin AprilTag: medicion congelada
1777334315.815233,False,False,0.00000000,-1,-1,0.000000,0.000000,0.000000,False,Sin AprilTag: medicion congelada
1777334315.848927,False,False,0.00000000,-1,-1,0.000000,0.000000,0.000000,False,Sin AprilTag: medicion congelada
1777334315.883934,False,False,0.00000000,-1,-1,0.000000,0.000000,0.000000,False,Sin AprilTag: medicion congelada
1777334315.912366,False,False,0.00000000,-1,-1,0.000000,0.000000,0.000000,False,Sin AprilTag: medicion congelada
1777334315.945180,False,False,0.00000000,-1,-1,0.000000,0.000000,0.000000,False,Sin AprilTag: medicion congelada
1777334316.001545,False,False,0.00000000,-1,-1,0.000000,0.000000,0.000000,False,Sin AprilTag: medicion congelada
1777334316.035902,False,False,0.00000000,-1,-1,0.000000,0.000000,0.000000,False,Sin AprilTag: medicion congelada
1777334316.071946,False,False,0.00000000,-1,-1,0.000000,0.000000,0.000000,False,Sin AprilTag: medicion congelada
1777334316.106248,False,False,0.00000000,-1,-1,0.000000,0.000000,0.000000,False,Sin AprilTag: medicion congelada
1777334316.141683,False,False,0.00000000,-1,-1,0.000000,0.000000,0.000000,False,Sin AprilTag: medicion congelada
1777334316.175815,False,False,0.00000000,-1,-1,0.000000,0.000000,0.000000,False,Sin AprilTag: medicion congelada
1777334316.209666,False,False,0.00000000,-1,-1,0.000000,0.000000,0.000000,False,Sin AprilTag: medicion congelada
1777334316.244059,False,False,0.00000000,-1,-1,0.000000,0.000000,0.000000,False,Sin AprilTag: medicion congelada
1777334316.278159,False,False,0.00000000,-1,-1,0.000000,0.000000,0.000000,False,Sin AprilTag: medicion congelada
1777334316.312165,False,False,0.00000000,-1,-1,0.000000,0.000000,0.000000,False,Sin AprilTag: medicion congelada
1777334316.346077,False,False,0.00000000,-1,-1,0.000000,0.000000,0.000000,False,Sin AprilTag: medicion congelada
1777334316.380067,False,False,0.00000000,-1,-1,0.000000,0.000000,0.000000,False,Sin AprilTag: medicion congelada
1777334316.414438,False,False,0.00000000,-1,-1,0.000000,0.000000,0.000000,False,Sin AprilTag: medicion congelada
1777334316.448884,False,False,0.00000000,-1,-1,0.000000,0.000000,0.000000,False,Sin AprilTag: medicion congelada
1777334316.483033,False,False,0.00000000,-1,-1,0.000000,0.000000,0.000000,False,Sin AprilTag: medicion congelada
1777334316.517437,False,False,0.00000000,-1,-1,0.000000,0.000000,0.000000,False,Sin AprilTag: medicion congelada
1777334316.551763,False,False,0.00000000,-1,-1,0.000000,0.000000,0.000000,False,Sin AprilTag: medicion congelada
1777334316.603254,False,False,0.00000000,-1,-1,0.000000,0.000000,0.000000,False,Sin AprilTag: medicion congelada
1777334316.653342,False,False,0.00000000,-1,-1,0.000000,0.000000,0.000000,False,Sin AprilTag: medicion congelada
1777334316.705020,False,False,0.00000000,-1,-1,0.000000,0.000000,0.000000,False,Sin AprilTag: medicion congelada
1777334316.755993,False,False,0.00000000,-1,-1,0.000000,0.000000,0.000000,False,Sin AprilTag: medicion congelada
1777334316.799223,False,False,0.00000000,-1,-1,0.000000,0.000000,0.000000,False,Sin AprilTag: medicion congelada
1777334316.833571,False,False,0.00000000,-1,-1,0.000000,0.000000,0.000000,False,Sin AprilTag: medicion congelada
1777334316.866171,False,False,0.00000000,-1,-1,0.000000,0.000000,0.000000,False,Sin AprilTag: medicion congelada
1777334316.899583,False,False,0.00000000,-1,-1,0.000000,0.000000,0.000000,False,Sin AprilTag: medicion congelada
1777334316.933063,False,False,0.00000000,-1,-1,0.000000,0.000000,0.000000,False,Sin AprilTag: medicion congelada
1777334316.962775,False,False,0.00000000,-1,-1,0.000000,0.000000,0.000000,False,Sin AprilTag: medicion congelada
1777334316.995668,False,False,0.00000000,-1,-1,0.000000,0.000000,0.000000,False,Sin AprilTag: medicion congelada
1777334317.023003,False,False,0.00000000,-1,-1,0.000000,0.000000,0.000000,False,Sin AprilTag: medicion congelada
1777334317.056321,False,False,0.00000000,-1,-1,0.000000,0.000000,0.000000,False,Sin AprilTag: medicion congelada
1777334317.083996,False,False,0.00000000,-1,-1,0.000000,0.000000,0.000000,False,Sin AprilTag: medicion congelada
1777334317.116507,False,False,0.00000000,-1,-1,0.000000,0.000000,0.000000,False,Sin AprilTag: medicion congelada
1777334317.150100,False,False,0.00000000,-1,-1,0.000000,0.000000,0.000000,False,Sin AprilTag: medicion congelada
1777334317.184664,False,False,0.00000000,-1,-1,0.000000,0.000000,0.000000,False,Sin AprilTag: medicion congelada
1777334317.219775,False,False,0.00000000,-1,-1,0.000000,0.000000,0.000000,False,Sin AprilTag: medicion congelada
1777334317.254404,False,False,0.00000000,-1,-1,0.000000,0.000000,0.000000,False,Sin AprilTag: medicion congelada
1777334317.288297,False,False,0.00000000,-1,-1,0.000000,0.000000,0.000000,False,Sin AprilTag: medicion congelada
1777334317.323485,False,False,0.00000000,-1,-1,0.000000,0.000000,0.000000,False,Sin AprilTag: medicion congelada
1777334317.358102,False,False,0.00000000,-1,-1,0.000000,0.000000,0.000000,False,Sin AprilTag: medicion congelada
1777334317.391749,False,False,0.00000000,-1,-1,0.000000,0.000000,0.000000,False,Sin AprilTag: medicion congelada
1777334317.420102,False,False,0.00000000,-1,-1,0.000000,0.000000,0.000000,False,Sin AprilTag: medicion congelada
1777334317.454900,False,False,0.00000000,-1,-1,0.000000,0.000000,0.000000,False,Sin AprilTag: medicion congelada
1777334317.487967,False,False,0.00000000,-1,-1,0.000000,0.000000,0.000000,False,Sin AprilTag: medicion congelada
1777334317.518147,False,False,0.00000000,-1,-1,0.000000,0.000000,0.000000,False,Sin AprilTag: medicion congelada
1777334317.552366,False,False,0.00000000,-1,-1,0.000000,0.000000,0.000000,False,Sin AprilTag: medicion congelada
1777334317.599075,False,False,0.00000000,-1,-1,0.000000,0.000000,0.000000,False,Sin AprilTag: medicion congelada
1777334317.633675,False,False,0.00000000,-1,-1,0.000000,0.000000,0.000000,False,Sin AprilTag: medicion congelada
1777334317.667608,False,False,0.00000000,-1,-1,0.000000,0.000000,0.000000,False,Sin AprilTag: medicion congelada
1777334317.711842,False,False,0.00000000,-1,-1,0.000000,0.000000,0.000000,False,Sin AprilTag: medicion congelada
1777334317.746126,False,False,0.00000000,-1,-1,0.000000,0.000000,0.000000,False,Sin AprilTag: medicion congelada
1777334317.780045,False,False,0.00000000,-1,-1,0.000000,0.000000,0.000000,False,Sin AprilTag: medicion congelada
1777334317.814070,False,False,0.00000000,-1,-1,0.000000,0.000000,0.000000,False,Sin AprilTag: medicion congelada
1777334317.848474,False,False,0.00000000,-1,-1,0.000000,0.000000,0.000000,False,Sin AprilTag: medicion congelada
1777334317.882928,False,False,0.00000000,-1,-1,0.000000,0.000000,0.000000,False,Sin AprilTag: medicion congelada
1777334317.917452,False,False,0.00000000,-1,-1,0.000000,0.000000,0.000000,False,Sin AprilTag: medicion congelada
1777334317.952065,False,False,0.00000000,-1,-1,0.000000,0.000000,0.000000,False,Sin AprilTag: medicion congelada
1777334317.986445,False,False,0.00000000,-1,-1,0.000000,0.000000,0.000000,False,Sin AprilTag: medicion congelada
1777334318.037114,False,False,0.00000000,-1,-1,0.000000,0.000000,0.000000,False,Sin AprilTag: medicion congelada
1777334318.087400,False,False,0.00000000,-1,-1,0.000000,0.000000,0.000000,False,Sin AprilTag: medicion congelada
1777334318.121757,False,False,0.00000000,-1,-1,0.000000,0.000000,0.000000,False,Sin AprilTag: medicion congelada
1777334318.176080,False,False,0.00000000,-1,-1,0.000000,0.000000,0.000000,False,Sin AprilTag: medicion congelada
1777334318.226907,False,False,0.00000000,-1,-1,0.000000,0.000000,0.000000,False,Sin AprilTag: medicion congelada
1777334318.277134,False,False,0.00000000,-1,-1,0.000000,0.000000,0.000000,False,Sin AprilTag: medicion congelada
1777334318.327822,False,False,0.00000000,-1,-1,0.000000,0.000000,0.000000,False,Sin AprilTag: medicion congelada
1777334318.393706,False,False,0.00000000,-1,-1,0.000000,0.000000,0.000000,False,Sin AprilTag: medicion congelada
1777334318.445529,False,False,0.00000000,-1,-1,0.000000,0.000000,0.000000,False,Sin AprilTag: medicion congelada
1777334318.479869,False,False,0.00000000,-1,-1,0.000000,0.000000,0.000000,False,Sin AprilTag: medicion congelada
1777334318.516667,False,False,0.00000000,-1,-1,0.000000,0.000000,0.000000,False,Sin AprilTag: medicion congelada
1777334318.549654,False,False,0.00000000,-1,-1,0.000000,0.000000,0.000000,False,Sin AprilTag: medicion congelada
1777334318.583839,False,False,0.00000000,-1,-1,0.000000,0.000000,0.000000,False,Sin AprilTag: medicion congelada
1777334318.617868,False,False,0.00000000,-1,-1,0.000000,0.000000,0.000000,False,Sin AprilTag: medicion congelada
1777334318.658994,False,False,0.00000000,-1,-1,0.000000,0.000000,0.000000,False,Sin AprilTag: medicion congelada
1777334318.697861,False,False,0.00000000,-1,-1,0.000000,0.000000,0.000000,False,Sin AprilTag: medicion congelada
1777334318.749738,False,False,0.00000000,-1,-1,0.000000,0.000000,0.000000,False,Sin AprilTag: medicion congelada
1777334318.804260,False,False,0.00000000,-1,-1,0.000000,0.000000,0.000000,False,Sin AprilTag: medicion congelada
1777334318.840099,False,False,0.00000000,-1,-1,0.000000,0.000000,0.000000,False,Sin AprilTag: medicion congelada
1777334318.894445,False,False,0.00000000,-1,-1,0.000000,0.000000,0.000000,False,Sin AprilTag: medicion congelada
1777334318.964632,False,False,0.00000000,-1,-1,0.000000,0.000000,0.000000,False,Sin AprilTag: medicion congelada
1777334319.038730,False,False,0.00000000,-1,-1,0.000000,0.000000,0.000000,False,Sin AprilTag: medicion congelada
1777334319.117684,False,False,0.00000000,-1,-1,0.000000,0.000000,0.000000,False,Sin AprilTag: medicion congelada
1777334319.164173,False,False,0.00000000,-1,-1,0.000000,0.000000,0.000000,False,Sin AprilTag: medicion congelada
1777334319.200658,False,False,0.00000000,-1,-1,0.000000,0.000000,0.000000,False,Sin AprilTag: medicion congelada
1777334319.234549,False,False,0.00000000,-1,-1,0.000000,0.000000,0.000000,False,Sin AprilTag: medicion congelada
1777334319.270608,False,False,0.00000000,-1,-1,0.000000,0.000000,0.000000,False,Sin AprilTag: medicion congelada
1777334319.304945,False,False,0.00000000,-1,-1,0.000000,0.000000,0.000000,False,Sin AprilTag: medicion congelada
1777334319.354838,False,False,0.00000000,-1,-1,0.000000,0.000000,0.000000,False,Sin AprilTag: medicion congelada
1777334319.404757,False,False,0.00000000,-1,-1,0.000000,0.000000,0.000000,False,Sin AprilTag: medicion congelada
1777334319.469404,False,False,0.00000000,-1,-1,0.000000,0.000000,0.000000,False,Sin AprilTag: medicion congelada
1777334319.508404,False,False,0.00000000,-1,-1,0.000000,0.000000,0.000000,False,Sin AprilTag: medicion congelada
1777334319.547067,False,False,0.00000000,-1,-1,0.000000,0.000000,0.000000,False,Sin AprilTag: medicion congelada
1777334319.597243,False,False,0.00000000,-1,-1,0.000000,0.000000,0.000000,False,Sin AprilTag: medicion congelada
1777334319.643817,False,False,0.00000000,-1,-1,0.000000,0.000000,0.000000,False,Sin AprilTag: medicion congelada
1777334319.678739,False,False,0.00000000,-1,-1,0.000000,0.000000,0.000000,False,Sin AprilTag: medicion congelada
1777334319.713505,False,False,0.00000000,-1,-1,0.000000,0.000000,0.000000,False,Sin AprilTag: medicion congelada
1777334319.754512,False,False,0.00000000,-1,-1,0.000000,0.000000,0.000000,False,Sin AprilTag: medicion congelada
1777334319.787151,False,False,0.00000000,-1,-1,0.000000,0.000000,0.000000,False,Sin AprilTag: medicion congelada
1777334319.818845,False,False,0.00000000,-1,-1,0.000000,0.000000,0.000000,False,Sin AprilTag: medicion congelada
1777334319.854229,False,False,0.00000000,-1,-1,0.000000,0.000000,0.000000,False,Sin AprilTag: medicion congelada
1777334319.896532,False,False,0.00000000,-1,-1,0.000000,0.000000,0.000000,False,Sin AprilTag: medicion congelada
1777334319.948557,False,False,0.00000000,-1,-1,0.000000,0.000000,0.000000,False,Sin AprilTag: medicion congelada
1777334320.032150,False,False,0.00000000,-1,-1,0.000000,0.000000,0.000000,False,Sin AprilTag: medicion congelada
1777334320.089953,False,False,0.00000000,-1,-1,0.000000,0.000000,0.000000,False,Sin AprilTag: medicion congelada
1777334320.125775,False,False,0.00000000,-1,-1,0.000000,0.000000,0.000000,False,Sin AprilTag: medicion congelada
1777334320.155779,False,False,0.00000000,-1,-1,0.000000,0.000000,0.000000,False,Sin AprilTag: medicion congelada
1777334320.190495,False,False,0.00000000,-1,-1,0.000000,0.000000,0.000000,False,Sin AprilTag: medicion congelada
1777334320.241980,False,False,0.00000000,-1,-1,0.000000,0.000000,0.000000,False,Sin AprilTag: medicion congelada
1777334320.286970,False,False,0.00000000,-1,-1,0.000000,0.000000,0.000000,False,Sin AprilTag: medicion congelada
1777334320.333847,False,False,0.00000000,-1,-1,0.000000,0.000000,0.000000,False,Sin AprilTag: medicion congelada
1777334320.383207,False,False,0.00000000,-1,-1,0.000000,0.000000,0.000000,False,Sin AprilTag: medicion congelada
1777334320.417550,False,False,0.00000000,-1,-1,0.000000,0.000000,0.000000,False,Sin AprilTag: medicion congelada
1777334320.451541,False,False,0.00000000,-1,-1,0.000000,0.000000,0.000000,False,Sin AprilTag: medicion congelada
1777334320.486280,False,False,0.00000000,-1,-1,0.000000,0.000000,0.000000,False,Sin AprilTag: medicion congelada
1777334320.521488,False,False,0.00000000,-1,-1,0.000000,0.000000,0.000000,False,Sin AprilTag: medicion congelada
1777334320.555494,False,False,0.00000000,-1,-1,0.000000,0.000000,0.000000,False,Sin AprilTag: medicion congelada
1777334320.606179,False,False,0.00000000,-1,-1,0.000000,0.000000,0.000000,False,Sin AprilTag: medicion congelada
1777334320.657917,False,False,0.00000000,-1,-1,0.000000,0.000000,0.000000,False,Sin AprilTag: medicion congelada
1777334320.702769,False,False,0.00000000,-1,-1,0.000000,0.000000,0.000000,False,Sin AprilTag: medicion congelada
1777334320.753143,False,False,0.00000000,-1,-1,0.000000,0.000000,0.000000,False,Sin AprilTag: medicion congelada
1777334320.819101,False,False,0.00000000,-1,-1,0.000000,0.000000,0.000000,False,Sin AprilTag: medicion congelada
1777334320.902321,False,False,0.00000000,-1,-1,0.000000,0.000000,0.000000,False,Sin AprilTag: medicion congelada
1777334320.969736,False,False,0.00000000,-1,-1,0.000000,0.000000,0.000000,False,Sin AprilTag: medicion congelada
1777334321.035100,False,False,0.00000000,-1,-1,0.000000,0.000000,0.000000,False,Sin AprilTag: medicion congelada
1777334321.085099,False,False,0.00000000,-1,-1,0.000000,0.000000,0.000000,False,Sin AprilTag: medicion congelada
1777334321.125175,False,False,0.00000000,-1,-1,0.000000,0.000000,0.000000,False,Sin AprilTag: medicion congelada
1777334321.158953,False,False,0.00000000,-1,-1,0.000000,0.000000,0.000000,False,Sin AprilTag: medicion congelada
1777334321.193475,False,False,0.00000000,-1,-1,0.000000,0.000000,0.000000,False,Sin AprilTag: medicion congelada
1777334321.228682,False,False,0.00000000,-1,-1,0.000000,0.000000,0.000000,False,Sin AprilTag: medicion congelada
1777334321.278297,False,False,0.00000000,-1,-1,0.000000,0.000000,0.000000,False,Sin AprilTag: medicion congelada
1777334321.343912,False,False,0.00000000,-1,-1,0.000000,0.000000,0.000000,False,Sin AprilTag: medicion congelada
1777334321.392814,False,False,0.00000000,-1,-1,0.000000,0.000000,0.000000,False,Sin AprilTag: medicion congelada
1777334321.426958,False,False,0.00000000,-1,-1,0.000000,0.000000,0.000000,False,Sin AprilTag: medicion congelada
1777334321.477176,False,False,0.00000000,-1,-1,0.000000,0.000000,0.000000,False,Sin AprilTag: medicion congelada
1777334321.527919,False,False,0.00000000,-1,-1,0.000000,0.000000,0.000000,False,Sin AprilTag: medicion congelada
1777334321.593195,False,False,0.00000000,-1,-1,0.000000,0.000000,0.000000,False,Sin AprilTag: medicion congelada
1777334321.637876,False,False,0.00000000,-1,-1,0.000000,0.000000,0.000000,False,Sin AprilTag: medicion congelada
1777334321.672899,False,False,0.00000000,-1,-1,0.000000,0.000000,0.000000,False,Sin AprilTag: medicion congelada
1777334321.728281,False,False,0.00000000,-1,-1,0.000000,0.000000,0.000000,False,Sin AprilTag: medicion congelada
1777334321.761490,False,False,0.00000000,-1,-1,0.000000,0.000000,0.000000,False,Sin AprilTag: medicion congelada
1777334321.808179,False,False,0.00000000,-1,-1,0.000000,0.000000,0.000000,False,Sin AprilTag: medicion congelada
1777334321.849193,False,False,0.00000000,-1,-1,0.000000,0.000000,0.000000,False,Sin AprilTag: medicion congelada
1777334321.883643,False,False,0.00000000,-1,-1,0.000000,0.000000,0.000000,False,Sin AprilTag: medicion congelada
1777334321.916889,False,False,0.00000000,-1,-1,0.000000,0.000000,0.000000,False,Sin AprilTag: medicion congelada
1777334321.950964,False,False,0.00000000,-1,-1,0.000000,0.000000,0.000000,False,Sin AprilTag: medicion congelada
1777334321.977759,False,False,0.00000000,-1,-1,0.000000,0.000000,0.000000,False,Sin AprilTag: medicion congelada
1777334322.012239,False,False,0.00000000,-1,-1,0.000000,0.000000,0.000000,False,Sin AprilTag: medicion congelada
1777334322.045515,False,False,0.00000000,-1,-1,0.000000,0.000000,0.000000,False,Sin AprilTag: medicion congelada
1777334322.079871,False,False,0.00000000,-1,-1,0.000000,0.000000,0.000000,False,Sin AprilTag: medicion congelada
1777334322.114830,False,False,0.00000000,-1,-1,0.000000,0.000000,0.000000,False,Sin AprilTag: medicion congelada
1777334322.148859,False,False,0.00000000,-1,-1,0.000000,0.000000,0.000000,False,Sin AprilTag: medicion congelada
1777334322.183289,False,False,0.00000000,-1,-1,0.000000,0.000000,0.000000,False,Sin AprilTag: medicion congelada
1777334322.217118,False,False,0.00000000,-1,-1,0.000000,0.000000,0.000000,False,Sin AprilTag: medicion congelada
1777334322.251228,False,False,0.00000000,-1,-1,0.000000,0.000000,0.000000,False,Sin AprilTag: medicion congelada
1777334322.285372,False,False,0.00000000,-1,-1,0.000000,0.000000,0.000000,False,Sin AprilTag: medicion congelada
1777334322.319221,False,False,0.00000000,-1,-1,0.000000,0.000000,0.000000,False,Sin AprilTag: medicion congelada
1777334322.353266,False,False,0.00000000,-1,-1,0.000000,0.000000,0.000000,False,Sin AprilTag: medicion congelada
1777334322.387191,False,False,0.00000000,-1,-1,0.000000,0.000000,0.000000,False,Sin AprilTag: medicion congelada
1777334322.421254,False,False,0.00000000,-1,-1,0.000000,0.000000,0.000000,False,Sin AprilTag: medicion congelada
1777334322.455248,False,False,0.00000000,-1,-1,0.000000,0.000000,0.000000,False,Sin AprilTag: medicion congelada
1777334322.489177,False,False,0.00000000,-1,-1,0.000000,0.000000,0.000000,False,Sin AprilTag: medicion congelada
1777334322.522854,False,False,0.00000000,-1,-1,0.000000,0.000000,0.000000,False,Sin AprilTag: medicion congelada
1777334322.556603,False,False,0.00000000,-1,-1,0.000000,0.000000,0.000000,False,Sin AprilTag: medicion congelada
1777334322.590990,False,False,0.00000000,-1,-1,0.000000,0.000000,0.000000,False,Sin AprilTag: medicion congelada
1777334322.624508,False,False,0.00000000,-1,-1,0.000000,0.000000,0.000000,False,Sin AprilTag: medicion congelada
1777334322.658884,False,False,0.00000000,-1,-1,0.000000,0.000000,0.000000,False,Sin AprilTag: medicion congelada
1777334322.693319,False,False,0.00000000,-1,-1,0.000000,0.000000,0.000000,False,Sin AprilTag: medicion congelada
1777334322.727747,False,False,0.00000000,-1,-1,0.000000,0.000000,0.000000,False,Sin AprilTag: medicion congelada
1777334322.762127,False,False,0.00000000,-1,-1,0.000000,0.000000,0.000000,False,Sin AprilTag: medicion congelada
1777334322.796437,False,False,0.00000000,-1,-1,0.000000,0.000000,0.000000,False,Sin AprilTag: medicion congelada
1777334322.844523,False,False,0.00000000,-1,-1,0.000000,0.000000,0.000000,False,Sin AprilTag: medicion congelada
1777334322.908927,False,False,0.00000000,-1,-1,0.000000,0.000000,0.000000,False,Sin AprilTag: medicion congelada
1777334322.943317,False,False,0.00000000,-1,-1,0.000000,0.000000,0.000000,False,Sin AprilTag: medicion congelada
1777334322.976339,False,False,0.00000000,-1,-1,0.000000,0.000000,0.000000,False,Sin AprilTag: medicion congelada
1777334323.010689,False,False,0.00000000,-1,-1,0.000000,0.000000,0.000000,False,Sin AprilTag: medicion congelada
1777334323.044859,False,False,0.00000000,-1,-1,0.000000,0.000000,0.000000,False,Sin AprilTag: medicion congelada
1777334323.079832,False,False,0.00000000,-1,-1,0.000000,0.000000,0.000000,False,Sin AprilTag: medicion congelada
1777334323.113945,False,False,0.00000000,-1,-1,0.000000,0.000000,0.000000,False,Sin AprilTag: medicion congelada
1777334323.149368,False,False,0.00000000,-1,-1,0.000000,0.000000,0.000000,False,Sin AprilTag: medicion congelada
1777334323.183716,False,False,0.00000000,-1,-1,0.000000,0.000000,0.000000,False,Sin AprilTag: medicion congelada
1777334323.218081,False,False,0.00000000,-1,-1,0.000000,0.000000,0.000000,False,Sin AprilTag: medicion congelada
1777334323.251932,False,False,0.00000000,-1,-1,0.000000,0.000000,0.000000,False,Sin AprilTag: medicion congelada
1777334323.286177,False,False,0.00000000,-1,-1,0.000000,0.000000,0.000000,False,Sin AprilTag: medicion congelada
1777334323.319463,False,False,0.00000000,-1,-1,0.000000,0.000000,0.000000,False,Sin AprilTag: medicion congelada
1777334323.354548,False,False,0.00000000,-1,-1,0.000000,0.000000,0.000000,False,Sin AprilTag: medicion congelada
1777334323.389347,False,False,0.00000000,-1,-1,0.000000,0.000000,0.000000,False,Sin AprilTag: medicion congelada
1777334323.423613,False,False,0.00000000,-1,-1,0.000000,0.000000,0.000000,False,Sin AprilTag: medicion congelada
1777334323.457439,False,False,0.00000000,-1,-1,0.000000,0.000000,0.000000,False,Sin AprilTag: medicion congelada
1777334323.491656,False,False,0.00000000,-1,-1,0.000000,0.000000,0.000000,False,Sin AprilTag: medicion congelada
1777334323.526223,False,False,0.00000000,-1,-1,0.000000,0.000000,0.000000,False,Sin AprilTag: medicion congelada
1777334323.561531,False,False,0.00000000,-1,-1,0.000000,0.000000,0.000000,False,Sin AprilTag: medicion congelada
1777334323.596162,False,False,0.00000000,-1,-1,0.000000,0.000000,0.000000,False,Sin AprilTag: medicion congelada
1777334323.630640,False,False,0.00000000,-1,-1,0.000000,0.000000,0.000000,False,Sin AprilTag: medicion congelada
1777334323.663646,False,False,0.00000000,-1,-1,0.000000,0.000000,0.000000,False,Sin AprilTag: medicion congelada
1777334323.698479,False,False,0.00000000,-1,-1,0.000000,0.000000,0.000000,False,Sin AprilTag: medicion congelada
1777334323.741944,False,False,0.00000000,-1,-1,0.000000,0.000000,0.000000,False,Sin AprilTag: medicion congelada
1777334323.775843,False,False,0.00000000,-1,-1,0.000000,0.000000,0.000000,False,Sin AprilTag: medicion congelada
1777334323.810085,False,False,0.00000000,-1,-1,0.000000,0.000000,0.000000,False,Sin AprilTag: medicion congelada
1777334323.833057,False,False,0.00000000,-1,-1,0.000000,0.000000,0.000000,False,Sin AprilTag: medicion congelada
1777334323.867574,False,False,0.00000000,-1,-1,0.000000,0.000000,0.000000,False,Sin AprilTag: medicion congelada
1777334323.900990,False,False,0.00000000,-1,-1,0.000000,0.000000,0.000000,False,Sin AprilTag: medicion congelada
1777334323.935378,False,False,0.00000000,-1,-1,0.000000,0.000000,0.000000,False,Sin AprilTag: medicion congelada
1777334323.971148,False,False,0.00000000,-1,-1,0.000000,0.000000,0.000000,False,Sin AprilTag: medicion congelada
1777334324.004680,False,False,0.00000000,-1,-1,0.000000,0.000000,0.000000,False,Sin AprilTag: medicion congelada
1777334324.038901,False,False,0.00000000,-1,-1,0.000000,0.000000,0.000000,False,Sin AprilTag: medicion congelada
1777334324.073287,False,False,0.00000000,-1,-1,0.000000,0.000000,0.000000,False,Sin AprilTag: medicion congelada
1777334324.109156,False,False,0.00000000,-1,-1,0.000000,0.000000,0.000000,False,Sin AprilTag: medicion congelada
1777334324.143259,False,False,0.00000000,-1,-1,0.000000,0.000000,0.000000,False,Sin AprilTag: medicion congelada
1777334324.177259,False,False,0.00000000,-1,-1,0.000000,0.000000,0.000000,False,Sin AprilTag: medicion congelada
1777334324.211562,False,False,0.00000000,-1,-1,0.000000,0.000000,0.000000,False,Sin AprilTag: medicion congelada
1777334324.246069,False,False,0.00000000,-1,-1,0.000000,0.000000,0.000000,False,Sin AprilTag: medicion congelada
1777334324.280229,False,False,0.00000000,-1,-1,0.000000,0.000000,0.000000,False,Sin AprilTag: medicion congelada
1777334324.313809,False,False,0.00000000,-1,-1,0.000000,0.000000,0.000000,False,Sin AprilTag: medicion congelada
1777334324.351784,False,False,0.00000000,-1,-1,0.000000,0.000000,0.000000,False,Sin AprilTag: medicion congelada
1777334324.382793,False,False,0.00000000,-1,-1,0.000000,0.000000,0.000000,False,Sin AprilTag: medicion congelada
1777334324.427051,False,False,0.00000000,-1,-1,0.000000,0.000000,0.000000,False,Sin AprilTag: medicion congelada
1777334324.476758,False,False,0.00000000,-1,-1,0.000000,0.000000,0.000000,False,Sin AprilTag: medicion congelada
1777334324.525431,False,False,0.00000000,-1,-1,0.000000,0.000000,0.000000,False,Sin AprilTag: medicion congelada
1777334324.589992,False,False,0.00000000,-1,-1,0.000000,0.000000,0.000000,False,Sin AprilTag: medicion congelada
1777334324.623919,False,False,0.00000000,-1,-1,0.000000,0.000000,0.000000,False,Sin AprilTag: medicion congelada
1777334324.655936,False,False,0.00000000,-1,-1,0.000000,0.000000,0.000000,False,Sin AprilTag: medicion congelada
1777334324.690040,False,False,0.00000000,-1,-1,0.000000,0.000000,0.000000,False,Sin AprilTag: medicion congelada
1777334324.724458,False,False,0.00000000,-1,-1,0.000000,0.000000,0.000000,False,Sin AprilTag: medicion congelada
1777334324.758654,False,False,0.00000000,-1,-1,0.000000,0.000000,0.000000,False,Sin AprilTag: medicion congelada
1777334324.792886,False,False,0.00000000,-1,-1,0.000000,0.000000,0.000000,False,Sin AprilTag: medicion congelada
1777334324.828029,False,False,0.00000000,-1,-1,0.000000,0.000000,0.000000,False,Sin AprilTag: medicion congelada
1777334324.862913,False,False,0.00000000,-1,-1,0.000000,0.000000,0.000000,False,Sin AprilTag: medicion congelada
1777334324.897353,False,False,0.00000000,-1,-1,0.000000,0.000000,0.000000,False,Sin AprilTag: medicion congelada
1777334324.931467,False,False,0.00000000,-1,-1,0.000000,0.000000,0.000000,False,Sin AprilTag: medicion congelada
1777334324.964579,False,False,0.00000000,-1,-1,0.000000,0.000000,0.000000,False,Sin AprilTag: medicion congelada
1777334324.999183,False,False,0.00000000,-1,-1,0.000000,0.000000,0.000000,False,Sin AprilTag: medicion congelada
1777334325.033342,False,False,0.00000000,-1,-1,0.000000,0.000000,0.000000,False,Sin AprilTag: medicion congelada
1777334325.068856,False,False,0.00000000,-1,-1,0.000000,0.000000,0.000000,False,Sin AprilTag: medicion congelada
1777334325.102064,False,False,0.00000000,-1,-1,0.000000,0.000000,0.000000,False,Sin AprilTag: medicion congelada
1777334325.136130,False,False,0.00000000,-1,-1,0.000000,0.000000,0.000000,False,Sin AprilTag: medicion congelada
1777334325.169990,False,False,0.00000000,-1,-1,0.000000,0.000000,0.000000,False,Sin AprilTag: medicion congelada
1777334325.205220,False,False,0.00000000,-1,-1,0.000000,0.000000,0.000000,False,Sin AprilTag: medicion congelada
1777334325.240470,False,False,0.00000000,-1,-1,0.000000,0.000000,0.000000,False,Sin AprilTag: medicion congelada
1777334325.273664,False,False,0.00000000,-1,-1,0.000000,0.000000,0.000000,False,Sin AprilTag: medicion congelada
1777334325.308733,False,False,0.00000000,-1,-1,0.000000,0.000000,0.000000,False,Sin AprilTag: medicion congelada
1777334325.343019,False,False,0.00000000,-1,-1,0.000000,0.000000,0.000000,False,Sin AprilTag: medicion congelada
1777334325.409488,False,False,0.00000000,-1,-1,0.000000,0.000000,0.000000,False,Sin AprilTag: medicion congelada
1777334325.445126,False,False,0.00000000,-1,-1,0.000000,0.000000,0.000000,False,Sin AprilTag: medicion congelada
1777334325.488700,False,False,0.00000000,-1,-1,0.000000,0.000000,0.000000,False,Sin AprilTag: medicion congelada
1777334325.549914,False,False,0.00000000,-1,-1,0.000000,0.000000,0.000000,False,Sin AprilTag: medicion congelada
1777334325.577659,False,False,0.00000000,-1,-1,0.000000,0.000000,0.000000,False,Sin AprilTag: medicion congelada
1777334325.614599,False,False,0.00000000,-1,-1,0.000000,0.000000,0.000000,False,Sin AprilTag: medicion congelada
1777334325.649098,False,False,0.00000000,-1,-1,0.000000,0.000000,0.000000,False,Sin AprilTag: medicion congelada
1777334325.677623,False,False,0.00000000,-1,-1,0.000000,0.000000,0.000000,False,Sin AprilTag: medicion congelada
1777334325.711064,False,False,0.00000000,-1,-1,0.000000,0.000000,0.000000,False,Sin AprilTag: medicion congelada
1777334325.744894,False,False,0.00000000,-1,-1,0.000000,0.000000,0.000000,False,Sin AprilTag: medicion congelada
1777334325.791002,False,False,0.00000000,-1,-1,0.000000,0.000000,0.000000,False,Sin AprilTag: medicion congelada
1777334325.840222,False,False,0.00000000,-1,-1,0.000000,0.000000,0.000000,False,Sin AprilTag: medicion congelada
1777334325.887379,False,False,0.00000000,-1,-1,0.000000,0.000000,0.000000,False,Sin AprilTag: medicion congelada
1777334325.937494,False,False,0.00000000,-1,-1,0.000000,0.000000,0.000000,False,Sin AprilTag: medicion congelada
1777334325.972153,False,False,0.00000000,-1,-1,0.000000,0.000000,0.000000,False,Sin AprilTag: medicion congelada
1777334326.031782,False,False,0.00000000,-1,-1,0.000000,0.000000,0.000000,False,Sin AprilTag: medicion congelada
1777334326.078609,False,False,0.00000000,-1,-1,0.000000,0.000000,0.000000,False,Sin AprilTag: medicion congelada
1777334326.143820,False,False,0.00000000,-1,-1,0.000000,0.000000,0.000000,False,Sin AprilTag: medicion congelada
1777334326.194645,False,False,0.00000000,-1,-1,0.000000,0.000000,0.000000,False,Sin AprilTag: medicion congelada
1777334326.253339,False,False,0.00000000,-1,-1,0.000000,0.000000,0.000000,False,Sin AprilTag: medicion congelada
1777334326.302971,False,False,0.00000000,-1,-1,0.000000,0.000000,0.000000,False,Sin AprilTag: medicion congelada
1777334326.334846,False,False,0.00000000,-1,-1,0.000000,0.000000,0.000000,False,Sin AprilTag: medicion congelada
1777334326.369361,False,False,0.00000000,-1,-1,0.000000,0.000000,0.000000,False,Sin AprilTag: medicion congelada
1777334326.419731,False,False,0.00000000,-1,-1,0.000000,0.000000,0.000000,False,Sin AprilTag: medicion congelada
1777334326.486676,False,False,0.00000000,-1,-1,0.000000,0.000000,0.000000,False,Sin AprilTag: medicion congelada
1777334326.543973,False,False,0.00000000,-1,-1,0.000000,0.000000,0.000000,False,Sin AprilTag: medicion congelada
1777334326.591038,False,False,0.00000000,-1,-1,0.000000,0.000000,0.000000,False,Sin AprilTag: medicion congelada
1777334326.625171,False,False,0.00000000,-1,-1,0.000000,0.000000,0.000000,False,Sin AprilTag: medicion congelada
1777334326.661536,False,False,0.00000000,-1,-1,0.000000,0.000000,0.000000,False,Sin AprilTag: medicion congelada
1777334326.717444,False,False,0.00000000,-1,-1,0.000000,0.000000,0.000000,False,Sin AprilTag: medicion congelada
1777334326.768155,False,False,0.00000000,-1,-1,0.000000,0.000000,0.000000,False,Sin AprilTag: medicion congelada
1777334326.806782,False,False,0.00000000,-1,-1,0.000000,0.000000,0.000000,False,Sin AprilTag: medicion congelada
1777334326.849137,False,False,0.00000000,-1,-1,0.000000,0.000000,0.000000,False,Sin AprilTag: medicion congelada
1777334326.896772,False,False,0.00000000,-1,-1,0.000000,0.000000,0.000000,False,Sin AprilTag: medicion congelada
1777334326.945747,False,False,0.00000000,-1,-1,0.000000,0.000000,0.000000,False,Sin AprilTag: medicion congelada
1777334326.981419,False,False,0.00000000,-1,-1,0.000000,0.000000,0.000000,False,Sin AprilTag: medicion congelada
1777334327.031464,False,False,0.00000000,-1,-1,0.000000,0.000000,0.000000,False,Sin AprilTag: medicion congelada
1777334327.082474,False,False,0.00000000,-1,-1,0.000000,0.000000,0.000000,False,Sin AprilTag: medicion congelada
1777334327.139114,False,False,0.00000000,-1,-1,0.000000,0.000000,0.000000,False,Sin AprilTag: medicion congelada
1777334327.189127,False,False,0.00000000,-1,-1,0.000000,0.000000,0.000000,False,Sin AprilTag: medicion congelada
1777334327.239159,False,False,0.00000000,-1,-1,0.000000,0.000000,0.000000,False,Sin AprilTag: medicion congelada
1777334327.297851,False,False,0.00000000,-1,-1,0.000000,0.000000,0.000000,False,Sin AprilTag: medicion congelada
1777334327.363705,False,False,0.00000000,-1,-1,0.000000,0.000000,0.000000,False,Sin AprilTag: medicion congelada
1777334327.398043,False,False,0.00000000,-1,-1,0.000000,0.000000,0.000000,False,Sin AprilTag: medicion congelada
1777334327.448850,False,False,0.00000000,-1,-1,0.000000,0.000000,0.000000,False,Sin AprilTag: medicion congelada
1777334327.515519,False,False,0.00000000,-1,-1,0.000000,0.000000,0.000000,False,Sin AprilTag: medicion congelada
1777334327.584405,False,False,0.00000000,-1,-1,0.000000,0.000000,0.000000,False,Sin AprilTag: medicion congelada
1777334327.633296,False,False,0.00000000,-1,-1,0.000000,0.000000,0.000000,False,Sin AprilTag: medicion congelada
1777334327.667922,False,False,0.00000000,-1,-1,0.000000,0.000000,0.000000,False,Sin AprilTag: medicion congelada
1777334327.701663,False,False,0.00000000,-1,-1,0.000000,0.000000,0.000000,False,Sin AprilTag: medicion congelada
1777334327.736185,False,False,0.00000000,-1,-1,0.000000,0.000000,0.000000,False,Sin AprilTag: medicion congelada
1777334327.771741,False,False,0.00000000,-1,-1,0.000000,0.000000,0.000000,False,Sin AprilTag: medicion congelada
1777334327.806734,False,False,0.00000000,-1,-1,0.000000,0.000000,0.000000,False,Sin AprilTag: medicion congelada
1777334327.841181,False,False,0.00000000,-1,-1,0.000000,0.000000,0.000000,False,Sin AprilTag: medicion congelada
1777334327.876254,False,False,0.00000000,-1,-1,0.000000,0.000000,0.000000,False,Sin AprilTag: medicion congelada
1777334327.910100,False,False,0.00000000,-1,-1,0.000000,0.000000,0.000000,False,Sin AprilTag: medicion congelada
1777334327.944851,False,False,0.00000000,-1,-1,0.000000,0.000000,0.000000,False,Sin AprilTag: medicion congelada
1777334327.978487,False,False,0.00000000,-1,-1,0.000000,0.000000,0.000000,False,Sin AprilTag: medicion congelada
1777334328.014449,False,False,0.00000000,-1,-1,0.000000,0.000000,0.000000,False,Sin AprilTag: medicion congelada
1777334328.048884,False,False,0.00000000,-1,-1,0.000000,0.000000,0.000000,False,Sin AprilTag: medicion congelada
1777334328.082731,False,False,0.00000000,-1,-1,0.000000,0.000000,0.000000,False,Sin AprilTag: medicion congelada
1777334328.117165,False,False,0.00000000,-1,-1,0.000000,0.000000,0.000000,False,Sin AprilTag: medicion congelada
1777334328.142287,False,False,0.00000000,-1,-1,0.000000,0.000000,0.000000,False,Sin AprilTag: medicion congelada
1777334328.170976,False,False,0.00000000,-1,-1,0.000000,0.000000,0.000000,False,Sin AprilTag: medicion congelada
1777334328.206013,False,False,0.00000000,-1,-1,0.000000,0.000000,0.000000,False,Sin AprilTag: medicion congelada
1777334328.241760,False,False,0.00000000,-1,-1,0.000000,0.000000,0.000000,False,Sin AprilTag: medicion congelada
1777334328.273833,False,False,0.00000000,-1,-1,0.000000,0.000000,0.000000,False,Sin AprilTag: medicion congelada
1777334328.308033,False,False,0.00000000,-1,-1,0.000000,0.000000,0.000000,False,Sin AprilTag: medicion congelada
1777334328.342830,False,False,0.00000000,-1,-1,0.000000,0.000000,0.000000,False,Sin AprilTag: medicion congelada
1777334328.393255,False,False,0.00000000,-1,-1,0.000000,0.000000,0.000000,False,Sin AprilTag: medicion congelada
1777334328.438598,False,False,0.00000000,-1,-1,0.000000,0.000000,0.000000,False,Sin AprilTag: medicion congelada
1777334328.500728,False,False,0.00000000,-1,-1,0.000000,0.000000,0.000000,False,Sin AprilTag: medicion congelada
1777334328.558762,False,False,0.00000000,-1,-1,0.000000,0.000000,0.000000,False,Sin AprilTag: medicion congelada
1777334328.631284,False,False,0.00000000,-1,-1,0.000000,0.000000,0.000000,False,Sin AprilTag: medicion congelada
1777334328.673476,False,False,0.00000000,-1,-1,0.000000,0.000000,0.000000,False,Sin AprilTag: medicion congelada
1777334328.708380,False,False,0.00000000,-1,-1,0.000000,0.000000,0.000000,False,Sin AprilTag: medicion congelada
1777334328.758083,False,False,0.00000000,-1,-1,0.000000,0.000000,0.000000,False,Sin AprilTag: medicion congelada
1777334328.792866,False,False,0.00000000,-1,-1,0.000000,0.000000,0.000000,False,Sin AprilTag: medicion congelada
1777334328.828154,False,False,0.00000000,-1,-1,0.000000,0.000000,0.000000,False,Sin AprilTag: medicion congelada
1777334328.862815,False,False,0.00000000,-1,-1,0.000000,0.000000,0.000000,False,Sin AprilTag: medicion congelada
1777334328.914150,False,False,0.00000000,-1,-1,0.000000,0.000000,0.000000,False,Sin AprilTag: medicion congelada
1777334328.954641,False,False,0.00000000,-1,-1,0.000000,0.000000,0.000000,False,Sin AprilTag: medicion congelada
1777334328.989972,False,False,0.00000000,-1,-1,0.000000,0.000000,0.000000,False,Sin AprilTag: medicion congelada
1777334329.024057,False,False,0.00000000,-1,-1,0.000000,0.000000,0.000000,False,Sin AprilTag: medicion congelada
1777334329.058538,False,False,0.00000000,-1,-1,0.000000,0.000000,0.000000,False,Sin AprilTag: medicion congelada
1777334329.093679,False,False,0.00000000,-1,-1,0.000000,0.000000,0.000000,False,Sin AprilTag: medicion congelada
1777334329.129854,False,False,0.00000000,-1,-1,0.000000,0.000000,0.000000,False,Sin AprilTag: medicion congelada
1777334329.169848,False,False,0.00000000,-1,-1,0.000000,0.000000,0.000000,False,Sin AprilTag: medicion congelada
1777334329.204466,False,False,0.00000000,-1,-1,0.000000,0.000000,0.000000,False,Sin AprilTag: medicion congelada
1777334329.240299,False,False,0.00000000,-1,-1,0.000000,0.000000,0.000000,False,Sin AprilTag: medicion congelada
1777334329.274629,False,False,0.00000000,-1,-1,0.000000,0.000000,0.000000,False,Sin AprilTag: medicion congelada
1777334329.310274,False,False,0.00000000,-1,-1,0.000000,0.000000,0.000000,False,Sin AprilTag: medicion congelada
1777334329.360495,False,False,0.00000000,-1,-1,0.000000,0.000000,0.000000,False,Sin AprilTag: medicion congelada
1777334329.410739,False,False,0.00000000,-1,-1,0.000000,0.000000,0.000000,False,Sin AprilTag: medicion congelada
1777334329.445606,False,False,0.00000000,-1,-1,0.000000,0.000000,0.000000,False,Sin AprilTag: medicion congelada
1777334329.479927,False,False,0.00000000,-1,-1,0.000000,0.000000,0.000000,False,Sin AprilTag: medicion congelada
1777334329.530998,False,False,0.00000000,-1,-1,0.000000,0.000000,0.000000,False,Sin AprilTag: medicion congelada
1777334329.597646,False,False,0.00000000,-1,-1,0.000000,0.000000,0.000000,False,Sin AprilTag: medicion congelada
1777334329.631993,False,False,0.00000000,-1,-1,0.000000,0.000000,0.000000,False,Sin AprilTag: medicion congelada
1777334329.666276,False,False,0.00000000,-1,-1,0.000000,0.000000,0.000000,False,Sin AprilTag: medicion congelada
1777334329.715205,False,False,0.00000000,-1,-1,0.000000,0.000000,0.000000,False,Sin AprilTag: medicion congelada
1777334329.750094,False,False,0.00000000,-1,-1,0.000000,0.000000,0.000000,False,Sin AprilTag: medicion congelada
1777334329.784879,False,False,0.00000000,-1,-1,0.000000,0.000000,0.000000,False,Sin AprilTag: medicion congelada
1777334329.819298,False,False,0.00000000,-1,-1,0.000000,0.000000,0.000000,False,Sin AprilTag: medicion congelada
1777334329.852718,False,False,0.00000000,-1,-1,0.000000,0.000000,0.000000,False,Sin AprilTag: medicion congelada
1777334329.887191,False,False,0.00000000,-1,-1,0.000000,0.000000,0.000000,False,Sin AprilTag: medicion congelada
1777334329.921300,False,False,0.00000000,-1,-1,0.000000,0.000000,0.000000,False,Sin AprilTag: medicion congelada
1777334329.956021,False,False,0.00000000,-1,-1,0.000000,0.000000,0.000000,False,Sin AprilTag: medicion congelada
1777334330.007182,False,False,0.00000000,-1,-1,0.000000,0.000000,0.000000,False,Sin AprilTag: medicion congelada
1777334330.056641,False,False,0.00000000,-1,-1,0.000000,0.000000,0.000000,False,Sin AprilTag: medicion congelada
1777334330.114540,False,False,0.00000000,-1,-1,0.000000,0.000000,0.000000,False,Sin AprilTag: medicion congelada
1777334330.180893,False,False,0.00000000,-1,-1,0.000000,0.000000,0.000000,False,Sin AprilTag: medicion congelada
1777334330.215076,False,False,0.00000000,-1,-1,0.000000,0.000000,0.000000,False,Sin AprilTag: medicion congelada
1777334330.257678,False,False,0.00000000,-1,-1,0.000000,0.000000,0.000000,False,Sin AprilTag: medicion congelada
1777334330.291908,False,False,0.00000000,-1,-1,0.000000,0.000000,0.000000,False,Sin AprilTag: medicion congelada
1777334330.326603,False,False,0.00000000,-1,-1,0.000000,0.000000,0.000000,False,Sin AprilTag: medicion congelada
1777334330.377004,False,False,0.00000000,-1,-1,0.000000,0.000000,0.000000,False,Sin AprilTag: medicion congelada
1777334330.410744,False,False,0.00000000,-1,-1,0.000000,0.000000,0.000000,False,Sin AprilTag: medicion congelada
1777334330.445115,False,False,0.00000000,-1,-1,0.000000,0.000000,0.000000,False,Sin AprilTag: medicion congelada
1777334330.479441,False,False,0.00000000,-1,-1,0.000000,0.000000,0.000000,False,Sin AprilTag: medicion congelada
1777334330.528167,False,False,0.00000000,-1,-1,0.000000,0.000000,0.000000,False,Sin AprilTag: medicion congelada
1777334330.594171,False,False,0.00000000,-1,-1,0.000000,0.000000,0.000000,False,Sin AprilTag: medicion congelada
1777334330.645122,False,False,0.00000000,-1,-1,0.000000,0.000000,0.000000,False,Sin AprilTag: medicion congelada
1777334330.696111,False,False,0.00000000,-1,-1,0.000000,0.000000,0.000000,False,Sin AprilTag: medicion congelada
1777334330.745570,False,False,0.00000000,-1,-1,0.000000,0.000000,0.000000,False,Sin AprilTag: medicion congelada
1777334330.795975,False,False,0.00000000,-1,-1,0.000000,0.000000,0.000000,False,Sin AprilTag: medicion congelada
1777334330.846234,False,False,0.00000000,-1,-1,0.000000,0.000000,0.000000,False,Sin AprilTag: medicion congelada
1777334330.898036,False,False,0.00000000,-1,-1,0.000000,0.000000,0.000000,False,Sin AprilTag: medicion congelada
1777334330.932652,False,False,0.00000000,-1,-1,0.000000,0.000000,0.000000,False,Sin AprilTag: medicion congelada
1777334330.966554,False,False,0.00000000,-1,-1,0.000000,0.000000,0.000000,False,Sin AprilTag: medicion congelada
1777334331.000766,False,False,0.00000000,-1,-1,0.000000,0.000000,0.000000,False,Sin AprilTag: medicion congelada
1777334331.034971,False,False,0.00000000,-1,-1,0.000000,0.000000,0.000000,False,Sin AprilTag: medicion congelada
1777334331.069270,False,False,0.00000000,-1,-1,0.000000,0.000000,0.000000,False,Sin AprilTag: medicion congelada
1777334331.103273,False,False,0.00000000,-1,-1,0.000000,0.000000,0.000000,False,Sin AprilTag: medicion congelada
1777334331.137232,False,False,0.00000000,-1,-1,0.000000,0.000000,0.000000,False,Sin AprilTag: medicion congelada
1777334331.171472,False,False,0.00000000,-1,-1,0.000000,0.000000,0.000000,False,Sin AprilTag: medicion congelada
1777334331.207091,False,False,0.00000000,-1,-1,0.000000,0.000000,0.000000,False,Sin AprilTag: medicion congelada
1777334331.234322,False,False,0.00000000,-1,-1,0.000000,0.000000,0.000000,False,Sin AprilTag: medicion congelada
1777334331.268818,False,False,0.00000000,-1,-1,0.000000,0.000000,0.000000,False,Sin AprilTag: medicion congelada
1777334331.303135,False,False,0.00000000,-1,-1,0.000000,0.000000,0.000000,False,Sin AprilTag: medicion congelada
1777334331.337652,False,False,0.00000000,-1,-1,0.000000,0.000000,0.000000,False,Sin AprilTag: medicion congelada
1777334331.372470,False,False,0.00000000,-1,-1,0.000000,0.000000,0.000000,False,Sin AprilTag: medicion congelada
1777334331.406910,False,False,0.00000000,-1,-1,0.000000,0.000000,0.000000,False,Sin AprilTag: medicion congelada
1777334331.441701,False,False,0.00000000,-1,-1,0.000000,0.000000,0.000000,False,Sin AprilTag: medicion congelada
1777334331.476435,False,False,0.00000000,-1,-1,0.000000,0.000000,0.000000,False,Sin AprilTag: medicion congelada
1777334331.510586,False,False,0.00000000,-1,-1,0.000000,0.000000,0.000000,False,Sin AprilTag: medicion congelada
1777334331.545696,False,False,0.00000000,-1,-1,0.000000,0.000000,0.000000,False,Sin AprilTag: medicion congelada
1777334331.579437,False,False,0.00000000,-1,-1,0.000000,0.000000,0.000000,False,Sin AprilTag: medicion congelada
1777334331.613706,False,False,0.00000000,-1,-1,0.000000,0.000000,0.000000,False,Sin AprilTag: medicion congelada
1777334331.647423,False,False,0.00000000,-1,-1,0.000000,0.000000,0.000000,False,Sin AprilTag: medicion congelada
1777334331.681795,False,False,0.00000000,-1,-1,0.000000,0.000000,0.000000,False,Sin AprilTag: medicion congelada
1777334331.715931,False,False,0.00000000,-1,-1,0.000000,0.000000,0.000000,False,Sin AprilTag: medicion congelada
1777334331.750267,False,False,0.00000000,-1,-1,0.000000,0.000000,0.000000,False,Sin AprilTag: medicion congelada
1777334331.784664,False,False,0.00000000,-1,-1,0.000000,0.000000,0.000000,False,Sin AprilTag: medicion congelada
1777334331.818290,False,False,0.00000000,-1,-1,0.000000,0.000000,0.000000,False,Sin AprilTag: medicion congelada
1777334331.852869,False,False,0.00000000,-1,-1,0.000000,0.000000,0.000000,False,Sin AprilTag: medicion congelada
1777334331.887069,False,False,0.00000000,-1,-1,0.000000,0.000000,0.000000,False,Sin AprilTag: medicion congelada
1777334331.921023,False,False,0.00000000,-1,-1,0.000000,0.000000,0.000000,False,Sin AprilTag: medicion congelada
1777334331.955325,False,False,0.00000000,-1,-1,0.000000,0.000000,0.000000,False,Sin AprilTag: medicion congelada
1777334331.989417,False,False,0.00000000,-1,-1,0.000000,0.000000,0.000000,False,Sin AprilTag: medicion congelada
1777334332.023745,False,False,0.00000000,-1,-1,0.000000,0.000000,0.000000,False,Sin AprilTag: medicion congelada
1777334332.058127,False,False,0.00000000,-1,-1,0.000000,0.000000,0.000000,False,Sin AprilTag: medicion congelada
1777334332.092347,False,False,0.00000000,-1,-1,0.000000,0.000000,0.000000,False,Sin AprilTag: medicion congelada
1777334332.126254,False,False,0.00000000,-1,-1,0.000000,0.000000,0.000000,False,Sin AprilTag: medicion congelada
1777334332.160092,False,False,0.00000000,-1,-1,0.000000,0.000000,0.000000,False,Sin AprilTag: medicion congelada
1777334332.194140,False,False,0.00000000,-1,-1,0.000000,0.000000,0.000000,False,Sin AprilTag: medicion congelada
1777334332.227447,False,False,0.00000000,-1,-1,0.000000,0.000000,0.000000,False,Sin AprilTag: medicion congelada
1777334332.261803,False,False,0.00000000,-1,-1,0.000000,0.000000,0.000000,False,Sin AprilTag: medicion congelada
1777334332.296154,False,False,0.00000000,-1,-1,0.000000,0.000000,0.000000,False,Sin AprilTag: medicion congelada
1777334332.332193,False,False,0.00000000,-1,-1,0.000000,0.000000,0.000000,False,Sin AprilTag: medicion congelada
1777334332.365899,False,False,0.00000000,-1,-1,0.000000,0.000000,0.000000,False,Sin AprilTag: medicion congelada
1777334332.400449,False,False,0.00000000,-1,-1,0.000000,0.000000,0.000000,False,Sin AprilTag: medicion congelada
1777334332.446963,False,False,0.00000000,-1,-1,0.000000,0.000000,0.000000,False,Sin AprilTag: medicion congelada
1777334332.514119,False,False,0.00000000,-1,-1,0.000000,0.000000,0.000000,False,Sin AprilTag: medicion congelada
1777334332.580239,False,False,0.00000000,-1,-1,0.000000,0.000000,0.000000,False,Sin AprilTag: medicion congelada
1777334332.630401,False,False,0.00000000,-1,-1,0.000000,0.000000,0.000000,False,Sin AprilTag: medicion congelada
1777334332.684848,False,False,0.00000000,-1,-1,0.000000,0.000000,0.000000,False,Sin AprilTag: medicion congelada
1777334332.755843,False,False,0.00000000,-1,-1,0.000000,0.000000,0.000000,False,Sin AprilTag: medicion congelada
1777334332.818630,False,False,0.00000000,-1,-1,0.000000,0.000000,0.000000,False,Sin AprilTag: medicion congelada
1777334332.853160,False,False,0.00000000,-1,-1,0.000000,0.000000,0.000000,False,Sin AprilTag: medicion congelada
1777334332.887533,False,False,0.00000000,-1,-1,0.000000,0.000000,0.000000,False,Sin AprilTag: medicion congelada
1777334332.923112,False,False,0.00000000,-1,-1,0.000000,0.000000,0.000000,False,Sin AprilTag: medicion congelada
1777334332.957216,False,False,0.00000000,-1,-1,0.000000,0.000000,0.000000,False,Sin AprilTag: medicion congelada
1777334332.991741,False,False,0.00000000,-1,-1,0.000000,0.000000,0.000000,False,Sin AprilTag: medicion congelada
1777334333.025703,False,False,0.00000000,-1,-1,0.000000,0.000000,0.000000,False,Sin AprilTag: medicion congelada
1777334333.059934,False,False,0.00000000,-1,-1,0.000000,0.000000,0.000000,False,Sin AprilTag: medicion congelada
1777334333.095969,False,False,0.00000000,-1,-1,0.000000,0.000000,0.000000,False,Sin AprilTag: medicion congelada
1777334333.130101,False,False,0.00000000,-1,-1,0.000000,0.000000,0.000000,False,Sin AprilTag: medicion congelada
1777334333.166249,False,False,0.00000000,-1,-1,0.000000,0.000000,0.000000,False,Sin AprilTag: medicion congelada
1777334333.199410,False,False,0.00000000,-1,-1,0.000000,0.000000,0.000000,False,Sin AprilTag: medicion congelada
1777334333.233750,False,False,0.00000000,-1,-1,0.000000,0.000000,0.000000,False,Sin AprilTag: medicion congelada
1777334333.297049,False,False,0.00000000,-1,-1,0.000000,0.000000,0.000000,False,Sin AprilTag: medicion congelada
1777334333.347309,False,False,0.00000000,-1,-1,0.000000,0.000000,0.000000,False,Sin AprilTag: medicion congelada
1777334333.381512,False,False,0.00000000,-1,-1,0.000000,0.000000,0.000000,False,Sin AprilTag: medicion congelada
1777334333.431312,False,False,0.00000000,-1,-1,0.000000,0.000000,0.000000,False,Sin AprilTag: medicion congelada
1777334333.497184,False,False,0.00000000,-1,-1,0.000000,0.000000,0.000000,False,Sin AprilTag: medicion congelada
1777334333.547340,False,False,0.00000000,-1,-1,0.000000,0.000000,0.000000,False,Sin AprilTag: medicion congelada
1777334333.597601,False,False,0.00000000,-1,-1,0.000000,0.000000,0.000000,False,Sin AprilTag: medicion congelada
1777334333.647414,False,False,0.00000000,-1,-1,0.000000,0.000000,0.000000,False,Sin AprilTag: medicion congelada
1777334333.696475,False,False,0.00000000,-1,-1,0.000000,0.000000,0.000000,False,Sin AprilTag: medicion congelada
1777334333.747586,False,False,0.00000000,-1,-1,0.000000,0.000000,0.000000,False,Sin AprilTag: medicion congelada
1777334333.797858,False,False,0.00000000,-1,-1,0.000000,0.000000,0.000000,False,Sin AprilTag: medicion congelada
1777334333.848394,False,False,0.00000000,-1,-1,0.000000,0.000000,0.000000,False,Sin AprilTag: medicion congelada
1777334333.896964,False,False,0.00000000,-1,-1,0.000000,0.000000,0.000000,False,Sin AprilTag: medicion congelada
1777334333.954209,False,False,0.00000000,-1,-1,0.000000,0.000000,0.000000,False,Sin AprilTag: medicion congelada
1777334334.003356,False,False,0.00000000,-1,-1,0.000000,0.000000,0.000000,False,Sin AprilTag: medicion congelada
1777334334.031620,False,False,0.00000000,-1,-1,0.000000,0.000000,0.000000,False,Sin AprilTag: medicion congelada
1777334334.065873,False,False,0.00000000,-1,-1,0.000000,0.000000,0.000000,False,Sin AprilTag: medicion congelada
1777334334.098961,False,False,0.00000000,-1,-1,0.000000,0.000000,0.000000,False,Sin AprilTag: medicion congelada
1777334334.132503,False,False,0.00000000,-1,-1,0.000000,0.000000,0.000000,False,Sin AprilTag: medicion congelada
1777334334.183018,False,False,0.00000000,-1,-1,0.000000,0.000000,0.000000,False,Sin AprilTag: medicion congelada
1777334334.223745,False,False,0.00000000,-1,-1,0.000000,0.000000,0.000000,False,Sin AprilTag: medicion congelada
1777334334.260254,False,False,0.00000000,-1,-1,0.000000,0.000000,0.000000,False,Sin AprilTag: medicion congelada
1777334334.296109,False,False,0.00000000,-1,-1,0.000000,0.000000,0.000000,False,Sin AprilTag: medicion congelada
1777334334.330470,False,False,0.00000000,-1,-1,0.000000,0.000000,0.000000,False,Sin AprilTag: medicion congelada
1777334334.365759,False,False,0.00000000,-1,-1,0.000000,0.000000,0.000000,False,Sin AprilTag: medicion congelada
1777334334.391946,False,False,0.00000000,-1,-1,0.000000,0.000000,0.000000,False,Sin AprilTag: medicion congelada
1777334334.426004,False,False,0.00000000,-1,-1,0.000000,0.000000,0.000000,False,Sin AprilTag: medicion congelada
1777334334.458600,False,False,0.00000000,-1,-1,0.000000,0.000000,0.000000,False,Sin AprilTag: medicion congelada
1777334334.491915,False,False,0.00000000,-1,-1,0.000000,0.000000,0.000000,False,Sin AprilTag: medicion congelada
1777334334.526283,False,False,0.00000000,-1,-1,0.000000,0.000000,0.000000,False,Sin AprilTag: medicion congelada
1777334334.560818,False,False,0.00000000,-1,-1,0.000000,0.000000,0.000000,False,Sin AprilTag: medicion congelada
1777334334.596035,False,False,0.00000000,-1,-1,0.000000,0.000000,0.000000,False,Sin AprilTag: medicion congelada
1777334334.630090,False,False,0.00000000,-1,-1,0.000000,0.000000,0.000000,False,Sin AprilTag: medicion congelada
1777334334.664435,False,False,0.00000000,-1,-1,0.000000,0.000000,0.000000,False,Sin AprilTag: medicion congelada
1777334334.698802,False,False,0.00000000,-1,-1,0.000000,0.000000,0.000000,False,Sin AprilTag: medicion congelada
1777334334.733421,False,False,0.00000000,-1,-1,0.000000,0.000000,0.000000,False,Sin AprilTag: medicion congelada
1777334334.767752,False,False,0.00000000,-1,-1,0.000000,0.000000,0.000000,False,Sin AprilTag: medicion congelada
1777334334.819070,False,False,0.00000000,-1,-1,0.000000,0.000000,0.000000,False,Sin AprilTag: medicion congelada
1777334334.869113,False,False,0.00000000,-1,-1,0.000000,0.000000,0.000000,False,Sin AprilTag: medicion congelada
1777334334.912065,False,False,0.00000000,-1,-1,0.000000,0.000000,0.000000,False,Sin AprilTag: medicion congelada
1777334334.942226,False,False,0.00000000,-1,-1,0.000000,0.000000,0.000000,False,Sin AprilTag: medicion congelada
1777334334.976572,False,False,0.00000000,-1,-1,0.000000,0.000000,0.000000,False,Sin AprilTag: medicion congelada
1777334335.011496,False,False,0.00000000,-1,-1,0.000000,0.000000,0.000000,False,Sin AprilTag: medicion congelada
1777334335.045298,False,False,0.00000000,-1,-1,0.000000,0.000000,0.000000,False,Sin AprilTag: medicion congelada
1777334335.080156,False,False,0.00000000,-1,-1,0.000000,0.000000,0.000000,False,Sin AprilTag: medicion congelada
1777334335.131558,False,False,0.00000000,-1,-1,0.000000,0.000000,0.000000,False,Sin AprilTag: medicion congelada
1777334335.173919,False,False,0.00000000,-1,-1,0.000000,0.000000,0.000000,False,Sin AprilTag: medicion congelada
1777334335.211200,False,False,0.00000000,-1,-1,0.000000,0.000000,0.000000,False,Sin AprilTag: medicion congelada
1777334335.245492,False,False,0.00000000,-1,-1,0.000000,0.000000,0.000000,False,Sin AprilTag: medicion congelada
1777334335.296947,False,False,0.00000000,-1,-1,0.000000,0.000000,0.000000,False,Sin AprilTag: medicion congelada
1777334335.344461,False,False,0.00000000,-1,-1,0.000000,0.000000,0.000000,False,Sin AprilTag: medicion congelada
1777334335.395872,False,False,0.00000000,-1,-1,0.000000,0.000000,0.000000,False,Sin AprilTag: medicion congelada
1777334335.456969,False,False,0.00000000,-1,-1,0.000000,0.000000,0.000000,False,Sin AprilTag: medicion congelada
1777334335.502019,False,False,0.00000000,-1,-1,0.000000,0.000000,0.000000,False,Sin AprilTag: medicion congelada
1777334335.536768,False,False,0.00000000,-1,-1,0.000000,0.000000,0.000000,False,Sin AprilTag: medicion congelada
1777334335.571351,False,False,0.00000000,-1,-1,0.000000,0.000000,0.000000,False,Sin AprilTag: medicion congelada
1777334335.605166,False,False,0.00000000,-1,-1,0.000000,0.000000,0.000000,False,Sin AprilTag: medicion congelada
1777334335.655602,False,False,0.00000000,-1,-1,0.000000,0.000000,0.000000,False,Sin AprilTag: medicion congelada
1777334335.700792,False,False,0.00000000,-1,-1,0.000000,0.000000,0.000000,False,Sin AprilTag: medicion congelada
1777334335.744408,False,False,0.00000000,-1,-1,0.000000,0.000000,0.000000,False,Sin AprilTag: medicion congelada
1777334335.821130,False,False,0.00000000,-1,-1,0.000000,0.000000,0.000000,False,Sin AprilTag: medicion congelada
1777334335.870005,False,False,0.00000000,-1,-1,0.000000,0.000000,0.000000,False,Sin AprilTag: medicion congelada
1777334335.906128,False,False,0.00000000,-1,-1,0.000000,0.000000,0.000000,False,Sin AprilTag: medicion congelada
1777334335.934304,False,False,0.00000000,-1,-1,0.000000,0.000000,0.000000,False,Sin AprilTag: medicion congelada
1777334335.957480,False,False,0.00000000,-1,-1,0.000000,0.000000,0.000000,False,Sin AprilTag: medicion congelada
1777334335.982756,False,False,0.00000000,-1,-1,0.000000,0.000000,0.000000,False,Sin AprilTag: medicion congelada
1777334336.008773,False,False,0.00000000,-1,-1,0.000000,0.000000,0.000000,False,Sin AprilTag: medicion congelada
1777334336.043672,False,False,0.00000000,-1,-1,0.000000,0.000000,0.000000,False,Sin AprilTag: medicion congelada
1777334336.077174,False,False,0.00000000,-1,-1,0.000000,0.000000,0.000000,False,Sin AprilTag: medicion congelada
1777334336.109991,False,False,0.00000000,-1,-1,0.000000,0.000000,0.000000,False,Sin AprilTag: medicion congelada
1777334336.143460,False,False,0.00000000,-1,-1,0.000000,0.000000,0.000000,False,Sin AprilTag: medicion congelada
1777334336.193738,False,False,0.00000000,-1,-1,0.000000,0.000000,0.000000,False,Sin AprilTag: medicion congelada
1777334336.218974,False,False,0.00000000,-1,-1,0.000000,0.000000,0.000000,False,Sin AprilTag: medicion congelada
1777334336.253797,False,False,0.00000000,-1,-1,0.000000,0.000000,0.000000,False,Sin AprilTag: medicion congelada
1777334336.287886,False,False,0.00000000,-1,-1,0.000000,0.000000,0.000000,False,Sin AprilTag: medicion congelada
1777334336.321685,False,False,0.00000000,-1,-1,0.000000,0.000000,0.000000,False,Sin AprilTag: medicion congelada
1777334336.355207,False,False,0.00000000,-1,-1,0.000000,0.000000,0.000000,False,Sin AprilTag: medicion congelada
1777334336.389133,False,False,0.00000000,-1,-1,0.000000,0.000000,0.000000,False,Sin AprilTag: medicion congelada
1777334336.423330,False,False,0.00000000,-1,-1,0.000000,0.000000,0.000000,False,Sin AprilTag: medicion congelada
1777334336.457598,False,False,0.00000000,-1,-1,0.000000,0.000000,0.000000,False,Sin AprilTag: medicion congelada
1777334336.509224,False,False,0.00000000,-1,-1,0.000000,0.000000,0.000000,False,Sin AprilTag: medicion congelada
1777334336.559667,False,False,0.00000000,-1,-1,0.000000,0.000000,0.000000,False,Sin AprilTag: medicion congelada
1777334336.593827,False,False,0.00000000,-1,-1,0.000000,0.000000,0.000000,False,Sin AprilTag: medicion congelada
1777334336.627945,False,False,0.00000000,-1,-1,0.000000,0.000000,0.000000,False,Sin AprilTag: medicion congelada
1777334336.678998,False,False,0.00000000,-1,-1,0.000000,0.000000,0.000000,False,Sin AprilTag: medicion congelada
1777334336.730768,False,False,0.00000000,-1,-1,0.000000,0.000000,0.000000,False,Sin AprilTag: medicion congelada
1777334336.780107,False,False,0.00000000,-1,-1,0.000000,0.000000,0.000000,False,Sin AprilTag: medicion congelada
1777334336.814400,False,False,0.00000000,-1,-1,0.000000,0.000000,0.000000,False,Sin AprilTag: medicion congelada
1777334336.865463,False,False,0.00000000,-1,-1,0.000000,0.000000,0.000000,False,Sin AprilTag: medicion congelada
1777334336.915122,False,False,0.00000000,-1,-1,0.000000,0.000000,0.000000,False,Sin AprilTag: medicion congelada
1777334336.965186,False,False,0.00000000,-1,-1,0.000000,0.000000,0.000000,False,Sin AprilTag: medicion congelada
1777334337.031173,False,False,0.00000000,-1,-1,0.000000,0.000000,0.000000,False,Sin AprilTag: medicion congelada
1777334337.080611,False,False,0.00000000,-1,-1,0.000000,0.000000,0.000000,False,Sin AprilTag: medicion congelada
1777334337.114460,False,False,0.00000000,-1,-1,0.000000,0.000000,0.000000,False,Sin AprilTag: medicion congelada
1777334337.148819,False,False,0.00000000,-1,-1,0.000000,0.000000,0.000000,False,Sin AprilTag: medicion congelada
1777334337.186477,False,False,0.00000000,-1,-1,0.000000,0.000000,0.000000,False,Sin AprilTag: medicion congelada
1777334337.220510,False,False,0.00000000,-1,-1,0.000000,0.000000,0.000000,False,Sin AprilTag: medicion congelada
1777334337.254885,False,False,0.00000000,-1,-1,0.000000,0.000000,0.000000,False,Sin AprilTag: medicion congelada
1777334337.289231,False,False,0.00000000,-1,-1,0.000000,0.000000,0.000000,False,Sin AprilTag: medicion congelada
1777334337.324428,False,False,0.00000000,-1,-1,0.000000,0.000000,0.000000,False,Sin AprilTag: medicion congelada
1777334337.357614,False,False,0.00000000,-1,-1,0.000000,0.000000,0.000000,False,Sin AprilTag: medicion congelada
1777334337.391353,False,False,0.00000000,-1,-1,0.000000,0.000000,0.000000,False,Sin AprilTag: medicion congelada
1777334337.425960,False,False,0.00000000,-1,-1,0.000000,0.000000,0.000000,False,Sin AprilTag: medicion congelada
1777334337.460238,False,False,0.00000000,-1,-1,0.000000,0.000000,0.000000,False,Sin AprilTag: medicion congelada
1777334337.494746,False,False,0.00000000,-1,-1,0.000000,0.000000,0.000000,False,Sin AprilTag: medicion congelada
1777334337.529574,False,False,0.00000000,-1,-1,0.000000,0.000000,0.000000,False,Sin AprilTag: medicion congelada
1777334337.562974,False,False,0.00000000,-1,-1,0.000000,0.000000,0.000000,False,Sin AprilTag: medicion congelada
1777334337.597793,False,False,0.00000000,-1,-1,0.000000,0.000000,0.000000,False,Sin AprilTag: medicion congelada
1777334337.667583,False,True,0.00000000,503,370,0.000000,0.000000,0.000000,False,Sin AprilTag: medicion congelada
1777334337.728203,False,True,0.00000000,503,372,0.000000,0.000000,0.000000,False,Sin AprilTag: medicion congelada
1777334337.779006,False,True,0.00000000,510,377,0.000000,0.000000,0.000000,False,Sin AprilTag: medicion congelada
1777334337.829429,False,True,0.00000000,514,380,0.000000,0.000000,0.000000,False,Sin AprilTag: medicion congelada
1777334337.879148,False,True,0.00000000,517,380,0.000000,0.000000,0.000000,False,Sin AprilTag: medicion congelada
1777334337.929445,False,True,0.00000000,526,385,0.000000,0.000000,0.000000,False,Sin AprilTag: medicion congelada
1777334337.980461,False,True,0.00000000,527,383,0.000000,0.000000,0.000000,False,Sin AprilTag: medicion congelada
1777334338.030870,False,True,0.00000000,525,384,0.000000,0.000000,0.000000,False,Sin AprilTag: medicion congelada
1777334338.080823,False,True,0.00000000,528,384,0.000000,0.000000,0.000000,False,Sin AprilTag: medicion congelada
1777334338.115319,False,True,0.00000000,528,388,0.000000,0.000000,0.000000,False,Sin AprilTag: medicion congelada
1777334338.150312,False,True,0.00000000,527,383,0.000000,0.000000,0.000000,False,Sin AprilTag: medicion congelada
1777334338.178087,False,True,0.00000000,532,385,0.000000,0.000000,0.000000,False,Sin AprilTag: medicion congelada
1777334338.212392,False,True,0.00000000,531,384,0.000000,0.000000,0.000000,False,Sin AprilTag: medicion congelada
1777334338.240998,False,True,0.00000000,533,386,0.000000,0.000000,0.000000,False,Sin AprilTag: medicion congelada
1777334338.275421,False,True,0.00000000,532,384,0.000000,0.000000,0.000000,False,Sin AprilTag: medicion congelada
1777334338.309922,False,True,0.00000000,532,378,0.000000,0.000000,0.000000,False,Sin AprilTag: medicion congelada
1777334338.344792,False,True,0.00000000,527,380,0.000000,0.000000,0.000000,False,Sin AprilTag: medicion congelada
1777334338.379580,False,True,0.00000000,527,378,0.000000,0.000000,0.000000,False,Sin AprilTag: medicion congelada
1777334338.413088,False,True,0.00000000,522,379,0.000000,0.000000,0.000000,False,Sin AprilTag: medicion congelada
1777334338.447301,False,True,0.00000000,516,378,0.000000,0.000000,0.000000,False,Sin AprilTag: medicion congelada
1777334338.481231,False,True,0.00000000,510,376,0.000000,0.000000,0.000000,False,Sin AprilTag: medicion congelada
1777334338.515525,False,True,0.00000000,503,380,0.000000,0.000000,0.000000,False,Sin AprilTag: medicion congelada
1777334338.549710,False,True,0.00000000,500,380,0.000000,0.000000,0.000000,False,Sin AprilTag: medicion congelada
1777334338.583677,False,True,0.00000000,497,377,0.000000,0.000000,0.000000,False,Sin AprilTag: medicion congelada
1777334338.617769,False,True,0.00000000,496,377,0.000000,0.000000,0.000000,False,Sin AprilTag: medicion congelada
1777334338.652126,False,True,0.00000000,492,377,0.000000,0.000000,0.000000,False,Sin AprilTag: medicion congelada
1777334338.686486,False,True,0.00000000,491,377,0.000000,0.000000,0.000000,False,Sin AprilTag: medicion congelada
1777334338.720170,False,True,0.00000000,487,375,0.000000,0.000000,0.000000,False,Sin AprilTag: medicion congelada
1777334338.754485,False,True,0.00000000,486,377,0.000000,0.000000,0.000000,False,Sin AprilTag: medicion congelada
1777334338.789058,False,True,0.00000000,484,378,0.000000,0.000000,0.000000,False,Sin AprilTag: medicion congelada
1777334338.822768,False,True,0.00000000,480,377,0.000000,0.000000,0.000000,False,Sin AprilTag: medicion congelada
1777334338.857211,False,True,0.00000000,479,374,0.000000,0.000000,0.000000,False,Sin AprilTag: medicion congelada
1777334338.891064,False,True,0.00000000,478,376,0.000000,0.000000,0.000000,False,Sin AprilTag: medicion congelada
1777334338.927375,False,True,0.00000000,478,375,0.000000,0.000000,0.000000,False,Sin AprilTag: medicion congelada
1777334338.962105,False,True,0.00000000,473,376,0.000000,0.000000,0.000000,False,Sin AprilTag: medicion congelada
1777334338.995832,False,True,0.00000000,469,375,0.000000,0.000000,0.000000,False,Sin AprilTag: medicion congelada
1777334339.030158,False,True,0.00000000,469,381,0.000000,0.000000,0.000000,False,Sin AprilTag: medicion congelada
1777334339.064230,False,True,0.00000000,469,381,0.000000,0.000000,0.000000,False,Sin AprilTag: medicion congelada
1777334339.098647,False,True,0.00000000,467,381,0.000000,0.000000,0.000000,False,Sin AprilTag: medicion congelada
1777334339.132153,False,True,0.00000000,467,374,0.000000,0.000000,0.000000,False,Sin AprilTag: medicion congelada
1777334339.166386,False,True,0.00000000,466,375,0.000000,0.000000,0.000000,False,Sin AprilTag: medicion congelada
1777334339.200260,False,True,0.00000000,465,373,0.000000,0.000000,0.000000,False,Sin AprilTag: medicion congelada
1777334339.262190,False,True,0.00000000,465,374,0.000000,0.000000,0.000000,False,Sin AprilTag: medicion congelada
1777334339.296538,False,True,0.00000000,466,376,0.000000,0.000000,0.000000,False,Sin AprilTag: medicion congelada
1777334339.330456,False,True,0.00000000,464,376,0.000000,0.000000,0.000000,False,Sin AprilTag: medicion congelada
1777334339.364399,False,True,0.00000000,464,379,0.000000,0.000000,0.000000,False,Sin AprilTag: medicion congelada
1777334339.405362,False,True,0.00000000,463,380,0.000000,0.000000,0.000000,False,Sin AprilTag: medicion congelada
1777334339.440160,False,True,0.00000000,462,377,0.000000,0.000000,0.000000,False,Sin AprilTag: medicion congelada
1777334339.473513,False,True,0.00000000,462,377,0.000000,0.000000,0.000000,False,Sin AprilTag: medicion congelada
1777334339.507658,False,True,0.00000000,463,378,0.000000,0.000000,0.000000,False,Sin AprilTag: medicion congelada
1777334339.542041,False,True,0.00000000,465,384,0.000000,0.000000,0.000000,False,Sin AprilTag: medicion congelada
1777334339.576643,False,True,0.00000000,460,382,0.000000,0.000000,0.000000,False,Sin AprilTag: medicion congelada
1777334339.610851,False,True,0.00000000,463,382,0.000000,0.000000,0.000000,False,Sin AprilTag: medicion congelada
1777334339.644657,False,True,0.00000000,463,382,0.000000,0.000000,0.000000,False,Sin AprilTag: medicion congelada
1777334339.679229,False,True,0.00000000,465,384,0.000000,0.000000,0.000000,False,Sin AprilTag: medicion congelada
1777334339.712948,False,True,0.00000000,468,388,0.000000,0.000000,0.000000,False,Sin AprilTag: medicion congelada
1777334339.746713,False,True,0.00000000,468,386,0.000000,0.000000,0.000000,False,Sin AprilTag: medicion congelada
1777334339.779886,False,True,0.00000000,467,389,0.000000,0.000000,0.000000,False,Sin AprilTag: medicion congelada
1777334339.813832,False,True,0.00000000,465,397,0.000000,0.000000,0.000000,False,Sin AprilTag: medicion congelada
1777334339.848491,False,True,0.00000000,467,405,0.000000,0.000000,0.000000,False,Sin AprilTag: medicion congelada
1777334339.882075,False,True,0.00000000,468,408,0.000000,0.000000,0.000000,False,Sin AprilTag: medicion congelada
1777334339.917603,False,True,0.00000000,470,411,0.000000,0.000000,0.000000,False,Sin AprilTag: medicion congelada
1777334339.951423,False,True,0.00000000,483,428,0.000000,0.000000,0.000000,False,Sin AprilTag: medicion congelada
1777334339.985097,False,True,0.00000000,474,421,0.000000,0.000000,0.000000,False,Sin AprilTag: medicion congelada
1777334340.019536,False,True,0.00000000,476,430,0.000000,0.000000,0.000000,False,Sin AprilTag: medicion congelada
1777334340.053285,False,True,0.00000000,481,434,0.000000,0.000000,0.000000,False,Sin AprilTag: medicion congelada
1777334340.112396,False,True,0.00000000,480,438,0.000000,0.000000,0.000000,False,Sin AprilTag: medicion congelada
1777334340.145438,False,True,0.00000000,485,442,0.000000,0.000000,0.000000,False,Sin AprilTag: medicion congelada
1777334340.180586,False,True,0.00000000,481,443,0.000000,0.000000,0.000000,False,Sin AprilTag: medicion congelada
1777334340.214819,False,True,0.00000000,484,440,0.000000,0.000000,0.000000,False,Sin AprilTag: medicion congelada
1777334340.241273,False,False,0.00000000,-1,-1,0.000000,0.000000,0.000000,False,Sin AprilTag: medicion congelada
1777334340.276880,False,True,0.00000000,491,451,0.000000,0.000000,0.000000,False,Sin AprilTag: medicion congelada
1777334340.310136,False,True,0.00000000,497,457,0.000000,0.000000,0.000000,False,Sin AprilTag: medicion congelada
1777334340.344716,False,True,0.00000000,489,455,0.000000,0.000000,0.000000,False,Sin AprilTag: medicion congelada
1777334340.377516,False,True,0.00000000,496,456,0.000000,0.000000,0.000000,False,Sin AprilTag: medicion congelada
1777334340.420343,False,True,0.00000000,498,464,0.000000,0.000000,0.000000,False,Sin AprilTag: medicion congelada
1777334340.459340,False,True,0.00000000,501,470,0.000000,0.000000,0.000000,False,Sin AprilTag: medicion congelada
1777334340.508638,False,False,0.00000000,-1,-1,0.000000,0.000000,0.000000,False,Sin AprilTag: medicion congelada
1777334340.552616,False,False,0.00000000,-1,-1,0.000000,0.000000,0.000000,False,Sin AprilTag: medicion congelada
1777334340.588813,False,False,0.00000000,-1,-1,0.000000,0.000000,0.000000,False,Sin AprilTag: medicion congelada
1777334340.621452,False,False,0.00000000,-1,-1,0.000000,0.000000,0.000000,False,Sin AprilTag: medicion congelada
1777334340.654727,False,False,0.00000000,-1,-1,0.000000,0.000000,0.000000,False,Sin AprilTag: medicion congelada
1777334340.705343,False,False,0.00000000,-1,-1,0.000000,0.000000,0.000000,False,Sin AprilTag: medicion congelada
1777334340.755052,False,False,0.00000000,-1,-1,0.000000,0.000000,0.000000,False,Sin AprilTag: medicion congelada
1777334340.820857,False,False,0.00000000,-1,-1,0.000000,0.000000,0.000000,False,Sin AprilTag: medicion congelada
1777334340.857104,False,False,0.00000000,-1,-1,0.000000,0.000000,0.000000,False,Sin AprilTag: medicion congelada
1777334340.907914,False,False,0.00000000,-1,-1,0.000000,0.000000,0.000000,False,Sin AprilTag: medicion congelada
1777334340.933389,False,False,0.00000000,-1,-1,0.000000,0.000000,0.000000,False,Sin AprilTag: medicion congelada
1777334340.967232,False,False,0.00000000,-1,-1,0.000000,0.000000,0.000000,False,Sin AprilTag: medicion congelada
1777334340.992646,False,False,0.00000000,-1,-1,0.000000,0.000000,0.000000,False,Sin AprilTag: medicion congelada
1777334341.027235,False,False,0.00000000,-1,-1,0.000000,0.000000,0.000000,False,Sin AprilTag: medicion congelada
1777334341.062079,False,False,0.00000000,-1,-1,0.000000,0.000000,0.000000,False,Sin AprilTag: medicion congelada
1777334341.127348,False,True,0.00000000,541,447,0.000000,0.000000,0.000000,False,Sin AprilTag: medicion congelada
1777334341.160804,False,True,0.00000000,536,394,0.000000,0.000000,0.000000,False,Sin AprilTag: medicion congelada
1777334341.197691,False,True,0.00000000,532,384,0.000000,0.000000,0.000000,False,Sin AprilTag: medicion congelada
1777334341.231213,False,True,0.00000000,527,376,0.000000,0.000000,0.000000,False,Sin AprilTag: medicion congelada
1777334341.265450,False,True,0.00000000,522,367,0.000000,0.000000,0.000000,False,Sin AprilTag: medicion congelada
1777334341.294729,False,True,0.00000000,517,357,0.000000,0.000000,0.000000,False,Sin AprilTag: medicion congelada
1777334341.341875,False,True,0.00000000,513,346,0.000000,0.000000,0.000000,False,Sin AprilTag: medicion congelada
1777334341.376430,False,True,0.00000000,513,346,0.000000,0.000000,0.000000,False,Sin AprilTag: medicion congelada
1777334341.413591,False,True,0.00000000,511,340,0.000000,0.000000,0.000000,False,Sin AprilTag: medicion congelada
1777334341.439428,False,True,0.00000000,507,331,0.000000,0.000000,0.000000,False,Sin AprilTag: medicion congelada
1777334341.480067,False,True,0.00000000,504,331,0.000000,0.000000,0.000000,False,Sin AprilTag: medicion congelada
1777334341.514400,False,True,0.00000000,503,326,0.000000,0.000000,0.000000,False,Sin AprilTag: medicion congelada
1777334341.548759,False,True,0.00000000,500,329,0.000000,0.000000,0.000000,False,Sin AprilTag: medicion congelada
1777334341.583394,False,True,0.00000000,500,324,0.000000,0.000000,0.000000,False,Sin AprilTag: medicion congelada
1777334341.617207,False,True,0.00000000,501,329,0.000000,0.000000,0.000000,False,Sin AprilTag: medicion congelada
1777334341.642024,False,True,0.00000000,499,333,0.000000,0.000000,0.000000,False,Sin AprilTag: medicion congelada
1777334341.675595,False,True,0.00000000,489,346,0.000000,0.000000,0.000000,False,Sin AprilTag: medicion congelada
1777334341.709971,False,True,0.00000000,478,340,0.000000,0.000000,0.000000,False,Sin AprilTag: medicion congelada
1777334341.744900,False,True,0.00000000,474,342,0.000000,0.000000,0.000000,False,Sin AprilTag: medicion congelada
1777334341.773721,False,True,0.00000000,494,388,0.000000,0.000000,0.000000,False,Sin AprilTag: medicion congelada
1777334341.803303,False,False,0.00000000,-1,-1,0.000000,0.000000,0.000000,False,Sin AprilTag: medicion congelada
1777334341.837594,False,True,0.00000000,482,395,0.000000,0.000000,0.000000,False,Sin AprilTag: medicion congelada
1777334341.866970,False,True,0.00000000,478,394,0.000000,0.000000,0.000000,False,Sin AprilTag: medicion congelada
1777334341.896618,False,False,0.00000000,-1,-1,0.000000,0.000000,0.000000,False,Sin AprilTag: medicion congelada
1777334341.930768,False,False,0.00000000,-1,-1,0.000000,0.000000,0.000000,False,Sin AprilTag: medicion congelada
1777334341.966455,False,False,0.00000000,-1,-1,0.000000,0.000000,0.000000,False,Sin AprilTag: medicion congelada
1777334342.000813,False,True,0.00000000,511,356,0.000000,0.000000,0.000000,False,Sin AprilTag: medicion congelada
1777334342.035068,False,True,0.00000000,511,356,0.000000,0.000000,0.000000,False,Sin AprilTag: medicion congelada
1777334342.064381,False,True,0.00000000,548,355,0.000000,0.000000,0.000000,False,Sin AprilTag: medicion congelada
1777334342.093629,False,False,0.00000000,-1,-1,0.000000,0.000000,0.000000,False,Sin AprilTag: medicion congelada
1777334342.127803,False,True,0.00000000,433,454,0.000000,0.000000,0.000000,False,Sin AprilTag: medicion congelada
1777334342.158262,False,True,0.00000000,436,442,0.000000,0.000000,0.000000,False,Sin AprilTag: medicion congelada
1777334342.191924,False,True,0.00000000,435,429,0.000000,0.000000,0.000000,False,Sin AprilTag: medicion congelada
1777334342.226049,False,True,0.00000000,439,412,0.000000,0.000000,0.000000,False,Sin AprilTag: medicion congelada
1777334342.254045,False,True,0.00000000,439,394,0.000000,0.000000,0.000000,False,Sin AprilTag: medicion congelada
1777334342.288145,False,True,0.00000000,436,398,0.000000,0.000000,0.000000,False,Sin AprilTag: medicion congelada
1777334342.320212,False,True,0.00000000,442,411,0.000000,0.000000,0.000000,False,Sin AprilTag: medicion congelada
1777334342.354055,False,True,0.00000000,440,384,0.000000,0.000000,0.000000,False,Sin AprilTag: medicion congelada
1777334342.381474,False,True,0.00000000,436,415,0.000000,0.000000,0.000000,False,Sin AprilTag: medicion congelada
1777334342.415933,False,True,0.00000000,419,420,0.000000,0.000000,0.000000,False,Sin AprilTag: medicion congelada
1777334342.450131,False,True,0.00000000,440,400,0.000000,0.000000,0.000000,False,Sin AprilTag: medicion congelada
1777334342.483123,False,True,0.00000000,441,413,0.000000,0.000000,0.000000,False,Sin AprilTag: medicion congelada
1777334342.532809,False,True,0.00000000,439,457,0.000000,0.000000,0.000000,False,Sin AprilTag: medicion congelada
1777334342.598900,False,False,0.00000000,-1,-1,0.000000,0.000000,0.000000,False,Sin AprilTag: medicion congelada
1777334342.647496,False,False,0.00000000,-1,-1,0.000000,0.000000,0.000000,False,Sin AprilTag: medicion congelada
1777334342.696536,False,False,0.00000000,-1,-1,0.000000,0.000000,0.000000,False,Sin AprilTag: medicion congelada
1777334342.745549,False,False,0.00000000,-1,-1,0.000000,0.000000,0.000000,False,Sin AprilTag: medicion congelada
1777334342.783951,False,False,0.00000000,-1,-1,0.000000,0.000000,0.000000,False,Sin AprilTag: medicion congelada
1777334342.813475,False,False,0.00000000,-1,-1,0.000000,0.000000,0.000000,False,Sin AprilTag: medicion congelada
1777334342.841299,False,False,0.00000000,-1,-1,0.000000,0.000000,0.000000,False,Sin AprilTag: medicion congelada
1777334342.876306,False,False,0.00000000,-1,-1,0.000000,0.000000,0.000000,False,Sin AprilTag: medicion congelada
1777334342.907879,False,False,0.00000000,-1,-1,0.000000,0.000000,0.000000,False,Sin AprilTag: medicion congelada
1777334342.934597,False,False,0.00000000,-1,-1,0.000000,0.000000,0.000000,False,Sin AprilTag: medicion congelada
1777334342.968774,False,False,0.00000000,-1,-1,0.000000,0.000000,0.000000,False,Sin AprilTag: medicion congelada
1777334343.003905,False,False,0.00000000,-1,-1,0.000000,0.000000,0.000000,False,Sin AprilTag: medicion congelada
1777334343.047348,False,False,0.00000000,-1,-1,0.000000,0.000000,0.000000,False,Sin AprilTag: medicion congelada
1777334343.081153,False,False,0.00000000,-1,-1,0.000000,0.000000,0.000000,False,Sin AprilTag: medicion congelada
1777334343.152295,False,False,0.00000000,-1,-1,0.000000,0.000000,0.000000,False,Sin AprilTag: medicion congelada
1777334343.186218,False,False,0.00000000,-1,-1,0.000000,0.000000,0.000000,False,Sin AprilTag: medicion congelada
1777334343.220758,False,False,0.00000000,-1,-1,0.000000,0.000000,0.000000,False,Sin AprilTag: medicion congelada
1777334343.255871,False,False,0.00000000,-1,-1,0.000000,0.000000,0.000000,False,Sin AprilTag: medicion congelada
1777334343.298498,False,False,0.00000000,-1,-1,0.000000,0.000000,0.000000,False,Sin AprilTag: medicion congelada
1777334343.334730,False,False,0.00000000,-1,-1,0.000000,0.000000,0.000000,False,Sin AprilTag: medicion congelada
1777334343.369020,False,False,0.00000000,-1,-1,0.000000,0.000000,0.000000,False,Sin AprilTag: medicion congelada
1777334343.406617,False,False,0.00000000,-1,-1,0.000000,0.000000,0.000000,False,Sin AprilTag: medicion congelada
1777334343.440008,False,False,0.00000000,-1,-1,0.000000,0.000000,0.000000,False,Sin AprilTag: medicion congelada
1777334343.472240,False,False,0.00000000,-1,-1,0.000000,0.000000,0.000000,False,Sin AprilTag: medicion congelada
1777334343.505821,False,False,0.00000000,-1,-1,0.000000,0.000000,0.000000,False,Sin AprilTag: medicion congelada
1777334343.539562,False,False,0.00000000,-1,-1,0.000000,0.000000,0.000000,False,Sin AprilTag: medicion congelada
1777334343.577631,False,False,0.00000000,-1,-1,0.000000,0.000000,0.000000,False,Sin AprilTag: medicion congelada
1777334343.627340,False,False,0.00000000,-1,-1,0.000000,0.000000,0.000000,False,Sin AprilTag: medicion congelada
1777334343.663604,False,False,0.00000000,-1,-1,0.000000,0.000000,0.000000,False,Sin AprilTag: medicion congelada
1777334343.690389,False,False,0.00000000,-1,-1,0.000000,0.000000,0.000000,False,Sin AprilTag: medicion congelada
1777334343.726604,False,False,0.00000000,-1,-1,0.000000,0.000000,0.000000,False,Sin AprilTag: medicion congelada
1777334343.757440,False,False,0.00000000,-1,-1,0.000000,0.000000,0.000000,False,Sin AprilTag: medicion congelada
1777334343.791794,False,False,0.00000000,-1,-1,0.000000,0.000000,0.000000,False,Sin AprilTag: medicion congelada
1777334343.826587,False,False,0.00000000,-1,-1,0.000000,0.000000,0.000000,False,Sin AprilTag: medicion congelada
1777334343.877478,False,False,0.00000000,-1,-1,0.000000,0.000000,0.000000,False,Sin AprilTag: medicion congelada
1777334343.937053,False,False,0.00000000,-1,-1,0.000000,0.000000,0.000000,False,Sin AprilTag: medicion congelada
1777334343.973838,False,False,0.00000000,-1,-1,0.000000,0.000000,0.000000,False,Sin AprilTag: medicion congelada
1777334344.008663,False,False,0.00000000,-1,-1,0.000000,0.000000,0.000000,False,Sin AprilTag: medicion congelada
1777334344.058753,False,False,0.00000000,-1,-1,0.000000,0.000000,0.000000,False,Sin AprilTag: medicion congelada
1777334344.130706,False,False,0.00000000,-1,-1,0.000000,0.000000,0.000000,False,Sin AprilTag: medicion congelada
1777334344.164294,False,False,0.00000000,-1,-1,0.000000,0.000000,0.000000,False,Sin AprilTag: medicion congelada
1777334344.198685,False,False,0.00000000,-1,-1,0.000000,0.000000,0.000000,False,Sin AprilTag: medicion congelada
1777334344.233168,False,False,0.00000000,-1,-1,0.000000,0.000000,0.000000,False,Sin AprilTag: medicion congelada
1777334344.284654,False,False,0.00000000,-1,-1,0.000000,0.000000,0.000000,False,Sin AprilTag: medicion congelada
1777334344.350147,False,False,0.00000000,-1,-1,0.000000,0.000000,0.000000,False,Sin AprilTag: medicion congelada
1777334344.417200,False,False,0.00000000,-1,-1,0.000000,0.000000,0.000000,False,Sin AprilTag: medicion congelada
1777334344.485318,False,False,0.00000000,-1,-1,0.000000,0.000000,0.000000,False,Sin AprilTag: medicion congelada
1777334344.543209,False,False,0.00000000,-1,-1,0.000000,0.000000,0.000000,False,Sin AprilTag: medicion congelada
1777334344.577271,False,False,0.00000000,-1,-1,0.000000,0.000000,0.000000,False,Sin AprilTag: medicion congelada
1777334344.608891,False,False,0.00000000,-1,-1,0.000000,0.000000,0.000000,False,Sin AprilTag: medicion congelada
1777334344.639196,False,False,0.00000000,-1,-1,0.000000,0.000000,0.000000,False,Sin AprilTag: medicion congelada
1777334344.682571,False,False,0.00000000,-1,-1,0.000000,0.000000,0.000000,False,Sin AprilTag: medicion congelada
1777334344.738821,False,False,0.00000000,-1,-1,0.000000,0.000000,0.000000,False,Sin AprilTag: medicion congelada
1777334344.792394,False,False,0.00000000,-1,-1,0.000000,0.000000,0.000000,False,Sin AprilTag: medicion congelada
1777334344.829733,False,False,0.00000000,-1,-1,0.000000,0.000000,0.000000,False,Sin AprilTag: medicion congelada
1777334344.880955,False,False,0.00000000,-1,-1,0.000000,0.000000,0.000000,False,Sin AprilTag: medicion congelada
1777334344.920151,False,False,0.00000000,-1,-1,0.000000,0.000000,0.000000,False,Sin AprilTag: medicion congelada
1777334344.950592,False,False,0.00000000,-1,-1,0.000000,0.000000,0.000000,False,Sin AprilTag: medicion congelada
1777334345.000924,False,False,0.00000000,-1,-1,0.000000,0.000000,0.000000,False,Sin AprilTag: medicion congelada
1777334345.052722,False,False,0.00000000,-1,-1,0.000000,0.000000,0.000000,False,Sin AprilTag: medicion congelada
1777334345.146263,False,False,0.00000000,-1,-1,0.000000,0.000000,0.000000,False,Sin AprilTag: medicion congelada
1777334345.195926,False,False,0.00000000,-1,-1,0.000000,0.000000,0.000000,False,Sin AprilTag: medicion congelada
1777334345.230677,False,False,0.00000000,-1,-1,0.000000,0.000000,0.000000,False,Sin AprilTag: medicion congelada
1777334345.273353,False,False,0.00000000,-1,-1,0.000000,0.000000,0.000000,False,Sin AprilTag: medicion congelada
1777334345.325294,False,False,0.00000000,-1,-1,0.000000,0.000000,0.000000,False,Sin AprilTag: medicion congelada
1777334345.391441,False,False,0.00000000,-1,-1,0.000000,0.000000,0.000000,False,Sin AprilTag: medicion congelada
1777334345.441855,False,False,0.00000000,-1,-1,0.000000,0.000000,0.000000,False,Sin AprilTag: medicion congelada
1777334345.477703,False,False,0.00000000,-1,-1,0.000000,0.000000,0.000000,False,Sin AprilTag: medicion congelada
1777334345.514099,False,False,0.00000000,-1,-1,0.000000,0.000000,0.000000,False,Sin AprilTag: medicion congelada
1777334345.547735,False,False,0.00000000,-1,-1,0.000000,0.000000,0.000000,False,Sin AprilTag: medicion congelada
1777334345.582250,False,False,0.00000000,-1,-1,0.000000,0.000000,0.000000,False,Sin AprilTag: medicion congelada
1777334345.613780,False,False,0.00000000,-1,-1,0.000000,0.000000,0.000000,False,Sin AprilTag: medicion congelada
1777334345.652422,False,False,0.00000000,-1,-1,0.000000,0.000000,0.000000,False,Sin AprilTag: medicion congelada
1777334345.703089,False,False,0.00000000,-1,-1,0.000000,0.000000,0.000000,False,Sin AprilTag: medicion congelada
1777334345.752791,False,False,0.00000000,-1,-1,0.000000,0.000000,0.000000,False,Sin AprilTag: medicion congelada
1777334345.803209,False,False,0.00000000,-1,-1,0.000000,0.000000,0.000000,False,Sin AprilTag: medicion congelada
1777334345.853029,False,False,0.00000000,-1,-1,0.000000,0.000000,0.000000,False,Sin AprilTag: medicion congelada
1777334345.912585,False,False,0.00000000,-1,-1,0.000000,0.000000,0.000000,False,Sin AprilTag: medicion congelada
1777334345.962417,False,False,0.00000000,-1,-1,0.000000,0.000000,0.000000,False,Sin AprilTag: medicion congelada
1777334346.013844,False,False,0.00000000,-1,-1,0.000000,0.000000,0.000000,False,Sin AprilTag: medicion congelada
1777334346.063668,False,False,0.00000000,-1,-1,0.000000,0.000000,0.000000,False,Sin AprilTag: medicion congelada
1777334346.099501,False,False,0.00000000,-1,-1,0.000000,0.000000,0.000000,False,Sin AprilTag: medicion congelada
1777334346.148640,False,False,0.00000000,-1,-1,0.000000,0.000000,0.000000,False,Sin AprilTag: medicion congelada
1777334346.185630,False,False,0.00000000,-1,-1,0.000000,0.000000,0.000000,False,Sin AprilTag: medicion congelada
1777334346.216918,False,False,0.00000000,-1,-1,0.000000,0.000000,0.000000,False,Sin AprilTag: medicion congelada
1777334346.267779,False,False,0.00000000,-1,-1,0.000000,0.000000,0.000000,False,Sin AprilTag: medicion congelada
1777334346.332235,False,False,0.00000000,-1,-1,0.000000,0.000000,0.000000,False,Sin AprilTag: medicion congelada
1777334346.366856,False,False,0.00000000,-1,-1,0.000000,0.000000,0.000000,False,Sin AprilTag: medicion congelada
1777334346.396292,False,False,0.00000000,-1,-1,0.000000,0.000000,0.000000,False,Sin AprilTag: medicion congelada
1777334346.429441,False,False,0.00000000,-1,-1,0.000000,0.000000,0.000000,False,Sin AprilTag: medicion congelada
1777334346.463400,False,False,0.00000000,-1,-1,0.000000,0.000000,0.000000,False,Sin AprilTag: medicion congelada
1777334346.512731,False,False,0.00000000,-1,-1,0.000000,0.000000,0.000000,False,Sin AprilTag: medicion congelada
1777334346.568355,False,False,0.00000000,-1,-1,0.000000,0.000000,0.000000,False,Sin AprilTag: medicion congelada
1777334346.613549,False,False,0.00000000,-1,-1,0.000000,0.000000,0.000000,False,Sin AprilTag: medicion congelada
1777334346.648685,False,False,0.00000000,-1,-1,0.000000,0.000000,0.000000,False,Sin AprilTag: medicion congelada
1777334346.700077,False,False,0.00000000,-1,-1,0.000000,0.000000,0.000000,False,Sin AprilTag: medicion congelada
1777334346.748980,False,False,0.00000000,-1,-1,0.000000,0.000000,0.000000,False,Sin AprilTag: medicion congelada
1777334346.800138,False,False,0.00000000,-1,-1,0.000000,0.000000,0.000000,False,Sin AprilTag: medicion congelada
1777334346.831178,False,False,0.00000000,-1,-1,0.000000,0.000000,0.000000,False,Sin AprilTag: medicion congelada
1777334346.862283,False,False,0.00000000,-1,-1,0.000000,0.000000,0.000000,False,Sin AprilTag: medicion congelada
1777334346.897469,False,False,0.00000000,-1,-1,0.000000,0.000000,0.000000,False,Sin AprilTag: medicion congelada
1777334346.924705,False,False,0.00000000,-1,-1,0.000000,0.000000,0.000000,False,Sin AprilTag: medicion congelada
1777334346.959328,False,False,0.00000000,-1,-1,0.000000,0.000000,0.000000,False,Sin AprilTag: medicion congelada
1777334346.989459,False,False,0.00000000,-1,-1,0.000000,0.000000,0.000000,False,Sin AprilTag: medicion congelada
1777334347.023780,False,False,0.00000000,-1,-1,0.000000,0.000000,0.000000,False,Sin AprilTag: medicion congelada
1777334347.054112,False,False,0.00000000,-1,-1,0.000000,0.000000,0.000000,False,Sin AprilTag: medicion congelada
1777334347.088342,False,False,0.00000000,-1,-1,0.000000,0.000000,0.000000,False,Sin AprilTag: medicion congelada
1777334347.139188,False,False,0.00000000,-1,-1,0.000000,0.000000,0.000000,False,Sin AprilTag: medicion congelada
1777334347.177943,False,False,0.00000000,-1,-1,0.000000,0.000000,0.000000,False,Sin AprilTag: medicion congelada
1777334347.212706,False,False,0.00000000,-1,-1,0.000000,0.000000,0.000000,False,Sin AprilTag: medicion congelada
1777334347.247011,False,False,0.00000000,-1,-1,0.000000,0.000000,0.000000,False,Sin AprilTag: medicion congelada
1777334347.315486,False,False,0.00000000,-1,-1,0.000000,0.000000,0.000000,False,Sin AprilTag: medicion congelada
1777334347.373412,False,False,0.00000000,-1,-1,0.000000,0.000000,0.000000,False,Sin AprilTag: medicion congelada
1777334347.407520,False,False,0.00000000,-1,-1,0.000000,0.000000,0.000000,False,Sin AprilTag: medicion congelada
1777334347.442200,False,False,0.00000000,-1,-1,0.000000,0.000000,0.000000,False,Sin AprilTag: medicion congelada
1777334347.475870,False,False,0.00000000,-1,-1,0.000000,0.000000,0.000000,False,Sin AprilTag: medicion congelada
1777334347.526911,False,False,0.00000000,-1,-1,0.000000,0.000000,0.000000,False,Sin AprilTag: medicion congelada
1777334347.621192,False,False,0.00000000,-1,-1,0.000000,0.000000,0.000000,False,Sin AprilTag: medicion congelada
1777334347.676035,False,False,0.00000000,-1,-1,0.000000,0.000000,0.000000,False,Sin AprilTag: medicion congelada
1777334347.715314,False,False,0.00000000,-1,-1,0.000000,0.000000,0.000000,False,Sin AprilTag: medicion congelada
1777334347.749755,False,False,0.00000000,-1,-1,0.000000,0.000000,0.000000,False,Sin AprilTag: medicion congelada
1777334347.800681,False,False,0.00000000,-1,-1,0.000000,0.000000,0.000000,False,Sin AprilTag: medicion congelada
1777334347.851150,False,False,0.00000000,-1,-1,0.000000,0.000000,0.000000,False,Sin AprilTag: medicion congelada
1777334347.901836,False,False,0.00000000,-1,-1,0.000000,0.000000,0.000000,False,Sin AprilTag: medicion congelada
1777334347.951302,False,False,0.00000000,-1,-1,0.000000,0.000000,0.000000,False,Sin AprilTag: medicion congelada
1777334347.985723,False,False,0.00000000,-1,-1,0.000000,0.000000,0.000000,False,Sin AprilTag: medicion congelada
1777334348.020012,False,False,0.00000000,-1,-1,0.000000,0.000000,0.000000,False,Sin AprilTag: medicion congelada
1777334348.054818,False,False,0.00000000,-1,-1,0.000000,0.000000,0.000000,False,Sin AprilTag: medicion congelada
1777334348.106664,False,False,0.00000000,-1,-1,0.000000,0.000000,0.000000,False,Sin AprilTag: medicion congelada
1777334348.158527,False,False,0.00000000,-1,-1,0.000000,0.000000,0.000000,False,Sin AprilTag: medicion congelada
1777334348.208734,False,False,0.00000000,-1,-1,0.000000,0.000000,0.000000,False,Sin AprilTag: medicion congelada
1777334348.274765,False,False,0.00000000,-1,-1,0.000000,0.000000,0.000000,False,Sin AprilTag: medicion congelada
1777334348.326243,False,False,0.00000000,-1,-1,0.000000,0.000000,0.000000,False,Sin AprilTag: medicion congelada
1777334348.360492,False,False,0.00000000,-1,-1,0.000000,0.000000,0.000000,False,Sin AprilTag: medicion congelada
1777334348.398926,False,False,0.00000000,-1,-1,0.000000,0.000000,0.000000,False,Sin AprilTag: medicion congelada
1777334348.433368,False,False,0.00000000,-1,-1,0.000000,0.000000,0.000000,False,Sin AprilTag: medicion congelada
1777334348.483214,False,False,0.00000000,-1,-1,0.000000,0.000000,0.000000,False,Sin AprilTag: medicion congelada
1777334348.534156,False,False,0.00000000,-1,-1,0.000000,0.000000,0.000000,False,Sin AprilTag: medicion congelada
1777334348.585068,False,False,0.00000000,-1,-1,0.000000,0.000000,0.000000,False,Sin AprilTag: medicion congelada
1777334348.640530,False,False,0.00000000,-1,-1,0.000000,0.000000,0.000000,False,Sin AprilTag: medicion congelada
1777334348.690593,False,False,0.00000000,-1,-1,0.000000,0.000000,0.000000,False,Sin AprilTag: medicion congelada
1777334348.725259,False,False,0.00000000,-1,-1,0.000000,0.000000,0.000000,False,Sin AprilTag: medicion congelada
1777334348.775786,False,False,0.00000000,-1,-1,0.000000,0.000000,0.000000,False,Sin AprilTag: medicion congelada
1777334348.821787,False,False,0.00000000,-1,-1,0.000000,0.000000,0.000000,False,Sin AprilTag: medicion congelada
1777334348.873105,False,False,0.00000000,-1,-1,0.000000,0.000000,0.000000,False,Sin AprilTag: medicion congelada
1777334348.923663,False,False,0.00000000,-1,-1,0.000000,0.000000,0.000000,False,Sin AprilTag: medicion congelada
1777334348.973723,False,False,0.00000000,-1,-1,0.000000,0.000000,0.000000,False,Sin AprilTag: medicion congelada
1777334349.009158,False,False,0.00000000,-1,-1,0.000000,0.000000,0.000000,False,Sin AprilTag: medicion congelada
1777334349.054201,False,False,0.00000000,-1,-1,0.000000,0.000000,0.000000,False,Sin AprilTag: medicion congelada
1777334349.103811,False,False,0.00000000,-1,-1,0.000000,0.000000,0.000000,False,Sin AprilTag: medicion congelada
1777334349.155670,False,False,0.00000000,-1,-1,0.000000,0.000000,0.000000,False,Sin AprilTag: medicion congelada
1777334349.205318,False,False,0.00000000,-1,-1,0.000000,0.000000,0.000000,False,Sin AprilTag: medicion congelada
1777334349.247394,False,False,0.00000000,-1,-1,0.000000,0.000000,0.000000,False,Sin AprilTag: medicion congelada
1777334349.294158,False,False,0.00000000,-1,-1,0.000000,0.000000,0.000000,False,Sin AprilTag: medicion congelada
1777334349.362790,False,False,0.00000000,-1,-1,0.000000,0.000000,0.000000,False,Sin AprilTag: medicion congelada
1777334349.413314,False,False,0.00000000,-1,-1,0.000000,0.000000,0.000000,False,Sin AprilTag: medicion congelada
1777334349.448968,False,False,0.00000000,-1,-1,0.000000,0.000000,0.000000,False,Sin AprilTag: medicion congelada
1777334349.500001,False,False,0.00000000,-1,-1,0.000000,0.000000,0.000000,False,Sin AprilTag: medicion congelada
1777334349.550730,False,False,0.00000000,-1,-1,0.000000,0.000000,0.000000,False,Sin AprilTag: medicion congelada
1777334349.602024,False,False,0.00000000,-1,-1,0.000000,0.000000,0.000000,False,Sin AprilTag: medicion congelada
1777334349.651660,False,False,0.00000000,-1,-1,0.000000,0.000000,0.000000,False,Sin AprilTag: medicion congelada
1777334349.702101,False,False,0.00000000,-1,-1,0.000000,0.000000,0.000000,False,Sin AprilTag: medicion congelada
1777334349.749428,False,False,0.00000000,-1,-1,0.000000,0.000000,0.000000,False,Sin AprilTag: medicion congelada
1777334349.800198,False,False,0.00000000,-1,-1,0.000000,0.000000,0.000000,False,Sin AprilTag: medicion congelada
1777334349.849221,False,False,0.00000000,-1,-1,0.000000,0.000000,0.000000,False,Sin AprilTag: medicion congelada
1777334349.885291,False,False,0.00000000,-1,-1,0.000000,0.000000,0.000000,False,Sin AprilTag: medicion congelada
1777334349.919833,False,False,0.00000000,-1,-1,0.000000,0.000000,0.000000,False,Sin AprilTag: medicion congelada
1777334349.954245,False,False,0.00000000,-1,-1,0.000000,0.000000,0.000000,False,Sin AprilTag: medicion congelada
1777334350.017887,False,False,0.00000000,-1,-1,0.000000,0.000000,0.000000,False,Sin AprilTag: medicion congelada
1777334350.082289,False,False,0.00000000,-1,-1,0.000000,0.000000,0.000000,False,Sin AprilTag: medicion congelada
1777334350.116496,False,False,0.00000000,-1,-1,0.000000,0.000000,0.000000,False,Sin AprilTag: medicion congelada
1777334350.150717,False,False,0.00000000,-1,-1,0.000000,0.000000,0.000000,False,Sin AprilTag: medicion congelada
1777334350.184836,False,False,0.00000000,-1,-1,0.000000,0.000000,0.000000,False,Sin AprilTag: medicion congelada
1777334350.220282,False,False,0.00000000,-1,-1,0.000000,0.000000,0.000000,False,Sin AprilTag: medicion congelada
1777334350.254425,False,False,0.00000000,-1,-1,0.000000,0.000000,0.000000,False,Sin AprilTag: medicion congelada
1777334350.289283,False,False,0.00000000,-1,-1,0.000000,0.000000,0.000000,False,Sin AprilTag: medicion congelada
1777334350.323390,False,False,0.00000000,-1,-1,0.000000,0.000000,0.000000,False,Sin AprilTag: medicion congelada
1777334350.357841,False,False,0.00000000,-1,-1,0.000000,0.000000,0.000000,False,Sin AprilTag: medicion congelada
1777334350.392358,False,False,0.00000000,-1,-1,0.000000,0.000000,0.000000,False,Sin AprilTag: medicion congelada
1777334350.426753,False,False,0.00000000,-1,-1,0.000000,0.000000,0.000000,False,Sin AprilTag: medicion congelada
1777334350.476410,False,False,0.00000000,-1,-1,0.000000,0.000000,0.000000,False,Sin AprilTag: medicion congelada
1777334350.543127,False,False,0.00000000,-1,-1,0.000000,0.000000,0.000000,False,Sin AprilTag: medicion congelada
1777334350.593741,False,False,0.00000000,-1,-1,0.000000,0.000000,0.000000,False,Sin AprilTag: medicion congelada
1777334350.628766,False,False,0.00000000,-1,-1,0.000000,0.000000,0.000000,False,Sin AprilTag: medicion congelada
1777334350.662809,False,False,0.00000000,-1,-1,0.000000,0.000000,0.000000,False,Sin AprilTag: medicion congelada
1777334350.712983,False,False,0.00000000,-1,-1,0.000000,0.000000,0.000000,False,Sin AprilTag: medicion congelada
1777334350.763530,False,False,0.00000000,-1,-1,0.000000,0.000000,0.000000,False,Sin AprilTag: medicion congelada
1777334350.813540,False,False,0.00000000,-1,-1,0.000000,0.000000,0.000000,False,Sin AprilTag: medicion congelada
1777334350.864782,False,False,0.00000000,-1,-1,0.000000,0.000000,0.000000,False,Sin AprilTag: medicion congelada
1777334350.913724,False,False,0.00000000,-1,-1,0.000000,0.000000,0.000000,False,Sin AprilTag: medicion congelada
1777334350.948278,False,False,0.00000000,-1,-1,0.000000,0.000000,0.000000,False,Sin AprilTag: medicion congelada
1777334350.983046,False,False,0.00000000,-1,-1,0.000000,0.000000,0.000000,False,Sin AprilTag: medicion congelada
1777334351.018284,False,False,0.00000000,-1,-1,0.000000,0.000000,0.000000,False,Sin AprilTag: medicion congelada
1777334351.068487,False,False,0.00000000,-1,-1,0.000000,0.000000,0.000000,False,Sin AprilTag: medicion congelada
1777334351.119204,False,False,0.00000000,-1,-1,0.000000,0.000000,0.000000,False,Sin AprilTag: medicion congelada
1777334351.169341,False,False,0.00000000,-1,-1,0.000000,0.000000,0.000000,False,Sin AprilTag: medicion congelada
1777334351.219231,False,False,0.00000000,-1,-1,0.000000,0.000000,0.000000,False,Sin AprilTag: medicion congelada
1777334351.281967,False,False,0.00000000,-1,-1,0.000000,0.000000,0.000000,False,Sin AprilTag: medicion congelada
1777334351.335775,False,False,0.00000000,-1,-1,0.000000,0.000000,0.000000,False,Sin AprilTag: medicion congelada
1777334351.371146,False,False,0.00000000,-1,-1,0.000000,0.000000,0.000000,False,Sin AprilTag: medicion congelada
1777334351.420739,False,False,0.00000000,-1,-1,0.000000,0.000000,0.000000,False,Sin AprilTag: medicion congelada
1777334351.456165,False,False,0.00000000,-1,-1,0.000000,0.000000,0.000000,False,Sin AprilTag: medicion congelada
1777334351.490283,False,False,0.00000000,-1,-1,0.000000,0.000000,0.000000,False,Sin AprilTag: medicion congelada
1777334351.523359,False,False,0.00000000,-1,-1,0.000000,0.000000,0.000000,False,Sin AprilTag: medicion congelada
1777334351.556789,False,False,0.00000000,-1,-1,0.000000,0.000000,0.000000,False,Sin AprilTag: medicion congelada
1777334351.591151,False,False,0.00000000,-1,-1,0.000000,0.000000,0.000000,False,Sin AprilTag: medicion congelada
1777334351.625524,False,False,0.00000000,-1,-1,0.000000,0.000000,0.000000,False,Sin AprilTag: medicion congelada
1777334351.660334,False,False,0.00000000,-1,-1,0.000000,0.000000,0.000000,False,Sin AprilTag: medicion congelada
1777334351.698041,False,False,0.00000000,-1,-1,0.000000,0.000000,0.000000,False,Sin AprilTag: medicion congelada
1777334351.732369,False,False,0.00000000,-1,-1,0.000000,0.000000,0.000000,False,Sin AprilTag: medicion congelada
1777334351.782972,False,False,0.00000000,-1,-1,0.000000,0.000000,0.000000,False,Sin AprilTag: medicion congelada
1777334351.833426,False,False,0.00000000,-1,-1,0.000000,0.000000,0.000000,False,Sin AprilTag: medicion congelada
1777334351.883359,False,False,0.00000000,-1,-1,0.000000,0.000000,0.000000,False,Sin AprilTag: medicion congelada
1777334351.931545,False,False,0.00000000,-1,-1,0.000000,0.000000,0.000000,False,Sin AprilTag: medicion congelada
1777334351.965543,False,False,0.00000000,-1,-1,0.000000,0.000000,0.000000,False,Sin AprilTag: medicion congelada
1777334352.017741,False,False,0.00000000,-1,-1,0.000000,0.000000,0.000000,False,Sin AprilTag: medicion congelada
1777334352.067745,False,False,0.00000000,-1,-1,0.000000,0.000000,0.000000,False,Sin AprilTag: medicion congelada
1777334352.117977,False,False,0.00000000,-1,-1,0.000000,0.000000,0.000000,False,Sin AprilTag: medicion congelada
1777334352.179614,False,False,0.00000000,-1,-1,0.000000,0.000000,0.000000,False,Sin AprilTag: medicion congelada
1777334352.230070,False,False,0.00000000,-1,-1,0.000000,0.000000,0.000000,False,Sin AprilTag: medicion congelada
1777334352.263593,False,False,0.00000000,-1,-1,0.000000,0.000000,0.000000,False,Sin AprilTag: medicion congelada
1777334352.298152,False,False,0.00000000,-1,-1,0.000000,0.000000,0.000000,False,Sin AprilTag: medicion congelada
1777334352.332950,False,False,0.00000000,-1,-1,0.000000,0.000000,0.000000,False,Sin AprilTag: medicion congelada
1777334352.383371,False,False,0.00000000,-1,-1,0.000000,0.000000,0.000000,False,Sin AprilTag: medicion congelada
1777334352.433568,False,False,0.00000000,-1,-1,0.000000,0.000000,0.000000,False,Sin AprilTag: medicion congelada
1777334352.467651,False,False,0.00000000,-1,-1,0.000000,0.000000,0.000000,False,Sin AprilTag: medicion congelada
1777334352.501538,False,False,0.00000000,-1,-1,0.000000,0.000000,0.000000,False,Sin AprilTag: medicion congelada
1777334352.526695,False,False,0.00000000,-1,-1,0.000000,0.000000,0.000000,False,Sin AprilTag: medicion congelada
1777334352.589055,False,False,0.00000000,-1,-1,0.000000,0.000000,0.000000,False,Sin AprilTag: medicion congelada
1777334352.653320,False,False,0.00000000,-1,-1,0.000000,0.000000,0.000000,False,Sin AprilTag: medicion congelada
1777334352.687660,False,False,0.00000000,-1,-1,0.000000,0.000000,0.000000,False,Sin AprilTag: medicion congelada
1777334352.721355,False,False,0.00000000,-1,-1,0.000000,0.000000,0.000000,False,Sin AprilTag: medicion congelada
1777334352.756108,False,False,0.00000000,-1,-1,0.000000,0.000000,0.000000,False,Sin AprilTag: medicion congelada
1777334352.790460,False,False,0.00000000,-1,-1,0.000000,0.000000,0.000000,False,Sin AprilTag: medicion congelada
1777334352.824906,False,False,0.00000000,-1,-1,0.000000,0.000000,0.000000,False,Sin AprilTag: medicion congelada
1777334352.875396,False,False,0.00000000,-1,-1,0.000000,0.000000,0.000000,False,Sin AprilTag: medicion congelada
1777334352.925888,False,False,0.00000000,-1,-1,0.000000,0.000000,0.000000,False,Sin AprilTag: medicion congelada
1777334352.960430,False,False,0.00000000,-1,-1,0.000000,0.000000,0.000000,False,Sin AprilTag: medicion congelada
1777334352.995089,False,False,0.00000000,-1,-1,0.000000,0.000000,0.000000,False,Sin AprilTag: medicion congelada
1777334353.028866,False,False,0.00000000,-1,-1,0.000000,0.000000,0.000000,False,Sin AprilTag: medicion congelada
1777334353.064069,False,False,0.00000000,-1,-1,0.000000,0.000000,0.000000,False,Sin AprilTag: medicion congelada
1777334353.098829,False,False,0.00000000,-1,-1,0.000000,0.000000,0.000000,False,Sin AprilTag: medicion congelada
1777334353.133618,False,False,0.00000000,-1,-1,0.000000,0.000000,0.000000,False,Sin AprilTag: medicion congelada
1777334353.202294,False,False,0.00000000,-1,-1,0.000000,0.000000,0.000000,False,Sin AprilTag: medicion congelada
1777334353.266224,False,False,0.00000000,-1,-1,0.000000,0.000000,0.000000,False,Sin AprilTag: medicion congelada
1777334353.319863,False,False,0.00000000,-1,-1,0.000000,0.000000,0.000000,False,Sin AprilTag: medicion congelada
1777334353.370089,False,False,0.00000000,-1,-1,0.000000,0.000000,0.000000,False,Sin AprilTag: medicion congelada
1777334353.404123,False,False,0.00000000,-1,-1,0.000000,0.000000,0.000000,False,Sin AprilTag: medicion congelada
1777334353.438806,False,False,0.00000000,-1,-1,0.000000,0.000000,0.000000,False,Sin AprilTag: medicion congelada
1777334353.487029,False,False,0.00000000,-1,-1,0.000000,0.000000,0.000000,False,Sin AprilTag: medicion congelada
1777334353.520943,False,False,0.00000000,-1,-1,0.000000,0.000000,0.000000,False,Sin AprilTag: medicion congelada
1777334353.554960,False,False,0.00000000,-1,-1,0.000000,0.000000,0.000000,False,Sin AprilTag: medicion congelada
1777334353.615962,False,False,0.00000000,-1,-1,0.000000,0.000000,0.000000,False,Sin AprilTag: medicion congelada
1777334353.666017,False,False,0.00000000,-1,-1,0.000000,0.000000,0.000000,False,Sin AprilTag: medicion congelada
1777334353.700198,False,False,0.00000000,-1,-1,0.000000,0.000000,0.000000,False,Sin AprilTag: medicion congelada
1777334353.734622,False,False,0.00000000,-1,-1,0.000000,0.000000,0.000000,False,Sin AprilTag: medicion congelada
1777334353.768999,False,False,0.00000000,-1,-1,0.000000,0.000000,0.000000,False,Sin AprilTag: medicion congelada
1777334353.803089,False,False,0.00000000,-1,-1,0.000000,0.000000,0.000000,False,Sin AprilTag: medicion congelada
1777334353.838136,False,False,0.00000000,-1,-1,0.000000,0.000000,0.000000,False,Sin AprilTag: medicion congelada
1777334353.872219,False,False,0.00000000,-1,-1,0.000000,0.000000,0.000000,False,Sin AprilTag: medicion congelada
1777334353.906686,False,False,0.00000000,-1,-1,0.000000,0.000000,0.000000,False,Sin AprilTag: medicion congelada
1777334353.937422,False,False,0.00000000,-1,-1,0.000000,0.000000,0.000000,False,Sin AprilTag: medicion congelada
1777334353.970936,False,False,0.00000000,-1,-1,0.000000,0.000000,0.000000,False,Sin AprilTag: medicion congelada
1777334354.005203,False,False,0.00000000,-1,-1,0.000000,0.000000,0.000000,False,Sin AprilTag: medicion congelada
1777334354.038476,False,False,0.00000000,-1,-1,0.000000,0.000000,0.000000,False,Sin AprilTag: medicion congelada
1777334354.072711,False,False,0.00000000,-1,-1,0.000000,0.000000,0.000000,False,Sin AprilTag: medicion congelada
1777334354.123364,False,False,0.00000000,-1,-1,0.000000,0.000000,0.000000,False,Sin AprilTag: medicion congelada
1777334354.174601,False,False,0.00000000,-1,-1,0.000000,0.000000,0.000000,False,Sin AprilTag: medicion congelada
1777334354.207614,False,False,0.00000000,-1,-1,0.000000,0.000000,0.000000,False,Sin AprilTag: medicion congelada
1777334354.270450,False,False,0.00000000,-1,-1,0.000000,0.000000,0.000000,False,Sin AprilTag: medicion congelada
1777334354.304559,False,False,0.00000000,-1,-1,0.000000,0.000000,0.000000,False,Sin AprilTag: medicion congelada
1777334354.339038,False,False,0.00000000,-1,-1,0.000000,0.000000,0.000000,False,Sin AprilTag: medicion congelada
1777334354.371976,False,False,0.00000000,-1,-1,0.000000,0.000000,0.000000,False,Sin AprilTag: medicion congelada
1777334354.406519,False,False,0.00000000,-1,-1,0.000000,0.000000,0.000000,False,Sin AprilTag: medicion congelada
1777334354.440974,False,False,0.00000000,-1,-1,0.000000,0.000000,0.000000,False,Sin AprilTag: medicion congelada
1777334354.475161,False,False,0.00000000,-1,-1,0.000000,0.000000,0.000000,False,Sin AprilTag: medicion congelada
1777334354.510335,False,False,0.00000000,-1,-1,0.000000,0.000000,0.000000,False,Sin AprilTag: medicion congelada
1777334354.545156,False,False,0.00000000,-1,-1,0.000000,0.000000,0.000000,False,Sin AprilTag: medicion congelada
1777334354.579017,False,False,0.00000000,-1,-1,0.000000,0.000000,0.000000,False,Sin AprilTag: medicion congelada
1777334354.613367,False,False,0.00000000,-1,-1,0.000000,0.000000,0.000000,False,Sin AprilTag: medicion congelada
1777334354.647461,False,False,0.00000000,-1,-1,0.000000,0.000000,0.000000,False,Sin AprilTag: medicion congelada
1777334354.681902,False,False,0.00000000,-1,-1,0.000000,0.000000,0.000000,False,Sin AprilTag: medicion congelada
1777334354.715984,False,False,0.00000000,-1,-1,0.000000,0.000000,0.000000,False,Sin AprilTag: medicion congelada
1777334354.750151,False,False,0.00000000,-1,-1,0.000000,0.000000,0.000000,False,Sin AprilTag: medicion congelada
1777334354.784617,False,False,0.00000000,-1,-1,0.000000,0.000000,0.000000,False,Sin AprilTag: medicion congelada
1777334354.819265,False,False,0.00000000,-1,-1,0.000000,0.000000,0.000000,False,Sin AprilTag: medicion congelada
1777334354.853639,False,False,0.00000000,-1,-1,0.000000,0.000000,0.000000,False,Sin AprilTag: medicion congelada
1777334354.888243,False,False,0.00000000,-1,-1,0.000000,0.000000,0.000000,False,Sin AprilTag: medicion congelada
1777334354.922832,False,False,0.00000000,-1,-1,0.000000,0.000000,0.000000,False,Sin AprilTag: medicion congelada
1777334354.956525,False,False,0.00000000,-1,-1,0.000000,0.000000,0.000000,False,Sin AprilTag: medicion congelada
1777334354.990824,False,False,0.00000000,-1,-1,0.000000,0.000000,0.000000,False,Sin AprilTag: medicion congelada
1777334355.027864,False,False,0.00000000,-1,-1,0.000000,0.000000,0.000000,False,Sin AprilTag: medicion congelada
1777334355.061955,False,False,0.00000000,-1,-1,0.000000,0.000000,0.000000,False,Sin AprilTag: medicion congelada
1777334355.095775,False,False,0.00000000,-1,-1,0.000000,0.000000,0.000000,False,Sin AprilTag: medicion congelada
1777334355.130513,False,False,0.00000000,-1,-1,0.000000,0.000000,0.000000,False,Sin AprilTag: medicion congelada
1777334355.163592,False,False,0.00000000,-1,-1,0.000000,0.000000,0.000000,False,Sin AprilTag: medicion congelada
1777334355.197443,False,False,0.00000000,-1,-1,0.000000,0.000000,0.000000,False,Sin AprilTag: medicion congelada
1777334355.232914,False,False,0.00000000,-1,-1,0.000000,0.000000,0.000000,False,Sin AprilTag: medicion congelada
1777334355.267001,False,False,0.00000000,-1,-1,0.000000,0.000000,0.000000,False,Sin AprilTag: medicion congelada
1777334355.301496,False,False,0.00000000,-1,-1,0.000000,0.000000,0.000000,False,Sin AprilTag: medicion congelada
1777334355.335167,False,False,0.00000000,-1,-1,0.000000,0.000000,0.000000,False,Sin AprilTag: medicion congelada
1777334355.369059,False,False,0.00000000,-1,-1,0.000000,0.000000,0.000000,False,Sin AprilTag: medicion congelada
1777334355.402746,False,False,0.00000000,-1,-1,0.000000,0.000000,0.000000,False,Sin AprilTag: medicion congelada
1777334355.437118,False,False,0.00000000,-1,-1,0.000000,0.000000,0.000000,False,Sin AprilTag: medicion congelada
1777334355.471576,False,False,0.00000000,-1,-1,0.000000,0.000000,0.000000,False,Sin AprilTag: medicion congelada
1777334355.505127,False,False,0.00000000,-1,-1,0.000000,0.000000,0.000000,False,Sin AprilTag: medicion congelada
1777334355.539528,False,False,0.00000000,-1,-1,0.000000,0.000000,0.000000,False,Sin AprilTag: medicion congelada
1777334355.573424,False,False,0.00000000,-1,-1,0.000000,0.000000,0.000000,False,Sin AprilTag: medicion congelada
1777334355.599079,False,False,0.00000000,-1,-1,0.000000,0.000000,0.000000,False,Sin AprilTag: medicion congelada
1777334355.623464,False,False,0.00000000,-1,-1,0.000000,0.000000,0.000000,False,Sin AprilTag: medicion congelada
1777334355.658263,False,False,0.00000000,-1,-1,0.000000,0.000000,0.000000,False,Sin AprilTag: medicion congelada
1777334355.692715,False,False,0.00000000,-1,-1,0.000000,0.000000,0.000000,False,Sin AprilTag: medicion congelada
1777334355.727082,False,False,0.00000000,-1,-1,0.000000,0.000000,0.000000,False,Sin AprilTag: medicion congelada
1777334355.761148,False,False,0.00000000,-1,-1,0.000000,0.000000,0.000000,False,Sin AprilTag: medicion congelada
1777334355.794792,False,False,0.00000000,-1,-1,0.000000,0.000000,0.000000,False,Sin AprilTag: medicion congelada
1777334355.825782,False,False,0.00000000,-1,-1,0.000000,0.000000,0.000000,False,Sin AprilTag: medicion congelada
1777334355.859742,False,False,0.00000000,-1,-1,0.000000,0.000000,0.000000,False,Sin AprilTag: medicion congelada
1777334355.888219,False,False,0.00000000,-1,-1,0.000000,0.000000,0.000000,False,Sin AprilTag: medicion congelada
1777334355.922893,False,False,0.00000000,-1,-1,0.000000,0.000000,0.000000,False,Sin AprilTag: medicion congelada
1777334355.957178,False,False,0.00000000,-1,-1,0.000000,0.000000,0.000000,False,Sin AprilTag: medicion congelada
1777334355.991822,False,False,0.00000000,-1,-1,0.000000,0.000000,0.000000,False,Sin AprilTag: medicion congelada
1777334356.018654,False,False,0.00000000,-1,-1,0.000000,0.000000,0.000000,False,Sin AprilTag: medicion congelada
1777334356.053175,False,False,0.00000000,-1,-1,0.000000,0.000000,0.000000,False,Sin AprilTag: medicion congelada
1777334356.087862,False,False,0.00000000,-1,-1,0.000000,0.000000,0.000000,False,Sin AprilTag: medicion congelada
1777334356.122823,False,False,0.00000000,-1,-1,0.000000,0.000000,0.000000,False,Sin AprilTag: medicion congelada
1777334356.154644,False,False,0.00000000,-1,-1,0.000000,0.000000,0.000000,False,Sin AprilTag: medicion congelada
1777334356.190791,False,False,0.00000000,-1,-1,0.000000,0.000000,0.000000,False,Sin AprilTag: medicion congelada
1777334356.225841,False,False,0.00000000,-1,-1,0.000000,0.000000,0.000000,False,Sin AprilTag: medicion congelada
1777334356.259642,False,False,0.00000000,-1,-1,0.000000,0.000000,0.000000,False,Sin AprilTag: medicion congelada
1777334356.294283,False,False,0.00000000,-1,-1,0.000000,0.000000,0.000000,False,Sin AprilTag: medicion congelada
1777334356.328436,False,False,0.00000000,-1,-1,0.000000,0.000000,0.000000,False,Sin AprilTag: medicion congelada
1777334356.358305,False,False,0.00000000,-1,-1,0.000000,0.000000,0.000000,False,Sin AprilTag: medicion congelada
1777334356.392781,False,False,0.00000000,-1,-1,0.000000,0.000000,0.000000,False,Sin AprilTag: medicion congelada
1777334356.427135,False,False,0.00000000,-1,-1,0.000000,0.000000,0.000000,False,Sin AprilTag: medicion congelada
1777334356.461367,False,False,0.00000000,-1,-1,0.000000,0.000000,0.000000,False,Sin AprilTag: medicion congelada
1777334356.496144,False,False,0.00000000,-1,-1,0.000000,0.000000,0.000000,False,Sin AprilTag: medicion congelada
1777334356.546192,False,False,0.00000000,-1,-1,0.000000,0.000000,0.000000,False,Sin AprilTag: medicion congelada
1777334356.580673,False,False,0.00000000,-1,-1,0.000000,0.000000,0.000000,False,Sin AprilTag: medicion congelada
1777334356.607952,False,False,0.00000000,-1,-1,0.000000,0.000000,0.000000,False,Sin AprilTag: medicion congelada
1777334356.632863,False,False,0.00000000,-1,-1,0.000000,0.000000,0.000000,False,Sin AprilTag: medicion congelada
1777334356.673318,False,False,0.00000000,-1,-1,0.000000,0.000000,0.000000,False,Sin AprilTag: medicion congelada
1777334356.707958,False,False,0.00000000,-1,-1,0.000000,0.000000,0.000000,False,Sin AprilTag: medicion congelada
1777334356.735161,False,False,0.00000000,-1,-1,0.000000,0.000000,0.000000,False,Sin AprilTag: medicion congelada
1777334356.769923,False,False,0.00000000,-1,-1,0.000000,0.000000,0.000000,False,Sin AprilTag: medicion congelada
1777334356.797849,False,False,0.00000000,-1,-1,0.000000,0.000000,0.000000,False,Sin AprilTag: medicion congelada
1777334356.823476,False,False,0.00000000,-1,-1,0.000000,0.000000,0.000000,False,Sin AprilTag: medicion congelada
1777334356.862879,False,False,0.00000000,-1,-1,0.000000,0.000000,0.000000,False,Sin AprilTag: medicion congelada
1777334356.913407,False,False,0.00000000,-1,-1,0.000000,0.000000,0.000000,False,Sin AprilTag: medicion congelada
1777334356.946756,False,False,0.00000000,-1,-1,0.000000,0.000000,0.000000,False,Sin AprilTag: medicion congelada
1777334356.981514,False,False,0.00000000,-1,-1,0.000000,0.000000,0.000000,False,Sin AprilTag: medicion congelada
1777334357.015898,False,False,0.00000000,-1,-1,0.000000,0.000000,0.000000,False,Sin AprilTag: medicion congelada
1777334357.050581,False,False,0.00000000,-1,-1,0.000000,0.000000,0.000000,False,Sin AprilTag: medicion congelada
1777334357.077458,False,False,0.00000000,-1,-1,0.000000,0.000000,0.000000,False,Sin AprilTag: medicion congelada
1777334357.111897,False,False,0.00000000,-1,-1,0.000000,0.000000,0.000000,False,Sin AprilTag: medicion congelada
1777334357.146874,False,False,0.00000000,-1,-1,0.000000,0.000000,0.000000,False,Sin AprilTag: medicion congelada
1777334357.181777,False,False,0.00000000,-1,-1,0.000000,0.000000,0.000000,False,Sin AprilTag: medicion congelada
1777334357.216086,False,False,0.00000000,-1,-1,0.000000,0.000000,0.000000,False,Sin AprilTag: medicion congelada
1777334357.250654,False,False,0.00000000,-1,-1,0.000000,0.000000,0.000000,False,Sin AprilTag: medicion congelada
1777334357.285627,False,False,0.00000000,-1,-1,0.000000,0.000000,0.000000,False,Sin AprilTag: medicion congelada
1777334357.323554,False,False,0.00000000,-1,-1,0.000000,0.000000,0.000000,False,Sin AprilTag: medicion congelada
1777334357.357187,False,False,0.00000000,-1,-1,0.000000,0.000000,0.000000,False,Sin AprilTag: medicion congelada
1777334357.385944,False,False,0.00000000,-1,-1,0.000000,0.000000,0.000000,False,Sin AprilTag: medicion congelada
1777334357.420580,False,False,0.00000000,-1,-1,0.000000,0.000000,0.000000,False,Sin AprilTag: medicion congelada
1777334357.455393,False,False,0.00000000,-1,-1,0.000000,0.000000,0.000000,False,Sin AprilTag: medicion congelada
1777334357.480162,False,False,0.00000000,-1,-1,0.000000,0.000000,0.000000,False,Sin AprilTag: medicion congelada
1777334357.513574,False,False,0.00000000,-1,-1,0.000000,0.000000,0.000000,False,Sin AprilTag: medicion congelada
1777334357.547822,False,False,0.00000000,-1,-1,0.000000,0.000000,0.000000,False,Sin AprilTag: medicion congelada
1777334357.582337,False,False,0.00000000,-1,-1,0.000000,0.000000,0.000000,False,Sin AprilTag: medicion congelada
1777334357.610523,False,False,0.00000000,-1,-1,0.000000,0.000000,0.000000,False,Sin AprilTag: medicion congelada
1777334357.644662,False,False,0.00000000,-1,-1,0.000000,0.000000,0.000000,False,Sin AprilTag: medicion congelada
1777334357.677640,False,False,0.00000000,-1,-1,0.000000,0.000000,0.000000,False,Sin AprilTag: medicion congelada
1777334357.716733,False,False,0.00000000,-1,-1,0.000000,0.000000,0.000000,False,Sin AprilTag: medicion congelada
1777334357.751897,False,False,0.00000000,-1,-1,0.000000,0.000000,0.000000,False,Sin AprilTag: medicion congelada
1777334357.784840,False,False,0.00000000,-1,-1,0.000000,0.000000,0.000000,False,Sin AprilTag: medicion congelada
1777334357.819005,False,False,0.00000000,-1,-1,0.000000,0.000000,0.000000,False,Sin AprilTag: medicion congelada
1777334357.854429,False,False,0.00000000,-1,-1,0.000000,0.000000,0.000000,False,Sin AprilTag: medicion congelada
1777334357.888552,False,False,0.00000000,-1,-1,0.000000,0.000000,0.000000,False,Sin AprilTag: medicion congelada
1777334357.924649,False,False,0.00000000,-1,-1,0.000000,0.000000,0.000000,False,Sin AprilTag: medicion congelada
1777334357.957801,False,False,0.00000000,-1,-1,0.000000,0.000000,0.000000,False,Sin AprilTag: medicion congelada
1777334357.992139,False,False,0.00000000,-1,-1,0.000000,0.000000,0.000000,False,Sin AprilTag: medicion congelada
1777334358.026182,False,False,0.00000000,-1,-1,0.000000,0.000000,0.000000,False,Sin AprilTag: medicion congelada
1777334358.060757,False,False,0.00000000,-1,-1,0.000000,0.000000,0.000000,False,Sin AprilTag: medicion congelada
1777334358.095205,False,False,0.00000000,-1,-1,0.000000,0.000000,0.000000,False,Sin AprilTag: medicion congelada
1777334358.130008,False,False,0.00000000,-1,-1,0.000000,0.000000,0.000000,False,Sin AprilTag: medicion congelada
1777334358.163331,False,False,0.00000000,-1,-1,0.000000,0.000000,0.000000,False,Sin AprilTag: medicion congelada
1777334358.198635,False,False,0.00000000,-1,-1,0.000000,0.000000,0.000000,False,Sin AprilTag: medicion congelada
1777334358.232424,False,False,0.00000000,-1,-1,0.000000,0.000000,0.000000,False,Sin AprilTag: medicion congelada
1777334358.266838,False,False,0.00000000,-1,-1,0.000000,0.000000,0.000000,False,Sin AprilTag: medicion congelada
1777334358.300986,False,False,0.00000000,-1,-1,0.000000,0.000000,0.000000,False,Sin AprilTag: medicion congelada
1777334358.349465,False,False,0.00000000,-1,-1,0.000000,0.000000,0.000000,False,Sin AprilTag: medicion congelada
1777334358.414269,False,False,0.00000000,-1,-1,0.000000,0.000000,0.000000,False,Sin AprilTag: medicion congelada
1777334358.437150,False,False,0.00000000,-1,-1,0.000000,0.000000,0.000000,False,Sin AprilTag: medicion congelada
1777334358.477739,False,False,0.00000000,-1,-1,0.000000,0.000000,0.000000,False,Sin AprilTag: medicion congelada
1777334358.511986,False,False,0.00000000,-1,-1,0.000000,0.000000,0.000000,False,Sin AprilTag: medicion congelada
1777334358.546207,False,False,0.00000000,-1,-1,0.000000,0.000000,0.000000,False,Sin AprilTag: medicion congelada
1777334358.580890,False,False,0.00000000,-1,-1,0.000000,0.000000,0.000000,False,Sin AprilTag: medicion congelada
1777334358.615829,False,False,0.00000000,-1,-1,0.000000,0.000000,0.000000,False,Sin AprilTag: medicion congelada
1777334358.649887,False,False,0.00000000,-1,-1,0.000000,0.000000,0.000000,False,Sin AprilTag: medicion congelada
1777334358.688698,False,False,0.00000000,-1,-1,0.000000,0.000000,0.000000,False,Sin AprilTag: medicion congelada
1777334358.713541,False,False,0.00000000,-1,-1,0.000000,0.000000,0.000000,False,Sin AprilTag: medicion congelada
1777334358.740521,False,False,0.00000000,-1,-1,0.000000,0.000000,0.000000,False,Sin AprilTag: medicion congelada
1777334358.775110,False,False,0.00000000,-1,-1,0.000000,0.000000,0.000000,False,Sin AprilTag: medicion congelada
1777334358.825292,False,False,0.00000000,-1,-1,0.000000,0.000000,0.000000,False,Sin AprilTag: medicion congelada
1777334358.875941,False,False,0.00000000,-1,-1,0.000000,0.000000,0.000000,False,Sin AprilTag: medicion congelada
1777334358.935688,False,False,0.00000000,-1,-1,0.000000,0.000000,0.000000,False,Sin AprilTag: medicion congelada
1777334358.968326,False,False,0.00000000,-1,-1,0.000000,0.000000,0.000000,False,Sin AprilTag: medicion congelada
1777334359.022759,False,False,0.00000000,-1,-1,0.000000,0.000000,0.000000,False,Sin AprilTag: medicion congelada
1777334359.091171,False,False,0.00000000,-1,-1,0.000000,0.000000,0.000000,False,Sin AprilTag: medicion congelada
1777334359.163091,False,False,0.00000000,-1,-1,0.000000,0.000000,0.000000,False,Sin AprilTag: medicion congelada
1777334359.218446,False,False,0.00000000,-1,-1,0.000000,0.000000,0.000000,False,Sin AprilTag: medicion congelada
1777334359.260270,False,False,0.00000000,-1,-1,0.000000,0.000000,0.000000,False,Sin AprilTag: medicion congelada
1777334359.330848,False,False,0.00000000,-1,-1,0.000000,0.000000,0.000000,False,Sin AprilTag: medicion congelada
1777334359.416305,False,False,0.00000000,-1,-1,0.000000,0.000000,0.000000,False,Sin AprilTag: medicion congelada
1777334359.462875,False,False,0.00000000,-1,-1,0.000000,0.000000,0.000000,False,Sin AprilTag: medicion congelada
1777334359.500995,False,False,0.00000000,-1,-1,0.000000,0.000000,0.000000,False,Sin AprilTag: medicion congelada
1777334359.535737,False,False,0.00000000,-1,-1,0.000000,0.000000,0.000000,False,Sin AprilTag: medicion congelada
1777334359.565478,False,False,0.00000000,-1,-1,0.000000,0.000000,0.000000,False,Sin AprilTag: medicion congelada
1777334359.599841,False,False,0.00000000,-1,-1,0.000000,0.000000,0.000000,False,Sin AprilTag: medicion congelada
1777334359.640213,False,False,0.00000000,-1,-1,0.000000,0.000000,0.000000,False,Sin AprilTag: medicion congelada
1777334359.683567,False,False,0.00000000,-1,-1,0.000000,0.000000,0.000000,False,Sin AprilTag: medicion congelada
1777334359.708340,False,False,0.00000000,-1,-1,0.000000,0.000000,0.000000,False,Sin AprilTag: medicion congelada
1777334359.742442,False,False,0.00000000,-1,-1,0.000000,0.000000,0.000000,False,Sin AprilTag: medicion congelada
1777334359.776813,False,False,0.00000000,-1,-1,0.000000,0.000000,0.000000,False,Sin AprilTag: medicion congelada
1777334359.827821,False,False,0.00000000,-1,-1,0.000000,0.000000,0.000000,False,Sin AprilTag: medicion congelada
1777334359.880193,False,False,0.00000000,-1,-1,0.000000,0.000000,0.000000,False,Sin AprilTag: medicion congelada
1777334359.924190,False,False,0.00000000,-1,-1,0.000000,0.000000,0.000000,False,Sin AprilTag: medicion congelada
1777334359.989415,False,False,0.00000000,-1,-1,0.000000,0.000000,0.000000,False,Sin AprilTag: medicion congelada
1777334360.051530,False,False,0.00000000,-1,-1,0.000000,0.000000,0.000000,False,Sin AprilTag: medicion congelada
1777334360.133327,False,False,0.00000000,-1,-1,0.000000,0.000000,0.000000,False,Sin AprilTag: medicion congelada
1777334360.223492,False,False,0.00000000,-1,-1,0.000000,0.000000,0.000000,False,Sin AprilTag: medicion congelada
1777334360.257820,False,False,0.00000000,-1,-1,0.000000,0.000000,0.000000,False,Sin AprilTag: medicion congelada
1777334360.286071,False,False,0.00000000,-1,-1,0.000000,0.000000,0.000000,False,Sin AprilTag: medicion congelada
1777334360.319653,False,False,0.00000000,-1,-1,0.000000,0.000000,0.000000,False,Sin AprilTag: medicion congelada
1777334360.369612,False,False,0.00000000,-1,-1,0.000000,0.000000,0.000000,False,Sin AprilTag: medicion congelada
1777334360.400870,False,False,0.00000000,-1,-1,0.000000,0.000000,0.000000,False,Sin AprilTag: medicion congelada
1777334360.441090,False,False,0.00000000,-1,-1,0.000000,0.000000,0.000000,False,Sin AprilTag: medicion congelada
1777334360.502431,False,False,0.00000000,-1,-1,0.000000,0.000000,0.000000,False,Sin AprilTag: medicion congelada
1777334360.545636,False,False,0.00000000,-1,-1,0.000000,0.000000,0.000000,False,Sin AprilTag: medicion congelada
1777334360.579974,False,False,0.00000000,-1,-1,0.000000,0.000000,0.000000,False,Sin AprilTag: medicion congelada
1777334360.617359,False,False,0.00000000,-1,-1,0.000000,0.000000,0.000000,False,Sin AprilTag: medicion congelada
1777334360.651122,False,False,0.00000000,-1,-1,0.000000,0.000000,0.000000,False,Sin AprilTag: medicion congelada
1777334360.704038,False,False,0.00000000,-1,-1,0.000000,0.000000,0.000000,False,Sin AprilTag: medicion congelada
1777334360.738639,False,False,0.00000000,-1,-1,0.000000,0.000000,0.000000,False,Sin AprilTag: medicion congelada
1777334360.789452,False,False,0.00000000,-1,-1,0.000000,0.000000,0.000000,False,Sin AprilTag: medicion congelada
1777334360.824777,False,False,0.00000000,-1,-1,0.000000,0.000000,0.000000,False,Sin AprilTag: medicion congelada
1777334360.867930,False,False,0.00000000,-1,-1,0.000000,0.000000,0.000000,False,Sin AprilTag: medicion congelada
1777334360.901679,False,False,0.00000000,-1,-1,0.000000,0.000000,0.000000,False,Sin AprilTag: medicion congelada
1777334360.936511,False,False,0.00000000,-1,-1,0.000000,0.000000,0.000000,False,Sin AprilTag: medicion congelada
1777334360.987176,False,False,0.00000000,-1,-1,0.000000,0.000000,0.000000,False,Sin AprilTag: medicion congelada
1777334361.031406,False,False,0.00000000,-1,-1,0.000000,0.000000,0.000000,False,Sin AprilTag: medicion congelada
1777334361.070021,False,False,0.00000000,-1,-1,0.000000,0.000000,0.000000,False,Sin AprilTag: medicion congelada
1777334361.123186,False,False,0.00000000,-1,-1,0.000000,0.000000,0.000000,False,Sin AprilTag: medicion congelada
1777334361.169879,False,False,0.00000000,-1,-1,0.000000,0.000000,0.000000,False,Sin AprilTag: medicion congelada
1777334361.206180,False,False,0.00000000,-1,-1,0.000000,0.000000,0.000000,False,Sin AprilTag: medicion congelada
1777334361.245922,False,False,0.00000000,-1,-1,0.000000,0.000000,0.000000,False,Sin AprilTag: medicion congelada
1777334361.280207,False,False,0.00000000,-1,-1,0.000000,0.000000,0.000000,False,Sin AprilTag: medicion congelada
1777334361.330230,False,False,0.00000000,-1,-1,0.000000,0.000000,0.000000,False,Sin AprilTag: medicion congelada
1777334361.380470,False,False,0.00000000,-1,-1,0.000000,0.000000,0.000000,False,Sin AprilTag: medicion congelada
1777334361.414808,False,False,0.00000000,-1,-1,0.000000,0.000000,0.000000,False,Sin AprilTag: medicion congelada
1777334361.450104,False,False,0.00000000,-1,-1,0.000000,0.000000,0.000000,False,Sin AprilTag: medicion congelada
1777334361.486445,False,False,0.00000000,-1,-1,0.000000,0.000000,0.000000,False,Sin AprilTag: medicion congelada
1777334361.524280,False,False,0.00000000,-1,-1,0.000000,0.000000,0.000000,False,Sin AprilTag: medicion congelada
1777334361.574741,False,False,0.00000000,-1,-1,0.000000,0.000000,0.000000,False,Sin AprilTag: medicion congelada
1777334361.616654,False,False,0.00000000,-1,-1,0.000000,0.000000,0.000000,False,Sin AprilTag: medicion congelada
1777334361.663139,False,False,0.00000000,-1,-1,0.000000,0.000000,0.000000,False,Sin AprilTag: medicion congelada
1777334361.726837,False,False,0.00000000,-1,-1,0.000000,0.000000,0.000000,False,Sin AprilTag: medicion congelada
1777334361.760982,False,False,0.00000000,-1,-1,0.000000,0.000000,0.000000,False,Sin AprilTag: medicion congelada
1777334361.796325,False,False,0.00000000,-1,-1,0.000000,0.000000,0.000000,False,Sin AprilTag: medicion congelada
1777334361.830312,False,False,0.00000000,-1,-1,0.000000,0.000000,0.000000,False,Sin AprilTag: medicion congelada
1777334361.880926,False,False,0.00000000,-1,-1,0.000000,0.000000,0.000000,False,Sin AprilTag: medicion congelada
1777334361.936589,False,False,0.00000000,-1,-1,0.000000,0.000000,0.000000,False,Sin AprilTag: medicion congelada
1777334361.985146,False,False,0.00000000,-1,-1,0.000000,0.000000,0.000000,False,Sin AprilTag: medicion congelada
1777334362.030689,False,False,0.00000000,-1,-1,0.000000,0.000000,0.000000,False,Sin AprilTag: medicion congelada
1777334362.064393,False,False,0.00000000,-1,-1,0.000000,0.000000,0.000000,False,Sin AprilTag: medicion congelada
1777334362.098261,False,False,0.00000000,-1,-1,0.000000,0.000000,0.000000,False,Sin AprilTag: medicion congelada
1777334362.141808,False,False,0.00000000,-1,-1,0.000000,0.000000,0.000000,False,Sin AprilTag: medicion congelada
1777334362.175637,False,False,0.00000000,-1,-1,0.000000,0.000000,0.000000,False,Sin AprilTag: medicion congelada
1777334362.209692,False,False,0.00000000,-1,-1,0.000000,0.000000,0.000000,False,Sin AprilTag: medicion congelada
1777334362.244022,False,False,0.00000000,-1,-1,0.000000,0.000000,0.000000,False,Sin AprilTag: medicion congelada
1777334362.278631,False,False,0.00000000,-1,-1,0.000000,0.000000,0.000000,False,Sin AprilTag: medicion congelada
1777334362.312779,False,False,0.00000000,-1,-1,0.000000,0.000000,0.000000,False,Sin AprilTag: medicion congelada
1777334362.346755,False,False,0.00000000,-1,-1,0.000000,0.000000,0.000000,False,Sin AprilTag: medicion congelada
1777334362.380053,False,False,0.00000000,-1,-1,0.000000,0.000000,0.000000,False,Sin AprilTag: medicion congelada
1777334362.413947,False,False,0.00000000,-1,-1,0.000000,0.000000,0.000000,False,Sin AprilTag: medicion congelada
1777334362.447826,False,False,0.00000000,-1,-1,0.000000,0.000000,0.000000,False,Sin AprilTag: medicion congelada
1777334362.483262,False,False,0.00000000,-1,-1,0.000000,0.000000,0.000000,False,Sin AprilTag: medicion congelada
1777334362.517056,False,False,0.00000000,-1,-1,0.000000,0.000000,0.000000,False,Sin AprilTag: medicion congelada
1777334362.551240,False,False,0.00000000,-1,-1,0.000000,0.000000,0.000000,False,Sin AprilTag: medicion congelada
1777334362.587625,False,False,0.00000000,-1,-1,0.000000,0.000000,0.000000,False,Sin AprilTag: medicion congelada
1777334362.621364,False,False,0.00000000,-1,-1,0.000000,0.000000,0.000000,False,Sin AprilTag: medicion congelada
1777334362.656023,False,False,0.00000000,-1,-1,0.000000,0.000000,0.000000,False,Sin AprilTag: medicion congelada
1777334362.689029,False,False,0.00000000,-1,-1,0.000000,0.000000,0.000000,False,Sin AprilTag: medicion congelada
1777334362.722729,False,False,0.00000000,-1,-1,0.000000,0.000000,0.000000,False,Sin AprilTag: medicion congelada
1777334362.758160,False,False,0.00000000,-1,-1,0.000000,0.000000,0.000000,False,Sin AprilTag: medicion congelada
1777334362.792736,False,False,0.00000000,-1,-1,0.000000,0.000000,0.000000,False,Sin AprilTag: medicion congelada
1777334362.827008,False,False,0.00000000,-1,-1,0.000000,0.000000,0.000000,False,Sin AprilTag: medicion congelada
1777334362.861151,False,False,0.00000000,-1,-1,0.000000,0.000000,0.000000,False,Sin AprilTag: medicion congelada
1777334362.895420,False,False,0.00000000,-1,-1,0.000000,0.000000,0.000000,False,Sin AprilTag: medicion congelada
1777334362.929223,False,False,0.00000000,-1,-1,0.000000,0.000000,0.000000,False,Sin AprilTag: medicion congelada
1777334362.963644,False,False,0.00000000,-1,-1,0.000000,0.000000,0.000000,False,Sin AprilTag: medicion congelada
1777334363.014971,False,False,0.00000000,-1,-1,0.000000,0.000000,0.000000,False,Sin AprilTag: medicion congelada
1777334363.066516,False,False,0.00000000,-1,-1,0.000000,0.000000,0.000000,False,Sin AprilTag: medicion congelada
1777334363.116214,False,False,0.00000000,-1,-1,0.000000,0.000000,0.000000,False,Sin AprilTag: medicion congelada
1777334363.170525,False,False,0.00000000,-1,-1,0.000000,0.000000,0.000000,False,Sin AprilTag: medicion congelada
1777334363.221255,False,False,0.00000000,-1,-1,0.000000,0.000000,0.000000,False,Sin AprilTag: medicion congelada
1777334363.256392,False,False,0.00000000,-1,-1,0.000000,0.000000,0.000000,False,Sin AprilTag: medicion congelada
1777334363.290040,False,False,0.00000000,-1,-1,0.000000,0.000000,0.000000,False,Sin AprilTag: medicion congelada
1777334363.324157,False,False,0.00000000,-1,-1,0.000000,0.000000,0.000000,False,Sin AprilTag: medicion congelada
1777334363.358066,False,False,0.00000000,-1,-1,0.000000,0.000000,0.000000,False,Sin AprilTag: medicion congelada
1777334363.383528,False,False,0.00000000,-1,-1,0.000000,0.000000,0.000000,False,Sin AprilTag: medicion congelada
1777334363.412964,False,False,0.00000000,-1,-1,0.000000,0.000000,0.000000,False,Sin AprilTag: medicion congelada
1777334363.444337,False,False,0.00000000,-1,-1,0.000000,0.000000,0.000000,False,Sin AprilTag: medicion congelada
1777334363.473023,False,False,0.00000000,-1,-1,0.000000,0.000000,0.000000,False,Sin AprilTag: medicion congelada
1777334363.502558,False,False,0.00000000,-1,-1,0.000000,0.000000,0.000000,False,Sin AprilTag: medicion congelada
1777334363.533943,False,False,0.00000000,-1,-1,0.000000,0.000000,0.000000,False,Sin AprilTag: medicion congelada
1777334363.567522,False,False,0.00000000,-1,-1,0.000000,0.000000,0.000000,False,Sin AprilTag: medicion congelada
1777334363.600661,False,False,0.00000000,-1,-1,0.000000,0.000000,0.000000,False,Sin AprilTag: medicion congelada
1777334363.648429,False,False,0.00000000,-1,-1,0.000000,0.000000,0.000000,False,Sin AprilTag: medicion congelada
1777334363.690158,False,False,0.00000000,-1,-1,0.000000,0.000000,0.000000,False,Sin AprilTag: medicion congelada
1777334363.724723,False,False,0.00000000,-1,-1,0.000000,0.000000,0.000000,False,Sin AprilTag: medicion congelada
1777334363.766765,False,False,0.00000000,-1,-1,0.000000,0.000000,0.000000,False,Sin AprilTag: medicion congelada
1777334363.800993,False,False,0.00000000,-1,-1,0.000000,0.000000,0.000000,False,Sin AprilTag: medicion congelada
1777334363.835670,False,False,0.00000000,-1,-1,0.000000,0.000000,0.000000,False,Sin AprilTag: medicion congelada
1777334363.869806,False,False,0.00000000,-1,-1,0.000000,0.000000,0.000000,False,Sin AprilTag: medicion congelada
1777334363.919860,False,False,0.00000000,-1,-1,0.000000,0.000000,0.000000,False,Sin AprilTag: medicion congelada
1777334363.969768,False,False,0.00000000,-1,-1,0.000000,0.000000,0.000000,False,Sin AprilTag: medicion congelada
1777334364.017619,False,False,0.00000000,-1,-1,0.000000,0.000000,0.000000,False,Sin AprilTag: medicion congelada
1777334364.062985,False,False,0.00000000,-1,-1,0.000000,0.000000,0.000000,False,Sin AprilTag: medicion congelada
1777334364.128240,False,False,0.00000000,-1,-1,0.000000,0.000000,0.000000,False,Sin AprilTag: medicion congelada
1777334364.178234,False,False,0.00000000,-1,-1,0.000000,0.000000,0.000000,False,Sin AprilTag: medicion congelada
1777334364.212479,False,False,0.00000000,-1,-1,0.000000,0.000000,0.000000,False,Sin AprilTag: medicion congelada
1777334364.247349,False,False,0.00000000,-1,-1,0.000000,0.000000,0.000000,False,Sin AprilTag: medicion congelada
1777334364.282490,False,False,0.00000000,-1,-1,0.000000,0.000000,0.000000,False,Sin AprilTag: medicion congelada
1777334364.316541,False,False,0.00000000,-1,-1,0.000000,0.000000,0.000000,False,Sin AprilTag: medicion congelada
1777334364.349837,False,False,0.00000000,-1,-1,0.000000,0.000000,0.000000,False,Sin AprilTag: medicion congelada
1777334364.383562,False,False,0.00000000,-1,-1,0.000000,0.000000,0.000000,False,Sin AprilTag: medicion congelada
1777334364.417744,False,False,0.00000000,-1,-1,0.000000,0.000000,0.000000,False,Sin AprilTag: medicion congelada
1777334364.452292,False,False,0.00000000,-1,-1,0.000000,0.000000,0.000000,False,Sin AprilTag: medicion congelada
1777334364.486305,False,False,0.00000000,-1,-1,0.000000,0.000000,0.000000,False,Sin AprilTag: medicion congelada
1777334364.520519,False,False,0.00000000,-1,-1,0.000000,0.000000,0.000000,False,Sin AprilTag: medicion congelada
1777334364.554524,False,False,0.00000000,-1,-1,0.000000,0.000000,0.000000,False,Sin AprilTag: medicion congelada
1777334364.588664,False,False,0.00000000,-1,-1,0.000000,0.000000,0.000000,False,Sin AprilTag: medicion congelada
1777334364.623286,False,False,0.00000000,-1,-1,0.000000,0.000000,0.000000,False,Sin AprilTag: medicion congelada
1777334364.673075,False,False,0.00000000,-1,-1,0.000000,0.000000,0.000000,False,Sin AprilTag: medicion congelada
1777334364.722684,False,False,0.00000000,-1,-1,0.000000,0.000000,0.000000,False,Sin AprilTag: medicion congelada
1777334364.772539,False,False,0.00000000,-1,-1,0.000000,0.000000,0.000000,False,Sin AprilTag: medicion congelada
1777334364.822969,False,False,0.00000000,-1,-1,0.000000,0.000000,0.000000,False,Sin AprilTag: medicion congelada
1777334364.889407,False,False,0.00000000,-1,-1,0.000000,0.000000,0.000000,False,Sin AprilTag: medicion congelada
1777334364.941595,False,False,0.00000000,-1,-1,0.000000,0.000000,0.000000,False,Sin AprilTag: medicion congelada
1777334364.975599,False,False,0.00000000,-1,-1,0.000000,0.000000,0.000000,False,Sin AprilTag: medicion congelada
1777334365.025145,False,True,0.00000000,617,98,0.000000,0.000000,0.000000,False,Sin AprilTag: medicion congelada
1777334365.089756,False,True,0.00000000,599,207,0.000000,0.000000,0.000000,False,Sin AprilTag: medicion congelada
1777334365.155458,False,True,0.00000000,599,207,0.000000,0.000000,0.000000,False,Sin AprilTag: medicion congelada
1777334365.196582,False,True,0.00000000,582,211,0.000000,0.000000,0.000000,False,Sin AprilTag: medicion congelada
1777334365.231298,False,True,0.00000000,582,211,0.000000,0.000000,0.000000,False,Sin AprilTag: medicion congelada
1777334365.265708,False,True,0.00000000,555,157,0.000000,0.000000,0.000000,False,Sin AprilTag: medicion congelada
1777334365.300117,False,True,0.00000000,555,157,0.000000,0.000000,0.000000,False,Sin AprilTag: medicion congelada
1777334365.333839,False,True,0.00000000,549,154,0.000000,0.000000,0.000000,False,Sin AprilTag: medicion congelada
1777334365.368301,False,True,0.00000000,542,161,0.000000,0.000000,0.000000,False,Sin AprilTag: medicion congelada
1777334365.402626,False,True,0.00000000,542,161,0.000000,0.000000,0.000000,False,Sin AprilTag: medicion congelada
1777334365.440575,False,True,0.00000000,538,170,0.000000,0.000000,0.000000,False,Sin AprilTag: medicion congelada
1777334365.474765,False,True,0.00000000,538,170,0.000000,0.000000,0.000000,False,Sin AprilTag: medicion congelada
1777334365.508806,False,True,0.00000000,536,199,0.000000,0.000000,0.000000,False,Sin AprilTag: medicion congelada
1777334365.569170,False,True,0.00000000,539,219,0.000000,0.000000,0.000000,False,Sin AprilTag: medicion congelada
1777334365.619766,False,True,0.00000000,539,219,0.000000,0.000000,0.000000,False,Sin AprilTag: medicion congelada
1777334365.679360,False,True,0.00000000,540,248,0.000000,0.000000,0.000000,False,Sin AprilTag: medicion congelada
1777334365.713783,False,True,0.00000000,540,248,0.000000,0.000000,0.000000,False,Sin AprilTag: medicion congelada
1777334365.763519,False,True,0.00000000,551,282,0.000000,0.000000,0.000000,False,Sin AprilTag: medicion congelada
1777334365.832816,False,True,0.00000000,554,319,0.000000,0.000000,0.000000,False,Sin AprilTag: medicion congelada
1777334365.884040,False,True,0.00000000,556,329,0.000000,0.000000,0.000000,False,Sin AprilTag: medicion congelada
1777334365.958926,False,True,0.00000000,556,329,0.000000,0.000000,0.000000,False,Sin AprilTag: medicion congelada
1777334366.023571,False,True,0.00000000,559,334,0.000000,0.000000,0.000000,False,Sin AprilTag: medicion congelada
1777334366.062545,False,True,0.00000000,567,337,0.000000,0.000000,0.000000,False,Sin AprilTag: medicion congelada
1777334366.095814,False,True,0.00000000,568,337,0.000000,0.000000,0.000000,False,Sin AprilTag: medicion congelada
1777334366.130233,False,True,0.00000000,568,337,0.000000,0.000000,0.000000,False,Sin AprilTag: medicion congelada
1777334366.182531,False,True,0.00000000,572,339,0.000000,0.000000,0.000000,False,Sin AprilTag: medicion congelada
1777334366.249942,False,True,0.00000000,572,339,0.000000,0.000000,0.000000,False,Sin AprilTag: medicion congelada
1777334366.323124,False,True,0.00000000,576,346,0.000000,0.000000,0.000000,False,Sin AprilTag: medicion congelada
1777334366.389854,False,True,0.00000000,587,342,0.000000,0.000000,0.000000,False,Sin AprilTag: medicion congelada
1777334366.442304,False,True,0.00000000,584,340,0.000000,0.000000,0.000000,False,Sin AprilTag: medicion congelada
1777334366.494181,False,True,0.00000000,584,340,0.000000,0.000000,0.000000,False,Sin AprilTag: medicion congelada
1777334366.544997,False,True,0.00000000,562,340,0.000000,0.000000,0.000000,False,Sin AprilTag: medicion congelada
1777334366.588607,False,True,0.00000000,522,304,0.000000,0.000000,0.000000,False,Sin AprilTag: medicion congelada
1777334366.642897,False,True,0.00000000,496,291,0.000000,0.000000,0.000000,False,Sin AprilTag: medicion congelada
1777334366.699561,False,True,0.00000000,496,291,0.000000,0.000000,0.000000,False,Sin AprilTag: medicion congelada
1777334366.749998,False,True,0.00000000,475,284,0.000000,0.000000,0.000000,False,Sin AprilTag: medicion congelada
1777334366.800134,False,True,0.00000000,475,284,0.000000,0.000000,0.000000,False,Sin AprilTag: medicion congelada
1777334366.861981,False,True,0.00000000,451,277,0.000000,0.000000,0.000000,False,Sin AprilTag: medicion congelada
1777334366.896547,False,True,0.00000000,449,275,0.000000,0.000000,0.000000,False,Sin AprilTag: medicion congelada
1777334366.943072,False,True,0.00000000,446,276,0.000000,0.000000,0.000000,False,Sin AprilTag: medicion congelada
1777334366.981450,False,True,0.00000000,446,276,0.000000,0.000000,0.000000,False,Sin AprilTag: medicion congelada
1777334367.032281,False,True,0.00000000,444,274,0.000000,0.000000,0.000000,False,Sin AprilTag: medicion congelada
1777334367.076007,False,True,0.00000000,444,274,0.000000,0.000000,0.000000,False,Sin AprilTag: medicion congelada
1777334367.117177,False,True,0.00000000,440,280,0.000000,0.000000,0.000000,False,Sin AprilTag: medicion congelada
1777334367.183559,False,True,0.00000000,440,280,0.000000,0.000000,0.000000,False,Sin AprilTag: medicion congelada
1777334367.237765,False,True,0.00000000,432,284,0.000000,0.000000,0.000000,False,Sin AprilTag: medicion congelada
1777334367.271724,False,True,0.00000000,432,293,0.000000,0.000000,0.000000,False,Sin AprilTag: medicion congelada
1777334367.306155,False,True,0.00000000,425,307,0.000000,0.000000,0.000000,False,Sin AprilTag: medicion congelada
1777334367.340150,False,True,0.00000000,425,307,0.000000,0.000000,0.000000,False,Sin AprilTag: medicion congelada
1777334367.380672,False,True,0.00000000,423,317,0.000000,0.000000,0.000000,False,Sin AprilTag: medicion congelada
1777334367.415629,False,True,0.00000000,423,317,0.000000,0.000000,0.000000,False,Sin AprilTag: medicion congelada
1777334367.450081,False,True,0.00000000,419,329,0.000000,0.000000,0.000000,False,Sin AprilTag: medicion congelada
1777334367.493752,False,True,0.00000000,416,334,0.000000,0.000000,0.000000,False,Sin AprilTag: medicion congelada
1777334367.533548,False,True,0.00000000,416,334,0.000000,0.000000,0.000000,False,Sin AprilTag: medicion congelada
1777334367.566236,False,True,0.00000000,416,343,0.000000,0.000000,0.000000,False,Sin AprilTag: medicion congelada
1777334367.600891,False,True,0.00000000,416,343,0.000000,0.000000,0.000000,False,Sin AprilTag: medicion congelada
1777334367.635127,False,True,0.00000000,417,348,0.000000,0.000000,0.000000,False,Sin AprilTag: medicion congelada
1777334367.669658,False,True,0.00000000,417,348,0.000000,0.000000,0.000000,False,Sin AprilTag: medicion congelada
1777334367.705050,False,True,0.00000000,418,348,0.000000,0.000000,0.000000,False,Sin AprilTag: medicion congelada
1777334367.755031,False,True,0.00000000,420,347,0.000000,0.000000,0.000000,False,Sin AprilTag: medicion congelada
1777334367.803899,False,True,0.00000000,420,347,0.000000,0.000000,0.000000,False,Sin AprilTag: medicion congelada
1777334367.845167,False,True,0.00000000,419,348,0.000000,0.000000,0.000000,False,Sin AprilTag: medicion congelada
1777334367.910712,False,True,0.00000000,418,347,0.000000,0.000000,0.000000,False,Sin AprilTag: medicion congelada
1777334367.977555,False,True,0.00000000,418,347,0.000000,0.000000,0.000000,False,Sin AprilTag: medicion congelada
1777334368.031502,False,True,0.00000000,419,349,0.000000,0.000000,0.000000,False,Sin AprilTag: medicion congelada
1777334368.078621,False,True,0.00000000,418,349,0.000000,0.000000,0.000000,False,Sin AprilTag: medicion congelada
1777334368.147236,False,True,0.00000000,420,349,0.000000,0.000000,0.000000,False,Sin AprilTag: medicion congelada
1777334368.217168,False,True,0.00000000,420,349,0.000000,0.000000,0.000000,False,Sin AprilTag: medicion congelada
1777334368.270387,False,True,0.00000000,428,350,0.000000,0.000000,0.000000,False,Sin AprilTag: medicion congelada
1777334368.320805,False,True,0.00000000,431,350,0.000000,0.000000,0.000000,False,Sin AprilTag: medicion congelada
1777334368.359835,False,True,0.00000000,431,350,0.000000,0.000000,0.000000,False,Sin AprilTag: medicion congelada
1777334368.420163,False,True,0.00000000,433,351,0.000000,0.000000,0.000000,False,Sin AprilTag: medicion congelada
1777334368.476677,False,True,0.00000000,435,351,0.000000,0.000000,0.000000,False,Sin AprilTag: medicion congelada
1777334368.514772,False,True,0.00000000,435,351,0.000000,0.000000,0.000000,False,Sin AprilTag: medicion congelada
1777334368.549223,False,True,0.00000000,436,351,0.000000,0.000000,0.000000,False,Sin AprilTag: medicion congelada
1777334368.583379,False,True,0.00000000,436,351,0.000000,0.000000,0.000000,False,Sin AprilTag: medicion congelada
1777334368.617836,False,True,0.00000000,438,351,0.000000,0.000000,0.000000,False,Sin AprilTag: medicion congelada
1777334368.652606,False,True,0.00000000,438,351,0.000000,0.000000,0.000000,False,Sin AprilTag: medicion congelada
1777334368.686486,False,True,0.00000000,438,351,0.000000,0.000000,0.000000,False,Sin AprilTag: medicion congelada
1777334368.720908,False,True,0.00000000,438,352,0.000000,0.000000,0.000000,False,Sin AprilTag: medicion congelada
1777334368.754953,False,True,0.00000000,438,352,0.000000,0.000000,0.000000,False,Sin AprilTag: medicion congelada
1777334368.789382,False,True,0.00000000,438,353,0.000000,0.000000,0.000000,False,Sin AprilTag: medicion congelada
1777334368.824538,False,True,0.00000000,438,353,0.000000,0.000000,0.000000,False,Sin AprilTag: medicion congelada
1777334368.874474,False,True,0.00000000,437,354,0.000000,0.000000,0.000000,False,Sin AprilTag: medicion congelada
1777334368.927292,False,True,0.00000000,437,354,0.000000,0.000000,0.000000,False,Sin AprilTag: medicion congelada
1777334368.977467,False,True,0.00000000,434,356,0.000000,0.000000,0.000000,False,Sin AprilTag: medicion congelada
1777334369.012084,False,True,0.00000000,434,356,0.000000,0.000000,0.000000,False,Sin AprilTag: medicion congelada
1777334369.063131,False,True,0.00000000,430,363,0.000000,0.000000,0.000000,False,Sin AprilTag: medicion congelada
1777334369.113386,False,True,0.00000000,430,363,0.000000,0.000000,0.000000,False,Sin AprilTag: medicion congelada
1777334369.148725,False,True,0.00000000,419,367,0.000000,0.000000,0.000000,False,Sin AprilTag: medicion congelada
1777334369.198423,False,True,0.00000000,419,367,0.000000,0.000000,0.000000,False,Sin AprilTag: medicion congelada
1777334369.248660,False,True,0.00000000,393,378,0.000000,0.000000,0.000000,False,Sin AprilTag: medicion congelada
1777334369.283067,False,True,0.00000000,384,384,0.000000,0.000000,0.000000,False,Sin AprilTag: medicion congelada
1777334369.346447,False,True,0.00000000,376,383,0.000000,0.000000,0.000000,False,Sin AprilTag: medicion congelada
1777334369.397413,False,True,0.00000000,376,383,0.000000,0.000000,0.000000,False,Sin AprilTag: medicion congelada
1777334369.432151,False,True,0.00000000,371,388,0.000000,0.000000,0.000000,False,Sin AprilTag: medicion congelada
1777334369.466466,False,True,0.00000000,371,388,0.000000,0.000000,0.000000,False,Sin AprilTag: medicion congelada
1777334369.500623,False,True,0.00000000,367,390,0.000000,0.000000,0.000000,False,Sin AprilTag: medicion congelada
1777334369.534512,False,True,0.00000000,367,390,0.000000,0.000000,0.000000,False,Sin AprilTag: medicion congelada
1777334369.569296,False,True,0.00000000,364,391,0.000000,0.000000,0.000000,False,Sin AprilTag: medicion congelada
1777334369.603239,False,True,0.00000000,363,391,0.000000,0.000000,0.000000,False,Sin AprilTag: medicion congelada
1777334369.637878,False,True,0.00000000,363,391,0.000000,0.000000,0.000000,False,Sin AprilTag: medicion congelada
1777334369.672501,False,True,0.00000000,363,391,0.000000,0.000000,0.000000,False,Sin AprilTag: medicion congelada
1777334369.706169,False,True,0.00000000,363,391,0.000000,0.000000,0.000000,False,Sin AprilTag: medicion congelada
1777334369.739387,False,True,0.00000000,362,388,0.000000,0.000000,0.000000,False,Sin AprilTag: medicion congelada
1777334369.773588,False,True,0.00000000,362,388,0.000000,0.000000,0.000000,False,Sin AprilTag: medicion congelada
1777334369.807293,False,True,0.00000000,361,386,0.000000,0.000000,0.000000,False,Sin AprilTag: medicion congelada
1777334369.841987,False,True,0.00000000,361,385,0.000000,0.000000,0.000000,False,Sin AprilTag: medicion congelada
1777334369.876487,False,True,0.00000000,361,385,0.000000,0.000000,0.000000,False,Sin AprilTag: medicion congelada
1777334369.926862,False,True,0.00000000,362,383,0.000000,0.000000,0.000000,False,Sin AprilTag: medicion congelada
1777334369.976840,False,True,0.00000000,362,383,0.000000,0.000000,0.000000,False,Sin AprilTag: medicion congelada
1777334370.026256,False,True,0.00000000,362,380,0.000000,0.000000,0.000000,False,Sin AprilTag: medicion congelada
1777334370.061196,False,True,0.00000000,364,380,0.000000,0.000000,0.000000,False,Sin AprilTag: medicion congelada
1777334370.132723,False,True,0.00000000,367,379,0.000000,0.000000,0.000000,False,Sin AprilTag: medicion congelada
1777334370.197743,False,True,0.00000000,367,379,0.000000,0.000000,0.000000,False,Sin AprilTag: medicion congelada
1777334370.247785,False,True,0.00000000,371,382,0.000000,0.000000,0.000000,False,Sin AprilTag: medicion congelada
1777334370.301546,False,True,0.00000000,368,376,0.000000,0.000000,0.000000,False,Sin AprilTag: medicion congelada
1777334370.338691,False,True,0.00000000,368,376,0.000000,0.000000,0.000000,False,Sin AprilTag: medicion congelada
1777334370.372431,False,True,0.00000000,388,324,0.000000,0.000000,0.000000,False,Sin AprilTag: medicion congelada
1777334370.407024,False,True,0.00000000,388,324,0.000000,0.000000,0.000000,False,Sin AprilTag: medicion congelada
1777334370.439953,False,True,0.00000000,456,364,0.000000,0.000000,0.000000,False,Sin AprilTag: medicion congelada
1777334370.474622,False,True,0.00000000,456,364,0.000000,0.000000,0.000000,False,Sin AprilTag: medicion congelada
1777334370.508634,False,True,0.00000000,517,336,0.000000,0.000000,0.000000,False,Sin AprilTag: medicion congelada
1777334370.542778,False,True,0.00000000,582,313,0.000000,0.000000,0.000000,False,Sin AprilTag: medicion congelada
1777334370.576869,False,True,0.00000000,582,313,0.000000,0.000000,0.000000,False,Sin AprilTag: medicion congelada
1777334370.610727,False,False,0.00000000,-1,-1,0.000000,0.000000,0.000000,False,Sin AprilTag: medicion congelada
1777334370.645186,False,False,0.00000000,-1,-1,0.000000,0.000000,0.000000,False,Sin AprilTag: medicion congelada
1777334370.680419,False,False,0.00000000,-1,-1,0.000000,0.000000,0.000000,False,Sin AprilTag: medicion congelada
1777334370.714071,False,False,0.00000000,-1,-1,0.000000,0.000000,0.000000,False,Sin AprilTag: medicion congelada
1777334370.748477,False,False,0.00000000,-1,-1,0.000000,0.000000,0.000000,False,Sin AprilTag: medicion congelada
1777334370.783082,False,False,0.00000000,-1,-1,0.000000,0.000000,0.000000,False,Sin AprilTag: medicion congelada
1777334370.817077,False,False,0.00000000,-1,-1,0.000000,0.000000,0.000000,False,Sin AprilTag: medicion congelada
1777334370.850183,False,False,0.00000000,-1,-1,0.000000,0.000000,0.000000,False,Sin AprilTag: medicion congelada
1777334370.884981,False,False,0.00000000,-1,-1,0.000000,0.000000,0.000000,False,Sin AprilTag: medicion congelada
1777334370.919163,False,False,0.00000000,-1,-1,0.000000,0.000000,0.000000,False,Sin AprilTag: medicion congelada
1777334370.952899,False,False,0.00000000,-1,-1,0.000000,0.000000,0.000000,False,Sin AprilTag: medicion congelada
1777334370.987065,False,False,0.00000000,-1,-1,0.000000,0.000000,0.000000,False,Sin AprilTag: medicion congelada
1777334371.022184,False,False,0.00000000,-1,-1,0.000000,0.000000,0.000000,False,Sin AprilTag: medicion congelada
1777334371.056528,False,False,0.00000000,-1,-1,0.000000,0.000000,0.000000,False,Sin AprilTag: medicion congelada
1777334371.091409,False,False,0.00000000,-1,-1,0.000000,0.000000,0.000000,False,Sin AprilTag: medicion congelada
1777334371.120239,False,False,0.00000000,-1,-1,0.000000,0.000000,0.000000,False,Sin AprilTag: medicion congelada
1777334371.162316,False,False,0.00000000,-1,-1,0.000000,0.000000,0.000000,False,Sin AprilTag: medicion congelada
1777334371.196722,False,False,0.00000000,-1,-1,0.000000,0.000000,0.000000,False,Sin AprilTag: medicion congelada
1777334371.232908,False,False,0.00000000,-1,-1,0.000000,0.000000,0.000000,False,Sin AprilTag: medicion congelada
1777334371.264489,False,False,0.00000000,-1,-1,0.000000,0.000000,0.000000,False,Sin AprilTag: medicion congelada
1777334371.297258,False,False,0.00000000,-1,-1,0.000000,0.000000,0.000000,False,Sin AprilTag: medicion congelada
1777334371.328198,False,False,0.00000000,-1,-1,0.000000,0.000000,0.000000,False,Sin AprilTag: medicion congelada
1777334371.363767,False,False,0.00000000,-1,-1,0.000000,0.000000,0.000000,False,Sin AprilTag: medicion congelada
1777334371.397378,False,False,0.00000000,-1,-1,0.000000,0.000000,0.000000,False,Sin AprilTag: medicion congelada
1777334371.431405,False,False,0.00000000,-1,-1,0.000000,0.000000,0.000000,False,Sin AprilTag: medicion congelada
1777334371.460835,False,False,0.00000000,-1,-1,0.000000,0.000000,0.000000,False,Sin AprilTag: medicion congelada
1777334371.489235,False,False,0.00000000,-1,-1,0.000000,0.000000,0.000000,False,Sin AprilTag: medicion congelada
1777334371.516559,False,False,0.00000000,-1,-1,0.000000,0.000000,0.000000,False,Sin AprilTag: medicion congelada
1777334371.542902,False,False,0.00000000,-1,-1,0.000000,0.000000,0.000000,False,Sin AprilTag: medicion congelada
1777334371.578377,False,False,0.00000000,-1,-1,0.000000,0.000000,0.000000,False,Sin AprilTag: medicion congelada
1777334371.612606,False,False,0.00000000,-1,-1,0.000000,0.000000,0.000000,False,Sin AprilTag: medicion congelada
1777334371.646260,False,False,0.00000000,-1,-1,0.000000,0.000000,0.000000,False,Sin AprilTag: medicion congelada
1777334371.679626,False,False,0.00000000,-1,-1,0.000000,0.000000,0.000000,False,Sin AprilTag: medicion congelada
1777334371.714632,False,False,0.00000000,-1,-1,0.000000,0.000000,0.000000,False,Sin AprilTag: medicion congelada
1777334371.741120,False,False,0.00000000,-1,-1,0.000000,0.000000,0.000000,False,Sin AprilTag: medicion congelada
1777334371.776481,False,False,0.00000000,-1,-1,0.000000,0.000000,0.000000,False,Sin AprilTag: medicion congelada
1777334371.810745,False,False,0.00000000,-1,-1,0.000000,0.000000,0.000000,False,Sin AprilTag: medicion congelada
1777334371.845295,False,False,0.00000000,-1,-1,0.000000,0.000000,0.000000,False,Sin AprilTag: medicion congelada
1777334371.880200,False,False,0.00000000,-1,-1,0.000000,0.000000,0.000000,False,Sin AprilTag: medicion congelada
1777334371.914463,False,False,0.00000000,-1,-1,0.000000,0.000000,0.000000,False,Sin AprilTag: medicion congelada
1777334371.947397,False,False,0.00000000,-1,-1,0.000000,0.000000,0.000000,False,Sin AprilTag: medicion congelada
1777334371.982286,False,False,0.00000000,-1,-1,0.000000,0.000000,0.000000,False,Sin AprilTag: medicion congelada
1777334372.016777,False,False,0.00000000,-1,-1,0.000000,0.000000,0.000000,False,Sin AprilTag: medicion congelada
1777334372.055368,False,False,0.00000000,-1,-1,0.000000,0.000000,0.000000,False,Sin AprilTag: medicion congelada
1777334372.082097,False,False,0.00000000,-1,-1,0.000000,0.000000,0.000000,False,Sin AprilTag: medicion congelada
1777334372.117499,False,False,0.00000000,-1,-1,0.000000,0.000000,0.000000,False,Sin AprilTag: medicion congelada
1777334372.143995,False,False,0.00000000,-1,-1,0.000000,0.000000,0.000000,False,Sin AprilTag: medicion congelada
1777334372.178824,False,False,0.00000000,-1,-1,0.000000,0.000000,0.000000,False,Sin AprilTag: medicion congelada
1777334372.220813,False,False,0.00000000,-1,-1,0.000000,0.000000,0.000000,False,Sin AprilTag: medicion congelada
1777334372.254717,False,False,0.00000000,-1,-1,0.000000,0.000000,0.000000,False,Sin AprilTag: medicion congelada
1777334372.289542,False,False,0.00000000,-1,-1,0.000000,0.000000,0.000000,False,Sin AprilTag: medicion congelada
1777334372.323716,False,False,0.00000000,-1,-1,0.000000,0.000000,0.000000,False,Sin AprilTag: medicion congelada
1777334372.358608,False,False,0.00000000,-1,-1,0.000000,0.000000,0.000000,False,Sin AprilTag: medicion congelada
1777334372.392638,False,False,0.00000000,-1,-1,0.000000,0.000000,0.000000,False,Sin AprilTag: medicion congelada
1777334372.430264,False,False,0.00000000,-1,-1,0.000000,0.000000,0.000000,False,Sin AprilTag: medicion congelada
1777334372.472803,False,False,0.00000000,-1,-1,0.000000,0.000000,0.000000,False,Sin AprilTag: medicion congelada
1777334372.517200,False,False,0.00000000,-1,-1,0.000000,0.000000,0.000000,False,Sin AprilTag: medicion congelada
1777334372.556027,False,False,0.00000000,-1,-1,0.000000,0.000000,0.000000,False,Sin AprilTag: medicion congelada
1777334372.593701,False,False,0.00000000,-1,-1,0.000000,0.000000,0.000000,False,Sin AprilTag: medicion congelada
1777334372.637912,False,False,0.00000000,-1,-1,0.000000,0.000000,0.000000,False,Sin AprilTag: medicion congelada
1777334372.667434,False,False,0.00000000,-1,-1,0.000000,0.000000,0.000000,False,Sin AprilTag: medicion congelada
1777334372.699767,False,False,0.00000000,-1,-1,0.000000,0.000000,0.000000,False,Sin AprilTag: medicion congelada
1777334372.746662,False,False,0.00000000,-1,-1,0.000000,0.000000,0.000000,False,Sin AprilTag: medicion congelada
1777334372.781844,False,False,0.00000000,-1,-1,0.000000,0.000000,0.000000,False,Sin AprilTag: medicion congelada
1777334372.814617,False,False,0.00000000,-1,-1,0.000000,0.000000,0.000000,False,Sin AprilTag: medicion congelada
1777334372.848321,False,False,0.00000000,-1,-1,0.000000,0.000000,0.000000,False,Sin AprilTag: medicion congelada
1777334372.889105,False,False,0.00000000,-1,-1,0.000000,0.000000,0.000000,False,Sin AprilTag: medicion congelada
1777334372.941783,False,False,0.00000000,-1,-1,0.000000,0.000000,0.000000,False,Sin AprilTag: medicion congelada
1777334372.978719,False,False,0.00000000,-1,-1,0.000000,0.000000,0.000000,False,Sin AprilTag: medicion congelada
1777334373.015082,False,False,0.00000000,-1,-1,0.000000,0.000000,0.000000,False,Sin AprilTag: medicion congelada
1777334373.049390,False,False,0.00000000,-1,-1,0.000000,0.000000,0.000000,False,Sin AprilTag: medicion congelada
1777334373.083910,False,False,0.00000000,-1,-1,0.000000,0.000000,0.000000,False,Sin AprilTag: medicion congelada
1777334373.109975,False,False,0.00000000,-1,-1,0.000000,0.000000,0.000000,False,Sin AprilTag: medicion congelada
1777334373.159401,False,False,0.00000000,-1,-1,0.000000,0.000000,0.000000,False,Sin AprilTag: medicion congelada
1777334373.194819,False,False,0.00000000,-1,-1,0.000000,0.000000,0.000000,False,Sin AprilTag: medicion congelada
1777334373.229398,False,False,0.00000000,-1,-1,0.000000,0.000000,0.000000,False,Sin AprilTag: medicion congelada
1777334373.263577,False,False,0.00000000,-1,-1,0.000000,0.000000,0.000000,False,Sin AprilTag: medicion congelada
1777334373.297572,False,False,0.00000000,-1,-1,0.000000,0.000000,0.000000,False,Sin AprilTag: medicion congelada
1777334373.332454,False,False,0.00000000,-1,-1,0.000000,0.000000,0.000000,False,Sin AprilTag: medicion congelada
1777334373.367109,False,False,0.00000000,-1,-1,0.000000,0.000000,0.000000,False,Sin AprilTag: medicion congelada
1777334373.418662,False,False,0.00000000,-1,-1,0.000000,0.000000,0.000000,False,Sin AprilTag: medicion congelada
1777334373.469945,False,False,0.00000000,-1,-1,0.000000,0.000000,0.000000,False,Sin AprilTag: medicion congelada
1777334373.519174,False,False,0.00000000,-1,-1,0.000000,0.000000,0.000000,False,Sin AprilTag: medicion congelada
1777334373.552247,False,False,0.00000000,-1,-1,0.000000,0.000000,0.000000,False,Sin AprilTag: medicion congelada
1777334373.989789,False,False,0.00000000,-1,-1,0.000000,0.000000,0.000000,False,Sin AprilTag: medicion congelada
1777334374.248419,False,False,0.00000000,-1,-1,0.000000,0.000000,0.000000,False,Sin AprilTag: medicion congelada
1777334374.284861,False,False,0.00000000,-1,-1,0.000000,0.000000,0.000000,False,Sin AprilTag: medicion congelada
1777334374.319176,False,False,0.00000000,-1,-1,0.000000,0.000000,0.000000,False,Sin AprilTag: medicion congelada
1777334374.397470,False,False,0.00000000,-1,-1,0.000000,0.000000,0.000000,False,Sin AprilTag: medicion congelada
1777334374.431805,False,False,0.00000000,-1,-1,0.000000,0.000000,0.000000,False,Sin AprilTag: medicion congelada
1777334374.466281,False,False,0.00000000,-1,-1,0.000000,0.000000,0.000000,False,Sin AprilTag: medicion congelada
1777334374.490415,False,False,0.00000000,-1,-1,0.000000,0.000000,0.000000,False,Sin AprilTag: medicion congelada
1777334374.524894,False,False,0.00000000,-1,-1,0.000000,0.000000,0.000000,False,Sin AprilTag: medicion congelada
1777334374.558952,False,False,0.00000000,-1,-1,0.000000,0.000000,0.000000,False,Sin AprilTag: medicion congelada
1777334374.593347,False,False,0.00000000,-1,-1,0.000000,0.000000,0.000000,False,Sin AprilTag: medicion congelada
1777334374.639570,False,False,0.00000000,-1,-1,0.000000,0.000000,0.000000,False,Sin AprilTag: medicion congelada
1777334374.670238,False,False,0.00000000,-1,-1,0.000000,0.000000,0.000000,False,Sin AprilTag: medicion congelada
1777334374.701604,False,False,0.00000000,-1,-1,0.000000,0.000000,0.000000,False,Sin AprilTag: medicion congelada
1777334374.735442,False,False,0.00000000,-1,-1,0.000000,0.000000,0.000000,False,Sin AprilTag: medicion congelada
1777334374.801845,False,False,0.00000000,-1,-1,0.000000,0.000000,0.000000,False,Sin AprilTag: medicion congelada
1777334374.850646,False,False,0.00000000,-1,-1,0.000000,0.000000,0.000000,False,Sin AprilTag: medicion congelada
1777334374.882825,False,False,0.00000000,-1,-1,0.000000,0.000000,0.000000,False,Sin AprilTag: medicion congelada
1777334374.927125,False,False,0.00000000,-1,-1,0.000000,0.000000,0.000000,False,Sin AprilTag: medicion congelada
1777334374.961706,False,False,0.00000000,-1,-1,0.000000,0.000000,0.000000,False,Sin AprilTag: medicion congelada
1777334374.993096,False,False,0.00000000,-1,-1,0.000000,0.000000,0.000000,False,Sin AprilTag: medicion congelada
1777334375.039928,False,False,0.00000000,-1,-1,0.000000,0.000000,0.000000,False,Sin AprilTag: medicion congelada
1777334375.095640,False,False,0.00000000,-1,-1,0.000000,0.000000,0.000000,False,Sin AprilTag: medicion congelada
1777334375.127622,False,False,0.00000000,-1,-1,0.000000,0.000000,0.000000,False,Sin AprilTag: medicion congelada
1777334375.166080,False,False,0.00000000,-1,-1,0.000000,0.000000,0.000000,False,Sin AprilTag: medicion congelada
1777334375.200624,False,False,0.00000000,-1,-1,0.000000,0.000000,0.000000,False,Sin AprilTag: medicion congelada
1777334375.267997,False,False,0.00000000,-1,-1,0.000000,0.000000,0.000000,False,Sin AprilTag: medicion congelada
1777334375.297089,False,False,0.00000000,-1,-1,0.000000,0.000000,0.000000,False,Sin AprilTag: medicion congelada
1777334375.343324,False,False,0.00000000,-1,-1,0.000000,0.000000,0.000000,False,Sin AprilTag: medicion congelada
1777334375.368029,False,False,0.00000000,-1,-1,0.000000,0.000000,0.000000,False,Sin AprilTag: medicion congelada
1777334375.407507,False,False,0.00000000,-1,-1,0.000000,0.000000,0.000000,False,Sin AprilTag: medicion congelada
1777334375.443823,False,False,0.00000000,-1,-1,0.000000,0.000000,0.000000,False,Sin AprilTag: medicion congelada
1777334375.498712,False,False,0.00000000,-1,-1,0.000000,0.000000,0.000000,False,Sin AprilTag: medicion congelada
1777334375.552506,False,False,0.00000000,-1,-1,0.000000,0.000000,0.000000,False,Sin AprilTag: medicion congelada
1777334375.585486,False,False,0.00000000,-1,-1,0.000000,0.000000,0.000000,False,Sin AprilTag: medicion congelada
1777334375.619318,False,False,0.00000000,-1,-1,0.000000,0.000000,0.000000,False,Sin AprilTag: medicion congelada
1777334375.668705,False,False,0.00000000,-1,-1,0.000000,0.000000,0.000000,False,Sin AprilTag: medicion congelada
1777334375.702510,False,False,0.00000000,-1,-1,0.000000,0.000000,0.000000,False,Sin AprilTag: medicion congelada
1777334375.765558,False,False,0.00000000,-1,-1,0.000000,0.000000,0.000000,False,Sin AprilTag: medicion congelada
1777334375.830855,False,False,0.00000000,-1,-1,0.000000,0.000000,0.000000,False,Sin AprilTag: medicion congelada
1777334375.881190,False,False,0.00000000,-1,-1,0.000000,0.000000,0.000000,False,Sin AprilTag: medicion congelada
1777334375.951853,False,False,0.00000000,-1,-1,0.000000,0.000000,0.000000,False,Sin AprilTag: medicion congelada
1777334376.007729,False,False,0.00000000,-1,-1,0.000000,0.000000,0.000000,False,Sin AprilTag: medicion congelada
1777334376.047002,False,False,0.00000000,-1,-1,0.000000,0.000000,0.000000,False,Sin AprilTag: medicion congelada
1777334376.133831,False,False,0.00000000,-1,-1,0.000000,0.000000,0.000000,False,Sin AprilTag: medicion congelada
1777334376.204796,False,False,0.00000000,-1,-1,0.000000,0.000000,0.000000,False,Sin AprilTag: medicion congelada
1777334376.268652,False,False,0.00000000,-1,-1,0.000000,0.000000,0.000000,False,Sin AprilTag: medicion congelada
1777334376.345104,False,False,0.00000000,-1,-1,0.000000,0.000000,0.000000,False,Sin AprilTag: medicion congelada
1777334376.408423,False,False,0.00000000,-1,-1,0.000000,0.000000,0.000000,False,Sin AprilTag: medicion congelada
1777334376.472229,False,False,0.00000000,-1,-1,0.000000,0.000000,0.000000,False,Sin AprilTag: medicion congelada
1777334376.551723,False,False,0.00000000,-1,-1,0.000000,0.000000,0.000000,False,Sin AprilTag: medicion congelada
1777334376.615704,False,False,0.00000000,-1,-1,0.000000,0.000000,0.000000,False,Sin AprilTag: medicion congelada
1777334376.710974,False,False,0.00000000,-1,-1,0.000000,0.000000,0.000000,False,Sin AprilTag: medicion congelada
1777334376.803651,False,False,0.00000000,-1,-1,0.000000,0.000000,0.000000,False,Sin AprilTag: medicion congelada
1777334376.881188,False,False,0.00000000,-1,-1,0.000000,0.000000,0.000000,False,Sin AprilTag: medicion congelada
1777334376.950171,False,False,0.00000000,-1,-1,0.000000,0.000000,0.000000,False,Sin AprilTag: medicion congelada
1777334377.017312,False,False,0.00000000,-1,-1,0.000000,0.000000,0.000000,False,Sin AprilTag: medicion congelada
1777334377.087288,False,False,0.00000000,-1,-1,0.000000,0.000000,0.000000,False,Sin AprilTag: medicion congelada
1777334377.150919,False,False,0.00000000,-1,-1,0.000000,0.000000,0.000000,False,Sin AprilTag: medicion congelada
1777334377.214090,False,False,0.00000000,-1,-1,0.000000,0.000000,0.000000,False,Sin AprilTag: medicion congelada
1777334377.278282,False,False,0.00000000,-1,-1,0.000000,0.000000,0.000000,False,Sin AprilTag: medicion congelada
1777334377.341424,False,False,0.00000000,-1,-1,0.000000,0.000000,0.000000,False,Sin AprilTag: medicion congelada
1777334377.405688,False,False,0.00000000,-1,-1,0.000000,0.000000,0.000000,False,Sin AprilTag: medicion congelada
1777334377.485402,False,False,0.00000000,-1,-1,0.000000,0.000000,0.000000,False,Sin AprilTag: medicion congelada
1777334377.564981,False,False,0.00000000,-1,-1,0.000000,0.000000,0.000000,False,Sin AprilTag: medicion congelada
1777334377.629188,False,False,0.00000000,-1,-1,0.000000,0.000000,0.000000,False,Sin AprilTag: medicion congelada
1777334377.693296,False,False,0.00000000,-1,-1,0.000000,0.000000,0.000000,False,Sin AprilTag: medicion congelada
1777334377.757011,False,False,0.00000000,-1,-1,0.000000,0.000000,0.000000,False,Sin AprilTag: medicion congelada
1777334377.821139,False,False,0.00000000,-1,-1,0.000000,0.000000,0.000000,False,Sin AprilTag: medicion congelada
1777334377.885369,False,False,0.00000000,-1,-1,0.000000,0.000000,0.000000,False,Sin AprilTag: medicion congelada
1777334377.949517,False,False,0.00000000,-1,-1,0.000000,0.000000,0.000000,False,Sin AprilTag: medicion congelada
1777334378.013387,False,False,0.00000000,-1,-1,0.000000,0.000000,0.000000,False,Sin AprilTag: medicion congelada
1777334378.077434,False,False,0.00000000,-1,-1,0.000000,0.000000,0.000000,False,Sin AprilTag: medicion congelada
1777334378.141624,False,False,0.00000000,-1,-1,0.000000,0.000000,0.000000,False,Sin AprilTag: medicion congelada
1777334378.205261,False,False,0.00000000,-1,-1,0.000000,0.000000,0.000000,False,Sin AprilTag: medicion congelada
1777334378.269765,False,False,0.00000000,-1,-1,0.000000,0.000000,0.000000,False,Sin AprilTag: medicion congelada
1777334378.333417,False,False,0.00000000,-1,-1,0.000000,0.000000,0.000000,False,Sin AprilTag: medicion congelada
1777334378.397338,False,False,0.00000000,-1,-1,0.000000,0.000000,0.000000,False,Sin AprilTag: medicion congelada
1777334378.461617,False,False,0.00000000,-1,-1,0.000000,0.000000,0.000000,False,Sin AprilTag: medicion congelada
1777334378.525621,False,False,0.00000000,-1,-1,0.000000,0.000000,0.000000,False,Sin AprilTag: medicion congelada
1777334378.589976,False,False,0.00000000,-1,-1,0.000000,0.000000,0.000000,False,Sin AprilTag: medicion congelada
1777334378.654102,False,False,0.00000000,-1,-1,0.000000,0.000000,0.000000,False,Sin AprilTag: medicion congelada
1777334378.718153,False,False,0.00000000,-1,-1,0.000000,0.000000,0.000000,False,Sin AprilTag: medicion congelada
1777334378.783790,False,False,0.00000000,-1,-1,0.000000,0.000000,0.000000,False,Sin AprilTag: medicion congelada
1777334378.849308,False,False,0.00000000,-1,-1,0.000000,0.000000,0.000000,False,Sin AprilTag: medicion congelada
1777334378.917253,False,False,0.00000000,-1,-1,0.000000,0.000000,0.000000,False,Sin AprilTag: medicion congelada
1777334378.980930,False,False,0.00000000,-1,-1,0.000000,0.000000,0.000000,False,Sin AprilTag: medicion congelada
1777334379.045465,False,False,0.00000000,-1,-1,0.000000,0.000000,0.000000,False,Sin AprilTag: medicion congelada
1777334379.114523,False,False,0.00000000,-1,-1,0.000000,0.000000,0.000000,False,Sin AprilTag: medicion congelada
1777334379.184771,False,False,0.00000000,-1,-1,0.000000,0.000000,0.000000,False,Sin AprilTag: medicion congelada
1777334379.250577,False,False,0.00000000,-1,-1,0.000000,0.000000,0.000000,False,Sin AprilTag: medicion congelada
1777334379.316036,False,False,0.00000000,-1,-1,0.000000,0.000000,0.000000,False,Sin AprilTag: medicion congelada
1777334379.395540,False,False,0.00000000,-1,-1,0.000000,0.000000,0.000000,False,Sin AprilTag: medicion congelada
1777334379.459151,False,False,0.00000000,-1,-1,0.000000,0.000000,0.000000,False,Sin AprilTag: medicion congelada
1777334379.523677,False,False,0.00000000,-1,-1,0.000000,0.000000,0.000000,False,Sin AprilTag: medicion congelada
1777334379.588099,False,False,0.00000000,-1,-1,0.000000,0.000000,0.000000,False,Sin AprilTag: medicion congelada
1777334379.651806,False,False,0.00000000,-1,-1,0.000000,0.000000,0.000000,False,Sin AprilTag: medicion congelada
1777334379.716210,False,False,0.00000000,-1,-1,0.000000,0.000000,0.000000,False,Sin AprilTag: medicion congelada
1777334379.780249,False,False,0.00000000,-1,-1,0.000000,0.000000,0.000000,False,Sin AprilTag: medicion congelada
1777334379.849413,False,False,0.00000000,-1,-1,0.000000,0.000000,0.000000,False,Sin AprilTag: medicion congelada
1777334379.921610,False,False,0.00000000,-1,-1,0.000000,0.000000,0.000000,False,Sin AprilTag: medicion congelada
1777334379.993876,False,False,0.00000000,-1,-1,0.000000,0.000000,0.000000,False,Sin AprilTag: medicion congelada
1777334380.061076,False,False,0.00000000,-1,-1,0.000000,0.000000,0.000000,False,Sin AprilTag: medicion congelada
1777334380.126467,False,False,0.00000000,-1,-1,0.000000,0.000000,0.000000,False,Sin AprilTag: medicion congelada
1777334380.192629,False,False,0.00000000,-1,-1,0.000000,0.000000,0.000000,False,Sin AprilTag: medicion congelada
1777334380.266095,False,False,0.00000000,-1,-1,0.000000,0.000000,0.000000,False,Sin AprilTag: medicion congelada
1777334380.344429,False,False,0.00000000,-1,-1,0.000000,0.000000,0.000000,False,Sin AprilTag: medicion congelada
1777334380.413001,False,False,0.00000000,-1,-1,0.000000,0.000000,0.000000,False,Sin AprilTag: medicion congelada
1777334380.483173,False,False,0.00000000,-1,-1,0.000000,0.000000,0.000000,False,Sin AprilTag: medicion congelada
1777334380.547221,False,False,0.00000000,-1,-1,0.000000,0.000000,0.000000,False,Sin AprilTag: medicion congelada
1777334380.616646,False,False,0.00000000,-1,-1,0.000000,0.000000,0.000000,False,Sin AprilTag: medicion congelada
1777334380.681317,False,False,0.00000000,-1,-1,0.000000,0.000000,0.000000,False,Sin AprilTag: medicion congelada
1777334380.745456,False,False,0.00000000,-1,-1,0.000000,0.000000,0.000000,False,Sin AprilTag: medicion congelada
1777334380.810128,False,False,0.00000000,-1,-1,0.000000,0.000000,0.000000,False,Sin AprilTag: medicion congelada
1777334380.875072,False,False,0.00000000,-1,-1,0.000000,0.000000,0.000000,False,Sin AprilTag: medicion congelada
1777334380.939739,False,False,0.00000000,-1,-1,0.000000,0.000000,0.000000,False,Sin AprilTag: medicion congelada
1777334381.016099,False,False,0.00000000,-1,-1,0.000000,0.000000,0.000000,False,Sin AprilTag: medicion congelada
1777334381.079985,False,False,0.00000000,-1,-1,0.000000,0.000000,0.000000,False,Sin AprilTag: medicion congelada
1777334381.144660,False,False,0.00000000,-1,-1,0.000000,0.000000,0.000000,False,Sin AprilTag: medicion congelada
1777334381.209189,False,False,0.00000000,-1,-1,0.000000,0.000000,0.000000,False,Sin AprilTag: medicion congelada
1777334381.282668,False,False,0.00000000,-1,-1,0.000000,0.000000,0.000000,False,Sin AprilTag: medicion congelada
1777334381.354356,False,False,0.00000000,-1,-1,0.000000,0.000000,0.000000,False,Sin AprilTag: medicion congelada
1777334381.418660,False,False,0.00000000,-1,-1,0.000000,0.000000,0.000000,False,Sin AprilTag: medicion congelada
1777334381.482685,False,False,0.00000000,-1,-1,0.000000,0.000000,0.000000,False,Sin AprilTag: medicion congelada
1777334381.546744,False,False,0.00000000,-1,-1,0.000000,0.000000,0.000000,False,Sin AprilTag: medicion congelada
1777334381.610937,False,False,0.00000000,-1,-1,0.000000,0.000000,0.000000,False,Sin AprilTag: medicion congelada
1777334381.681732,False,False,0.00000000,-1,-1,0.000000,0.000000,0.000000,False,Sin AprilTag: medicion congelada
1777334381.748600,False,False,0.00000000,-1,-1,0.000000,0.000000,0.000000,False,Sin AprilTag: medicion congelada
1777334381.817464,False,False,0.00000000,-1,-1,0.000000,0.000000,0.000000,False,Sin AprilTag: medicion congelada
1777334381.899258,False,False,0.00000000,-1,-1,0.000000,0.000000,0.000000,False,Sin AprilTag: medicion congelada
1777334381.964448,False,False,0.00000000,-1,-1,0.000000,0.000000,0.000000,False,Sin AprilTag: medicion congelada
1777334382.032027,False,False,0.00000000,-1,-1,0.000000,0.000000,0.000000,False,Sin AprilTag: medicion congelada
1777334382.099174,False,False,0.00000000,-1,-1,0.000000,0.000000,0.000000,False,Sin AprilTag: medicion congelada
1777334382.166144,False,False,0.00000000,-1,-1,0.000000,0.000000,0.000000,False,Sin AprilTag: medicion congelada
1777334382.233136,False,False,0.00000000,-1,-1,0.000000,0.000000,0.000000,False,Sin AprilTag: medicion congelada
1777334382.299270,False,False,0.00000000,-1,-1,0.000000,0.000000,0.000000,False,Sin AprilTag: medicion congelada
1777334382.374505,False,False,0.00000000,-1,-1,0.000000,0.000000,0.000000,False,Sin AprilTag: medicion congelada
1777334382.448958,False,False,0.00000000,-1,-1,0.000000,0.000000,0.000000,False,Sin AprilTag: medicion congelada
1777334382.531703,False,False,0.00000000,-1,-1,0.000000,0.000000,0.000000,False,Sin AprilTag: medicion congelada
1777334382.596614,False,False,0.00000000,-1,-1,0.000000,0.000000,0.000000,False,Sin AprilTag: medicion congelada
1777334382.654672,False,False,0.00000000,-1,-1,0.000000,0.000000,0.000000,False,Sin AprilTag: medicion congelada
1777334382.712622,False,False,0.00000000,-1,-1,0.000000,0.000000,0.000000,False,Sin AprilTag: medicion congelada
1777334382.770249,False,False,0.00000000,-1,-1,0.000000,0.000000,0.000000,False,Sin AprilTag: medicion congelada
1777334382.832977,False,False,0.00000000,-1,-1,0.000000,0.000000,0.000000,False,Sin AprilTag: medicion congelada
1777334382.898780,False,False,0.00000000,-1,-1,0.000000,0.000000,0.000000,False,Sin AprilTag: medicion congelada
1777334382.964057,False,False,0.00000000,-1,-1,0.000000,0.000000,0.000000,False,Sin AprilTag: medicion congelada
1777334383.030061,False,False,0.00000000,-1,-1,0.000000,0.000000,0.000000,False,Sin AprilTag: medicion congelada
1777334383.088588,False,False,0.00000000,-1,-1,0.000000,0.000000,0.000000,False,Sin AprilTag: medicion congelada
1777334383.160823,False,False,0.00000000,-1,-1,0.000000,0.000000,0.000000,False,Sin AprilTag: medicion congelada
1777334383.246668,False,False,0.00000000,-1,-1,0.000000,0.000000,0.000000,False,Sin AprilTag: medicion congelada
1777334383.311844,False,False,0.00000000,-1,-1,0.000000,0.000000,0.000000,False,Sin AprilTag: medicion congelada
1777334383.377734,False,False,0.00000000,-1,-1,0.000000,0.000000,0.000000,False,Sin AprilTag: medicion congelada
1777334383.448410,False,False,0.00000000,-1,-1,0.000000,0.000000,0.000000,False,Sin AprilTag: medicion congelada
1777334383.506312,False,False,0.00000000,-1,-1,0.000000,0.000000,0.000000,False,Sin AprilTag: medicion congelada
1777334383.573206,False,False,0.00000000,-1,-1,0.000000,0.000000,0.000000,False,Sin AprilTag: medicion congelada
1777334383.640436,False,False,0.00000000,-1,-1,0.000000,0.000000,0.000000,False,Sin AprilTag: medicion congelada
1777334383.707889,False,False,0.00000000,-1,-1,0.000000,0.000000,0.000000,False,Sin AprilTag: medicion congelada
1777334383.774429,False,False,0.00000000,-1,-1,0.000000,0.000000,0.000000,False,Sin AprilTag: medicion congelada
1777334383.839929,False,False,0.00000000,-1,-1,0.000000,0.000000,0.000000,False,Sin AprilTag: medicion congelada
1777334383.913817,False,False,0.00000000,-1,-1,0.000000,0.000000,0.000000,False,Sin AprilTag: medicion congelada
1777334383.980396,False,False,0.00000000,-1,-1,0.000000,0.000000,0.000000,False,Sin AprilTag: medicion congelada
1777334384.037767,False,False,0.00000000,-1,-1,0.000000,0.000000,0.000000,False,Sin AprilTag: medicion congelada
1777334384.096405,False,False,0.00000000,-1,-1,0.000000,0.000000,0.000000,False,Sin AprilTag: medicion congelada
1777334384.162250,False,False,0.00000000,-1,-1,0.000000,0.000000,0.000000,False,Sin AprilTag: medicion congelada
1777334384.223423,False,False,0.00000000,-1,-1,0.000000,0.000000,0.000000,False,Sin AprilTag: medicion congelada
1777334384.293997,False,False,0.00000000,-1,-1,0.000000,0.000000,0.000000,False,Sin AprilTag: medicion congelada
1777334384.359611,False,False,0.00000000,-1,-1,0.000000,0.000000,0.000000,False,Sin AprilTag: medicion congelada
1777334384.424350,False,False,0.00000000,-1,-1,0.000000,0.000000,0.000000,False,Sin AprilTag: medicion congelada
1777334384.482463,False,False,0.00000000,-1,-1,0.000000,0.000000,0.000000,False,Sin AprilTag: medicion congelada
1777334384.548220,False,False,0.00000000,-1,-1,0.000000,0.000000,0.000000,False,Sin AprilTag: medicion congelada
1777334384.624960,False,False,0.00000000,-1,-1,0.000000,0.000000,0.000000,False,Sin AprilTag: medicion congelada
1777334384.691418,False,False,0.00000000,-1,-1,0.000000,0.000000,0.000000,False,Sin AprilTag: medicion congelada
1777334384.757058,False,False,0.00000000,-1,-1,0.000000,0.000000,0.000000,False,Sin AprilTag: medicion congelada
1777334384.823460,False,False,0.00000000,-1,-1,0.000000,0.000000,0.000000,False,Sin AprilTag: medicion congelada
1777334384.880386,False,False,0.00000000,-1,-1,0.000000,0.000000,0.000000,False,Sin AprilTag: medicion congelada
1777334384.938063,False,False,0.00000000,-1,-1,0.000000,0.000000,0.000000,False,Sin AprilTag: medicion congelada
1777334385.004467,False,False,0.00000000,-1,-1,0.000000,0.000000,0.000000,False,Sin AprilTag: medicion congelada
1777334385.062813,False,False,0.00000000,-1,-1,0.000000,0.000000,0.000000,False,Sin AprilTag: medicion congelada
1777334385.127056,False,False,0.00000000,-1,-1,0.000000,0.000000,0.000000,False,Sin AprilTag: medicion congelada
1777334385.186700,False,False,0.00000000,-1,-1,0.000000,0.000000,0.000000,False,Sin AprilTag: medicion congelada
1777334385.261146,False,False,0.00000000,-1,-1,0.000000,0.000000,0.000000,False,Sin AprilTag: medicion congelada
1777334385.327507,False,False,0.00000000,-1,-1,0.000000,0.000000,0.000000,False,Sin AprilTag: medicion congelada
1777334385.392828,False,False,0.00000000,-1,-1,0.000000,0.000000,0.000000,False,Sin AprilTag: medicion congelada
1777334385.458216,False,False,0.00000000,-1,-1,0.000000,0.000000,0.000000,False,Sin AprilTag: medicion congelada
1777334385.523366,False,False,0.00000000,-1,-1,0.000000,0.000000,0.000000,False,Sin AprilTag: medicion congelada
1777334385.589206,False,False,0.00000000,-1,-1,0.000000,0.000000,0.000000,False,Sin AprilTag: medicion congelada
1777334385.655385,False,False,0.00000000,-1,-1,0.000000,0.000000,0.000000,False,Sin AprilTag: medicion congelada
1777334385.712936,False,False,0.00000000,-1,-1,0.000000,0.000000,0.000000,False,Sin AprilTag: medicion congelada
1777334385.787372,False,False,0.00000000,-1,-1,0.000000,0.000000,0.000000,False,Sin AprilTag: medicion congelada
1777334385.853325,False,False,0.00000000,-1,-1,0.000000,0.000000,0.000000,False,Sin AprilTag: medicion congelada
1777334385.911205,False,False,0.00000000,-1,-1,0.000000,0.000000,0.000000,False,Sin AprilTag: medicion congelada
1777334385.978155,False,False,0.00000000,-1,-1,0.000000,0.000000,0.000000,False,Sin AprilTag: medicion congelada
1777334386.044423,False,False,0.00000000,-1,-1,0.000000,0.000000,0.000000,False,Sin AprilTag: medicion congelada
1777334386.111144,False,False,0.00000000,-1,-1,0.000000,0.000000,0.000000,False,Sin AprilTag: medicion congelada
1777334386.177276,False,False,0.00000000,-1,-1,0.000000,0.000000,0.000000,False,Sin AprilTag: medicion congelada
1777334386.242603,False,False,0.00000000,-1,-1,0.000000,0.000000,0.000000,False,Sin AprilTag: medicion congelada
1777334386.308591,False,False,0.00000000,-1,-1,0.000000,0.000000,0.000000,False,Sin AprilTag: medicion congelada
1777334386.374711,False,False,0.00000000,-1,-1,0.000000,0.000000,0.000000,False,Sin AprilTag: medicion congelada
1777334386.431340,False,False,0.00000000,-1,-1,0.000000,0.000000,0.000000,False,Sin AprilTag: medicion congelada
1777334386.497562,False,False,0.00000000,-1,-1,0.000000,0.000000,0.000000,False,Sin AprilTag: medicion congelada
1777334386.556060,False,False,0.00000000,-1,-1,0.000000,0.000000,0.000000,False,Sin AprilTag: medicion congelada
1777334386.614636,False,False,0.00000000,-1,-1,0.000000,0.000000,0.000000,False,Sin AprilTag: medicion congelada
1777334386.672937,False,False,0.00000000,-1,-1,0.000000,0.000000,0.000000,False,Sin AprilTag: medicion congelada
1777334386.730134,False,False,0.00000000,-1,-1,0.000000,0.000000,0.000000,False,Sin AprilTag: medicion congelada
1777334386.802912,False,False,0.00000000,-1,-1,0.000000,0.000000,0.000000,False,Sin AprilTag: medicion congelada
1777334386.877271,False,False,0.00000000,-1,-1,0.000000,0.000000,0.000000,False,Sin AprilTag: medicion congelada
1777334386.943178,False,False,0.00000000,-1,-1,0.000000,0.000000,0.000000,False,Sin AprilTag: medicion congelada
1777334387.009140,False,False,0.00000000,-1,-1,0.000000,0.000000,0.000000,False,Sin AprilTag: medicion congelada
1777334387.067388,False,False,0.00000000,-1,-1,0.000000,0.000000,0.000000,False,Sin AprilTag: medicion congelada
1777334387.133499,False,False,0.00000000,-1,-1,0.000000,0.000000,0.000000,False,Sin AprilTag: medicion congelada
1777334387.191317,False,False,0.00000000,-1,-1,0.000000,0.000000,0.000000,False,Sin AprilTag: medicion congelada
1777334387.256731,False,False,0.00000000,-1,-1,0.000000,0.000000,0.000000,False,Sin AprilTag: medicion congelada
1777334387.323442,False,False,0.00000000,-1,-1,0.000000,0.000000,0.000000,False,Sin AprilTag: medicion congelada
1777334387.389606,False,False,0.00000000,-1,-1,0.000000,0.000000,0.000000,False,Sin AprilTag: medicion congelada
1777334387.454966,False,False,0.00000000,-1,-1,0.000000,0.000000,0.000000,False,Sin AprilTag: medicion congelada
1777334387.513497,False,False,0.00000000,-1,-1,0.000000,0.000000,0.000000,False,Sin AprilTag: medicion congelada
1777334387.577378,False,False,0.00000000,-1,-1,0.000000,0.000000,0.000000,False,Sin AprilTag: medicion congelada
1777334387.642754,False,False,0.00000000,-1,-1,0.000000,0.000000,0.000000,False,Sin AprilTag: medicion congelada
1777334387.708854,False,False,0.00000000,-1,-1,0.000000,0.000000,0.000000,False,Sin AprilTag: medicion congelada
1777334387.774417,False,False,0.00000000,-1,-1,0.000000,0.000000,0.000000,False,Sin AprilTag: medicion congelada
1777334387.846873,False,False,0.00000000,-1,-1,0.000000,0.000000,0.000000,False,Sin AprilTag: medicion congelada
1777334387.913641,False,False,0.00000000,-1,-1,0.000000,0.000000,0.000000,False,Sin AprilTag: medicion congelada
1777334387.987243,False,False,0.00000000,-1,-1,0.000000,0.000000,0.000000,False,Sin AprilTag: medicion congelada
1777334388.053785,False,False,0.00000000,-1,-1,0.000000,0.000000,0.000000,False,Sin AprilTag: medicion congelada
1777334388.119911,False,False,0.00000000,-1,-1,0.000000,0.000000,0.000000,False,Sin AprilTag: medicion congelada
1777334388.193304,False,False,0.00000000,-1,-1,0.000000,0.000000,0.000000,False,Sin AprilTag: medicion congelada
1777334388.259198,False,False,0.00000000,-1,-1,0.000000,0.000000,0.000000,False,Sin AprilTag: medicion congelada
1777334388.324391,False,False,0.00000000,-1,-1,0.000000,0.000000,0.000000,False,Sin AprilTag: medicion congelada
1777334388.393716,False,False,0.00000000,-1,-1,0.000000,0.000000,0.000000,False,Sin AprilTag: medicion congelada
1777334388.457811,False,False,0.00000000,-1,-1,0.000000,0.000000,0.000000,False,Sin AprilTag: medicion congelada
1777334388.528413,False,False,0.00000000,-1,-1,0.000000,0.000000,0.000000,False,Sin AprilTag: medicion congelada
1777334388.591746,False,False,0.00000000,-1,-1,0.000000,0.000000,0.000000,False,Sin AprilTag: medicion congelada
1777334388.662970,False,False,0.00000000,-1,-1,0.000000,0.000000,0.000000,False,Sin AprilTag: medicion congelada
1777334388.729308,False,False,0.00000000,-1,-1,0.000000,0.000000,0.000000,False,Sin AprilTag: medicion congelada
1777334388.796227,False,False,0.00000000,-1,-1,0.000000,0.000000,0.000000,False,Sin AprilTag: medicion congelada
1777334388.855242,False,False,0.00000000,-1,-1,0.000000,0.000000,0.000000,False,Sin AprilTag: medicion congelada
1777334388.929131,False,False,0.00000000,-1,-1,0.000000,0.000000,0.000000,False,Sin AprilTag: medicion congelada
1777334389.002573,False,False,0.00000000,-1,-1,0.000000,0.000000,0.000000,False,Sin AprilTag: medicion congelada
1777334389.067996,False,False,0.00000000,-1,-1,0.000000,0.000000,0.000000,False,Sin AprilTag: medicion congelada
1777334389.137710,False,False,0.00000000,-1,-1,0.000000,0.000000,0.000000,False,Sin AprilTag: medicion congelada
1777334389.207781,False,False,0.00000000,-1,-1,0.000000,0.000000,0.000000,False,Sin AprilTag: medicion congelada
1777334389.274384,False,False,0.00000000,-1,-1,0.000000,0.000000,0.000000,False,Sin AprilTag: medicion congelada
1777334389.349073,False,False,0.00000000,-1,-1,0.000000,0.000000,0.000000,False,Sin AprilTag: medicion congelada
1777334389.423349,False,False,0.00000000,-1,-1,0.000000,0.000000,0.000000,False,Sin AprilTag: medicion congelada
1777334389.489230,False,False,0.00000000,-1,-1,0.000000,0.000000,0.000000,False,Sin AprilTag: medicion congelada
1777334389.556452,False,False,0.00000000,-1,-1,0.000000,0.000000,0.000000,False,Sin AprilTag: medicion congelada
1777334389.619477,False,False,0.00000000,-1,-1,0.000000,0.000000,0.000000,False,Sin AprilTag: medicion congelada
1777334389.682449,False,False,0.00000000,-1,-1,0.000000,0.000000,0.000000,False,Sin AprilTag: medicion congelada
1777334389.748399,False,False,0.00000000,-1,-1,0.000000,0.000000,0.000000,False,Sin AprilTag: medicion congelada
1777334389.820691,False,False,0.00000000,-1,-1,0.000000,0.000000,0.000000,False,Sin AprilTag: medicion congelada
1777334389.917133,False,False,0.00000000,-1,-1,0.000000,0.000000,0.000000,False,Sin AprilTag: medicion congelada
1777334389.997276,False,False,0.00000000,-1,-1,0.000000,0.000000,0.000000,False,Sin AprilTag: medicion congelada
1777334390.076849,False,False,0.00000000,-1,-1,0.000000,0.000000,0.000000,False,Sin AprilTag: medicion congelada
1777334390.140077,False,False,0.00000000,-1,-1,0.000000,0.000000,0.000000,False,Sin AprilTag: medicion congelada
1777334390.204618,False,False,0.00000000,-1,-1,0.000000,0.000000,0.000000,False,Sin AprilTag: medicion congelada
1777334390.269073,False,False,0.00000000,-1,-1,0.000000,0.000000,0.000000,False,Sin AprilTag: medicion congelada
1777334390.359464,False,False,0.00000000,-1,-1,0.000000,0.000000,0.000000,False,Sin AprilTag: medicion congelada
1777334390.440130,False,False,0.00000000,-1,-1,0.000000,0.000000,0.000000,False,Sin AprilTag: medicion congelada
1777334390.535707,False,False,0.00000000,-1,-1,0.000000,0.000000,0.000000,False,Sin AprilTag: medicion congelada
1777334390.616073,False,False,0.00000000,-1,-1,0.000000,0.000000,0.000000,False,Sin AprilTag: medicion congelada
1777334390.692446,False,False,0.00000000,-1,-1,0.000000,0.000000,0.000000,False,Sin AprilTag: medicion congelada
1777334390.768293,False,False,0.00000000,-1,-1,0.000000,0.000000,0.000000,False,Sin AprilTag: medicion congelada
1777334390.842762,False,False,0.00000000,-1,-1,0.000000,0.000000,0.000000,False,Sin AprilTag: medicion congelada
1777334390.909727,False,False,0.00000000,-1,-1,0.000000,0.000000,0.000000,False,Sin AprilTag: medicion congelada
1777334390.989595,False,False,0.00000000,-1,-1,0.000000,0.000000,0.000000,False,Sin AprilTag: medicion congelada
1777334391.117621,False,False,0.00000000,-1,-1,0.000000,0.000000,0.000000,False,Sin AprilTag: medicion congelada
1777334391.198339,False,False,0.00000000,-1,-1,0.000000,0.000000,0.000000,False,Sin AprilTag: medicion congelada
1777334391.278661,False,False,0.00000000,-1,-1,0.000000,0.000000,0.000000,False,Sin AprilTag: medicion congelada
1777334391.358328,False,False,0.00000000,-1,-1,0.000000,0.000000,0.000000,False,Sin AprilTag: medicion congelada
1777334391.421394,False,False,0.00000000,-1,-1,0.000000,0.000000,0.000000,False,Sin AprilTag: medicion congelada
1777334391.500430,False,False,0.00000000,-1,-1,0.000000,0.000000,0.000000,False,Sin AprilTag: medicion congelada
1777334391.563756,False,False,0.00000000,-1,-1,0.000000,0.000000,0.000000,False,Sin AprilTag: medicion congelada
1777334391.627399,False,False,0.00000000,-1,-1,0.000000,0.000000,0.000000,False,Sin AprilTag: medicion congelada
1777334391.691515,False,False,0.00000000,-1,-1,0.000000,0.000000,0.000000,False,Sin AprilTag: medicion congelada
1777334391.771275,False,False,0.00000000,-1,-1,0.000000,0.000000,0.000000,False,Sin AprilTag: medicion congelada
1777334391.834999,False,False,0.00000000,-1,-1,0.000000,0.000000,0.000000,False,Sin AprilTag: medicion congelada
1777334391.914432,False,False,0.00000000,-1,-1,0.000000,0.000000,0.000000,False,Sin AprilTag: medicion congelada
1777334391.977569,False,False,0.00000000,-1,-1,0.000000,0.000000,0.000000,False,Sin AprilTag: medicion congelada
1777334392.040827,False,False,0.00000000,-1,-1,0.000000,0.000000,0.000000,False,Sin AprilTag: medicion congelada
1777334392.104652,False,False,0.00000000,-1,-1,0.000000,0.000000,0.000000,False,Sin AprilTag: medicion congelada
1777334392.168748,False,False,0.00000000,-1,-1,0.000000,0.000000,0.000000,False,Sin AprilTag: medicion congelada
1777334392.232859,False,False,0.00000000,-1,-1,0.000000,0.000000,0.000000,False,Sin AprilTag: medicion congelada
1777334392.296969,False,False,0.00000000,-1,-1,0.000000,0.000000,0.000000,False,Sin AprilTag: medicion congelada
1777334392.360709,False,False,0.00000000,-1,-1,0.000000,0.000000,0.000000,False,Sin AprilTag: medicion congelada
1777334392.424376,False,False,0.00000000,-1,-1,0.000000,0.000000,0.000000,False,Sin AprilTag: medicion congelada
1777334392.487865,False,False,0.00000000,-1,-1,0.000000,0.000000,0.000000,False,Sin AprilTag: medicion congelada
1777334392.552046,False,False,0.00000000,-1,-1,0.000000,0.000000,0.000000,False,Sin AprilTag: medicion congelada
1777334392.615854,False,False,0.00000000,-1,-1,0.000000,0.000000,0.000000,False,Sin AprilTag: medicion congelada
1777334392.679896,False,False,0.00000000,-1,-1,0.000000,0.000000,0.000000,False,Sin AprilTag: medicion congelada
1777334392.744285,False,False,0.00000000,-1,-1,0.000000,0.000000,0.000000,False,Sin AprilTag: medicion congelada
1777334392.808148,False,False,0.00000000,-1,-1,0.000000,0.000000,0.000000,False,Sin AprilTag: medicion congelada
1777334392.871988,False,False,0.00000000,-1,-1,0.000000,0.000000,0.000000,False,Sin AprilTag: medicion congelada
1777334392.936065,False,False,0.00000000,-1,-1,0.000000,0.000000,0.000000,False,Sin AprilTag: medicion congelada
1777334392.999540,False,False,0.00000000,-1,-1,0.000000,0.000000,0.000000,False,Sin AprilTag: medicion congelada
1777334393.062892,False,False,0.00000000,-1,-1,0.000000,0.000000,0.000000,False,Sin AprilTag: medicion congelada
1777334393.126661,False,False,0.00000000,-1,-1,0.000000,0.000000,0.000000,False,Sin AprilTag: medicion congelada
1777334393.190661,False,False,0.00000000,-1,-1,0.000000,0.000000,0.000000,False,Sin AprilTag: medicion congelada
1777334393.254220,False,False,0.00000000,-1,-1,0.000000,0.000000,0.000000,False,Sin AprilTag: medicion congelada
1777334393.333241,False,False,0.00000000,-1,-1,0.000000,0.000000,0.000000,False,Sin AprilTag: medicion congelada
1777334393.396454,False,False,0.00000000,-1,-1,0.000000,0.000000,0.000000,False,Sin AprilTag: medicion congelada
1777334393.459963,False,False,0.00000000,-1,-1,0.000000,0.000000,0.000000,False,Sin AprilTag: medicion congelada
1777334393.523180,False,False,0.00000000,-1,-1,0.000000,0.000000,0.000000,False,Sin AprilTag: medicion congelada
1777334393.586823,False,False,0.00000000,-1,-1,0.000000,0.000000,0.000000,False,Sin AprilTag: medicion congelada
1777334393.650419,False,False,0.00000000,-1,-1,0.000000,0.000000,0.000000,False,Sin AprilTag: medicion congelada
1777334393.730305,False,False,0.00000000,-1,-1,0.000000,0.000000,0.000000,False,Sin AprilTag: medicion congelada
1777334393.794620,False,False,0.00000000,-1,-1,0.000000,0.000000,0.000000,False,Sin AprilTag: medicion congelada
1777334393.859206,False,False,0.00000000,-1,-1,0.000000,0.000000,0.000000,False,Sin AprilTag: medicion congelada
1777334393.923175,False,False,0.00000000,-1,-1,0.000000,0.000000,0.000000,False,Sin AprilTag: medicion congelada
1777334394.003280,False,False,0.00000000,-1,-1,0.000000,0.000000,0.000000,False,Sin AprilTag: medicion congelada
1777334394.067851,False,False,0.00000000,-1,-1,0.000000,0.000000,0.000000,False,Sin AprilTag: medicion congelada
1777334394.131366,False,False,0.00000000,-1,-1,0.000000,0.000000,0.000000,False,Sin AprilTag: medicion congelada
1777334394.211912,False,False,0.00000000,-1,-1,0.000000,0.000000,0.000000,False,Sin AprilTag: medicion congelada
1777334394.275767,False,False,0.00000000,-1,-1,0.000000,0.000000,0.000000,False,Sin AprilTag: medicion congelada
1777334394.355367,False,False,0.00000000,-1,-1,0.000000,0.000000,0.000000,False,Sin AprilTag: medicion congelada
1777334394.434684,False,False,0.00000000,-1,-1,0.000000,0.000000,0.000000,False,Sin AprilTag: medicion congelada
1777334394.498514,False,False,0.00000000,-1,-1,0.000000,0.000000,0.000000,False,Sin AprilTag: medicion congelada
1777334394.562526,False,False,0.00000000,-1,-1,0.000000,0.000000,0.000000,False,Sin AprilTag: medicion congelada
1777334394.627082,False,False,0.00000000,-1,-1,0.000000,0.000000,0.000000,False,Sin AprilTag: medicion congelada
1777334394.690986,False,False,0.00000000,-1,-1,0.000000,0.000000,0.000000,False,Sin AprilTag: medicion congelada
1777334394.755300,False,False,0.00000000,-1,-1,0.000000,0.000000,0.000000,False,Sin AprilTag: medicion congelada
1777334394.835473,False,False,0.00000000,-1,-1,0.000000,0.000000,0.000000,False,Sin AprilTag: medicion congelada
1777334394.911874,False,False,0.00000000,-1,-1,0.000000,0.000000,0.000000,False,Sin AprilTag: medicion congelada
1777334394.990431,False,False,0.00000000,-1,-1,0.000000,0.000000,0.000000,False,Sin AprilTag: medicion congelada
1777334395.070882,False,False,0.00000000,-1,-1,0.000000,0.000000,0.000000,False,Sin AprilTag: medicion congelada
1777334395.151126,False,False,0.00000000,-1,-1,0.000000,0.000000,0.000000,False,Sin AprilTag: medicion congelada
1777334395.227539,False,False,0.00000000,-1,-1,0.000000,0.000000,0.000000,False,Sin AprilTag: medicion congelada
1777334395.298329,False,False,0.00000000,-1,-1,0.000000,0.000000,0.000000,False,Sin AprilTag: medicion congelada
1777334395.357347,False,False,0.00000000,-1,-1,0.000000,0.000000,0.000000,False,Sin AprilTag: medicion congelada
1777334395.421330,False,False,0.00000000,-1,-1,0.000000,0.000000,0.000000,False,Sin AprilTag: medicion congelada
1777334395.485788,False,False,0.00000000,-1,-1,0.000000,0.000000,0.000000,False,Sin AprilTag: medicion congelada
1777334395.550279,False,False,0.00000000,-1,-1,0.000000,0.000000,0.000000,False,Sin AprilTag: medicion congelada
1777334395.614145,False,False,0.00000000,-1,-1,0.000000,0.000000,0.000000,False,Sin AprilTag: medicion congelada
1777334395.693965,False,False,0.00000000,-1,-1,0.000000,0.000000,0.000000,False,Sin AprilTag: medicion congelada
1777334395.773964,False,False,0.00000000,-1,-1,0.000000,0.000000,0.000000,False,Sin AprilTag: medicion congelada
1777334395.854192,False,False,0.00000000,-1,-1,0.000000,0.000000,0.000000,False,Sin AprilTag: medicion congelada
1777334395.934530,False,False,0.00000000,-1,-1,0.000000,0.000000,0.000000,False,Sin AprilTag: medicion congelada
1777334396.067564,False,False,0.00000000,-1,-1,0.000000,0.000000,0.000000,False,Sin AprilTag: medicion congelada
1777334396.112035,False,False,0.00000000,-1,-1,0.000000,0.000000,0.000000,False,Sin AprilTag: medicion congelada
1777334396.163668,False,False,0.00000000,-1,-1,0.000000,0.000000,0.000000,False,Sin AprilTag: medicion congelada
1777334396.223624,False,False,0.00000000,-1,-1,0.000000,0.000000,0.000000,False,Sin AprilTag: medicion congelada
1777334396.274295,False,False,0.00000000,-1,-1,0.000000,0.000000,0.000000,False,Sin AprilTag: medicion congelada
1777334396.324761,False,False,0.00000000,-1,-1,0.000000,0.000000,0.000000,False,Sin AprilTag: medicion congelada
1777334396.393437,False,False,0.00000000,-1,-1,0.000000,0.000000,0.000000,False,Sin AprilTag: medicion congelada
1777334396.427929,False,False,0.00000000,-1,-1,0.000000,0.000000,0.000000,False,Sin AprilTag: medicion congelada
1777334396.491437,False,False,0.00000000,-1,-1,0.000000,0.000000,0.000000,False,Sin AprilTag: medicion congelada
1777334396.535037,False,False,0.00000000,-1,-1,0.000000,0.000000,0.000000,False,Sin AprilTag: medicion congelada
1777334396.565117,False,False,0.00000000,-1,-1,0.000000,0.000000,0.000000,False,Sin AprilTag: medicion congelada
1777334396.608582,False,False,0.00000000,-1,-1,0.000000,0.000000,0.000000,False,Sin AprilTag: medicion congelada
1777334396.642478,False,False,0.00000000,-1,-1,0.000000,0.000000,0.000000,False,Sin AprilTag: medicion congelada
1777334396.676955,False,False,0.00000000,-1,-1,0.000000,0.000000,0.000000,False,Sin AprilTag: medicion congelada
1777334396.718102,False,False,0.00000000,-1,-1,0.000000,0.000000,0.000000,False,Sin AprilTag: medicion congelada
1777334396.795805,False,False,0.00000000,-1,-1,0.000000,0.000000,0.000000,False,Sin AprilTag: medicion congelada
1777334396.861769,False,False,0.00000000,-1,-1,0.000000,0.000000,0.000000,False,Sin AprilTag: medicion congelada
1777334396.949663,False,False,0.00000000,-1,-1,0.000000,0.000000,0.000000,False,Sin AprilTag: medicion congelada
1777334397.011275,False,False,0.00000000,-1,-1,0.000000,0.000000,0.000000,False,Sin AprilTag: medicion congelada
1777334397.067375,False,False,0.00000000,-1,-1,0.000000,0.000000,0.000000,False,Sin AprilTag: medicion congelada
1777334397.137353,False,False,0.00000000,-1,-1,0.000000,0.000000,0.000000,False,Sin AprilTag: medicion congelada
1777334397.232393,False,False,0.00000000,-1,-1,0.000000,0.000000,0.000000,False,Sin AprilTag: medicion congelada
1777334397.333553,False,False,0.00000000,-1,-1,0.000000,0.000000,0.000000,False,Sin AprilTag: medicion congelada
1777334397.383303,False,False,0.00000000,-1,-1,0.000000,0.000000,0.000000,False,Sin AprilTag: medicion congelada
1777334397.433989,False,False,0.00000000,-1,-1,0.000000,0.000000,0.000000,False,Sin AprilTag: medicion congelada
1777334397.480655,False,False,0.00000000,-1,-1,0.000000,0.000000,0.000000,False,Sin AprilTag: medicion congelada
1777334397.527567,False,False,0.00000000,-1,-1,0.000000,0.000000,0.000000,False,Sin AprilTag: medicion congelada
1777334397.594440,False,False,0.00000000,-1,-1,0.000000,0.000000,0.000000,False,Sin AprilTag: medicion congelada
1777334397.650071,False,False,0.00000000,-1,-1,0.000000,0.000000,0.000000,False,Sin AprilTag: medicion congelada
1777334397.707984,False,False,0.00000000,-1,-1,0.000000,0.000000,0.000000,False,Sin AprilTag: medicion congelada
1777334397.787651,False,False,0.00000000,-1,-1,0.000000,0.000000,0.000000,False,Sin AprilTag: medicion congelada
1777334397.882311,False,False,0.00000000,-1,-1,0.000000,0.000000,0.000000,False,Sin AprilTag: medicion congelada
1777334397.978475,False,False,0.00000000,-1,-1,0.000000,0.000000,0.000000,False,Sin AprilTag: medicion congelada
1777334398.066997,False,False,0.00000000,-1,-1,0.000000,0.000000,0.000000,False,Sin AprilTag: medicion congelada
1777334398.140868,False,False,0.00000000,-1,-1,0.000000,0.000000,0.000000,False,Sin AprilTag: medicion congelada
1777334398.196993,False,False,0.00000000,-1,-1,0.000000,0.000000,0.000000,False,Sin AprilTag: medicion congelada
1777334398.247705,False,False,0.00000000,-1,-1,0.000000,0.000000,0.000000,False,Sin AprilTag: medicion congelada
1777334398.292658,False,False,0.00000000,-1,-1,0.000000,0.000000,0.000000,False,Sin AprilTag: medicion congelada
1777334398.356943,False,False,0.00000000,-1,-1,0.000000,0.000000,0.000000,False,Sin AprilTag: medicion congelada
1777334398.423417,False,False,0.00000000,-1,-1,0.000000,0.000000,0.000000,False,Sin AprilTag: medicion congelada
1777334398.483523,False,False,0.00000000,-1,-1,0.000000,0.000000,0.000000,False,Sin AprilTag: medicion congelada
1777334398.546978,False,False,0.00000000,-1,-1,0.000000,0.000000,0.000000,False,Sin AprilTag: medicion congelada
1777334398.624417,False,False,0.00000000,-1,-1,0.000000,0.000000,0.000000,False,Sin AprilTag: medicion congelada
1777334398.699844,False,False,0.00000000,-1,-1,0.000000,0.000000,0.000000,False,Sin AprilTag: medicion congelada
1777334398.802305,False,False,0.00000000,-1,-1,0.000000,0.000000,0.000000,False,Sin AprilTag: medicion congelada
1777334398.850240,False,False,0.00000000,-1,-1,0.000000,0.000000,0.000000,False,Sin AprilTag: medicion congelada
1777334398.908244,False,False,0.00000000,-1,-1,0.000000,0.000000,0.000000,False,Sin AprilTag: medicion congelada
1777334399.012178,False,False,0.00000000,-1,-1,0.000000,0.000000,0.000000,False,Sin AprilTag: medicion congelada
1777334399.126279,False,False,0.00000000,-1,-1,0.000000,0.000000,0.000000,False,Sin AprilTag: medicion congelada
1777334399.186746,False,False,0.00000000,-1,-1,0.000000,0.000000,0.000000,False,Sin AprilTag: medicion congelada
1777334399.247518,False,False,0.00000000,-1,-1,0.000000,0.000000,0.000000,False,Sin AprilTag: medicion congelada
1777334399.360334,False,False,0.00000000,-1,-1,0.000000,0.000000,0.000000,False,Sin AprilTag: medicion congelada
1777334399.439646,False,False,0.00000000,-1,-1,0.000000,0.000000,0.000000,False,Sin AprilTag: medicion congelada
1777334399.496146,False,False,0.00000000,-1,-1,0.000000,0.000000,0.000000,False,Sin AprilTag: medicion congelada
1777334399.541471,False,False,0.00000000,-1,-1,0.000000,0.000000,0.000000,False,Sin AprilTag: medicion congelada
1777334399.619711,False,False,0.00000000,-1,-1,0.000000,0.000000,0.000000,False,Sin AprilTag: medicion congelada
1777334399.689579,False,False,0.00000000,-1,-1,0.000000,0.000000,0.000000,False,Sin AprilTag: medicion congelada
1777334399.780477,False,False,0.00000000,-1,-1,0.000000,0.000000,0.000000,False,Sin AprilTag: medicion congelada
1777334399.835087,False,False,0.00000000,-1,-1,0.000000,0.000000,0.000000,False,Sin AprilTag: medicion congelada
1777334399.924605,False,False,0.00000000,-1,-1,0.000000,0.000000,0.000000,False,Sin AprilTag: medicion congelada
1777334400.023408,False,False,0.00000000,-1,-1,0.000000,0.000000,0.000000,False,Sin AprilTag: medicion congelada
1777334400.065584,False,False,0.00000000,-1,-1,0.000000,0.000000,0.000000,False,Sin AprilTag: medicion congelada
1777334400.105282,False,False,0.00000000,-1,-1,0.000000,0.000000,0.000000,False,Sin AprilTag: medicion congelada
1777334400.154935,False,False,0.00000000,-1,-1,0.000000,0.000000,0.000000,False,Sin AprilTag: medicion congelada
1777334400.258518,False,False,0.00000000,-1,-1,0.000000,0.000000,0.000000,False,Sin AprilTag: medicion congelada
1777334400.366781,False,False,0.00000000,-1,-1,0.000000,0.000000,0.000000,False,Sin AprilTag: medicion congelada
1777334400.468363,False,False,0.00000000,-1,-1,0.000000,0.000000,0.000000,False,Sin AprilTag: medicion congelada
1777334400.580545,False,False,0.00000000,-1,-1,0.000000,0.000000,0.000000,False,Sin AprilTag: medicion congelada
1777334400.693473,False,False,0.00000000,-1,-1,0.000000,0.000000,0.000000,False,Sin AprilTag: medicion congelada
1777334400.803065,False,False,0.00000000,-1,-1,0.000000,0.000000,0.000000,False,Sin AprilTag: medicion congelada
1777334400.929035,False,False,0.00000000,-1,-1,0.000000,0.000000,0.000000,False,Sin AprilTag: medicion congelada
1777334401.040272,False,False,0.00000000,-1,-1,0.000000,0.000000,0.000000,False,Sin AprilTag: medicion congelada
1777334401.150681,False,False,0.00000000,-1,-1,0.000000,0.000000,0.000000,False,Sin AprilTag: medicion congelada
1777334401.269792,False,False,0.00000000,-1,-1,0.000000,0.000000,0.000000,False,Sin AprilTag: medicion congelada
1777334401.376520,False,False,0.00000000,-1,-1,0.000000,0.000000,0.000000,False,Sin AprilTag: medicion congelada
1777334401.527295,False,False,0.00000000,-1,-1,0.000000,0.000000,0.000000,False,Sin AprilTag: medicion congelada
1777334401.637697,False,False,0.00000000,-1,-1,0.000000,0.000000,0.000000,False,Sin AprilTag: medicion congelada
1777334401.742834,False,False,0.00000000,-1,-1,0.000000,0.000000,0.000000,False,Sin AprilTag: medicion congelada
1777334401.851632,False,False,0.00000000,-1,-1,0.000000,0.000000,0.000000,False,Sin AprilTag: medicion congelada
1777334401.942001,False,False,0.00000000,-1,-1,0.000000,0.000000,0.000000,False,Sin AprilTag: medicion congelada
1777334402.028147,False,False,0.00000000,-1,-1,0.000000,0.000000,0.000000,False,Sin AprilTag: medicion congelada
1777334402.149394,False,False,0.00000000,-1,-1,0.000000,0.000000,0.000000,False,Sin AprilTag: medicion congelada
1777334402.265416,False,False,0.00000000,-1,-1,0.000000,0.000000,0.000000,False,Sin AprilTag: medicion congelada
1777334402.348383,False,False,0.00000000,-1,-1,0.000000,0.000000,0.000000,False,Sin AprilTag: medicion congelada
1777334402.454388,False,False,0.00000000,-1,-1,0.000000,0.000000,0.000000,False,Sin AprilTag: medicion congelada
1777334402.547448,False,False,0.00000000,-1,-1,0.000000,0.000000,0.000000,False,Sin AprilTag: medicion congelada
1777334402.618170,False,False,0.00000000,-1,-1,0.000000,0.000000,0.000000,False,Sin AprilTag: medicion congelada
1777334402.696501,False,False,0.00000000,-1,-1,0.000000,0.000000,0.000000,False,Sin AprilTag: medicion congelada
1777334402.763472,False,False,0.00000000,-1,-1,0.000000,0.000000,0.000000,False,Sin AprilTag: medicion congelada
1777334402.845085,False,False,0.00000000,-1,-1,0.000000,0.000000,0.000000,False,Sin AprilTag: medicion congelada
1777334402.897276,False,False,0.00000000,-1,-1,0.000000,0.000000,0.000000,False,Sin AprilTag: medicion congelada
1777334402.969492,False,False,0.00000000,-1,-1,0.000000,0.000000,0.000000,False,Sin AprilTag: medicion congelada
1777334403.069395,False,False,0.00000000,-1,-1,0.000000,0.000000,0.000000,False,Sin AprilTag: medicion congelada
1777334403.152350,False,False,0.00000000,-1,-1,0.000000,0.000000,0.000000,False,Sin AprilTag: medicion congelada
1777334403.211196,False,False,0.00000000,-1,-1,0.000000,0.000000,0.000000,False,Sin AprilTag: medicion congelada
1777334403.286534,False,False,0.00000000,-1,-1,0.000000,0.000000,0.000000,False,Sin AprilTag: medicion congelada
1777334403.379278,False,False,0.00000000,-1,-1,0.000000,0.000000,0.000000,False,Sin AprilTag: medicion congelada
1777334403.435351,False,False,0.00000000,-1,-1,0.000000,0.000000,0.000000,False,Sin AprilTag: medicion congelada
1777334403.523789,False,False,0.00000000,-1,-1,0.000000,0.000000,0.000000,False,Sin AprilTag: medicion congelada
1777334403.622772,False,False,0.00000000,-1,-1,0.000000,0.000000,0.000000,False,Sin AprilTag: medicion congelada
1777334403.678450,False,False,0.00000000,-1,-1,0.000000,0.000000,0.000000,False,Sin AprilTag: medicion congelada
1777334403.741796,False,False,0.00000000,-1,-1,0.000000,0.000000,0.000000,False,Sin AprilTag: medicion congelada
1777334403.808584,False,False,0.00000000,-1,-1,0.000000,0.000000,0.000000,False,Sin AprilTag: medicion congelada
1777334403.856352,False,False,0.00000000,-1,-1,0.000000,0.000000,0.000000,False,Sin AprilTag: medicion congelada
1777334403.902994,False,False,0.00000000,-1,-1,0.000000,0.000000,0.000000,False,Sin AprilTag: medicion congelada
1777334403.957487,False,False,0.00000000,-1,-1,0.000000,0.000000,0.000000,False,Sin AprilTag: medicion congelada
