timestamp_s,tag_detected,object_detected,cm_per_px,object_x_px,object_y_px,instant_cm_s,average_cm_s,distance_total_cm,valid,reason
1777553528.430821,True,True,0.39850916,761,85,0.000000,0.000000,0.000000,True,Primera muestra
1777553528.573409,True,True,0.39799397,761,85,0.000000,0.000000,0.000000,True,OK
1777553528.607976,True,True,0.39842574,761,85,0.000000,0.000000,0.000000,True,OK
1777553528.668338,True,True,0.39802592,761,85,0.000000,0.000000,0.000000,True,OK
1777553528.715782,True,True,0.39821283,761,85,0.000000,0.000000,0.000000,True,OK
1777553528.763107,True,True,0.39806294,761,85,0.000000,0.000000,0.000000,True,OK
1777553528.798007,True,True,0.39811701,761,85,0.000000,0.000000,0.000000,True,OK
1777553528.858388,True,True,0.39804607,761,85,0.000000,0.000000,0.000000,True,OK
1777553528.906135,True,True,0.39816906,761,85,0.000000,0.000000,0.000000,True,OK
1777553528.943769,True,True,0.39815825,761,85,0.000000,0.000000,0.000000,True,OK
1777553528.985305,True,True,0.39773861,761,85,0.000000,0.000000,0.000000,True,OK
1777553529.033108,True,True,0.39795544,761,85,0.000000,0.000000,0.000000,True,OK
1777553529.081168,True,True,0.39791782,761,85,0.000000,0.000000,0.000000,True,OK
1777553529.128211,True,True,0.39780730,761,85,0.000000,0.000000,0.000000,True,OK
1777553529.176040,True,True,0.39800694,761,85,0.000000,0.000000,0.000000,True,OK
1777553529.223417,True,True,0.39830820,761,85,0.000000,0.000000,0.000000,True,OK
1777553529.271405,True,True,0.39806368,761,85,0.000000,0.000000,0.000000,True,OK
1777553529.321089,True,True,0.39809321,760,85,8.012611,0.447161,0.398093,True,OK
1777553529.366750,True,True,0.39836671,760,85,0.000000,0.425345,0.398093,True,OK
1777553529.414313,True,True,0.39836671,760,85,0.000000,0.404775,0.398093,True,OK
1777553529.462437,True,True,0.39842214,761,85,8.279020,0.772104,0.796515,True,OK
1777553529.510155,True,True,0.39853471,761,85,0.000000,0.737969,0.796515,True,OK
1777553529.544405,True,True,0.39853471,761,85,0.000000,0.715272,0.796515,True,OK
1777553529.589568,True,True,0.39834885,761,85,0.000000,0.687394,0.796515,True,OK
1777553529.637593,True,True,0.39834885,761,85,0.000000,0.660038,0.796515,True,OK
1777553529.685591,True,True,0.39831285,761,85,0.000000,0.634790,0.796515,True,OK
1777553529.716937,True,True,0.39831285,761,85,0.000000,0.619318,0.796515,True,OK
1777553529.764510,True,True,0.39842684,761,85,0.000000,0.597227,0.796515,True,OK
1777553529.811727,True,True,0.39868284,761,85,0.000000,0.576806,0.796515,True,OK
1777553529.851205,True,True,0.39858726,761,85,0.000000,0.560775,0.796515,True,OK
1777553529.890872,True,True,0.39863412,761,85,0.000000,0.545539,0.796515,True,OK
1777553529.938958,True,True,0.39832425,761,85,0.000000,0.528145,0.796515,True,OK
1777553529.986261,True,True,0.39888245,761,85,0.000000,0.512084,0.796515,True,OK
1777553530.034187,True,True,0.39877206,761,85,0.000000,0.496777,0.796515,True,OK
1777553530.070746,True,True,0.39866689,761,85,0.000000,0.485702,0.796515,True,OK
1777553530.113441,True,True,0.39890541,761,85,0.000000,0.473378,0.796515,True,OK
1777553530.161591,True,True,0.39877425,761,85,0.000000,0.460209,0.796515,True,OK
1777553530.209233,True,True,0.39895698,761,85,0.000000,0.447880,0.796515,True,OK
1777553530.244057,True,True,0.39873781,761,85,0.000000,0.439278,0.796515,True,OK
1777553530.303704,True,True,0.39849044,761,85,0.000000,0.425288,0.796515,True,OK
1777553530.351595,True,True,0.39833313,761,85,0.000000,0.414685,0.796515,True,OK
1777553530.399198,True,True,0.39872668,761,85,0.000000,0.404656,0.796515,True,OK
1777553530.446606,True,True,0.39857054,761,85,0.000000,0.395139,0.796515,True,OK
1777553530.494006,True,True,0.39846168,761,85,0.000000,0.386061,0.796515,True,OK
1777553530.541688,True,True,0.39840599,761,85,0.000000,0.377340,0.796515,True,OK
1777553530.588732,True,True,0.39825139,761,85,0.000000,0.369114,0.796515,True,OK
1777553530.636365,True,True,0.39825139,761,85,0.000000,0.361142,0.796515,True,OK
1777553530.683963,True,True,0.39843319,761,85,0.000000,0.353513,0.796515,True,OK
1777553530.730853,True,True,0.39876225,761,85,0.000000,0.346306,0.796515,True,OK
1777553530.778906,True,True,0.39809880,761,85,0.000000,0.339219,0.796515,True,OK
1777553530.826617,True,True,0.39810807,761,85,0.000000,0.332464,0.796515,True,OK
1777553530.873496,True,True,0.39855273,761,85,0.000000,0.326083,0.796515,True,OK
1777553530.905226,True,True,0.39835982,761,85,0.000000,0.321902,0.796515,True,OK
1777553530.952710,True,True,0.39843290,761,85,0.000000,0.315841,0.796515,True,OK
1777553530.987220,True,True,0.39843290,761,85,0.000000,0.311577,0.796515,True,OK
1777553531.031403,True,True,0.39827284,761,85,0.000000,0.306283,0.796515,True,OK
1777553531.065438,True,True,0.39815111,761,85,0.000000,0.302327,0.796515,True,OK
1777553531.111196,True,True,0.39816477,761,85,0.000000,0.297166,0.796515,True,OK
1777553531.158542,True,True,0.39790744,761,85,0.000000,0.292008,0.796515,True,OK
1777553531.206193,True,True,0.39800260,761,85,0.000000,0.286994,0.796515,True,OK
1777553531.253841,True,True,0.39775317,761,85,0.000000,0.282150,0.796515,True,OK
1777553531.301296,True,True,0.39785891,761,85,0.000000,0.277486,0.796515,True,OK
1777553531.349201,True,True,0.39788175,761,85,0.000000,0.272931,0.796515,True,OK
1777553531.396821,True,True,0.39775602,761,85,0.000000,0.268549,0.796515,True,OK
1777553531.431917,True,True,0.39785341,761,85,0.000000,0.265408,0.796515,True,OK
1777553531.475898,True,True,0.39740618,761,85,0.000000,0.261575,0.796515,True,OK
1777553531.523718,True,True,0.39792186,761,85,0.000000,0.257530,0.796515,True,OK
1777553531.574032,True,True,0.39782128,761,85,0.000000,0.253408,0.796515,True,OK
1777553531.606171,True,True,0.39759198,761,85,0.000000,0.250843,0.796515,True,OK
1777553531.651172,True,True,0.39773990,761,85,0.000000,0.247338,0.796515,True,OK
1777553531.701097,True,True,0.39810601,761,85,0.000000,0.243562,0.796515,True,OK
1777553531.746592,True,True,0.39821476,761,85,0.000000,0.240220,0.796515,True,OK
1777553531.778532,True,True,0.39821476,761,85,0.000000,0.237928,0.796515,True,OK
1777553531.825850,True,True,0.39817516,761,85,0.000000,0.234612,0.796515,True,OK
1777553531.873149,True,True,0.39794948,761,85,0.000000,0.231389,0.796515,True,OK
1777553531.904914,True,True,0.39794948,761,85,0.000000,0.229273,0.796515,True,OK
1777553531.937087,True,True,0.39802361,761,85,0.000000,0.227169,0.796515,True,OK
1777553531.984416,True,True,0.39820028,761,85,0.000000,0.224144,0.796515,True,OK
1777553532.032831,True,True,0.39875793,761,85,0.000000,0.221131,0.796515,True,OK
1777553532.079598,True,True,0.39897847,761,85,0.000000,0.218297,0.796515,True,OK
1777553532.127202,True,True,0.39858292,761,85,0.000000,0.215485,0.796515,True,OK
1777553532.177245,True,True,0.39890706,761,85,0.000000,0.212607,0.796515,True,OK
1777553532.222405,True,True,0.39873357,761,85,0.000000,0.210075,0.796515,True,OK
1777553532.269985,True,True,0.39859342,760,85,8.377330,0.311294,1.195109,True,OK
1777553532.317414,True,True,0.39851635,761,85,8.402405,0.410031,1.593625,True,OK
1777553532.364866,True,True,0.39834793,761,85,0.000000,0.405086,1.593625,True,OK
1777553532.398801,True,True,0.39867935,761,85,0.000000,0.401621,1.593625,True,OK
1777553532.444372,True,True,0.39827735,761,85,0.000000,0.397061,1.593625,True,OK
1777553532.492319,True,True,0.39827735,761,85,0.000000,0.392374,1.593625,True,OK
1777553532.538223,True,True,0.39836815,761,85,0.000000,0.387989,1.593625,True,OK
1777553532.570244,True,True,0.39807118,761,85,0.000000,0.384987,1.593625,True,OK
1777553532.617606,True,True,0.39818265,761,85,0.000000,0.380632,1.593625,True,OK
1777553532.651567,True,True,0.39837261,761,85,0.000000,0.377570,1.593625,True,OK
1777553532.697454,True,True,0.39839750,761,85,0.000000,0.373509,1.593625,True,OK
1777553532.745074,True,True,0.39860467,761,85,0.000000,0.369386,1.593625,True,OK
1777553532.792714,True,True,0.39821323,760,85,8.358869,0.456645,1.991838,True,OK
1777553532.840279,True,True,0.39823260,761,85,8.372348,0.542033,2.390071,True,OK
1777553532.887921,True,True,0.39803935,761,85,0.000000,0.536239,2.390071,True,OK
1777553532.935775,True,True,0.39814740,761,85,0.000000,0.530543,2.390071,True,OK
1777553532.967281,True,True,0.39832656,761,85,0.000000,0.526858,2.390071,True,OK
1777553533.014942,True,True,0.39823109,761,85,0.000000,0.521380,2.390071,True,OK
1777553533.062201,True,True,0.39826167,761,85,0.000000,0.516060,2.390071,True,OK
1777553533.096931,True,True,0.39836626,761,85,0.000000,0.512219,2.390071,True,OK
1777553533.141364,True,True,0.39836626,761,85,0.000000,0.507388,2.390071,True,OK
1777553533.187940,True,True,0.39827788,761,85,0.000000,0.502420,2.390071,True,OK
1777553533.234475,True,True,0.39826871,761,85,0.000000,0.497553,2.390071,True,OK
1777553533.282145,True,True,0.39841563,761,85,0.000000,0.492664,2.390071,True,OK
1777553533.329493,True,True,0.39828762,761,85,0.000000,0.487902,2.390071,True,OK
1777553533.377088,True,True,0.39843094,761,85,0.000000,0.483207,2.390071,True,OK
1777553533.426455,True,True,0.39830556,761,85,0.000000,0.478432,2.390071,True,OK
1777553533.471917,True,True,0.39815355,761,85,0.000000,0.474117,2.390071,True,OK
1777553533.521676,True,True,0.39815355,761,85,0.000000,0.469483,2.390071,True,OK
1777553533.566336,True,True,0.39796604,761,85,0.000000,0.465400,2.390071,True,OK
1777553533.613868,True,True,0.39800411,761,85,0.000000,0.461132,2.390071,True,OK
1777553533.661318,True,True,0.39809889,761,85,0.000000,0.456949,2.390071,True,OK
1777553533.709118,True,True,0.39809889,761,85,0.000000,0.452811,2.390071,True,OK
1777553533.756724,True,True,0.39837817,761,85,0.000000,0.448764,2.390071,True,OK
1777553533.807033,True,True,0.39836259,761,85,0.000000,0.444564,2.390071,True,OK
1777553533.851213,True,True,0.39857451,761,85,0.000000,0.440941,2.390071,True,OK
1777553533.898899,True,True,0.39834863,761,85,0.000000,0.437095,2.390071,True,OK
1777553533.946329,True,True,0.39825024,761,85,0.000000,0.433336,2.390071,True,OK
1777553533.994535,True,True,0.39847142,761,85,0.000000,0.429582,2.390071,True,OK
1777553534.042259,True,True,0.39840661,761,85,0.000000,0.425928,2.390071,True,OK
1777553534.074471,True,True,0.39886149,761,85,0.000000,0.423497,2.390071,True,OK
1777553534.122258,True,True,0.39856457,760,85,8.340406,0.489970,2.788636,True,OK
1777553534.171892,True,True,0.39853040,761,85,8.029425,0.555152,3.187166,True,OK
1777553534.203257,True,True,0.39853173,761,85,0.000000,0.552135,3.187166,True,OK
1777553534.248719,True,True,0.39863236,761,85,0.000000,0.547821,3.187166,True,OK
1777553534.296479,True,True,0.39866973,761,85,0.000000,0.543360,3.187166,True,OK
1777553534.346020,True,True,0.39867332,761,85,0.000000,0.538810,3.187166,True,OK
1777553534.391125,True,True,0.39879189,761,85,0.000000,0.534732,3.187166,True,OK
1777553534.438988,True,True,0.39879664,761,85,0.000000,0.530472,3.187166,True,OK
1777553534.486647,True,True,0.39845318,761,85,0.000000,0.526297,3.187166,True,OK
1777553534.535490,True,True,0.39869658,761,85,0.000000,0.522087,3.187166,True,OK
1777553534.581961,True,True,0.39848614,761,85,0.000000,0.518142,3.187166,True,OK
1777553534.629885,True,True,0.39845044,761,85,0.000000,0.514137,3.187166,True,OK
1777553534.692513,True,True,0.39856066,761,85,0.000000,0.508994,3.187166,True,OK
1777553534.739625,True,True,0.39856066,761,85,0.000000,0.505193,3.187166,True,OK
1777553534.787950,True,True,0.39882997,761,85,0.000000,0.501353,3.187166,True,OK
1777553534.834161,True,True,0.39864007,761,85,0.000000,0.497735,3.187166,True,OK
1777553534.876591,True,True,0.39858727,761,85,0.000000,0.494459,3.187166,True,OK
1777553534.913291,True,True,0.39843983,761,85,0.000000,0.491659,3.187166,True,OK
1777553534.944833,True,True,0.39843983,761,85,0.000000,0.489278,3.187166,True,OK
1777553534.992258,True,True,0.39850249,761,86,8.402872,0.546476,3.585668,True,OK
1777553535.039386,True,True,0.39870747,761,85,8.460061,0.602911,3.984376,True,OK
1777553535.078414,True,True,0.39852753,761,86,10.211404,0.659322,4.382903,True,OK
1777553535.119143,True,True,0.39864024,761,85,9.787444,0.714909,4.781544,True,OK
1777553535.166834,True,True,0.39853634,761,85,0.000000,0.709848,4.781544,True,OK
1777553535.214275,True,True,0.39861498,761,85,0.000000,0.704883,4.781544,True,OK
1777553535.246192,True,True,0.39865476,761,85,0.000000,0.701582,4.781544,True,OK
1777553535.294218,True,True,0.39845827,761,85,0.000000,0.696673,4.781544,True,OK
1777553535.341901,True,True,0.39836127,761,85,0.000000,0.691866,4.781544,True,OK
1777553535.389163,True,True,0.39826753,761,85,0.000000,0.687167,4.781544,True,OK
1777553535.437726,True,True,0.39831171,761,85,0.000000,0.682405,4.781544,True,OK
1777553535.468301,True,True,0.39868606,761,85,0.000000,0.679440,4.781544,True,OK
1777553535.515591,True,True,0.39908976,761,85,0.000000,0.674905,4.781544,True,OK
1777553535.563290,True,True,0.39905412,761,85,0.000000,0.670391,4.781544,True,OK
1777553535.610844,True,True,0.39912752,761,86,8.393056,0.721540,5.180671,True,OK
1777553535.658307,True,True,0.39888063,761,86,0.000000,0.716801,5.180671,True,OK
1777553535.706064,True,True,0.39874296,761,85,8.349471,0.766904,5.579414,True,OK
1777553535.738260,True,True,0.39862784,761,86,12.381267,0.818076,5.978042,True,OK
1777553535.787335,True,True,0.39858207,760,86,8.121836,0.866800,6.376624,True,OK
1777553535.832660,True,True,0.39852613,761,86,8.792626,0.915333,6.775150,True,OK
1777553535.864407,True,True,0.39869191,761,86,0.000000,0.911424,6.775150,True,OK
1777553535.911673,True,True,0.39914232,761,86,0.000000,0.905666,6.775150,True,OK
1777553535.943316,True,True,0.39929423,761,86,0.000000,0.901851,6.775150,True,OK
1777553535.990982,True,True,0.39856419,761,86,0.000000,0.896165,6.775150,True,OK
1777553536.022618,True,True,0.39863248,761,86,0.000000,0.892430,6.775150,True,OK
1777553536.070071,True,True,0.39863248,761,86,0.000000,0.886887,6.775150,True,OK
1777553536.117715,True,True,0.39951574,761,86,0.000000,0.881390,6.775150,True,OK
1777553536.165305,True,True,0.39948288,761,86,0.000000,0.875967,6.775150,True,OK
1777553536.212949,True,True,0.39902032,761,86,0.000000,0.870604,6.775150,True,OK
1777553536.260792,True,True,0.39970731,760,86,8.354399,0.916332,7.174857,True,OK
1777553536.292470,True,True,0.39905388,761,85,17.815679,0.984425,7.739205,True,OK
1777553536.339297,True,True,0.39896270,761,85,0.000000,0.978596,7.739205,True,OK
1777553536.387241,True,True,0.39927857,761,86,8.328049,1.022883,8.138483,True,OK
1777553536.434958,True,True,0.39975827,761,86,0.000000,1.016785,8.138483,True,OK
1777553536.466957,True,True,0.39987528,761,86,0.000000,1.012736,8.138483,True,OK
1777553536.516647,True,True,0.39923940,761,86,0.000000,1.006512,8.138483,True,OK
1777553536.561946,True,True,0.39900534,761,85,8.808203,1.049976,8.537489,True,OK
1777553536.612435,True,True,0.39901269,760,85,7.902934,1.092266,8.936501,True,OK
1777553536.646173,True,True,0.39925653,761,85,11.834234,1.136380,9.335758,True,OK
1777553536.688426,True,True,0.39925653,761,85,0.000000,1.130565,9.335758,True,OK
1777553536.735965,True,True,0.39926260,761,86,8.398465,1.172167,9.735021,True,OK
1777553536.771228,True,True,0.39909142,761,85,11.317778,1.215062,10.134112,True,OK
1777553536.815384,True,True,0.39902047,761,86,9.036544,1.256253,10.533133,True,OK
1777553536.847115,True,True,0.39907126,761,85,12.576743,1.298933,10.932204,True,OK
1777553536.894439,True,True,0.39913659,761,86,8.434094,1.338829,11.331340,True,OK
1777553536.939719,True,True,0.39926144,761,85,8.817569,1.378628,11.730602,True,OK
1777553536.988409,True,True,0.39905462,761,85,0.000000,1.370784,11.730602,True,OK
1777553537.021992,True,True,0.39906323,761,85,0.000000,1.365425,11.730602,True,OK
1777553537.067995,True,True,0.40005072,761,85,0.000000,1.358153,11.730602,True,OK
1777553537.116155,True,True,0.39979638,761,85,0.000000,1.350622,11.730602,True,OK
1777553537.163775,True,True,0.39969206,761,85,0.000000,1.343257,11.730602,True,OK
1777553537.211351,True,True,0.39984608,761,85,0.000000,1.335979,11.730602,True,OK
1777553537.243570,True,True,0.40006946,761,85,0.000000,1.331094,11.730602,True,OK
1777553537.291739,True,True,0.39998165,761,85,0.000000,1.323858,11.730602,True,OK
1777553537.339574,True,True,0.39867870,761,85,0.000000,1.316750,11.730602,True,OK
1777553537.386888,True,True,0.39924157,761,85,0.000000,1.309794,11.730602,True,OK
1777553537.434265,True,True,0.39935884,761,85,0.000000,1.302902,11.730602,True,OK
1777553537.481751,True,True,0.39988447,761,85,0.000000,1.296066,11.730602,True,OK
1777553537.529756,True,True,0.39969326,761,85,0.000000,1.289228,11.730602,True,OK
1777553537.577250,True,True,0.39973461,761,85,0.000000,1.282534,11.730602,True,OK
1777553537.608958,True,True,0.39969212,761,85,0.000000,1.278103,11.730602,True,OK
1777553537.656830,True,True,0.39881168,761,85,0.000000,1.271471,11.730602,True,OK
1777553537.705137,True,True,0.39881168,761,85,0.000000,1.264848,11.730602,True,OK
1777553537.753194,True,True,0.39861364,761,85,0.000000,1.258328,11.730602,True,OK
1777553537.800770,True,True,0.39908940,761,85,0.000000,1.251939,11.730602,True,OK
1777553537.848439,True,True,0.39902487,761,86,8.370669,1.287972,12.129627,True,OK
1777553537.880457,True,True,0.39857214,761,86,0.000000,1.283608,12.129627,True,OK
1777553537.928786,True,True,0.39873630,761,86,0.000000,1.277076,12.129627,True,OK
1777553537.959431,True,True,0.39869172,761,86,0.000000,1.272969,12.129627,True,OK
1777553538.007144,True,True,0.39900050,761,86,0.000000,1.266627,12.129627,True,OK
1777553538.041577,True,True,0.39901011,761,86,0.000000,1.262089,12.129627,True,OK
1777553538.086464,True,True,0.39904364,761,86,0.000000,1.256221,12.129627,True,OK
1777553538.134081,True,True,0.39946517,761,86,0.000000,1.250057,12.129627,True,OK
1777553538.181412,True,True,0.39851713,762,87,11.907419,1.301789,12.693215,True,OK
1777553538.229098,True,True,0.39929010,762,86,8.373260,1.336205,13.092505,True,OK
1777553538.276641,True,True,0.39918481,762,88,16.792562,1.410840,13.890875,True,OK
1777553538.324307,True,True,0.39945669,761,87,11.851495,1.461142,14.455792,True,OK
1777553538.373621,True,True,0.39945287,762,86,11.455618,1.510712,15.020703,True,OK
1777553538.419665,True,True,0.39958159,762,86,0.000000,1.503748,15.020703,True,OK
1777553538.450332,True,True,0.39958159,762,86,0.000000,1.499145,15.020703,True,OK
1777553538.498399,True,True,0.40019036,762,86,0.000000,1.491988,15.020703,True,OK
1777553538.530139,True,True,0.39993538,762,86,0.000000,1.487299,15.020703,True,OK
1777553538.577831,True,True,0.39973397,762,86,0.000000,1.480308,15.020703,True,OK
1777553538.625660,True,True,0.39993612,762,86,0.000000,1.473363,15.020703,True,OK
1777553538.673158,True,True,0.40018172,762,86,0.000000,1.466531,15.020703,True,OK
1777553538.714893,True,True,0.39919975,762,86,0.000000,1.460579,15.020703,True,OK
1777553538.752126,True,True,0.39917105,762,86,0.000000,1.455310,15.020703,True,OK
1777553538.799585,True,True,0.39903440,762,86,0.000000,1.448649,15.020703,True,OK
1777553538.846993,True,True,0.39899619,762,86,0.000000,1.442056,15.020703,True,OK
1777553538.878456,True,True,0.39899619,762,86,0.000000,1.437713,15.020703,True,OK
1777553538.925891,True,True,0.39860958,762,86,0.000000,1.431215,15.020703,True,OK
1777553538.972776,True,True,0.39890173,762,86,0.000000,1.424850,15.020703,True,OK
1777553539.019761,True,True,0.39812875,762,86,0.000000,1.418527,15.020703,True,OK
1777553539.067421,True,True,0.39891415,762,86,0.000000,1.412171,15.020703,True,OK
1777553539.098924,True,True,0.39866854,762,86,0.000000,1.408001,15.020703,True,OK
1777553539.146679,True,True,0.39866840,762,86,0.000000,1.401727,15.020703,True,OK
1777553539.194749,True,True,0.39858423,762,86,0.000000,1.395467,15.020703,True,OK
1777553539.240868,True,True,0.39858423,762,86,0.000000,1.389513,15.020703,True,OK
1777553539.274365,True,True,0.39857974,762,86,0.000000,1.385221,15.020703,True,OK
1777553539.319951,True,True,0.39865927,762,86,0.000000,1.379422,15.020703,True,OK
1777553539.351715,True,True,0.39857565,762,85,12.547925,1.411906,15.419279,True,OK
1777553539.399190,True,True,0.39863757,762,85,0.000000,1.405795,15.419279,True,OK
1777553539.431167,True,True,0.39872194,762,85,0.000000,1.401709,15.419279,True,OK
1777553539.478838,True,True,0.39889949,762,85,0.000000,1.395660,15.419279,True,OK
1777553539.526489,True,True,0.39876438,762,85,0.000000,1.389666,15.419279,True,OK
1777553539.574088,True,True,0.39951054,762,86,8.393409,1.419583,15.818790,True,OK
1777553539.621880,True,True,0.39861098,762,85,8.340420,1.449139,16.217401,True,OK
1777553539.653526,True,True,0.39920530,762,86,12.614996,1.480624,16.616606,True,OK
1777553539.701257,True,True,0.39935088,762,85,8.366712,1.509787,17.015957,True,OK
1777553539.749223,True,True,0.39925393,762,85,0.000000,1.503389,17.015957,True,OK
1777553539.796548,True,True,0.39910766,762,85,0.000000,1.497129,17.015957,True,OK
1777553539.843496,True,True,0.39898957,762,85,0.000000,1.490970,17.015957,True,OK
1777553539.890989,True,True,0.39872669,762,86,8.395444,1.519584,17.414683,True,OK
1777553539.938385,True,True,0.39920116,762,85,8.422644,1.548015,17.813885,True,OK
1777553539.985985,True,True,0.39902177,762,85,0.000000,1.541638,17.813885,True,OK
1777553540.033466,True,True,0.39894545,762,85,0.000000,1.535330,17.813885,True,OK
1777553540.081076,True,True,0.39934869,762,85,0.000000,1.529055,17.813885,True,OK
1777553540.114663,True,True,0.39911474,762,85,0.000000,1.524660,17.813885,True,OK
1777553540.160442,True,True,0.39904405,762,85,0.000000,1.518709,17.813885,True,OK
1777553540.207834,True,True,0.39920242,762,86,8.423518,1.546495,18.213087,True,OK
1777553540.255322,True,True,0.39934185,762,86,0.000000,1.540284,18.213087,True,OK
1777553540.302927,True,True,0.39902959,762,86,0.000000,1.534108,18.213087,True,OK
1777553540.334764,True,True,0.39886462,762,86,0.000000,1.530005,18.213087,True,OK
1777553540.381968,True,True,0.39889166,762,86,0.000000,1.523961,18.213087,True,OK
1777553540.422592,True,True,0.39840290,762,86,0.000000,1.518799,18.213087,True,OK
1777553540.461058,True,True,0.39854485,761,86,10.360842,1.547071,18.611632,True,OK
1777553540.508677,True,True,0.39881954,762,86,8.375242,1.573992,19.010451,True,OK
1777553540.556478,True,True,0.39875311,762,86,0.000000,1.567787,19.010451,True,OK
1777553540.603741,True,True,0.39856779,762,86,0.000000,1.561700,19.010451,True,OK
1777553540.651206,True,True,0.39843264,762,86,0.000000,1.555634,19.010451,True,OK
1777553540.698731,True,True,0.39843264,762,86,0.000000,1.549608,19.010451,True,OK
1777553540.746151,True,True,0.39852190,762,85,8.404042,1.576001,19.408973,True,OK
1777553540.793443,True,True,0.39878589,762,85,0.000000,1.569972,19.408973,True,OK
1777553540.841040,True,True,0.39877751,762,85,0.000000,1.563951,19.408973,True,OK
1777553540.888966,True,True,0.39878839,762,85,0.000000,1.557934,19.408973,True,OK
1777553540.937003,True,True,0.39872422,762,85,0.000000,1.551950,19.408973,True,OK
1777553540.984515,True,True,0.39887375,762,85,0.000000,1.546077,19.408973,True,OK
1777553541.031908,True,True,0.39889136,762,85,0.000000,1.540262,19.408973,True,OK
1777553541.095622,True,True,0.39885831,762,86,6.260204,1.564007,19.807832,True,OK
1777553541.143469,True,True,0.39886423,762,86,0.000000,1.558120,19.807832,True,OK
1777553541.191402,True,True,0.39903138,762,85,8.324756,1.583538,20.206863,True,OK
1777553541.228823,True,True,0.39897280,762,86,10.661739,1.610082,20.605836,True,OK
1777553541.271087,True,True,0.39882544,762,86,0.000000,1.604783,20.605836,True,OK
1777553541.318592,True,True,0.39869182,762,86,0.000000,1.598867,20.605836,True,OK
1777553541.366594,True,True,0.39901433,762,85,8.312575,1.623780,21.004850,True,OK
1777553541.407305,True,True,0.39893128,762,85,0.000000,1.618686,21.004850,True,OK
1777553541.440509,True,True,0.39889535,762,86,12.013789,1.645216,21.403746,True,OK
1777553541.478330,True,True,0.39893350,762,86,0.000000,1.640447,21.403746,True,OK
1777553541.525537,True,True,0.39897465,762,86,0.000000,1.634533,21.403746,True,OK
1777553541.554825,True,True,0.39875866,762,86,0.000000,1.630885,21.403746,True,OK
1777553541.602357,True,True,0.39863351,762,86,0.000000,1.625000,21.403746,True,OK
1777553541.649898,True,True,0.39898513,762,86,0.000000,1.619156,21.403746,True,OK
1777553541.697220,True,True,0.39898513,762,86,0.000000,1.613380,21.403746,True,OK
1777553541.745148,True,True,0.39866664,762,86,0.000000,1.607572,21.403746,True,OK
1777553541.792328,True,True,0.39872546,762,86,0.000000,1.601896,21.403746,True,OK
1777553541.839887,True,True,0.39884128,762,86,0.000000,1.596215,21.403746,True,OK
1777553541.887716,True,True,0.39866740,762,85,8.335156,1.620167,21.802413,True,OK
1777553541.935437,True,True,0.39862070,762,85,0.000000,1.614442,21.802413,True,OK
1777553541.969431,True,True,0.39862955,762,85,0.000000,1.610388,21.802413,True,OK
1777553542.015560,True,True,0.39862955,762,85,0.000000,1.604919,21.802413,True,OK
1777553542.063014,True,True,0.39906157,762,86,8.409503,1.628606,22.201474,True,OK
1777553542.098868,True,True,0.39906157,762,86,0.000000,1.624334,22.201474,True,OK
1777553542.132653,True,True,0.39903169,762,85,11.811043,1.649451,22.600506,True,OK
1777553542.174465,True,True,0.39901579,762,86,9.543160,1.673466,22.999522,True,OK
1777553542.221847,True,True,0.39892558,762,85,8.419328,1.696643,23.398448,True,OK
1777553542.269975,True,True,0.39861831,762,85,0.000000,1.690743,23.398448,True,OK
1777553542.302172,True,True,0.39858431,762,85,0.000000,1.686818,23.398448,True,OK
1777553542.350072,True,True,0.39861269,762,85,0.000000,1.681013,23.398448,True,OK
1777553542.381970,True,True,0.39873409,762,85,0.000000,1.677170,23.398448,True,OK
1777553542.429460,True,True,0.39864819,762,85,0.000000,1.671480,23.398448,True,OK
1777553542.476906,True,True,0.39854197,762,86,8.400031,1.694208,23.796990,True,OK
1777553542.524429,True,True,0.39870146,762,85,8.389523,1.716785,24.195691,True,OK
1777553542.571711,True,True,0.39819842,762,85,0.000000,1.711044,24.195691,True,OK
1777553542.603714,True,True,0.39851302,762,85,0.000000,1.707181,24.195691,True,OK
1777553542.651549,True,True,0.39874143,762,85,0.000000,1.701438,24.195691,True,OK
1777553542.689599,True,True,0.39874143,762,85,0.000000,1.696898,24.195691,True,OK
1777553542.731569,True,True,0.39874143,762,85,0.000000,1.691918,24.195691,True,OK
1777553542.779149,True,True,0.39872682,762,86,8.380134,1.714096,24.594418,True,OK
1777553542.826989,True,True,0.39869376,762,86,0.000000,1.708400,24.594418,True,OK
1777553542.873950,True,True,0.39875143,762,86,0.000000,1.702846,24.594418,True,OK
1777553542.905589,True,True,0.39875373,762,86,0.000000,1.699123,24.594418,True,OK
1777553542.953296,True,True,0.39875373,762,86,0.000000,1.693542,24.594418,True,OK
1777553542.985113,True,True,0.39870372,762,86,0.000000,1.689839,24.594418,True,OK
1777553543.032921,True,True,0.39867792,762,86,0.000000,1.684307,24.594418,True,OK
1777553543.080644,True,True,0.39893920,762,86,0.000000,1.678820,24.594418,True,OK
1777553543.112511,True,True,0.39905934,762,86,0.000000,1.675176,24.594418,True,OK
1777553543.159976,True,True,0.39931790,762,86,0.000000,1.669778,24.594418,True,OK
1777553543.207619,True,True,0.39936714,762,86,0.000000,1.664394,24.594418,True,OK
1777553543.256025,True,True,0.39935940,762,86,0.000000,1.658960,24.594418,True,OK
1777553543.288351,True,True,0.39935940,762,86,0.000000,1.655350,24.594418,True,OK
1777553543.322459,True,True,0.39945636,762,86,0.000000,1.651559,24.594418,True,OK
1777553543.367525,True,True,0.39970559,762,86,0.000000,1.646576,24.594418,True,OK
1777553543.399599,True,True,0.39965940,762,86,0.000000,1.643048,24.594418,True,OK
1777553543.431413,True,True,0.39965940,762,86,0.000000,1.639563,24.594418,True,OK
1777553543.462587,True,True,0.39952399,763,86,12.816155,1.662742,24.993942,True,OK
1777553543.494328,True,True,0.39942907,762,85,17.796131,1.696738,25.558820,True,OK
1777553543.526083,True,True,0.39938591,762,85,0.000000,1.693168,25.558820,True,OK
1777553543.573587,True,True,0.39911208,762,85,0.000000,1.687857,25.558820,True,OK
1777553543.608518,True,True,0.39916798,763,84,16.160487,1.721165,26.123329,True,OK
1777553543.651908,True,True,0.39958270,763,85,9.209038,1.742511,26.522911,True,OK
1777553543.684136,True,True,0.39958270,763,85,0.000000,1.738829,26.522911,True,OK
1777553543.716848,True,True,0.40001780,763,83,24.457315,1.787446,27.322947,True,OK
1777553543.748497,True,True,0.39951637,762,84,17.852048,1.820638,27.887948,True,OK
1777553543.779026,True,True,0.39966327,762,84,0.000000,1.817017,27.887948,True,OK
1777553543.810932,True,True,0.39951297,762,83,12.521512,1.839223,28.287461,True,OK
1777553543.842391,True,True,0.39944432,762,86,38.092072,1.913225,29.485794,True,OK
1777553543.874228,True,True,0.39939666,762,92,75.270876,2.064452,31.882174,True,OK
1777553543.921983,True,True,0.39934021,762,101,75.260802,2.290095,35.476236,True,OK
1777553543.953829,True,True,0.39934021,762,101,0.000000,2.285397,35.476236,True,OK
1777553543.985709,True,True,0.39947333,762,105,50.121529,2.383439,37.074129,True,OK
1777553544.017404,False,True,0.00000000,761,110,50.121529,2.383439,37.074129,False,Sin AprilTag: medicion congelada
1777553544.049331,False,True,0.00000000,762,115,50.121529,2.383439,37.074129,False,Sin AprilTag: medicion congelada
1777553544.083450,False,True,0.00000000,762,115,50.121529,2.383439,37.074129,False,Sin AprilTag: medicion congelada
1777553544.129385,False,True,0.00000000,761,121,50.121529,2.383439,37.074129,False,Sin AprilTag: medicion congelada
1777553544.179785,False,True,0.00000000,748,126,50.121529,2.383439,37.074129,False,Sin AprilTag: medicion congelada
1777553544.209418,False,True,0.00000000,695,66,50.121529,2.383439,37.074129,False,Sin AprilTag: medicion congelada
1777553544.258416,False,True,0.00000000,767,149,50.121529,2.383439,37.074129,False,Sin AprilTag: medicion congelada
1777553544.305078,False,True,0.00000000,680,121,50.121529,2.383439,37.074129,False,Sin AprilTag: medicion congelada
1777553544.352701,False,True,0.00000000,676,126,50.121529,2.383439,37.074129,False,Sin AprilTag: medicion congelada
1777553544.432089,True,True,0.39959917,485,10,262.148217,9.629980,154.091887,True,OK
1777553544.479120,True,True,0.39966042,783,76,2593.689290,17.202865,276.076732,True,OK
1777553544.527168,True,True,0.39971160,783,75,8.319085,17.176347,276.476443,True,OK
1777553544.577443,True,True,0.39946765,882,126,884.855972,19.878019,320.962866,True,OK
1777553544.623048,True,True,0.39960695,781,83,961.881217,22.531102,364.828717,True,OK
1777553544.671188,True,True,0.39948896,781,83,0.000000,22.464315,364.828717,True,OK
1777553544.703028,True,True,0.39912642,871,132,1284.532423,24.933861,405.728952,True,OK
1777553544.734675,True,True,0.39968590,779,84,1310.542121,27.429338,447.203948,True,OK
1777553544.782270,True,True,0.39945129,779,84,0.000000,27.349499,447.203948,True,OK
1777553544.814394,True,True,0.39933706,778,84,12.431188,27.320248,447.603285,True,OK
1777553544.862180,True,True,0.39951723,778,83,8.360634,27.265110,448.002802,True,OK
1777553544.893924,True,True,0.39951723,778,83,0.000000,27.212536,448.002802,True,OK
1777553544.928325,True,True,0.39962605,778,82,11.616719,27.180016,448.402428,True,OK
1777553544.973448,True,True,0.39914253,861,131,852.588030,29.431458,486.873640,True,OK
1777553545.021223,True,True,0.39930783,780,71,842.518441,31.772864,527.124582,True,OK
1777553545.068792,True,True,0.39903467,434,110,2920.799155,40.032819,666.064880,True,OK
1777553545.116385,True,True,0.39880430,438,110,33.517813,40.014235,667.660097,True,OK
1777553545.164142,True,True,0.39901155,450,114,105.683470,40.201656,672.707239,True,OK
1777553545.195805,True,True,0.39860900,455,118,80.610394,40.277973,675.259582,True,OK
1777553545.243573,True,True,0.39861280,460,125,71.784220,40.367488,678.688578,True,OK
1777553545.294192,True,True,0.39827968,466,129,56.738152,40.416628,681.560614,True,OK
1777553545.333338,True,True,0.39818841,468,129,20.344035,40.370141,682.356991,True,OK
1777553545.371319,True,True,0.39836171,469,128,14.832612,40.312884,682.920359,True,OK
1777553545.419141,True,True,0.39825329,473,123,53.324372,40.349511,685.470425,True,OK
1777553545.467009,True,True,0.39843109,473,122,8.323576,40.259526,685.868856,True,OK
1777553545.514862,True,True,0.39807772,473,118,33.275053,40.239962,687.461167,True,OK
1777553545.548894,True,True,0.39847459,474,115,37.026686,40.233574,688.721254,True,OK
1777553545.594486,True,True,0.39902488,473,107,70.560688,40.314133,691.938295,True,OK
1777553545.641769,True,True,0.39926245,474,99,68.078274,40.390409,695.157252,True,OK
1777553545.689210,True,True,0.39926245,474,99,0.000000,40.279381,695.157252,True,OK
1777553545.725768,True,True,0.39910587,474,95,43.668913,40.286546,696.753676,True,OK
1777553545.768622,True,True,0.39913250,474,83,111.763869,40.463219,701.543266,True,OK
1777553545.815620,True,True,0.39910434,476,72,94.943725,40.610500,706.005388,True,OK
1777553545.855628,True,True,0.39910434,476,72,0.000000,40.517255,706.005388,True,OK
1777553545.894804,True,True,0.39927759,477,69,32.229998,40.498665,707.268015,True,OK
1777553545.928715,True,True,0.39936655,787,102,3671.468272,47.535499,831.771138,True,OK
1777553545.974720,True,True,0.39970556,787,101,8.688260,47.433630,832.170843,True,OK
1777553546.022831,True,True,0.39895670,482,58,2554.202548,54.289189,955.055985,True,OK
1777553546.054467,True,True,0.39956146,488,48,147.290505,54.456133,959.715632,True,OK
1777553546.101696,True,True,0.39930831,493,38,94.526142,54.563229,964.180034,True,OK
1777553546.150587,True,True,0.39978893,497,27,95.710927,54.676761,968.859444,True,OK
1777553546.197431,True,True,0.39983994,787,99,2550.462640,61.257229,1088.333330,True,OK
1777553546.229701,True,True,0.39947537,787,98,12.379448,61.168614,1088.732805,True,OK
1777553546.277274,True,True,0.39967074,787,97,8.401194,61.027952,1089.132476,True,OK
1777553546.311234,True,True,0.39978592,787,97,0.000000,60.912041,1089.132476,True,OK
1777553546.356983,True,True,0.39930372,786,89,70.368233,60.936175,1092.351766,True,OK
1777553546.390967,True,True,0.39911249,496,13,3520.791770,67.482912,1212.003002,True,OK
1777553546.436860,True,True,0.39883823,488,23,111.294240,67.594577,1217.110623,True,OK
1777553546.484063,True,True,0.39872755,788,97,2610.115627,74.242300,1340.314211,True,OK
1777553546.516137,True,True,0.39863780,787,99,27.790797,74.159918,1341.205592,True,OK
1777553546.564966,True,True,0.39862664,472,85,2574.121123,80.891429,1466.896942,True,OK
1777553546.611645,True,True,0.39851247,472,98,110.986510,80.968696,1472.077604,True,OK
1777553546.658989,True,True,0.39829978,471,113,126.470976,81.086882,1478.065362,True,OK
1777553546.691069,True,True,0.39829978,471,113,0.000000,80.944427,1478.065362,True,OK
1777553546.722728,True,True,0.39829978,471,113,0.000000,80.804333,1478.065362,True,OK
1777553546.770533,True,True,0.39751689,471,120,58.207596,80.745431,1480.847981,True,OK
1777553546.802402,True,True,0.39791949,468,122,45.020036,80.683460,1482.282700,True,OK
1777553546.835267,True,True,0.39791949,468,122,0.000000,80.539381,1482.282700,True,OK
1777553546.866275,True,True,0.39724889,467,125,40.511860,80.472055,1483.538911,True,OK
1777553546.913741,True,True,0.39709590,467,126,8.366021,80.286882,1483.936007,True,OK
1777553546.961155,True,True,0.39741071,466,124,18.741780,80.129402,1484.824644,True,OK
1777553547.009139,True,True,0.39747197,467,124,8.283488,79.943840,1485.222116,True,OK
1777553547.059075,False,True,0.00000000,472,119,8.283488,79.943840,1485.222116,False,Sin AprilTag: medicion congelada
1777553547.104546,False,True,0.00000000,490,100,8.283488,79.943840,1485.222116,False,Sin AprilTag: medicion congelada
1777553547.136102,False,True,0.00000000,506,95,8.283488,79.943840,1485.222116,False,Sin AprilTag: medicion congelada
1777553547.184237,False,True,0.00000000,519,94,8.283488,79.943840,1485.222116,False,Sin AprilTag: medicion congelada
1777553547.231425,False,True,0.00000000,539,96,8.283488,79.943840,1485.222116,False,Sin AprilTag: medicion congelada
1777553547.263257,False,True,0.00000000,587,107,8.283488,79.943840,1485.222116,False,Sin AprilTag: medicion congelada
1777553547.310781,False,True,0.00000000,604,114,8.283488,79.943840,1485.222116,False,Sin AprilTag: medicion congelada
1777553547.358536,False,True,0.00000000,619,131,8.283488,79.943840,1485.222116,False,Sin AprilTag: medicion congelada
1777553547.406116,False,True,0.00000000,641,137,8.283488,79.943840,1485.222116,False,Sin AprilTag: medicion congelada
1777553547.441772,False,True,0.00000000,641,137,8.283488,79.943840,1485.222116,False,Sin AprilTag: medicion congelada
1777553547.485872,False,True,0.00000000,649,140,8.283488,79.943840,1485.222116,False,Sin AprilTag: medicion congelada
1777553547.533160,False,True,0.00000000,651,144,8.283488,79.943840,1485.222116,False,Sin AprilTag: medicion congelada
1777553547.580758,False,True,0.00000000,652,148,8.283488,79.943840,1485.222116,False,Sin AprilTag: medicion congelada
1777553547.612574,False,True,0.00000000,652,146,8.283488,79.943840,1485.222116,False,Sin AprilTag: medicion congelada
1777553547.660017,False,True,0.00000000,643,146,8.283488,79.943840,1485.222116,False,Sin AprilTag: medicion congelada
1777553547.707617,False,True,0.00000000,642,146,8.283488,79.943840,1485.222116,False,Sin AprilTag: medicion congelada
1777553547.745111,False,True,0.00000000,642,147,8.283488,79.943840,1485.222116,False,Sin AprilTag: medicion congelada
1777553547.786804,False,True,0.00000000,641,148,8.283488,79.943840,1485.222116,False,Sin AprilTag: medicion congelada
1777553547.818504,False,True,0.00000000,640,149,8.283488,79.943840,1485.222116,False,Sin AprilTag: medicion congelada
1777553547.850241,False,True,0.00000000,640,149,8.283488,79.943840,1485.222116,False,Sin AprilTag: medicion congelada
1777553547.882044,False,True,0.00000000,641,148,8.283488,79.943840,1485.222116,False,Sin AprilTag: medicion congelada
1777553547.914156,False,True,0.00000000,640,147,8.283488,79.943840,1485.222116,False,Sin AprilTag: medicion congelada
1777553547.945759,False,True,0.00000000,641,147,8.283488,79.943840,1485.222116,False,Sin AprilTag: medicion congelada
1777553547.992729,False,True,0.00000000,640,147,8.283488,79.943840,1485.222116,False,Sin AprilTag: medicion congelada
1777553548.026766,False,True,0.00000000,640,147,8.283488,79.943840,1485.222116,False,Sin AprilTag: medicion congelada
1777553548.072059,False,True,0.00000000,651,148,8.283488,79.943840,1485.222116,False,Sin AprilTag: medicion congelada
1777553548.118616,False,True,0.00000000,639,147,8.283488,79.943840,1485.222116,False,Sin AprilTag: medicion congelada
1777553548.165830,False,True,0.00000000,640,145,8.283488,79.943840,1485.222116,False,Sin AprilTag: medicion congelada
1777553548.215845,False,True,0.00000000,653,140,8.283488,79.943840,1485.222116,False,Sin AprilTag: medicion congelada
1777553548.261974,False,True,0.00000000,654,126,8.283488,79.943840,1485.222116,False,Sin AprilTag: medicion congelada
1777553548.293854,False,True,0.00000000,652,112,8.283488,79.943840,1485.222116,False,Sin AprilTag: medicion congelada
1777553548.345843,False,True,0.00000000,651,96,8.283488,79.943840,1485.222116,False,Sin AprilTag: medicion congelada
1777553548.389362,False,True,0.00000000,652,82,8.283488,79.943840,1485.222116,False,Sin AprilTag: medicion congelada
1777553548.440602,False,True,0.00000000,637,63,8.283488,79.943840,1485.222116,False,Sin AprilTag: medicion congelada
1777553548.476431,False,True,0.00000000,624,57,8.283488,79.943840,1485.222116,False,Sin AprilTag: medicion congelada
1777553548.516943,False,True,0.00000000,614,51,8.283488,79.943840,1485.222116,False,Sin AprilTag: medicion congelada
1777553548.564291,False,True,0.00000000,172,129,8.283488,79.943840,1485.222116,False,Sin AprilTag: medicion congelada
1777553548.613049,False,True,0.00000000,890,113,8.283488,79.943840,1485.222116,False,Sin AprilTag: medicion congelada
1777553548.659360,False,True,0.00000000,172,132,8.283488,79.943840,1485.222116,False,Sin AprilTag: medicion congelada
1777553548.707352,False,True,0.00000000,169,133,8.283488,79.943840,1485.222116,False,Sin AprilTag: medicion congelada
1777553548.733578,False,True,0.00000000,174,137,8.283488,79.943840,1485.222116,False,Sin AprilTag: medicion congelada
1777553548.774681,False,True,0.00000000,174,137,8.283488,79.943840,1485.222116,False,Sin AprilTag: medicion congelada
1777553548.803369,False,True,0.00000000,179,136,8.283488,79.943840,1485.222116,False,Sin AprilTag: medicion congelada
1777553548.851521,False,True,0.00000000,177,137,8.283488,79.943840,1485.222116,False,Sin AprilTag: medicion congelada
1777553548.893218,False,True,0.00000000,172,134,8.283488,79.943840,1485.222116,False,Sin AprilTag: medicion congelada
1777553548.931151,True,True,0.40009998,175,139,0.000000,79.943840,1485.222116,False,Salto temporal
1777553548.978708,True,True,0.40005035,173,139,16.823911,72.319952,1486.022217,True,OK
1777553549.013507,True,True,0.39950062,170,139,34.441072,72.255911,1487.220719,True,OK
1777553549.057873,True,False,0.39995879,-1,-1,34.441072,72.255911,1487.220719,False,Sin objeto: medicion congelada
1777553549.094745,True,True,0.39959171,172,138,10.998686,72.015084,1488.114233,True,OK
1777553549.137478,True,True,0.40080527,172,137,9.379354,71.885821,1488.515038,True,OK
1777553549.187878,True,True,0.40080527,172,137,0.000000,71.711274,1488.515038,True,OK
1777553549.232760,True,True,0.39968317,171,138,12.593971,71.583725,1489.080276,True,OK
1777553549.280547,True,True,0.39950314,176,137,42.627829,71.517358,1491.117350,True,OK
1777553549.327897,True,True,0.39915438,176,138,8.429883,71.374410,1491.516504,True,OK
1777553549.359444,True,True,0.39909805,177,139,17.891040,71.293791,1492.080914,True,OK
1777553549.407017,True,True,0.39893475,177,139,0.000000,71.132101,1492.080914,True,OK
1777553549.438643,True,True,0.39933966,177,140,12.626947,71.044025,1492.480254,True,OK
1777553549.486377,True,True,0.40004806,182,141,42.733944,70.979845,1494.520107,True,OK
1777553549.533749,True,True,0.39900567,174,139,69.455476,70.976423,1497.810392,True,OK
1777553549.580822,True,True,0.39907290,176,139,16.955617,70.856191,1498.608538,True,OK
1777553549.612567,True,True,0.39917737,175,140,17.783180,70.776652,1499.173060,True,OK
1777553549.644575,True,False,0.39966988,-1,-1,17.783180,70.776652,1499.173060,False,Sin objeto: medicion congelada
1777553549.677334,True,False,0.39966988,-1,-1,17.783180,70.776652,1499.173060,False,Sin objeto: medicion congelada
1777553549.708050,True,False,0.39946413,-1,-1,17.783180,70.776652,1499.173060,False,Sin objeto: medicion congelada
1777553549.758902,True,False,0.39972843,-1,-1,17.783180,70.776652,1499.173060,False,Sin objeto: medicion congelada
1777553549.803478,True,False,0.39954936,-1,-1,17.783180,70.776652,1499.173060,False,Sin objeto: medicion congelada
1777553549.835004,True,False,0.39935079,-1,-1,17.783180,70.776652,1499.173060,False,Sin objeto: medicion congelada
1777553549.882461,True,False,0.40009048,-1,-1,17.783180,70.776652,1499.173060,False,Sin objeto: medicion congelada
1777553549.931949,True,True,0.40019445,769,152,744.448685,80.783530,1736.937066,True,OK
1777553549.977604,True,True,0.40049369,769,150,17.544347,80.649534,1737.738054,True,OK
1777553550.009480,True,True,0.40032231,24,126,9361.367470,94.358640,2036.132892,True,OK
1777553550.041746,True,True,0.40049961,34,117,166.987802,94.467081,2041.521063,True,OK
1777553550.073419,True,True,0.40038165,45,125,171.937833,94.580456,2046.966842,True,OK
1777553550.099420,True,True,0.40062214,43,159,524.781195,95.096665,2060.611541,True,OK
1777553550.137401,True,True,0.40024188,44,158,14.902805,94.956345,2061.177568,True,OK
1777553550.168607,True,True,0.40043416,46,135,296.252096,95.245315,2070.422309,True,OK
1777553550.215864,True,True,0.40050267,73,149,257.758396,95.597843,2082.603122,True,OK
1777553550.247572,True,True,0.40050267,73,149,0.000000,95.458902,2082.603122,True,OK
1777553550.295637,True,True,0.40056615,96,117,328.423076,95.971020,2098.388681,True,OK
1777553550.326408,True,True,0.40030008,156,121,782.260325,96.935513,2122.460000,True,OK
1777553550.374419,True,True,0.40011729,162,122,50.692866,96.834337,2124.893819,True,OK
1777553550.406378,True,True,0.40005503,157,134,162.731780,96.930171,2130.094534,True,OK
1777553550.453837,True,True,0.39971703,156,136,18.833026,96.761874,2130.988329,True,OK
1777553550.485657,True,True,0.39971703,156,136,0.000000,96.622269,2130.988329,True,OK
1777553550.517778,True,True,0.39971703,156,136,0.000000,96.481750,2130.988329,True,OK
1777553550.565454,True,True,0.40040473,177,130,183.426522,96.669020,2139.733300,True,OK
1777553550.597553,True,True,0.40040473,189,120,194.853828,96.811196,2145.987822,True,OK
1777553550.644733,True,True,0.40023815,241,104,461.530484,97.585832,2167.763131,True,OK
1777553550.677078,True,True,0.40023815,241,104,0.000000,97.443949,2167.763131,True,OK
1777553550.724639,True,True,0.40023815,241,104,0.000000,97.236062,2167.763131,True,OK
1777553550.772043,True,True,0.39950471,211,137,375.863709,97.827250,2185.580325,True,OK
1777553550.803559,True,True,0.40005910,202,129,152.852570,97.904764,2190.397674,True,OK
1777553550.851725,True,True,0.40005910,202,129,0.000000,97.694438,2190.397674,True,OK
1777553550.883979,True,True,0.40000146,213,126,141.403305,97.757224,2194.958392,True,OK
1777553550.931609,True,True,0.40000146,213,126,0.000000,97.550288,2194.958392,True,OK
1777553550.979995,False,True,0.00000000,226,119,0.000000,97.550288,2194.958392,False,Sin AprilTag: medicion congelada
1777553551.029037,False,True,0.00000000,263,116,0.000000,97.550288,2194.958392,False,Sin AprilTag: medicion congelada
1777553551.060344,False,True,0.00000000,266,117,0.000000,97.550288,2194.958392,False,Sin AprilTag: medicion congelada
1777553551.091963,False,True,0.00000000,241,132,0.000000,97.550288,2194.958392,False,Sin AprilTag: medicion congelada
1777553551.139436,False,True,0.00000000,242,131,0.000000,97.550288,2194.958392,False,Sin AprilTag: medicion congelada
1777553551.187398,False,True,0.00000000,249,127,0.000000,97.550288,2194.958392,False,Sin AprilTag: medicion congelada
1777553551.219490,False,True,0.00000000,807,81,0.000000,97.550288,2194.958392,False,Sin AprilTag: medicion congelada
1777553551.267190,False,True,0.00000000,252,120,0.000000,97.550288,2194.958392,False,Sin AprilTag: medicion congelada
1777553551.299288,False,True,0.00000000,767,76,0.000000,97.550288,2194.958392,False,Sin AprilTag: medicion congelada
1777553551.346986,False,True,0.00000000,745,75,0.000000,97.550288,2194.958392,False,Sin AprilTag: medicion congelada
1777553551.378832,False,True,0.00000000,321,114,0.000000,97.550288,2194.958392,False,Sin AprilTag: medicion congelada
1777553551.426255,False,True,0.00000000,700,107,0.000000,97.550288,2194.958392,False,Sin AprilTag: medicion congelada
1777553551.475810,False,True,0.00000000,701,121,0.000000,97.550288,2194.958392,False,Sin AprilTag: medicion congelada
1777553551.521299,False,True,0.00000000,702,127,0.000000,97.550288,2194.958392,False,Sin AprilTag: medicion congelada
1777553551.565207,False,True,0.00000000,703,127,0.000000,97.550288,2194.958392,False,Sin AprilTag: medicion congelada
1777553551.600873,False,True,0.00000000,703,127,0.000000,97.550288,2194.958392,False,Sin AprilTag: medicion congelada
1777553551.648637,False,True,0.00000000,704,129,0.000000,97.550288,2194.958392,False,Sin AprilTag: medicion congelada
1777553551.696348,False,True,0.00000000,703,129,0.000000,97.550288,2194.958392,False,Sin AprilTag: medicion congelada
1777553551.743867,False,True,0.00000000,683,128,0.000000,97.550288,2194.958392,False,Sin AprilTag: medicion congelada
1777553551.791973,False,True,0.00000000,703,128,0.000000,97.550288,2194.958392,False,Sin AprilTag: medicion congelada
1777553551.826011,False,True,0.00000000,704,126,0.000000,97.550288,2194.958392,False,Sin AprilTag: medicion congelada
1777553551.872047,False,True,0.00000000,684,122,0.000000,97.550288,2194.958392,False,Sin AprilTag: medicion congelada
1777553551.903458,False,True,0.00000000,714,112,0.000000,97.550288,2194.958392,False,Sin AprilTag: medicion congelada
1777553551.950933,False,True,0.00000000,714,112,0.000000,97.550288,2194.958392,False,Sin AprilTag: medicion congelada
1777553551.998697,False,True,0.00000000,740,103,0.000000,97.550288,2194.958392,False,Sin AprilTag: medicion congelada
1777553552.046613,False,True,0.00000000,793,92,0.000000,97.550288,2194.958392,False,Sin AprilTag: medicion congelada
1777553552.082009,False,True,0.00000000,343,119,0.000000,97.550288,2194.958392,False,Sin AprilTag: medicion congelada
1777553552.125799,False,True,0.00000000,355,112,0.000000,97.550288,2194.958392,False,Sin AprilTag: medicion congelada
1777553552.173355,False,True,0.00000000,344,101,0.000000,97.550288,2194.958392,False,Sin AprilTag: medicion congelada
1777553552.224463,False,True,0.00000000,278,101,0.000000,97.550288,2194.958392,False,Sin AprilTag: medicion congelada
1777553552.269296,False,True,0.00000000,224,135,0.000000,97.550288,2194.958392,False,Sin AprilTag: medicion congelada
1777553552.316933,False,True,0.00000000,218,119,0.000000,97.550288,2194.958392,False,Sin AprilTag: medicion congelada
1777553552.350996,False,True,0.00000000,227,90,0.000000,97.550288,2194.958392,False,Sin AprilTag: medicion congelada
1777553552.395598,False,True,0.00000000,261,36,0.000000,97.550288,2194.958392,False,Sin AprilTag: medicion congelada
1777553552.429147,False,True,0.00000000,262,15,0.000000,97.550288,2194.958392,False,Sin AprilTag: medicion congelada
1777553552.474850,False,True,0.00000000,530,141,0.000000,97.550288,2194.958392,False,Sin AprilTag: medicion congelada
1777553552.521431,False,True,0.00000000,185,21,0.000000,97.550288,2194.958392,False,Sin AprilTag: medicion congelada
1777553552.569558,False,True,0.00000000,530,141,0.000000,97.550288,2194.958392,False,Sin AprilTag: medicion congelada
1777553552.600727,False,True,0.00000000,530,141,0.000000,97.550288,2194.958392,False,Sin AprilTag: medicion congelada
1777553552.648204,False,True,0.00000000,533,141,0.000000,97.550288,2194.958392,False,Sin AprilTag: medicion congelada
1777553552.680025,False,True,0.00000000,534,141,0.000000,97.550288,2194.958392,False,Sin AprilTag: medicion congelada
1777553552.727432,False,True,0.00000000,535,143,0.000000,97.550288,2194.958392,False,Sin AprilTag: medicion congelada
1777553552.758936,False,True,0.00000000,533,142,0.000000,97.550288,2194.958392,False,Sin AprilTag: medicion congelada
1777553552.790589,False,True,0.00000000,531,139,0.000000,97.550288,2194.958392,False,Sin AprilTag: medicion congelada
1777553552.838074,False,True,0.00000000,528,139,0.000000,97.550288,2194.958392,False,Sin AprilTag: medicion congelada
1777553552.870247,False,True,0.00000000,528,139,0.000000,97.550288,2194.958392,False,Sin AprilTag: medicion congelada
1777553552.901641,False,True,0.00000000,531,139,0.000000,97.550288,2194.958392,False,Sin AprilTag: medicion congelada
1777553552.948731,False,True,0.00000000,532,140,0.000000,97.550288,2194.958392,False,Sin AprilTag: medicion congelada
1777553552.980140,False,True,0.00000000,533,142,0.000000,97.550288,2194.958392,False,Sin AprilTag: medicion congelada
1777553553.013801,False,True,0.00000000,533,140,0.000000,97.550288,2194.958392,False,Sin AprilTag: medicion congelada
1777553553.060025,False,True,0.00000000,535,139,0.000000,97.550288,2194.958392,False,Sin AprilTag: medicion congelada
1777553553.107883,False,True,0.00000000,535,139,0.000000,97.550288,2194.958392,False,Sin AprilTag: medicion congelada
1777553553.155380,False,True,0.00000000,537,140,0.000000,97.550288,2194.958392,False,Sin AprilTag: medicion congelada
1777553553.187078,False,True,0.00000000,537,138,0.000000,97.550288,2194.958392,False,Sin AprilTag: medicion congelada
1777553553.234571,False,True,0.00000000,536,138,0.000000,97.550288,2194.958392,False,Sin AprilTag: medicion congelada
1777553553.282134,False,True,0.00000000,535,138,0.000000,97.550288,2194.958392,False,Sin AprilTag: medicion congelada
1777553553.318034,False,True,0.00000000,535,137,0.000000,97.550288,2194.958392,False,Sin AprilTag: medicion congelada
1777553553.361191,False,True,0.00000000,533,138,0.000000,97.550288,2194.958392,False,Sin AprilTag: medicion congelada
1777553553.408859,False,True,0.00000000,532,137,0.000000,97.550288,2194.958392,False,Sin AprilTag: medicion congelada
1777553553.456499,False,True,0.00000000,527,137,0.000000,97.550288,2194.958392,False,Sin AprilTag: medicion congelada
1777553553.504051,False,True,0.00000000,528,137,0.000000,97.550288,2194.958392,False,Sin AprilTag: medicion congelada
1777553553.554216,False,True,0.00000000,528,138,0.000000,97.550288,2194.958392,False,Sin AprilTag: medicion congelada
1777553553.598377,False,True,0.00000000,529,138,0.000000,97.550288,2194.958392,False,Sin AprilTag: medicion congelada
1777553553.645708,False,True,0.00000000,528,139,0.000000,97.550288,2194.958392,False,Sin AprilTag: medicion congelada
1777553553.693499,False,True,0.00000000,527,138,0.000000,97.550288,2194.958392,False,Sin AprilTag: medicion congelada
1777553553.741337,False,True,0.00000000,527,138,0.000000,97.550288,2194.958392,False,Sin AprilTag: medicion congelada
1777553553.788668,False,True,0.00000000,527,138,0.000000,97.550288,2194.958392,False,Sin AprilTag: medicion congelada
1777553553.836480,False,True,0.00000000,527,138,0.000000,97.550288,2194.958392,False,Sin AprilTag: medicion congelada
1777553553.884049,False,True,0.00000000,525,138,0.000000,97.550288,2194.958392,False,Sin AprilTag: medicion congelada
1777553553.916026,False,True,0.00000000,527,138,0.000000,97.550288,2194.958392,False,Sin AprilTag: medicion congelada
1777553553.947684,False,True,0.00000000,528,138,0.000000,97.550288,2194.958392,False,Sin AprilTag: medicion congelada
1777553553.995099,False,True,0.00000000,528,138,0.000000,97.550288,2194.958392,False,Sin AprilTag: medicion congelada
1777553554.042698,False,True,0.00000000,530,138,0.000000,97.550288,2194.958392,False,Sin AprilTag: medicion congelada
1777553554.078366,False,True,0.00000000,530,138,0.000000,97.550288,2194.958392,False,Sin AprilTag: medicion congelada
1777553554.122300,False,True,0.00000000,530,138,0.000000,97.550288,2194.958392,False,Sin AprilTag: medicion congelada
1777553554.169634,False,True,0.00000000,530,132,0.000000,97.550288,2194.958392,False,Sin AprilTag: medicion congelada
1777553554.217243,False,True,0.00000000,538,99,0.000000,97.550288,2194.958392,False,Sin AprilTag: medicion congelada
1777553554.264132,False,True,0.00000000,559,54,0.000000,97.550288,2194.958392,False,Sin AprilTag: medicion congelada
1777553554.311899,False,False,0.00000000,-1,-1,0.000000,97.550288,2194.958392,False,Sin AprilTag: medicion congelada
1777553554.343787,False,False,0.00000000,-1,-1,0.000000,97.550288,2194.958392,False,Sin AprilTag: medicion congelada
1777553554.391083,True,False,0.40063154,-1,-1,0.000000,97.550288,2194.958392,False,Sin objeto: medicion congelada
1777553554.438337,True,False,0.40086942,-1,-1,0.000000,97.550288,2194.958392,False,Sin objeto: medicion congelada
1777553554.486096,True,False,0.40047148,-1,-1,0.000000,97.550288,2194.958392,False,Sin objeto: medicion congelada
1777553554.533490,True,False,0.40020602,-1,-1,0.000000,97.550288,2194.958392,False,Sin objeto: medicion congelada
1777553554.580308,True,False,0.39986396,-1,-1,0.000000,97.550288,2194.958392,False,Sin objeto: medicion congelada
1777553554.611641,True,False,0.39986396,-1,-1,0.000000,97.550288,2194.958392,False,Sin objeto: medicion congelada
1777553554.647029,True,False,0.39967891,-1,-1,0.000000,97.550288,2194.958392,False,Sin objeto: medicion congelada
1777553554.691264,True,False,0.39981800,-1,-1,0.000000,97.550288,2194.958392,False,Sin objeto: medicion congelada
1777553554.737328,True,False,0.40027182,-1,-1,0.000000,97.550288,2194.958392,False,Sin objeto: medicion congelada
1777553554.785247,True,False,0.39913607,-1,-1,0.000000,97.550288,2194.958392,False,Sin objeto: medicion congelada
1777553554.832571,True,False,0.39952025,-1,-1,0.000000,97.550288,2194.958392,False,Sin objeto: medicion congelada
1777553554.880521,True,True,0.40417100,695,48,0.000000,97.550288,2194.958392,False,Salto temporal
1777553554.912389,True,True,0.40417100,695,48,0.000000,82.886268,2194.958392,True,OK
1777553554.944232,True,True,0.40057096,696,50,28.129432,82.820506,2195.854096,True,OK
1777553554.991651,True,True,0.40143747,692,85,298.229606,83.205076,2209.995867,True,OK
1777553555.039564,True,True,0.39947013,692,87,16.674620,83.085277,2210.794807,True,OK
1777553555.086844,True,True,0.40065224,692,85,16.948124,82.967969,2211.596112,True,OK
1777553555.134914,True,True,0.39946473,692,85,0.000000,82.818617,2211.596112,True,OK
1777553555.182698,True,True,0.39956525,693,85,8.362056,82.685626,2211.995677,True,OK
1777553555.214165,True,True,0.39956525,693,85,0.000000,82.588479,2211.995677,True,OK
1777553555.261833,True,True,0.40032952,692,88,26.557592,82.488934,2213.261630,True,OK
1777553555.309594,True,True,0.40037147,692,85,25.148831,82.387047,2214.462745,True,OK
1777553555.356795,True,True,0.40012287,692,85,0.000000,82.242622,2214.462745,True,OK
1777553555.404541,True,True,0.39945230,692,85,0.000000,82.097046,2214.462745,True,OK
1777553555.451974,True,True,0.39897361,692,85,0.000000,81.952932,2214.462745,True,OK
1777553555.499550,True,True,0.39910011,692,85,0.000000,81.808893,2214.462745,True,OK
1777553555.546993,True,True,0.39910211,692,85,0.000000,81.665758,2214.462745,True,OK
1777553555.594914,True,True,0.39931937,692,88,24.998385,81.565788,2215.660703,True,OK
1777553555.642796,True,True,0.39788694,692,86,16.619451,81.451509,2216.456477,True,OK
1777553555.689914,True,True,0.39895640,693,85,11.974408,81.331416,2217.020686,True,OK
1777553555.737793,True,True,0.39895640,693,85,0.000000,81.188814,2217.020686,True,OK
1777553555.769572,True,True,0.39904294,692,86,17.757719,81.115080,2217.585018,True,OK
1777553555.817248,True,True,0.40101926,693,87,11.895594,80.994580,2218.152145,True,OK
1777553555.848700,True,True,0.40101926,693,87,0.000000,80.901668,2218.152145,True,OK
1777553555.896333,True,True,0.39961563,693,87,0.000000,80.761361,2218.152145,True,OK
1777553555.943987,True,True,0.40029895,693,87,0.000000,80.621478,2218.152145,True,OK
1777553555.975432,True,True,0.39911446,693,86,12.692644,80.543931,2218.551259,True,OK
1777553556.007010,False,True,0.00000000,710,91,12.692644,80.543931,2218.551259,False,Sin AprilTag: medicion congelada
1777553556.038417,False,True,0.00000000,751,109,12.692644,80.543931,2218.551259,False,Sin AprilTag: medicion congelada
1777553556.070220,False,True,0.00000000,751,109,12.692644,80.543931,2218.551259,False,Sin AprilTag: medicion congelada
1777553556.101985,False,True,0.00000000,815,73,12.692644,80.543931,2218.551259,False,Sin AprilTag: medicion congelada
1777553556.133764,True,True,0.38466112,825,78,321.275834,81.919804,2269.419693,True,OK
1777553556.181309,True,True,0.38559899,825,84,48.661917,81.862824,2271.733287,True,OK
1777553556.212888,True,True,0.38620388,825,81,36.689010,81.811476,2272.891899,True,OK
1777553556.260642,True,True,0.38568267,825,77,32.305434,81.726526,2274.434629,True,OK
1777553556.308684,True,True,0.38289472,825,78,7.970108,81.599423,2274.817524,True,OK
1777553556.356127,True,True,0.38720650,825,82,32.645770,81.516254,2276.366350,True,OK
1777553556.403416,True,True,0.38503010,825,76,48.852005,81.461033,2278.676531,True,OK
1777553556.451103,True,True,0.38538516,824,82,49.158868,81.406059,2281.020737,True,OK
1777553556.484428,True,True,0.38587933,824,83,11.579290,81.323112,2281.406617,True,OK
1777553556.545465,True,True,0.38558872,824,77,37.903729,81.228848,2283.720149,True,OK
1777553556.580944,True,True,0.38470342,825,77,10.843109,81.140137,2284.104852,True,OK
1777553556.624392,True,True,0.38479714,825,77,0.000000,81.015095,2284.104852,True,OK
1777553556.671779,True,True,0.38515553,824,81,33.511993,80.935387,2285.692889,True,OK
1777553556.703515,True,True,0.38508006,825,81,12.133987,80.858159,2286.077969,True,OK
1777553556.747666,True,True,0.38571514,825,78,26.208776,80.772951,2287.235115,True,OK
1777553556.782234,True,True,0.38571514,825,78,0.000000,80.674466,2287.235115,True,OK
1777553556.829814,True,True,0.38531307,824,77,11.452547,80.558490,2287.780030,True,OK
1777553556.876977,True,True,0.38492831,824,78,8.161740,80.438459,2288.164958,True,OK
1777553556.925052,True,True,0.38417891,824,78,0.000000,80.302745,2288.164958,True,OK
1777553556.971589,True,True,0.38349555,824,77,8.240673,80.185245,2288.548454,True,OK
1777553557.019319,True,True,0.38422333,824,78,8.049939,80.064811,2288.932677,True,OK
1777553557.066369,True,True,0.38453246,824,78,0.000000,79.933258,2288.932677,True,OK
1777553557.114024,True,True,0.38395919,825,77,11.394492,79.819387,2289.475677,True,OK
1777553557.161481,True,True,0.38393845,825,78,8.090242,79.700906,2289.859616,True,OK
1777553557.208898,True,True,0.38406849,824,78,8.099778,79.582930,2290.243684,True,OK
1777553557.256347,True,True,0.38441811,824,78,0.000000,79.451930,2290.243684,True,OK
1777553557.304175,True,True,0.38376756,824,77,8.023837,79.333610,2290.627452,True,OK
1777553557.351851,True,True,0.38344136,824,77,0.000000,79.202830,2290.627452,True,OK
1777553557.383812,True,True,0.38280535,823,79,26.781608,79.144962,2291.483430,True,OK
1777553557.431067,True,True,0.38452442,823,80,8.137297,79.029258,2291.867955,True,OK
1777553557.478821,True,True,0.38391832,824,77,25.423108,78.941131,2293.082011,True,OK
1777553557.510676,True,True,0.38391832,824,77,0.000000,78.854657,2293.082011,True,OK
1777553557.557631,True,True,0.38345525,824,77,0.000000,78.727536,2293.082011,True,OK
1777553557.604981,True,True,0.38273654,824,77,0.000000,78.599759,2293.082011,True,OK
1777553557.652759,True,True,0.38317136,824,77,0.000000,78.471249,2293.082011,True,OK
1777553557.700089,True,True,0.38332633,824,77,0.000000,78.344357,2293.082011,True,OK
1777553557.744440,True,True,0.38332633,824,77,0.000000,78.225825,2293.082011,True,OK
1777553557.779938,True,True,0.38358499,823,78,15.281470,78.149692,2293.624482,True,OK
1777553557.827636,True,True,0.38441332,823,77,8.059314,78.035966,2294.008896,True,OK
1777553557.874715,True,True,0.38339307,824,77,8.143596,77.924212,2294.392289,True,OK
1777553557.922045,True,True,0.38374044,824,77,0.000000,77.799155,2294.392289,True,OK
1777553557.972624,True,True,0.38382980,824,77,0.000000,77.665953,2294.392289,True,OK
1777553558.017072,True,True,0.38454033,823,77,8.651439,77.562271,2294.776829,True,OK
1777553558.064572,True,True,0.38532417,823,78,8.112024,77.450949,2295.162153,True,OK
1777553558.099059,True,True,0.38505605,823,77,11.165249,77.373897,2295.547209,True,OK
1777553558.144021,True,True,0.38512220,823,77,0.000000,77.256815,2295.547209,True,OK
1777553558.191798,True,True,0.38503367,824,77,8.058946,77.145728,2295.932243,True,OK
1777553558.239598,True,True,0.38510967,823,77,8.056757,77.034941,2296.317353,True,OK
1777553558.303193,True,True,0.38512818,823,77,0.000000,76.870941,2296.317353,True,OK
1777553558.366209,True,True,0.38545834,823,77,0.000000,76.709123,2296.317353,True,OK
1777553558.397597,True,True,0.38529427,823,77,0.000000,76.628776,2296.317353,True,OK
1777553558.445383,True,True,0.38522668,823,77,0.000000,76.506774,2296.317353,True,OK
1777553558.492906,True,True,0.38531848,823,77,0.000000,76.385830,2296.317353,True,OK
1777553558.540247,True,True,0.38474078,823,77,0.000000,76.265730,2296.317353,True,OK
1777553558.587751,True,True,0.38519056,823,81,32.434404,76.196686,2297.858115,True,OK
1777553558.635654,True,True,0.38546319,824,81,8.046734,76.088604,2298.243578,True,OK
1777553558.683218,True,True,0.38465310,824,78,24.260811,76.007117,2299.397537,True,OK
1777553558.730774,True,True,0.38535639,824,78,0.000000,75.887825,2299.397537,True,OK
1777553558.762402,True,True,0.38505616,824,77,12.174391,75.821387,2299.782593,True,OK
1777553558.810097,True,True,0.38505616,824,77,0.000000,75.702348,2299.782593,True,OK
1777553558.857419,True,True,0.38444727,824,77,0.000000,75.584610,2299.782593,True,OK
1777553558.904854,True,True,0.38435387,824,77,0.000000,75.466959,2299.782593,True,OK
1777553558.936448,True,True,0.38459496,824,77,0.000000,75.388799,2299.782593,True,OK
1777553558.983856,False,False,0.00000000,-1,-1,0.000000,75.388799,2299.782593,False,Sin AprilTag: medicion congelada
1777553559.015630,False,False,0.00000000,-1,-1,0.000000,75.388799,2299.782593,False,Sin AprilTag: medicion congelada
1777553559.047530,False,False,0.00000000,-1,-1,0.000000,75.388799,2299.782593,False,Sin AprilTag: medicion congelada
1777553559.079415,True,True,0.38612220,819,128,138.400320,75.682729,2319.569237,True,OK
1777553559.127505,True,True,0.38408600,823,77,408.576683,76.204250,2339.217779,True,OK
1777553559.158340,True,True,0.38521994,822,81,51.510272,76.179470,2340.806082,True,OK
1777553559.207679,True,True,0.38697943,822,83,15.686536,76.082492,2341.580041,True,OK
1777553559.254010,True,True,0.38984932,821,90,59.498233,76.057563,2344.336692,True,OK
1777553559.285958,True,True,0.38624748,821,78,145.081397,76.129031,2348.971661,True,OK
1777553559.317780,True,True,0.39033977,821,84,73.597071,76.126422,2351.313700,True,OK
1777553559.365505,True,True,0.38570801,820,82,18.071661,76.036857,2352.176169,True,OK
1777553559.412887,True,True,0.38712032,820,82,0.000000,75.920572,2352.176169,True,OK
1777553559.444425,True,True,0.38773714,821,77,62.688303,75.907115,2354.153249,True,OK
1777553559.475335,True,True,0.38602262,821,78,12.488690,75.843972,2354.539271,True,OK
1777553559.522798,True,True,0.38673229,820,78,8.148008,75.740631,2354.926003,True,OK
1777553559.554425,True,True,0.38710101,821,77,17.309535,75.681255,2355.473447,True,OK
1777553559.601620,True,True,0.38620590,820,78,11.572796,75.584190,2356.019625,True,OK
1777553559.633310,True,True,0.38636667,820,77,12.192114,75.519808,2356.405991,True,OK
1777553559.680885,True,True,0.38616238,820,77,0.000000,75.404837,2356.405991,True,OK
1777553559.728695,True,True,0.38616238,820,77,0.000000,75.289650,2356.405991,True,OK
1777553559.776119,True,True,0.38616238,820,77,0.000000,75.175740,2356.405991,True,OK
1777553559.824273,True,True,0.38647770,820,77,0.000000,75.060428,2356.405991,True,OK
1777553559.871478,True,True,0.38648526,820,77,0.000000,74.947734,2356.405991,True,OK
1777553559.918692,False,True,0.00000000,822,104,0.000000,74.947734,2356.405991,False,Sin AprilTag: medicion congelada
1777553559.950610,True,True,0.38910141,839,89,110.498048,75.036985,2365.149958,True,OK
1777553559.982165,True,True,0.38254298,838,79,121.836351,75.083790,2368.994467,True,OK
1777553560.029726,True,True,0.38546294,838,76,24.313474,75.007372,2370.150856,True,OK
1777553560.077013,True,True,0.38432338,838,78,16.254932,74.919582,2370.919503,True,OK
1777553560.124363,True,True,0.38470055,837,83,41.427843,74.869545,2372.881099,True,OK
1777553560.171839,True,True,0.38512061,837,82,8.111973,74.769695,2373.266219,True,OK
1777553560.219815,True,True,0.38510229,837,77,40.134476,74.717423,2375.191731,True,OK
1777553560.267163,True,True,0.38276209,837,78,8.084055,74.618324,2375.574493,True,OK
1777553560.315032,True,True,0.38474030,837,82,32.149135,74.554563,2377.113454,True,OK
1777553560.346922,True,True,0.38329710,836,78,49.556814,74.529585,2378.693828,True,OK
1777553560.394274,True,True,0.38498583,836,78,0.000000,74.419174,2378.693828,True,OK
1777553560.442265,True,True,0.38498583,836,78,0.000000,74.307608,2378.693828,True,OK
1777553560.490060,True,True,0.38456153,836,78,0.000000,74.196828,2378.693828,True,OK
1777553560.537352,True,True,0.38403024,836,78,0.000000,74.087537,2378.693828,True,OK
1777553560.585415,True,True,0.38444779,836,78,0.000000,73.976796,2378.693828,True,OK
1777553560.633537,True,True,0.38385426,836,79,7.976701,73.878169,2379.077683,True,OK
1777553560.681376,True,True,0.38384037,837,78,11.346857,73.785411,2379.620515,True,OK
1777553560.728925,True,True,0.38384037,837,78,0.000000,73.676786,2379.620515,True,OK
1777553560.776640,True,True,0.38384037,837,78,0.000000,73.568100,2379.620515,True,OK
1777553560.833319,True,True,0.38405699,837,78,0.000000,73.439414,2379.620515,True,OK
1777553560.872336,True,True,0.38441068,837,78,0.000000,73.351090,2379.620515,True,OK
1777553560.919920,True,True,0.38434347,837,78,0.000000,73.243660,2379.620515,True,OK
1777553560.967809,True,True,0.38445581,837,78,0.000000,73.135856,2379.620515,True,OK
1777553560.999783,True,True,0.38460252,837,78,0.000000,73.064057,2379.620515,True,OK
1777553561.047113,True,True,0.38460252,837,78,0.000000,72.958033,2379.620515,True,OK
1777553561.097167,True,True,0.38465214,837,78,0.000000,72.846241,2379.620515,True,OK
1777553561.158290,True,True,0.38376693,837,78,0.000000,72.710190,2379.620515,True,OK
1777553561.206035,True,True,0.38468599,837,78,0.000000,72.604271,2379.620515,True,OK
1777553561.254266,True,True,0.38483174,836,78,7.978948,72.509310,2380.005347,True,OK
1777553561.317388,True,True,0.38479412,836,78,0.000000,72.370137,2380.005347,True,OK
1777553561.395677,True,True,0.38463028,836,78,0.000000,72.198262,2380.005347,True,OK
1777553561.427580,True,True,0.38460186,837,78,12.055430,72.140113,2380.389948,True,OK
1777553561.475080,True,True,0.38465422,837,78,0.000000,72.036415,2380.389948,True,OK
1777553561.522109,True,True,0.38485501,837,78,0.000000,71.934036,2380.389948,True,OK
1777553561.569398,True,True,0.38485501,837,78,0.000000,71.831386,2380.389948,True,OK
1777553561.617088,True,True,0.38466542,837,78,0.000000,71.728162,2380.389948,True,OK
1777553561.664342,True,True,0.38496196,836,78,8.146639,71.637757,2380.774910,True,OK
1777553561.711794,True,True,0.38488668,836,78,0.000000,71.535615,2380.774910,True,OK
1777553561.757276,True,True,0.38427336,837,79,11.948773,71.454296,2381.318355,True,OK
1777553561.806471,True,True,0.38441028,837,78,7.813927,71.360490,2381.702765,True,OK
1777553561.853988,True,True,0.38441045,837,82,32.359621,71.305043,2383.240407,True,OK
1777553561.901733,True,True,0.38451456,837,84,16.107093,71.226306,2384.009436,True,OK
1777553561.948976,True,True,0.38435540,837,92,65.086511,71.217652,2387.084279,True,OK
1777553561.980926,True,True,0.38435412,837,106,168.414324,71.310215,2392.465237,True,OK
1777553562.012341,False,True,0.00000000,828,136,168.414324,71.310215,2392.465237,False,Sin AprilTag: medicion congelada
1777553562.060318,False,True,0.00000000,843,103,168.414324,71.310215,2392.465237,False,Sin AprilTag: medicion congelada
1777553562.092077,False,True,0.00000000,643,78,168.414324,71.310215,2392.465237,False,Sin AprilTag: medicion congelada
1777553562.124163,False,True,0.00000000,472,61,168.414324,71.310215,2392.465237,False,Sin AprilTag: medicion congelada
1777553562.155954,True,True,0.38368816,152,71,1503.587035,78.743484,2655.634480,True,OK
1777553562.187753,True,True,0.38368816,152,71,0.000000,78.669307,2655.634480,True,OK
1777553562.219261,True,True,0.38469430,834,77,8327.152587,86.361078,2918.006145,True,OK
1777553562.266907,True,True,0.38418233,835,77,8.063217,86.250823,2918.390328,True,OK
1777553562.299186,True,True,0.38493406,834,78,16.864795,86.184693,2918.934706,True,OK
1777553562.346868,True,True,0.38514258,835,78,8.077429,86.074885,2919.319849,True,OK
1777553562.378329,True,True,0.38404611,835,78,0.000000,85.995114,2919.319849,True,OK
1777553562.425331,True,True,0.38416969,834,77,11.559021,85.892196,2919.863147,True,OK
1777553562.472608,True,True,0.38347748,834,78,8.111295,85.784174,2920.246625,True,OK
1777553562.520498,True,True,0.38311680,834,78,0.000000,85.663664,2920.246625,True,OK
1777553562.567890,True,True,0.38323464,835,78,8.086380,85.555963,2920.629859,True,OK
1777553562.615633,True,True,0.38329510,834,78,8.028406,85.447689,2921.013154,True,OK
1777553562.662967,True,True,0.38298610,836,78,16.181972,85.351911,2921.779126,True,OK
1777553562.694814,True,True,0.38346266,836,78,0.000000,85.272580,2921.779126,True,OK
1777553562.742371,True,True,0.38379599,836,78,0.000000,85.154389,2921.779126,True,OK
1777553562.790409,True,True,0.38465343,836,78,0.000000,85.035337,2921.779126,True,OK
1777553562.821655,True,True,0.38453124,836,78,0.000000,84.958077,2921.779126,True,OK
1777553562.869591,True,True,0.38364926,837,78,8.003410,84.850963,2922.162776,True,OK
1777553562.917358,True,True,0.38430842,837,78,0.000000,84.733435,2922.162776,True,OK
1777553562.965097,True,True,0.38447490,837,78,0.000000,84.616303,2922.162776,True,OK
1777553563.012737,True,True,0.38351014,838,78,8.050156,84.510825,2922.546286,True,OK
1777553563.059655,True,True,0.38360292,837,78,8.176002,84.407400,2922.929889,True,OK
1777553563.107201,True,True,0.38388287,837,78,0.000000,84.291666,2922.929889,True,OK
1777553563.154278,True,True,0.38410010,838,78,8.159110,84.188449,2923.313989,True,OK
1777553563.201519,True,True,0.38418795,838,78,0.000000,84.074067,2923.313989,True,OK
1777553563.233217,True,True,0.38325822,838,78,0.000000,83.997490,2923.313989,True,OK
1777553563.281284,True,True,0.38369598,838,78,0.000000,83.881638,2923.313989,True,OK
1777553563.328964,True,True,0.38369519,838,78,0.000000,83.767035,2923.313989,True,OK
1777553563.376775,True,True,0.38369745,838,78,0.000000,83.652430,2923.313989,True,OK
1777553563.424093,True,True,0.38388303,837,78,8.112836,83.550285,2923.697872,True,OK
1777553563.471950,True,True,0.38377583,837,78,0.000000,83.436177,2923.697872,True,OK
1777553563.503862,True,True,0.38358759,837,78,0.000000,83.360261,2923.697872,True,OK
1777553563.552528,True,True,0.38367641,837,78,0.000000,83.244754,2923.697872,True,OK
1777553563.600137,True,True,0.38350404,837,78,0.000000,83.132065,2923.697872,True,OK
1777553563.646008,True,True,0.38354487,838,78,8.361420,83.034669,2924.081417,True,OK
1777553563.693307,True,True,0.38287841,838,78,0.000000,82.923291,2924.081417,True,OK
1777553563.740971,True,True,0.38242126,838,78,0.000000,82.811356,2924.081417,True,OK
1777553563.788638,True,True,0.38225592,837,78,8.019335,82.710527,2924.463673,True,OK
1777553563.836862,True,True,0.38254031,838,78,7.932458,82.608676,2924.846213,True,OK
1777553563.884533,True,True,0.38247832,838,78,0.000000,82.497601,2924.846213,True,OK
1777553563.931956,True,True,0.38248301,838,78,0.000000,82.387399,2924.846213,True,OK
1777553563.980121,True,True,0.38280611,838,78,0.000000,82.275774,2924.846213,True,OK
1777553564.028094,True,True,0.38276467,838,78,0.000000,82.164895,2924.846213,True,OK
1777553564.075772,True,True,0.38293509,838,78,0.000000,82.054992,2924.846213,True,OK
1777553564.123273,True,True,0.38313209,838,78,0.000000,81.945789,2924.846213,True,OK
1777553564.156880,True,True,0.38313209,838,78,0.000000,81.868705,2924.846213,True,OK
1777553564.202222,True,True,0.38359483,837,78,8.459950,81.775655,2925.229808,True,OK
1777553564.249532,True,True,0.38363611,838,78,8.109007,81.678355,2925.613444,True,OK
1777553564.296841,True,True,0.38384611,838,78,0.000000,81.570618,2925.613444,True,OK
1777553564.344829,True,True,0.38368628,838,78,0.000000,81.461624,2925.613444,True,OK
1777553564.392054,True,True,0.38368760,838,78,0.000000,81.354646,2925.613444,True,OK
1777553564.439296,True,True,0.38374599,838,78,0.000000,81.247911,2925.613444,True,OK
1777553564.486906,True,True,0.38418748,838,78,0.000000,81.140630,2925.613444,True,OK
1777553564.534241,True,True,0.38424989,838,78,0.000000,81.034246,2925.613444,True,OK
1777553564.565732,True,True,0.38398942,838,78,0.000000,80.963626,2925.613444,True,OK
1777553564.612873,True,True,0.38377157,838,78,0.000000,80.858140,2925.613444,True,OK
1777553564.659759,True,True,0.38355817,838,78,0.000000,80.753496,2925.613444,True,OK
1777553564.707088,True,True,0.38397336,838,78,0.000000,80.648138,2925.613444,True,OK
1777553564.754779,True,True,0.38388289,838,78,0.000000,80.542253,2925.613444,True,OK
1777553564.801988,True,True,0.38411985,838,78,0.000000,80.437712,2925.613444,True,OK
1777553564.849550,True,True,0.38416851,838,78,0.000000,80.332661,2925.613444,True,OK
1777553564.896470,True,True,0.38402610,838,78,0.000000,80.229298,2925.613444,True,OK
1777553564.934013,True,True,0.38404028,838,78,0.000000,80.146784,2925.613444,True,OK
1777553564.991166,True,True,0.38416267,838,78,0.000000,80.021495,2925.613444,True,OK
1777553565.039076,True,True,0.38420864,838,78,0.000000,79.916769,2925.613444,True,OK
1777553565.076728,True,True,0.38425331,838,78,0.000000,79.834657,2925.613444,True,OK
1777553565.118053,True,True,0.38466070,838,78,0.000000,79.744731,2925.613444,True,OK
1777553565.165645,True,True,0.38438608,838,78,0.000000,79.641417,2925.613444,True,OK
1777553565.212440,True,True,0.38437396,837,78,8.213890,79.550543,2925.997818,True,OK
1777553565.243979,True,True,0.38414273,838,78,12.180310,79.492826,2926.381961,True,OK
1777553565.291895,True,True,0.38451145,838,78,0.000000,79.389493,2926.381961,True,OK
1777553565.339057,True,True,0.38408308,838,78,0.000000,79.288047,2926.381961,True,OK
1777553565.386902,True,True,0.38410588,838,78,0.000000,79.185397,2926.381961,True,OK
1777553565.434412,True,True,0.38434874,838,78,0.000000,79.083729,2926.381961,True,OK
1777553565.480967,True,True,0.38421360,838,78,0.000000,78.984357,2926.381961,True,OK
1777553565.515964,True,True,0.38394817,838,78,0.000000,78.909820,2926.381961,True,OK
1777553565.560614,True,True,0.38391709,838,78,0.000000,78.814927,2926.381961,True,OK
1777553565.591992,True,True,0.38380830,838,78,0.000000,78.748377,2926.381961,True,OK
1777553565.639301,True,True,0.38426469,838,78,0.000000,78.648252,2926.381961,True,OK
1777553565.686516,True,True,0.38409930,838,78,0.000000,78.548580,2926.381961,True,OK
1777553565.734082,True,True,0.38410645,838,78,0.000000,78.448421,2926.381961,True,OK
1777553565.782173,True,True,0.38386821,838,77,7.982132,78.357694,2926.765829,True,OK
1777553565.830071,True,True,0.38397176,838,77,0.000000,78.257339,2926.765829,True,OK
1777553565.876794,True,True,0.38394797,838,78,8.217640,78.169948,2927.149777,True,OK
1777553565.910633,True,True,0.38385525,838,78,0.000000,78.099372,2927.149777,True,OK
1777553565.956319,True,True,0.38393273,838,78,0.000000,78.004287,2927.149777,True,OK
1777553565.990022,True,True,0.38392696,838,78,0.000000,77.934293,2927.149777,True,OK
1777553566.036204,True,True,0.38392050,838,78,0.000000,77.838585,2927.149777,True,OK
1777553566.085037,True,True,0.38370470,838,78,0.000000,77.737637,2927.149777,True,OK
1777553566.132876,True,True,0.38371806,838,78,0.000000,77.638998,2927.149777,True,OK
1777553566.180218,True,True,0.38400527,838,78,0.000000,77.541629,2927.149777,True,OK
1777553566.226358,True,True,0.38360364,838,78,0.000000,77.446968,2927.149777,True,OK
1777553566.258395,True,True,0.38364525,838,78,0.000000,77.381376,2927.149777,True,OK
1777553566.306601,True,True,0.38364525,838,78,0.000000,77.282890,2927.149777,True,OK
1777553566.354940,True,True,0.38348641,838,78,0.000000,77.184383,2927.149777,True,OK
1777553566.402733,True,True,0.38338197,839,78,8.021773,77.097333,2927.533159,True,OK
1777553566.435385,True,True,0.38338207,839,78,0.000000,77.031094,2927.533159,True,OK
1777553566.482575,True,True,0.38349360,838,78,8.126471,76.945641,2927.916652,True,OK
1777553566.530213,True,True,0.38361263,838,78,0.000000,76.849432,2927.916652,True,OK
1777553566.578518,True,True,0.38410469,838,78,0.000000,76.752120,2927.916652,True,OK
1777553566.626157,True,True,0.38400726,838,78,0.000000,76.656392,2927.916652,True,OK
1777553566.673458,True,True,0.38366748,838,78,0.000000,76.561578,2927.916652,True,OK
1777553566.721684,True,True,0.38390605,838,78,0.000000,76.465152,2927.916652,True,OK
1777553566.753523,True,True,0.38412491,838,78,0.000000,76.401624,2927.916652,True,OK
1777553566.800978,True,True,0.38363247,838,78,0.000000,76.307132,2927.916652,True,OK
1777553566.848849,True,True,0.38377464,838,78,0.000000,76.212049,2927.916652,True,OK
1777553566.896493,True,True,0.38380505,838,78,0.000000,76.117651,2927.916652,True,OK
1777553566.943807,True,True,0.38379419,838,78,0.000000,76.024140,2927.916652,True,OK
1777553566.991543,True,True,0.38388461,838,78,0.000000,75.930026,2927.916652,True,OK
1777553567.039082,True,True,0.38388461,838,78,0.000000,75.836532,2927.916652,True,OK
1777553567.086728,True,True,0.38412298,838,78,0.000000,75.743059,2927.916652,True,OK
1777553567.134062,True,True,0.38429415,838,78,0.000000,75.650425,2927.916652,True,OK
1777553567.166065,True,True,0.38428948,838,78,0.000000,75.587924,2927.916652,True,OK
1777553567.213678,True,True,0.38395593,838,78,0.000000,75.495124,2927.916652,True,OK
1777553567.261268,True,True,0.38394211,838,78,0.000000,75.402600,2927.916652,True,OK
1777553567.292649,True,True,0.38399350,838,78,0.000000,75.341711,2927.916652,True,OK
1777553567.340389,True,True,0.38373291,839,78,8.038018,75.259133,2928.300385,True,OK
1777553567.388793,True,True,0.38360033,839,78,0.000000,75.165627,2928.300385,True,OK
1777553567.426962,True,True,0.38356449,839,78,0.000000,75.092054,2928.300385,True,OK
1777553567.467984,True,True,0.38368203,838,78,9.353174,75.022974,2928.684067,True,OK
1777553567.516232,True,True,0.38390984,838,78,0.000000,74.930364,2928.684067,True,OK
1777553567.563775,True,True,0.38417150,838,78,0.000000,74.839330,2928.684067,True,OK
1777553567.595960,True,True,0.38407500,838,78,0.000000,74.777828,2928.684067,True,OK
1777553567.643490,True,True,0.38426734,838,78,0.000000,74.687190,2928.684067,True,OK
1777553567.691037,True,True,0.38406249,838,78,0.000000,74.596738,2928.684067,True,OK
1777553567.739072,True,True,0.38419045,838,78,0.000000,74.505580,2928.684067,True,OK
1777553567.771022,True,True,0.38388982,838,78,0.000000,74.445071,2928.684067,True,OK
1777553567.818742,True,True,0.38415063,838,78,0.000000,74.354878,2928.684067,True,OK
1777553567.866858,True,True,0.38416980,838,78,0.000000,74.264157,2928.684067,True,OK
1777553567.898515,True,True,0.38403104,838,78,0.000000,74.204589,2928.684067,True,OK
1777553567.946033,True,True,0.38407705,838,78,0.000000,74.115356,2928.684067,True,OK
1777553567.993579,True,True,0.38400020,838,78,0.000000,74.026286,2928.684067,True,OK
1777553568.057293,True,True,0.38375059,838,78,0.000000,73.907262,2928.684067,True,OK
1777553568.104153,True,True,0.38363402,838,78,0.000000,73.819967,2928.684067,True,OK
1777553568.135822,True,True,0.38415570,838,78,0.000000,73.761088,2928.684067,True,OK
1777553568.183400,True,True,0.38409467,838,78,0.000000,73.672806,2928.684067,True,OK
1777553568.231067,True,True,0.38393620,838,78,0.000000,73.584572,2928.684067,True,OK
1777553568.268227,True,True,0.38396421,838,78,0.000000,73.515932,2928.684067,True,OK
1777553568.310861,True,True,0.38386862,838,78,0.000000,73.437340,2928.684067,True,OK
1777553568.358182,True,True,0.38401519,838,78,0.000000,73.350304,2928.684067,True,OK
1777553568.405569,True,True,0.38394376,838,78,0.000000,73.263352,2928.684067,True,OK
1777553568.453581,True,True,0.38399761,838,78,0.000000,73.175465,2928.684067,True,OK
1777553568.501051,True,True,0.38407424,838,78,0.000000,73.088775,2928.684067,True,OK
1777553568.548269,True,True,0.38420350,838,78,0.000000,73.002751,2928.684067,True,OK
1777553568.595726,True,True,0.38417409,838,78,0.000000,72.916494,2928.684067,True,OK
1777553568.643404,True,True,0.38417409,838,78,0.000000,72.830041,2928.684067,True,OK
1777553568.691612,True,True,0.38439438,838,78,0.000000,72.742834,2928.684067,True,OK
1777553568.739367,True,True,0.38436999,838,77,8.048750,72.666188,2929.068437,True,OK
1777553568.787174,True,True,0.38396219,838,78,8.031549,72.589621,2929.452400,True,OK
1777553568.834954,True,True,0.38398560,838,78,0.000000,72.503781,2929.452400,True,OK
1777553568.883063,True,True,0.38405671,838,78,0.000000,72.417553,2929.452400,True,OK
1777553568.930858,True,True,0.38410563,838,78,0.000000,72.332091,2929.452400,True,OK
1777553568.978626,True,True,0.38412144,838,78,0.000000,72.246880,2929.452400,True,OK
1777553569.026125,True,True,0.38428882,838,78,0.000000,72.162345,2929.452400,True,OK
1777553569.073900,True,True,0.38431833,838,78,0.000000,72.077521,2929.452400,True,OK
1777553569.121727,True,True,0.38432338,838,78,0.000000,71.992803,2929.452400,True,OK
1777553569.169148,True,True,0.38396061,838,78,0.000000,71.909000,2929.452400,True,OK
1777553569.216949,True,True,0.38453082,838,78,0.000000,71.824723,2929.452400,True,OK
1777553569.248780,True,True,0.38411145,839,78,12.067293,71.778123,2929.836511,True,OK
1777553569.296507,True,True,0.38413669,838,78,8.048606,71.703693,2930.220648,True,OK
1777553569.344216,True,True,0.38429270,838,78,0.000000,71.620079,2930.220648,True,OK
1777553569.391754,True,True,0.38390880,838,78,0.000000,71.536961,2930.220648,True,OK
1777553569.439096,True,True,0.38412684,838,78,0.000000,71.454374,2930.220648,True,OK
1777553569.486478,True,True,0.38418712,838,78,0.000000,71.371910,2930.220648,True,OK
1777553569.523733,True,True,0.38432783,838,78,0.000000,71.307204,2930.220648,True,OK
1777553569.549704,True,True,0.38417516,838,78,0.000000,71.262165,2930.220648,True,OK
1777553569.597253,True,True,0.38428129,838,78,0.000000,71.179854,2930.220648,True,OK
1777553569.644802,True,True,0.38422709,838,78,0.000000,71.097733,2930.220648,True,OK
1777553569.692523,True,True,0.38429294,838,78,0.000000,71.015505,2930.220648,True,OK
1777553569.739867,True,True,0.38438235,838,77,8.119052,70.943421,2930.605030,True,OK
1777553569.789681,True,True,0.38392221,838,78,7.707117,70.867257,2930.988952,True,OK
1777553569.819035,True,True,0.38392196,838,78,0.000000,70.816994,2930.988952,True,OK
1777553569.882543,True,True,0.38348639,838,78,0.000000,70.708496,2930.988952,True,OK
1777553569.930574,True,True,0.38348639,838,78,0.000000,70.626659,2930.988952,True,OK
1777553569.978301,True,True,0.38354659,838,78,0.000000,70.545529,2930.988952,True,OK
1777553570.026961,True,True,0.38351679,838,78,0.000000,70.463002,2930.988952,True,OK
1777553570.073694,True,True,0.38328026,838,78,0.000000,70.383927,2930.988952,True,OK
1777553570.105396,True,True,0.38328481,838,78,0.000000,70.330386,2930.988952,True,OK
1777553570.153471,True,True,0.38321383,838,78,0.000000,70.249348,2930.988952,True,OK
1777553570.201310,True,True,0.38302856,838,78,0.000000,70.168891,2930.988952,True,OK
1777553570.264446,True,True,0.38254794,838,78,0.000000,70.062992,2930.988952,True,OK
1777553570.311081,True,True,0.38243007,838,78,0.000000,69.984974,2930.988952,True,OK
1777553570.359632,True,True,0.38192947,838,78,0.000000,69.903936,2930.988952,True,OK
1777553570.406534,True,True,0.38181637,839,78,8.140737,69.834925,2931.370769,True,OK
1777553570.454220,True,True,0.38148465,839,78,0.000000,69.755679,2931.370769,True,OK
1777553570.502285,True,True,0.38140235,838,78,7.935264,69.685053,2931.752171,True,OK
1777553570.550425,True,True,0.38140201,839,78,7.922720,69.614462,2932.133573,True,OK
1777553570.598023,True,True,0.38139959,839,78,0.000000,69.535881,2932.133573,True,OK
1777553570.645580,True,True,0.38131602,839,78,0.000000,69.457546,2932.133573,True,OK
1777553570.693941,True,True,0.38132373,838,78,7.884933,69.387090,2932.514897,True,OK
1777553570.744065,True,True,0.38084127,838,78,0.000000,69.304894,2932.514897,True,OK
1777553570.788563,True,True,0.38118718,838,78,0.000000,69.232086,2932.514897,True,OK
1777553570.836031,True,True,0.38105785,838,78,0.000000,69.154588,2932.514897,True,OK
1777553570.883654,True,True,0.38156058,839,78,8.012121,69.086000,2932.896457,True,OK
1777553570.930708,True,True,0.38174466,839,78,0.000000,69.009511,2932.896457,True,OK
1777553570.977720,True,True,0.38260258,838,78,8.138428,68.942252,2933.279060,True,OK
1777553571.025616,True,True,0.38265681,839,78,7.989303,68.873713,2933.661717,True,OK
1777553571.073633,True,True,0.38317697,839,78,0.000000,68.796159,2933.661717,True,OK
1777553571.121140,True,True,0.38325679,838,78,8.067327,68.728578,2934.044973,True,OK
1777553571.169171,True,True,0.38369752,838,78,0.000000,68.651340,2934.044973,True,OK
1777553571.218257,True,True,0.38415264,838,78,0.000000,68.572581,2934.044973,True,OK
1777553571.264576,True,True,0.38414915,838,78,0.000000,68.498429,2934.044973,True,OK
1777553571.315048,True,True,0.38435854,838,77,7.615279,68.426774,2934.429332,True,OK
1777553571.360168,True,True,0.38396401,838,78,8.509796,68.363799,2934.813296,True,OK
1777553571.407961,True,True,0.38458619,839,78,8.047050,68.296724,2935.197882,True,OK
1777553571.455798,True,True,0.38411068,838,77,11.355357,68.233414,2935.741097,True,OK
1777553571.503139,True,True,0.38350364,838,77,0.000000,68.158418,2935.741097,True,OK
1777553571.550951,True,True,0.38424266,838,78,8.036534,68.091754,2936.125339,True,OK
1777553571.598595,True,True,0.38401618,838,78,0.000000,68.016602,2936.125339,True,OK
1777553571.646465,True,True,0.38402446,839,78,8.022250,67.950146,2936.509364,True,OK
1777553571.694232,True,True,0.38341147,839,78,0.000000,67.875122,2936.509364,True,OK
1777553571.742090,True,True,0.38341147,839,78,0.000000,67.800123,2936.509364,True,OK
1777553571.789503,True,True,0.38396918,839,78,0.000000,67.725982,2936.509364,True,OK
1777553571.837531,True,True,0.38382482,839,78,0.000000,67.651046,2936.509364,True,OK
1777553571.885070,True,True,0.38369727,839,78,0.000000,67.577036,2936.509364,True,OK
1777553571.932606,True,True,0.38373323,839,78,0.000000,67.503192,2936.509364,True,OK
1777553571.980187,True,True,0.38349156,839,78,0.000000,67.429439,2936.509364,True,OK
1777553572.028116,True,True,0.38334830,839,78,0.000000,67.355311,2936.509364,True,OK
1777553572.076903,True,True,0.38348766,839,78,0.000000,67.280022,2936.509364,True,OK
1777553572.124315,True,True,0.38369502,839,78,0.000000,67.207016,2936.509364,True,OK
1777553572.171894,True,True,0.38328188,839,78,0.000000,67.133911,2936.509364,True,OK
1777553572.219001,True,True,0.38355109,839,78,0.000000,67.061690,2936.509364,True,OK
1777553572.266361,True,True,0.38367409,839,78,0.000000,66.989236,2936.509364,True,OK
1777553572.313827,True,True,0.38372107,839,78,0.000000,66.916778,2936.509364,True,OK
1777553572.361356,True,True,0.38339210,838,78,8.066370,66.853106,2936.892756,True,OK
1777553572.409740,True,True,0.38382382,838,78,0.000000,66.779557,2936.892756,True,OK
1777553572.456835,True,True,0.38373261,838,78,0.000000,66.708123,2936.892756,True,OK
1777553572.503349,True,True,0.38384306,838,78,0.000000,66.637719,2936.892756,True,OK
1777553572.550590,True,True,0.38391938,838,78,0.000000,66.566367,2936.892756,True,OK
1777553572.597947,True,True,0.38377836,838,78,0.000000,66.494993,2936.892756,True,OK
1777553572.645861,True,True,0.38377836,838,78,0.000000,66.422936,2936.892756,True,OK
1777553572.693550,True,True,0.38381048,838,78,0.000000,66.351371,2936.892756,True,OK
1777553572.741233,True,True,0.38409518,838,78,0.000000,66.279969,2936.892756,True,OK
1777553572.789322,True,True,0.38451306,838,78,0.000000,66.208115,2936.892756,True,OK
1777553572.837368,True,True,0.38387203,839,78,7.989738,66.145125,2937.276628,True,OK
1777553572.885008,True,True,0.38353111,839,78,0.000000,66.074239,2937.276628,True,OK
1777553572.932617,True,True,0.38443994,839,78,0.000000,66.003552,2937.276628,True,OK
1777553572.979748,True,True,0.38489158,838,77,11.549048,65.945941,2937.820947,True,OK
1777553573.027708,True,True,0.38471822,838,78,8.021641,65.883649,2938.205665,True,OK
1777553573.075184,True,True,0.38422955,838,78,0.000000,65.813586,2938.205665,True,OK
1777553573.122573,True,True,0.38477752,838,78,0.000000,65.743801,2938.205665,True,OK
1777553573.170132,True,True,0.38440072,838,77,8.082644,65.682506,2938.590066,True,OK
1777553573.217782,True,True,0.38330049,838,78,8.043985,65.621182,2938.973366,True,OK
1777553573.265612,True,True,0.38412489,838,78,0.000000,65.551178,2938.973366,True,OK
1777553573.312519,True,True,0.38327878,838,78,0.000000,65.482668,2938.973366,True,OK
1777553573.360355,True,True,0.38276011,838,78,0.000000,65.412950,2938.973366,True,OK
1777553573.407999,True,True,0.38264633,838,78,0.000000,65.343658,2938.973366,True,OK
1777553573.456023,True,True,0.38247796,838,78,0.000000,65.273963,2938.973366,True,OK
1777553573.503719,True,True,0.38170527,838,78,0.000000,65.204889,2938.973366,True,OK
1777553573.551631,True,True,0.38185992,838,78,0.000000,65.135651,2938.973366,True,OK
1777553573.599352,True,True,0.38192898,838,78,0.000000,65.066835,2938.973366,True,OK
1777553573.647395,True,True,0.38164240,838,78,0.000000,64.997701,2938.973366,True,OK
1777553573.695118,True,True,0.38135987,838,78,0.000000,64.929172,2938.973366,True,OK
1777553573.742838,True,True,0.38081264,838,77,7.980115,64.869197,2939.354179,True,OK
1777553573.790647,True,True,0.38137831,838,78,7.977262,64.809234,2939.735557,True,OK
1777553573.838315,True,True,0.38072306,838,77,7.986817,64.749581,2940.116280,True,OK
1777553573.885939,True,True,0.38082803,838,77,0.000000,64.681744,2940.116280,True,OK
1777553573.933511,True,True,0.38120378,838,78,8.013053,64.622497,2940.497484,True,OK
1777553573.965126,True,True,0.38138961,838,78,0.000000,64.577630,2940.497484,True,OK
1777553574.013058,True,True,0.38154687,838,78,0.000000,64.509722,2940.497484,True,OK
1777553574.060359,True,True,0.38181128,838,77,8.071899,64.451217,2940.879295,True,OK
1777553574.107963,True,True,0.38173547,838,78,8.019125,64.392405,2941.261031,True,OK
1777553574.155610,True,True,0.38211743,838,77,8.019759,64.333663,2941.643148,True,OK
1777553574.187471,True,True,0.38211743,838,77,0.000000,64.288866,2941.643148,True,OK
1777553574.235221,True,True,0.38277330,838,78,8.016155,64.230202,2942.025922,True,OK
1777553574.283234,True,True,0.38345305,838,78,0.000000,64.162946,2942.025922,True,OK
1777553574.333023,True,True,0.38325530,838,78,0.000000,64.093350,2942.025922,True,OK
1777553574.378759,True,True,0.38321673,838,78,0.000000,64.029553,2942.025922,True,OK
1777553574.410626,True,True,0.38355928,838,78,0.000000,63.985176,2942.025922,True,OK
1777553574.458301,True,True,0.38391485,837,78,8.052687,63.927241,2942.409836,True,OK
1777553574.506378,True,True,0.38383848,838,78,7.983849,63.868868,2942.793675,True,OK
1777553574.554432,True,True,0.38392056,837,78,7.989400,63.810650,2943.177595,True,OK
1777553574.601847,True,True,0.38412702,838,78,8.101257,63.753439,2943.561722,True,OK
1777553574.637473,True,True,0.38372525,838,78,0.000000,63.704284,2943.561722,True,OK
1777553574.681117,True,True,0.38373792,838,78,0.000000,63.644170,2943.561722,True,OK
1777553574.729349,True,True,0.38373792,838,78,0.000000,63.577868,2943.561722,True,OK
1777553574.777124,True,True,0.38373792,838,78,0.000000,63.512330,2943.561722,True,OK
1777553574.824342,True,True,0.38348245,838,78,0.000000,63.447689,2943.561722,True,OK
1777553574.871678,True,True,0.38387868,838,78,0.000000,63.383018,2943.561722,True,OK
1777553574.919422,True,True,0.38378608,838,78,0.000000,63.317924,2943.561722,True,OK
1777553574.956029,True,True,0.38357326,838,78,0.000000,63.268104,2943.561722,True,OK
1777553574.998936,True,True,0.38369856,838,78,0.000000,63.209810,2943.561722,True,OK
1777553575.047061,True,True,0.38394511,838,78,0.000000,63.144554,2943.561722,True,OK
1777553575.078652,True,True,0.38394511,838,78,0.000000,63.101792,2943.561722,True,OK
1777553575.126137,True,True,0.38408549,838,78,0.000000,63.037622,2943.561722,True,OK
1777553575.173890,True,True,0.38434260,838,78,0.000000,62.973223,2943.561722,True,OK
1777553575.208185,True,True,0.38400315,838,78,0.000000,62.927053,2943.561722,True,OK
1777553575.253880,True,True,0.38387368,838,78,0.000000,62.865642,2943.561722,True,OK
1777553575.301730,True,True,0.38406672,838,78,0.000000,62.801463,2943.561722,True,OK
1777553575.349381,True,True,0.38399215,838,78,0.000000,62.737682,2943.561722,True,OK
1777553575.396780,True,True,0.38380920,838,78,0.000000,62.674366,2943.561722,True,OK
1777553575.444868,True,True,0.38392462,838,78,0.000000,62.610260,2943.561722,True,OK
1777553575.492262,True,True,0.38367061,838,78,0.000000,62.547207,2943.561722,True,OK
1777553575.540193,True,True,0.38376697,838,78,0.000000,62.483569,2943.561722,True,OK
1777553575.587807,True,True,0.38429851,838,78,0.000000,62.420480,2943.561722,True,OK
1777553575.635759,True,True,0.38428738,838,78,0.000000,62.357072,2943.561722,True,OK
1777553575.683485,True,True,0.38421537,838,78,0.000000,62.294090,2943.561722,True,OK
1777553575.730700,True,True,0.38421525,838,78,0.000000,62.231908,2943.561722,True,OK
1777553575.762347,True,True,0.38434733,838,77,12.144748,62.198419,2943.946070,True,OK
1777553575.801506,True,True,0.38450984,838,77,0.000000,62.147002,2943.946070,True,OK
1777553575.827578,True,True,0.38444270,838,77,0.000000,62.112816,2943.946070,True,OK
1777553575.874144,True,True,0.38454032,838,78,8.258088,62.059958,2944.330610,True,OK
1777553575.906046,True,True,0.38459563,838,78,0.000000,62.018254,2944.330610,True,OK
1777553575.939644,True,True,0.38427172,838,78,0.000000,61.974396,2944.330610,True,OK
1777553575.985770,True,True,0.38457541,838,78,0.000000,61.914283,2944.330610,True,OK
1777553576.032273,True,True,0.38438533,838,77,8.265848,61.861873,2944.714995,True,OK
1777553576.065913,True,True,0.38460588,838,78,11.432781,61.826259,2945.099601,True,OK
1777553576.102216,True,True,0.38518802,838,78,0.000000,61.779178,2945.099601,True,OK
1777553576.144939,True,True,0.38466019,838,77,9.003598,61.731923,2945.484262,True,OK
1777553576.192051,True,True,0.38523246,838,78,8.176869,61.679095,2945.869494,True,OK
1777553576.230475,True,True,0.38509956,838,77,10.022366,61.637571,2946.254594,True,OK
1777553576.273474,True,True,0.38514365,838,77,0.000000,61.582175,2946.254594,True,OK
1777553576.318481,True,True,0.38461738,838,78,8.545590,61.532328,2946.639211,True,OK
1777553576.366961,True,True,0.38461051,838,78,0.000000,61.470097,2946.639211,True,OK
1777553576.414335,True,True,0.38444383,838,78,0.000000,61.409409,2946.639211,True,OK
1777553576.446090,True,True,0.38451172,838,78,0.000000,61.368795,2946.639211,True,OK
1777553576.509820,True,True,0.38465777,838,78,0.000000,61.287448,2946.639211,True,OK
1777553576.557928,True,True,0.38442093,838,78,0.000000,61.226186,2946.639211,True,OK
1777553576.606186,True,True,0.38435721,838,78,0.000000,61.164854,2946.639211,True,OK
1777553576.669836,True,True,0.38461474,838,78,0.000000,61.084150,2946.639211,True,OK
1777553576.717526,True,True,0.38465171,839,78,8.065642,61.031786,2947.023863,True,OK
1777553576.764542,True,True,0.38465171,839,78,0.000000,60.972418,2947.023863,True,OK
1777553576.812480,True,True,0.38381001,838,78,8.006405,60.919938,2947.407673,True,OK
1777553576.860043,True,True,0.38400649,838,78,0.000000,60.860108,2947.407673,True,OK
1777553576.908254,True,True,0.38432349,838,78,0.000000,60.799582,2947.407673,True,OK
1777553576.954619,True,True,0.38428471,838,78,0.000000,60.741488,2947.407673,True,OK
1777553577.002489,True,True,0.38425146,838,78,0.000000,60.681624,2947.407673,True,OK
1777553577.049616,True,True,0.38450253,838,78,0.000000,60.622803,2947.407673,True,OK
1777553577.102734,True,True,0.38448040,838,78,0.000000,60.556643,2947.407673,True,OK
1777553577.162667,True,True,0.38445706,838,78,0.000000,60.482167,2947.407673,True,OK
1777553577.255198,True,True,0.38446651,838,78,0.000000,60.367542,2947.407673,True,OK
1777553577.306396,True,True,0.38455458,838,77,7.511159,60.312174,2947.792227,True,OK
1777553577.351529,True,True,0.38453179,838,78,8.519948,60.264392,2948.176759,True,OK
1777553577.399093,True,True,0.38449640,838,78,0.000000,60.205856,2948.176759,True,OK
1777553577.446291,True,True,0.38459249,838,78,0.000000,60.147882,2948.176759,True,OK
1777553577.477438,True,True,0.38456905,838,78,0.000000,60.109686,2948.176759,True,OK
1777553577.529183,True,True,0.38461343,838,78,0.000000,60.046336,2948.176759,True,OK
1777553577.588605,True,True,0.38447263,838,78,0.000000,59.973752,2948.176759,True,OK
1777553577.635539,True,True,0.38420871,838,77,8.186168,59.924355,2948.560968,True,OK
1777553577.685160,True,True,0.38416946,838,77,0.000000,59.863984,2948.560968,True,OK
1777553577.746083,True,True,0.38369872,838,78,6.298132,59.797810,2948.944666,True,OK
1777553577.792526,True,True,0.38388473,838,78,0.000000,59.741548,2948.944666,True,OK
1777553577.839221,True,True,0.38384859,838,78,0.000000,59.685087,2948.944666,True,OK
1777553577.872872,True,True,0.38377276,838,78,0.000000,59.644464,2948.944666,True,OK
1777553577.934223,True,True,0.38401307,838,78,0.000000,59.570545,2948.944666,True,OK
1777553577.981704,True,True,0.38415508,838,78,0.000000,59.513463,2948.944666,True,OK
1777553578.028450,True,True,0.38436568,838,78,0.000000,59.457371,2948.944666,True,OK
1777553578.076288,True,True,0.38406052,839,78,8.028361,59.407814,2949.328727,True,OK
1777553578.123543,True,True,0.38401632,838,78,8.126627,59.359050,2949.712743,True,OK
1777553578.155180,True,True,0.38417550,838,78,0.000000,59.321282,2949.712743,True,OK
1777553578.204779,True,True,0.38426722,838,78,0.000000,59.262169,2949.712743,True,OK
1777553578.250178,True,True,0.38452928,838,78,0.000000,59.208165,2949.712743,True,OK
1777553578.297969,True,True,0.38451015,838,78,0.000000,59.151423,2949.712743,True,OK
1777553578.345428,True,True,0.38446208,838,78,0.000000,59.095181,2949.712743,True,OK
1777553578.393312,True,True,0.38459562,838,77,8.031861,59.046242,2950.097339,True,OK
1777553578.436561,True,True,0.38485980,838,78,8.898524,59.002870,2950.482199,True,OK
1777553578.484608,True,True,0.38480329,838,78,0.000000,58.946232,2950.482199,True,OK
1777553578.512679,True,True,0.38455768,838,77,13.699733,58.920872,2950.866756,True,OK
1777553578.560096,True,True,0.38445656,838,78,8.108003,58.872809,2951.251213,True,OK
1777553578.607634,True,True,0.38455251,838,78,0.000000,58.817032,2951.251213,True,OK
1777553578.639537,True,True,0.38431971,839,78,12.046586,58.787314,2951.635533,True,OK
1777553578.691000,True,True,0.38431513,839,78,0.000000,58.727119,2951.635533,True,OK
1777553578.734005,True,True,0.38353716,838,78,8.918434,58.684536,2952.019070,True,OK
1777553578.784472,True,True,0.38413725,838,78,0.000000,58.625720,2952.019070,True,OK
1777553578.820306,True,True,0.38411373,839,78,10.719445,58.591652,2952.403184,True,OK
1777553578.860761,True,True,0.38423544,839,78,0.000000,58.544650,2952.403184,True,OK
1777553578.905426,True,True,0.38422438,839,77,8.602432,58.500456,2952.787408,True,OK
1777553578.945647,True,True,0.38414356,839,78,9.550713,58.461481,2953.171551,True,OK
1777553578.993016,True,True,0.38417149,839,77,8.110106,58.414309,2953.555723,True,OK
1777553579.029164,True,True,0.38423832,839,78,10.629636,58.380171,2953.939961,True,OK
1777553579.082412,True,True,0.38420222,839,78,0.000000,58.318798,2953.939961,True,OK
1777553579.150725,True,True,0.38404964,839,78,0.000000,58.240251,2953.939961,True,OK
1777553579.373488,True,True,0.38407267,838,78,1.724136,57.993117,2954.324034,True,OK
1777553579.439733,True,True,0.38412827,838,78,0.000000,57.917801,2954.324034,True,OK
1777553579.484525,True,True,0.38423136,838,77,8.578182,57.874513,2954.708265,True,OK
1777553579.532042,True,True,0.38419214,838,77,0.000000,57.820698,2954.708265,True,OK
1777553579.579669,True,True,0.38430948,838,77,0.000000,57.766858,2954.708265,True,OK
1777553579.627124,True,True,0.38440580,838,78,8.100497,57.720822,2955.092671,True,OK
1777553579.675262,True,True,0.38421673,838,78,0.000000,57.666599,2955.092671,True,OK
1777553579.722686,True,True,0.38419346,838,78,0.000000,57.613282,2955.092671,True,OK
1777553579.770612,True,True,0.38389548,838,78,0.000000,57.559500,2955.092671,True,OK
1777553579.807166,True,True,0.38389548,838,78,0.000000,57.518546,2955.092671,True,OK
1777553579.850311,True,True,0.38409765,838,78,0.000000,57.470283,2955.092671,True,OK
1777553579.882320,True,True,0.38449553,838,78,0.000000,57.434530,2955.092671,True,OK
1777553579.918979,True,True,0.38445970,838,78,0.000000,57.393637,2955.092671,True,OK
1777553579.961051,True,True,0.38458823,838,78,0.000000,57.346778,2955.092671,True,OK
1777553580.008806,True,True,0.38406726,838,78,0.000000,57.293682,2955.092671,True,OK
1777553580.072397,True,True,0.38396927,838,78,0.000000,57.223131,2955.092671,True,OK
1777553580.119961,True,True,0.38415575,838,78,0.000000,57.170474,2955.092671,True,OK
1777553580.167576,True,True,0.38362257,838,78,0.000000,57.117858,2955.092671,True,OK
1777553580.214895,True,True,0.38341638,838,78,0.000000,57.065666,2955.092671,True,OK
1777553580.262215,True,True,0.38333622,838,78,0.000000,57.013567,2955.092671,True,OK
1777553580.310231,True,True,0.38326627,838,78,0.000000,56.960799,2955.092671,True,OK
1777553580.358425,True,True,0.38326276,838,78,0.000000,56.907934,2955.092671,True,OK
1777553580.406436,True,True,0.38303490,838,78,0.000000,56.855367,2955.092671,True,OK
1777553580.454480,True,True,0.38273918,838,78,0.000000,56.802860,2955.092671,True,OK
1777553580.501921,True,True,0.38273918,838,78,0.000000,56.751108,2955.092671,True,OK
1777553580.551558,True,True,0.38306708,838,78,0.000000,56.697061,2955.092671,True,OK
1777553580.597344,True,True,0.38297233,838,77,8.364416,56.654640,2955.475643,True,OK
1777553580.646199,True,True,0.38297233,838,77,0.000000,56.601632,2955.475643,True,OK
1777553580.692886,True,True,0.38314760,838,78,8.206708,56.558400,2955.858791,True,OK
1777553580.740573,True,True,0.38314760,838,78,0.000000,56.506840,2955.858791,True,OK
1777553580.788460,True,True,0.38319336,838,78,0.000000,56.455158,2955.858791,True,OK
1777553580.835960,True,True,0.38332218,839,78,8.069918,56.411302,2956.242113,True,OK
1777553580.867600,True,True,0.38328980,839,78,0.000000,56.377264,2956.242113,True,OK
1777553580.915627,True,True,0.38346780,839,78,0.000000,56.325674,2956.242113,True,OK
1777553580.963171,True,True,0.38353297,839,78,0.000000,56.274697,2956.242113,True,OK
1777553581.010923,True,True,0.38398084,839,78,0.000000,56.223590,2956.242113,True,OK
1777553581.058622,True,True,0.38398084,839,78,0.000000,56.172632,2956.242113,True,OK
1777553581.106365,True,True,0.38386231,839,78,0.000000,56.121720,2956.242113,True,OK
1777553581.153891,True,True,0.38408307,839,77,8.081556,56.078415,2956.626196,True,OK
1777553581.201221,True,True,0.38420013,839,78,8.117492,56.035399,2957.010396,True,OK
1777553581.248492,True,True,0.38406507,839,78,0.000000,55.985247,2957.010396,True,OK
1777553581.295841,True,True,0.38412234,838,78,8.112621,55.942370,2957.394519,True,OK
1777553581.358056,True,True,0.38445633,838,78,0.000000,55.876610,2957.394519,True,OK
1777553581.406209,True,True,0.38430224,838,78,0.000000,55.825821,2957.394519,True,OK
1777553581.452853,True,True,0.38422066,838,78,0.000000,55.776710,2957.394519,True,OK
1777553581.500055,True,True,0.38433788,838,78,0.000000,55.727100,2957.394519,True,OK
1777553581.547824,True,True,0.38420635,838,78,0.000000,55.676984,2957.394519,True,OK
1777553581.595745,True,True,0.38365883,839,78,8.006079,55.634015,2957.778178,True,OK
1777553581.642964,True,True,0.38353857,839,78,0.000000,55.584647,2957.778178,True,OK
1777553581.690846,True,True,0.38367364,839,78,0.000000,55.534675,2957.778178,True,OK
1777553581.738207,True,True,0.38303203,839,78,0.000000,55.485335,2957.778178,True,OK
1777553581.785982,True,True,0.38337969,839,78,0.000000,55.435653,2957.778178,True,OK
1777553581.833463,True,True,0.38349093,839,78,0.000000,55.386364,2957.778178,True,OK
1777553581.880900,True,True,0.38355005,839,78,0.000000,55.337209,2957.778178,True,OK
1777553581.928616,True,True,0.38332982,839,78,0.000000,55.287852,2957.778178,True,OK
1777553581.992351,True,True,0.38338482,838,78,6.015227,55.229220,2958.161562,True,OK
1777553582.040182,True,True,0.38331644,838,78,0.000000,55.179944,2958.161562,True,OK
1777553582.089659,True,True,0.38322363,838,78,0.000000,55.129065,2958.161562,True,OK
1777553582.135451,True,True,0.38327708,838,78,0.000000,55.082058,2958.161562,True,OK
1777553582.182897,True,True,0.38331873,838,78,0.000000,55.033438,2958.161562,True,OK
1777553582.230455,True,True,0.38355962,838,78,0.000000,54.984789,2958.161562,True,OK
1777553582.278132,True,True,0.38341134,838,78,0.000000,54.936105,2958.161562,True,OK
1777553582.325829,True,True,0.38371032,838,78,0.000000,54.887487,2958.161562,True,OK
1777553582.363760,True,True,0.38373618,839,78,10.116509,54.855999,2958.545299,True,OK
1777553582.404882,True,True,0.38365948,838,78,9.329958,54.821314,2958.928958,True,OK
1777553582.452233,True,True,0.38350259,839,78,8.099083,54.780361,2959.312461,True,OK
1777553582.484200,True,True,0.38350259,839,78,0.000000,54.747964,2959.312461,True,OK
1777553582.531938,True,True,0.38363078,839,78,0.000000,54.699655,2959.312461,True,OK
1777553582.580547,True,True,0.38362072,839,78,0.000000,54.650552,2959.312461,True,OK
1777553582.627235,True,True,0.38360541,839,78,0.000000,54.603473,2959.312461,True,OK
1777553582.675276,True,True,0.38357282,839,78,0.000000,54.555115,2959.312461,True,OK
1777553582.723362,True,True,0.38357282,839,78,0.000000,54.506796,2959.312461,True,OK
1777553582.789632,True,True,0.38301073,839,78,0.000000,54.440345,2959.312461,True,OK
1777553582.834491,True,True,0.38350444,839,77,8.549166,54.402506,2959.695965,True,OK
1777553582.882149,True,True,0.38355508,839,77,0.000000,54.354890,2959.695965,True,OK
1777553582.929605,True,True,0.38349932,839,77,0.000000,54.307559,2959.695965,True,OK
1777553582.977175,True,True,0.38350520,839,78,8.062036,54.267229,2960.079470,True,OK
1777553583.025438,True,True,0.38338596,839,78,0.000000,54.219255,2960.079470,True,OK
1777553583.072564,True,True,0.38310271,839,78,0.000000,54.172493,2960.079470,True,OK
1777553583.120392,True,True,0.38321441,839,78,0.000000,54.125118,2960.079470,True,OK
1777553583.170162,True,True,0.38313821,839,78,0.000000,54.075905,2960.079470,True,OK
1777553583.215980,True,True,0.38323865,839,78,0.000000,54.030681,2960.079470,True,OK
1777553583.263866,True,True,0.38287370,839,78,0.000000,53.983496,2960.079470,True,OK
1777553583.295547,True,True,0.38289552,839,77,12.086126,53.959303,2960.462366,True,OK
1777553583.342782,True,True,0.38285762,839,77,0.000000,53.912887,2960.462366,True,OK
1777553583.390069,True,True,0.38263011,839,77,0.000000,53.866500,2960.462366,True,OK
1777553583.437619,True,True,0.38177664,839,77,0.000000,53.819936,2960.462366,True,OK
1777553583.485601,True,True,0.38285780,839,78,7.979200,53.779984,2960.845224,True,OK
1777553583.533685,True,True,0.38293703,838,78,7.963915,53.740004,2961.228161,True,OK
1777553583.579213,True,True,0.38207732,838,78,0.000000,53.695639,2961.228161,True,OK
1777553583.626874,True,True,0.38248440,838,78,0.000000,53.649274,2961.228161,True,OK
1777553583.674904,True,True,0.38278697,838,78,0.000000,53.602630,2961.228161,True,OK
1777553583.722606,True,True,0.38264326,838,78,0.000000,53.556385,2961.228161,True,OK
1777553583.754388,True,True,0.38301059,838,78,0.000000,53.525618,2961.228161,True,OK
1777553583.786282,True,True,0.38249807,838,78,0.000000,53.494779,2961.228161,True,OK
1777553583.834226,True,True,0.38287696,838,78,0.000000,53.448487,2961.228161,True,OK
1777553583.882372,True,True,0.38291648,838,78,0.000000,53.402080,2961.228161,True,OK
1777553583.930471,True,True,0.38262726,838,77,7.954948,53.362692,2961.610788,True,OK
1777553583.978617,True,True,0.38293341,838,78,7.953586,53.323334,2961.993721,True,OK
1777553584.026157,True,True,0.38293341,838,78,0.000000,53.277737,2961.993721,True,OK
1777553584.074838,True,True,0.38403080,838,78,0.000000,53.231127,2961.993721,True,OK
1777553584.121345,True,True,0.38382022,838,78,0.000000,53.186673,2961.993721,True,OK
1777553584.168849,True,True,0.38383106,838,78,0.000000,53.141343,2961.993721,True,OK
1777553584.216884,True,True,0.38382630,838,78,0.000000,53.095586,2961.993721,True,OK
1777553584.264587,True,True,0.38415683,838,78,0.000000,53.050223,2961.993721,True,OK
1777553584.311746,True,True,0.38438036,838,78,0.000000,53.005452,2961.993721,True,OK
1777553584.359068,True,True,0.38416893,838,78,0.000000,52.960603,2961.993721,True,OK
1777553584.390925,True,True,0.38409066,838,78,0.000000,52.930454,2961.993721,True,OK
1777553584.440599,True,True,0.38424877,838,78,0.000000,52.883511,2961.993721,True,OK
1777553584.486360,True,True,0.38388571,838,78,0.000000,52.840339,2961.993721,True,OK
1777553584.533896,True,True,0.38448475,838,77,8.088344,52.802421,2962.378206,True,OK
1777553584.567045,True,True,0.38428190,838,78,11.592479,52.778086,2962.762488,True,OK
1777553584.613486,True,True,0.38448502,838,77,8.279028,52.741303,2963.146973,True,OK
1777553584.661274,True,True,0.38453724,838,77,0.000000,52.696481,2963.146973,True,OK
1777553584.709180,True,True,0.38453605,839,77,8.026780,52.658456,2963.531509,True,OK
1777553584.756461,True,True,0.38400591,838,78,11.486042,52.623895,2964.074575,True,OK
1777553584.804205,True,True,0.38400794,838,77,8.043056,52.586138,2964.458583,True,OK
1777553584.851778,True,True,0.38407107,838,78,8.073365,52.548606,2964.842654,True,OK
1777553584.899296,True,True,0.38414159,838,78,0.000000,52.504386,2964.842654,True,OK
1777553584.931064,True,True,0.38402176,839,78,12.088379,52.481662,2965.226676,True,OK
1777553584.978675,True,True,0.38414800,839,78,0.000000,52.437474,2965.226676,True,OK
1777553585.026270,True,True,0.38422635,839,78,0.000000,52.393376,2965.226676,True,OK
1777553585.074321,True,True,0.38423063,839,78,0.000000,52.348931,2965.226676,True,OK
1777553585.122214,True,True,0.38419504,839,77,8.022017,52.311483,2965.610871,True,OK
1777553585.169986,True,True,0.38418218,839,77,0.000000,52.267440,2965.610871,True,OK
1777553585.219034,True,True,0.38447096,839,78,7.838638,52.229066,2965.995342,True,OK
1777553585.265600,True,True,0.38421586,839,78,0.000000,52.186273,2965.995342,True,OK
1777553585.297485,True,True,0.38419980,838,78,12.049672,52.163769,2966.379542,True,OK
1777553585.345057,True,True,0.38419980,839,77,11.421289,52.129714,2966.922883,True,OK
1777553585.395872,True,True,0.38426642,838,77,7.562122,52.089958,2967.307149,True,OK
1777553585.440108,True,True,0.38419685,838,78,8.685127,52.056278,2967.691346,True,OK
1777553585.491173,True,True,0.38411126,838,78,0.000000,52.009692,2967.691346,True,OK
1777553585.519627,True,True,0.38436918,838,78,0.000000,51.983769,2967.691346,True,OK
1777553585.583201,True,True,0.38437294,838,77,6.046110,51.932671,2968.075719,True,OK
1777553585.630400,True,True,0.38433539,838,78,8.142746,51.896536,2968.460054,True,OK
1777553585.678016,True,True,0.38426115,838,78,0.000000,51.853371,2968.460054,True,OK
1777553585.725062,True,True,0.38432815,838,78,0.000000,51.810793,2968.460054,True,OK
1777553585.771960,True,True,0.38339644,838,77,8.175049,51.775104,2968.843451,True,OK
1777553585.819986,True,True,0.38249504,838,78,7.964398,51.738441,2969.225946,True,OK
1777553585.869644,True,True,0.38249504,838,78,0.000000,51.693712,2969.225946,True,OK
1777553585.914518,True,True,0.38223112,839,78,8.517884,51.660007,2969.608177,True,OK
1777553585.962363,True,True,0.38233905,839,78,0.000000,51.617045,2969.608177,True,OK
1777553585.994330,True,True,0.38195669,839,78,0.000000,51.588380,2969.608177,True,OK
1777553586.041981,True,True,0.38160004,839,78,0.000000,0.000000,0.000000,True,Primera muestra
1777553586.073862,True,True,0.38160004,839,78,0.000000,0.000000,0.000000,True,OK
1777553586.120867,True,True,0.38074105,839,78,0.000000,0.000000,0.000000,True,OK
1777553586.169194,True,True,0.37979536,838,78,7.859025,2.985530,0.379795,True,OK
1777553586.216844,True,True,0.37926993,838,78,0.000000,2.171970,0.379795,True,OK
1777553586.264163,True,True,0.37926993,838,78,0.000000,1.709396,0.379795,True,OK
1777553586.296773,True,True,0.37925314,838,78,0.000000,1.490610,0.379795,True,OK
1777553586.343372,True,True,0.37951807,838,78,0.000000,1.260143,0.379795,True,OK
1777553586.375390,True,True,0.38003473,838,78,0.000000,1.139129,0.379795,True,OK
1777553586.423170,True,True,0.38022179,838,78,0.000000,0.996345,0.379795,True,OK
1777553586.470902,True,True,0.38037648,838,77,7.969024,1.772291,0.760172,True,OK
1777553586.519104,True,True,0.38078088,838,77,0.000000,1.593241,0.760172,True,OK
1777553586.566744,True,True,0.38113490,838,78,8.000378,2.174901,1.141307,True,OK
1777553586.614274,True,True,0.38101461,838,77,8.016268,2.660039,1.522321,True,OK
1777553586.661705,True,True,0.38116689,838,78,8.036362,3.071514,1.903488,True,OK
1777553586.709016,True,True,0.38195780,838,77,8.073288,3.426279,2.285446,True,OK
1777553586.750302,True,True,0.38195780,838,77,0.000000,0.000000,0.000000,True,Primera muestra
1777553586.788516,True,True,0.38221376,838,78,10.002063,10.002063,0.382214,True,OK
1777553586.836332,True,True,0.38275544,838,78,0.000000,4.442833,0.382214,True,OK
1777553586.883935,True,True,0.38286427,838,78,0.000000,2.860187,0.382214,True,OK
1777553586.933027,True,True,0.38295947,838,78,0.000000,2.091752,0.382214,True,OK
1777553586.979528,True,True,0.38335450,838,78,0.000000,1.667415,0.382214,True,OK
1777553587.026864,True,True,0.38354868,838,78,0.000000,1.382018,0.382214,True,OK
1777553587.074968,True,True,0.38363175,838,78,0.000000,1.177252,0.382214,True,OK
1777553587.122666,True,True,0.38425971,838,78,0.000000,1.026454,0.382214,True,OK
1777553587.170528,True,True,0.38404255,838,78,0.000000,0.909544,0.382214,True,OK
1777553587.218222,True,True,0.38430713,838,78,0.000000,0.816837,0.382214,True,OK
1777553587.266038,True,True,0.38438441,838,78,0.000000,0.000000,0.000000,True,Primera muestra
1777553587.299968,True,True,0.38438441,838,78,0.000000,0.000000,0.000000,True,Primera muestra
1777553587.334055,True,True,0.38425952,838,78,0.000000,0.000000,0.000000,True,Primera muestra
1777553587.361092,True,True,0.38415906,839,78,0.000000,0.000000,0.000000,True,Primera muestra
1777553587.394746,True,True,0.38430018,839,78,0.000000,0.000000,0.000000,True,Primera muestra
1777553587.424603,True,True,0.38439913,839,78,0.000000,0.000000,0.000000,True,Primera muestra
1777553587.456744,True,True,0.38441298,839,78,0.000000,0.000000,0.000000,True,Primera muestra
1777553587.488419,True,True,0.38453822,839,78,0.000000,0.000000,0.000000,True,Primera muestra
1777553587.523592,True,True,0.38421413,838,78,0.000000,0.000000,0.000000,True,Primera muestra
1777553587.568685,True,True,0.38430606,838,78,0.000000,0.000000,0.000000,True,Primera muestra
1777553587.600888,True,True,0.38422834,838,78,0.000000,0.000000,0.000000,True,Primera muestra
1777553587.633025,True,True,0.38436783,838,77,0.000000,0.000000,0.000000,True,Primera muestra
1777553587.666129,True,True,0.38404472,838,78,0.000000,0.000000,0.000000,True,Primera muestra
1777553587.702660,True,True,0.38404472,838,78,0.000000,0.000000,0.000000,True,OK
1777553587.744326,True,True,0.38404472,838,78,0.000000,0.000000,0.000000,True,OK
1777553587.792513,True,True,0.38406002,838,78,0.000000,0.000000,0.000000,True,OK
1777553587.825042,True,True,0.38406002,838,78,0.000000,0.000000,0.000000,True,Primera muestra
1777553587.872015,True,True,0.38365874,839,78,8.167646,8.167646,0.383659,True,OK
1777553587.919252,True,True,0.38359547,839,78,0.000000,4.072361,0.383659,True,OK
1777553587.967220,True,True,0.38350064,839,78,0.000000,2.698434,0.383659,True,OK
1777553588.013573,True,True,0.38350064,839,78,0.000000,0.000000,0.000000,True,Primera muestra
1777553588.045572,True,True,0.38358202,839,78,0.000000,0.000000,0.000000,True,OK
1777553588.092933,True,True,0.38350834,839,78,0.000000,0.000000,0.000000,True,OK
1777553588.124561,True,True,0.38327118,839,78,0.000000,0.000000,0.000000,True,OK
1777553588.171500,True,True,0.38336960,838,78,8.167418,2.427504,0.383370,True,OK
1777553588.203537,True,True,0.38295195,838,78,0.000000,0.000000,0.000000,True,Primera muestra
1777553588.235146,True,True,0.38281076,838,78,0.000000,0.000000,0.000000,True,OK
1777553588.283062,True,True,0.38277181,838,78,0.000000,0.000000,0.000000,True,OK
1777553588.330514,True,True,0.38242260,838,78,0.000000,0.000000,0.000000,True,OK
1777553588.378495,True,True,0.38216774,838,78,0.000000,0.000000,0.000000,True,OK
1777553588.426614,True,True,0.38209781,838,77,7.940752,1.712853,0.382098,True,OK
1777553588.458928,True,True,0.38195952,838,77,0.000000,1.496128,0.382098,True,OK
1777553588.506502,True,True,0.38182118,838,77,0.000000,1.261192,0.382098,True,OK
1777553588.554519,True,True,0.38178631,838,77,0.000000,1.088654,0.382098,True,OK
1777553588.586430,True,True,0.38171480,838,77,0.000000,0.000000,0.000000,True,Primera muestra
1777553588.627476,True,True,0.38188467,838,78,9.304006,9.304006,0.381885,True,OK
1777553588.682218,True,True,0.38184500,838,78,0.000000,3.986769,0.381885,True,OK
1777553588.729886,True,True,0.38184500,838,78,0.000000,2.662047,0.381885,True,OK
1777553588.777699,True,True,0.38197441,838,78,0.000000,1.996583,0.381885,True,OK
1777553588.826177,True,True,0.38209453,838,78,0.000000,1.592868,0.381885,True,OK
1777553588.861523,True,True,0.38241490,838,78,0.000000,0.000000,0.000000,True,Primera muestra
1777553588.904665,True,True,0.38252928,838,78,0.000000,0.000000,0.000000,True,OK
1777553588.936724,True,True,0.38280806,838,78,0.000000,0.000000,0.000000,True,OK
1777553588.984013,True,True,0.38302408,838,77,8.099581,3.126978,0.383024,True,OK
1777553589.015814,True,True,0.38326378,838,77,0.000000,0.000000,0.000000,True,Primera muestra
1777553589.050294,True,True,0.38321221,838,77,0.000000,0.000000,0.000000,True,OK
1777553589.095349,True,True,0.38323999,838,77,0.000000,0.000000,0.000000,True,OK
1777553589.126760,True,True,0.38329589,838,78,12.202627,3.454799,0.383296,True,OK
1777553589.174370,True,True,0.38349311,838,78,0.000000,2.417428,0.383296,True,OK
1777553589.205905,True,True,0.38353024,838,77,0.000000,0.000000,0.000000,True,Primera muestra
1777553589.254053,True,True,0.38355416,838,77,0.000000,0.000000,0.000000,True,OK
1777553589.285932,True,True,0.38376193,838,77,0.000000,0.000000,0.000000,True,OK
1777553589.333179,True,True,0.38352595,838,77,0.000000,0.000000,0.000000,True,OK
1777553589.368312,True,True,0.38372919,838,77,0.000000,0.000000,0.000000,True,Primera muestra
1777553589.397079,True,True,0.38365734,838,78,13.336887,13.336887,0.383657,True,OK
1777553589.445260,True,True,0.38376216,838,78,0.000000,4.985935,0.383657,True,OK
1777553589.482909,True,True,0.38396309,838,78,0.000000,3.347880,0.383657,True,OK
1777553589.524529,True,True,0.38399668,838,78,0.000000,2.455920,0.383657,True,OK
1777553589.556164,True,True,0.38380820,838,77,0.000000,0.000000,0.000000,True,Primera muestra
1777553589.603967,True,True,0.38381346,839,78,11.354832,11.354832,0.542794,True,OK
1777553589.635564,True,True,0.38384134,839,78,0.000000,6.836152,0.542794,True,OK
1777553589.682756,True,True,0.38337483,839,78,0.000000,4.287723,0.542794,True,OK
1777553589.714699,True,True,0.38337483,839,78,0.000000,0.000000,0.000000,True,Primera muestra
1777553589.746637,True,True,0.38341276,838,78,12.004700,12.004700,0.383413,True,OK
1777553589.781634,True,True,0.38357926,838,78,0.000000,5.728151,0.383413,True,OK
1777553589.826416,True,True,0.38357926,838,78,0.000000,3.432001,0.383413,True,OK
1777553589.858208,True,True,0.38347190,839,78,0.000000,0.000000,0.000000,True,Primera muestra
1777553589.906238,True,True,0.38324495,839,78,0.000000,0.000000,0.000000,True,OK
1777553589.938495,True,True,0.38313435,839,77,11.877440,4.772075,0.383134,True,OK
1777553589.970338,True,True,0.38313435,839,77,0.000000,3.416893,0.383134,True,OK
1777553590.002561,True,True,0.38264443,839,77,0.000000,0.000000,0.000000,True,Primera muestra
1777553590.050325,True,True,0.38243307,839,78,8.006671,8.006671,0.382433,True,OK
1777553590.082050,True,True,0.38189867,839,77,12.037810,9.615538,0.764332,True,OK
1777553590.113777,True,True,0.38169400,839,78,12.030635,10.304498,1.146026,True,OK
1777553590.160721,True,True,0.38169400,839,78,0.000000,7.245958,1.146026,True,OK
1777553590.207117,True,True,0.38161291,838,78,8.225207,7.468062,1.527639,True,OK
1777553590.255657,True,True,0.38183328,839,77,11.124692,8.169349,2.067632,True,OK
1777553590.302651,True,True,0.38171912,839,77,0.000000,6.890039,2.067632,True,OK
1777553590.350530,True,True,0.38178117,839,77,0.000000,5.941997,2.067632,True,OK
1777553590.398217,True,True,0.38157632,839,77,0.000000,5.225832,2.067632,True,OK
1777553590.445943,True,True,0.38153800,839,77,0.000000,4.663318,2.067632,True,OK
1777553590.494539,True,True,0.38163835,839,77,0.000000,4.202685,2.067632,True,OK
1777553590.541846,True,True,0.38192877,839,77,0.000000,3.834021,2.067632,True,OK
1777553590.589538,True,True,0.38240831,838,78,11.339561,4.443848,2.608439,True,OK
1777553590.637341,True,True,0.38221224,838,78,0.000000,4.109197,2.608439,True,OK
1777553590.685038,True,True,0.38237465,838,78,0.000000,3.822017,2.608439,True,OK
1777553590.733243,True,True,0.38245779,838,78,0.000000,3.569865,2.608439,True,OK
1777553590.780587,True,True,0.38267082,838,78,0.000000,3.352636,2.608439,True,OK
1777553590.828148,True,True,0.38259083,838,78,0.000000,3.159496,2.608439,True,OK
1777553590.875878,True,True,0.38267508,838,77,8.017501,3.425003,2.991115,True,OK
1777553590.907695,True,True,0.38253754,839,78,17.003062,3.902298,3.532104,True,OK
1777553590.955650,True,True,0.38252966,839,78,0.000000,3.705953,3.532104,True,OK
1777553591.004808,True,True,0.38227943,838,78,7.776568,3.905607,3.914384,True,OK
1777553591.051033,True,True,0.38275639,839,78,8.280234,4.098477,4.297140,True,OK
1777553591.082706,True,True,0.38275639,839,78,0.000000,3.978297,4.297140,True,OK
1777553591.131361,True,True,0.38256390,839,78,0.000000,3.806820,4.297140,True,OK
1777553591.178550,True,True,0.38263752,839,78,0.000000,3.654064,4.297140,True,OK
1777553591.226320,True,True,0.38260390,838,78,8.009249,3.824072,4.679744,True,OK
1777553591.273838,True,True,0.38262425,839,78,8.052194,3.982111,5.062368,True,OK
1777553591.321435,True,True,0.38282020,839,78,0.000000,3.838399,5.062368,True,OK
1777553591.357152,True,True,0.38282020,839,78,0.000000,3.737192,5.062368,True,OK
1777553591.401211,True,True,0.38284987,839,78,0.000000,3.619468,5.062368,True,OK
1777553591.451166,True,True,0.38320524,839,78,0.000000,3.494649,5.062368,True,OK
1777553591.496403,True,True,0.38354148,838,78,8.478568,3.645572,5.445910,True,OK
1777553591.543734,True,True,0.38385813,838,78,0.000000,3.533613,5.445910,True,OK
1777553591.591991,True,True,0.38358196,838,78,0.000000,3.426329,5.445910,True,OK
1777553591.626050,True,True,0.38330961,838,78,0.000000,3.354448,5.445910,True,OK
1777553591.671845,True,True,0.38371393,838,78,0.000000,3.262421,5.445910,True,OK
1777553591.719369,True,True,0.38385838,838,78,0.000000,3.172113,5.445910,True,OK
1777553591.767289,True,True,0.38357656,838,78,0.000000,3.085976,5.445910,True,OK
1777553591.814909,True,True,0.38357656,838,78,0.000000,3.004892,5.445910,True,OK
1777553591.864425,True,True,0.38312441,838,77,7.737280,3.130751,5.829034,True,OK
1777553591.894958,True,True,0.38312441,838,77,0.000000,3.080237,5.829034,True,OK
1777553591.943133,True,True,0.38313670,839,78,11.247468,3.282986,6.370871,True,OK
1777553591.990688,True,True,0.38316042,839,78,0.000000,3.204458,6.370871,True,OK
1777553592.038108,True,True,0.38317899,838,78,8.080531,3.318051,6.754050,True,OK
1777553592.086222,True,True,0.38288679,838,77,7.957977,3.425191,7.136937,True,OK
1777553592.133757,True,True,0.38282852,838,77,0.000000,3.348794,7.136937,True,OK
1777553592.165196,True,True,0.38295465,839,78,17.226197,3.550537,7.678517,True,OK
1777553592.212662,True,True,0.38304269,838,78,8.069786,3.647597,8.061559,True,OK
1777553592.260333,True,True,0.38311728,838,78,0.000000,3.570581,8.061559,True,OK
1777553592.307658,True,True,0.38302459,838,78,0.000000,3.497275,8.061559,True,OK
1777553592.355383,True,True,0.38258405,839,78,8.016315,3.588942,8.444144,True,OK
1777553592.417443,True,True,0.38253067,839,78,0.000000,3.496710,8.444144,True,OK
1777553592.465514,True,True,0.38235570,839,78,0.000000,3.428463,8.444144,True,OK
1777553592.512629,True,True,0.38247425,839,78,0.000000,3.364110,8.444144,True,OK
1777553592.560002,True,True,0.38245033,839,78,0.000000,3.301793,8.444144,True,OK
1777553592.607855,True,True,0.38253581,838,78,7.994058,3.387978,8.826679,True,OK
1777553592.654899,True,True,0.38250762,839,78,8.130842,3.472102,9.209187,True,OK
1777553592.702369,True,True,0.38248137,838,78,8.057191,3.552721,9.591668,True,OK
1777553592.750154,True,True,0.38256954,838,78,0.000000,3.490935,9.591668,True,OK
1777553592.797372,True,True,0.38256954,838,78,0.000000,3.431956,9.591668,True,OK
1777553592.834840,True,True,0.38253302,838,78,0.000000,3.386554,9.591668,True,OK
1777553592.876639,True,True,0.38245291,838,78,0.000000,3.337302,9.591668,True,OK
1777553592.908280,True,True,0.38245291,838,78,0.000000,3.300962,9.591668,True,OK
1777553592.956331,True,True,0.38248880,838,78,0.000000,3.247263,9.591668,True,OK
1777553593.004014,True,True,0.38220449,838,78,0.000000,3.195674,9.591668,True,OK
1777553593.037949,True,True,0.38234461,839,78,11.267104,3.285910,9.974013,True,OK
1777553593.083053,True,True,0.38251899,838,78,8.480862,3.361973,10.356532,True,OK
1777553593.114884,True,True,0.38241238,838,78,0.000000,3.327589,10.356532,True,OK
1777553593.146567,True,True,0.38255799,839,78,12.074290,3.415734,10.739090,True,OK
1777553593.178122,True,True,0.38267872,838,77,17.151094,3.552216,11.280279,True,OK
1777553593.225558,True,True,0.38267872,838,77,0.000000,3.499935,11.280279,True,OK
1777553593.262329,True,True,0.38269439,838,77,0.000000,3.460454,11.280279,True,OK
1777553593.297086,True,True,0.38281800,838,78,11.014234,3.540145,11.663097,True,OK
1777553593.333088,True,True,0.38275536,838,78,0.000000,3.501877,11.663097,True,OK
1777553593.360729,True,True,0.38276314,839,78,13.847511,3.587033,12.045860,True,OK
1777553593.392434,True,True,0.38287391,838,78,12.076174,3.666430,12.428734,True,OK
1777553593.435676,True,True,0.38292553,839,78,8.855461,3.731789,12.811660,True,OK
1777553593.472134,True,True,0.38283206,839,78,0.000000,3.692575,12.811660,True,OK
1777553593.504004,True,True,0.38266088,838,78,12.006973,3.768252,13.194321,True,OK
1777553593.535817,True,True,0.38275232,838,78,0.000000,3.734323,13.194321,True,OK
1777553593.568305,True,True,0.38314755,838,78,0.000000,3.700299,13.194321,True,OK
1777553593.615101,True,True,0.38329688,838,78,0.000000,3.652366,13.194321,True,OK
1777553593.652260,True,True,0.38329688,838,78,0.000000,3.615181,13.194321,True,OK
1777553593.694819,True,True,0.38330296,838,78,0.000000,3.573509,13.194321,True,OK
1777553593.726408,True,True,0.38322285,838,78,0.000000,3.543196,13.194321,True,OK
1777553593.758431,True,True,0.38334902,838,78,0.000000,3.512986,13.194321,True,OK
1777553593.790250,True,True,0.38333669,838,78,0.000000,3.483475,13.194321,True,OK
1777553593.837920,True,True,0.38337950,838,78,0.000000,3.440178,13.194321,True,OK
1777553593.871472,True,True,0.38322481,838,77,11.421840,3.509397,13.577546,True,OK
1777553593.918261,True,True,0.38327443,838,78,8.191687,3.565345,13.960820,True,OK
1777553593.954347,True,True,0.38331928,838,77,10.622288,3.629786,14.344139,True,OK
1777553593.997907,True,True,0.38322082,838,77,0.000000,3.590212,14.344139,True,OK
1777553594.036264,True,True,0.38327795,838,77,0.000000,3.556072,14.344139,True,OK
1777553594.077675,True,True,0.38351704,838,77,0.000000,3.519935,14.344139,True,OK
1777553594.109190,True,True,0.38333061,838,77,0.000000,3.492923,14.344139,True,OK
1777553594.140980,True,True,0.38333061,838,77,0.000000,3.466091,14.344139,True,OK
1777553594.172705,True,True,0.38307934,839,78,17.076922,3.569636,14.885895,True,OK
1777553594.220498,True,True,0.38304071,839,78,0.000000,3.529188,14.885895,True,OK
1777553594.252357,True,True,0.38315768,839,78,0.000000,3.502732,14.885895,True,OK
1777553594.284024,True,True,0.38241248,839,78,0.000000,3.476824,14.885895,True,OK
1777553594.315842,True,True,0.38239260,839,78,0.000000,3.451176,14.885895,True,OK
1777553594.363248,True,True,0.38204445,839,78,0.000000,3.413658,14.885895,True,OK
1777553594.395112,True,True,0.38225670,839,78,0.000000,3.388895,14.885895,True,OK
1777553594.443139,True,True,0.38234209,839,78,0.000000,3.352243,14.885895,True,OK
1777553594.491154,True,True,0.38230609,838,78,7.962123,3.401556,15.268201,True,OK
1777553594.528946,True,True,0.38230609,838,78,0.000000,3.373155,15.268201,True,OK
1777553594.570210,True,True,0.38229254,838,78,0.000000,3.342682,15.268201,True,OK
1777553594.617693,True,True,0.38221139,838,78,0.000000,3.308291,15.268201,True,OK
1777553594.651120,True,True,0.38226963,838,77,11.436035,3.366736,15.650471,True,OK
1777553594.680766,True,True,0.38226254,838,78,12.894168,3.427112,16.032734,True,OK
1777553594.721413,True,True,0.38166074,839,78,9.389524,3.478471,16.414394,True,OK
1777553594.743985,True,True,0.38166074,839,78,0.000000,3.461912,16.414394,True,OK
1777553594.791903,True,True,0.38200582,838,78,7.972100,3.507037,16.796400,True,OK
1777553594.839817,True,True,0.38205553,839,78,7.973732,3.551281,17.178456,True,OK
1777553594.887549,True,True,0.38215016,839,78,0.000000,3.516580,17.178456,True,OK
1777553594.937385,True,True,0.38228136,839,78,0.000000,3.481067,17.178456,True,OK
1777553594.983543,True,True,0.38235245,839,78,0.000000,3.448808,17.178456,True,OK
1777553595.030861,True,True,0.38260162,839,78,0.000000,3.416354,17.178456,True,OK
1777553595.078306,True,True,0.38250240,839,78,0.000000,3.384420,17.178456,True,OK
1777553595.126647,True,True,0.38258051,839,78,0.000000,3.352491,17.178456,True,OK
1777553595.174202,True,True,0.38251824,839,78,0.000000,3.321664,17.178456,True,OK
1777553595.221981,True,True,0.38295410,839,78,0.000000,3.291257,17.178456,True,OK
1777553595.269953,True,True,0.38348883,838,78,7.994020,3.334087,17.561944,True,OK
1777553595.317976,True,True,0.38339972,838,78,0.000000,3.303965,17.561944,True,OK
1777553595.349914,True,True,0.38329916,838,78,0.000000,3.284231,17.561944,True,OK
1777553595.397869,True,True,0.38336765,838,78,0.000000,3.255040,17.561944,True,OK
1777553595.430707,True,True,0.38338869,839,78,11.674946,3.305978,17.945333,True,OK
1777553595.477392,True,True,0.38338869,839,78,0.000000,3.277787,17.945333,True,OK
1777553595.524955,True,True,0.38353965,839,78,0.000000,3.249557,17.945333,True,OK
1777553595.559907,True,True,0.38370528,839,78,0.000000,3.229119,17.945333,True,OK
1777553595.604980,True,True,0.38395127,838,78,8.518471,3.271673,18.329284,True,OK
1777553595.652881,True,True,0.38405670,839,78,8.017692,3.311908,18.713341,True,OK
1777553595.684912,True,True,0.38415249,838,78,11.993303,3.360844,19.097494,True,OK
1777553595.734040,True,True,0.38338412,839,78,7.803771,3.398927,19.480878,True,OK
1777553595.780307,True,True,0.38344975,838,78,8.287839,3.438076,19.864328,True,OK
1777553595.827676,True,True,0.38360650,838,78,0.000000,3.410118,19.864328,True,OK
1777553595.875133,True,True,0.38359657,838,78,0.000000,3.382560,19.864328,True,OK
1777553595.922530,True,True,0.38369694,838,78,0.000000,3.355478,19.864328,True,OK
1777553595.970073,True,True,0.38373428,838,78,0.000000,3.328745,19.864328,True,OK
1777553596.017794,True,True,0.38356449,838,78,0.000000,3.302337,19.864328,True,OK
1777553596.065481,True,True,0.38308430,838,77,8.033338,3.339548,20.247412,True,OK
1777553596.113933,True,True,0.38283457,838,77,0.000000,3.313071,20.247412,True,OK
1777553596.160714,True,True,0.38295333,838,77,0.000000,3.287903,20.247412,True,OK
1777553596.208573,True,True,0.38310026,838,77,0.000000,3.262548,20.247412,True,OK
1777553596.255404,True,True,0.38313715,838,77,0.000000,3.238113,20.247412,True,OK
1777553596.303045,True,True,0.38288099,838,77,0.000000,3.213628,20.247412,True,OK
1777553596.339788,True,True,0.38281195,838,77,0.000000,3.194995,20.247412,True,OK
1777553596.382291,True,True,0.38281195,838,77,0.000000,3.173709,20.247412,True,OK
1777553596.413883,True,True,0.38256463,838,77,0.000000,3.158071,20.247412,True,OK
1777553596.461917,True,True,0.38253028,838,77,0.000000,3.134586,20.247412,True,OK
1777553596.509519,True,True,0.38266178,838,78,8.038786,3.170463,20.630074,True,OK
1777553596.541167,True,True,0.38279183,838,77,12.095323,3.213661,21.012865,True,OK
1777553596.588816,True,True,0.38294411,838,78,8.036827,3.248555,21.395810,True,OK
1777553596.637774,True,True,0.38316617,839,78,7.826378,3.282332,21.778976,True,OK
1777553596.684256,True,True,0.38322941,838,77,11.659842,3.340611,22.320944,True,OK
1777553596.731664,True,True,0.38312498,838,77,0.000000,3.317076,22.320944,True,OK
1777553596.779236,True,True,0.38316007,839,78,11.390552,3.373751,22.862814,True,OK
1777553596.842306,True,True,0.38327266,838,78,6.076935,3.398677,23.246087,True,OK
1777553596.890206,True,True,0.38365884,838,78,0.000000,3.375041,23.246087,True,OK
1777553596.937830,True,True,0.38394407,838,77,8.061847,3.407226,23.630031,True,OK
1777553596.985478,True,True,0.38430198,838,78,8.065526,3.439011,24.014333,True,OK
1777553597.019145,True,True,0.38441144,838,78,0.000000,3.422511,24.014333,True,OK
1777553597.064881,True,True,0.38439462,838,77,8.404539,3.454775,24.398727,True,OK
1777553597.112712,True,True,0.38438931,838,78,8.036396,3.485596,24.783117,True,OK
1777553597.160188,True,True,0.38443676,838,78,0.000000,3.462477,24.783117,True,OK
1777553597.192146,True,True,0.38433055,838,78,0.000000,3.447086,24.783117,True,OK
1777553597.240945,True,True,0.38443402,838,78,0.000000,3.423847,24.783117,True,OK
1777553597.287372,True,True,0.38443314,838,77,8.280419,3.454798,25.167550,True,OK
1777553597.335032,True,True,0.38451026,838,78,8.067637,3.484781,25.552060,True,OK
1777553597.398468,True,True,0.38449676,838,77,6.061196,3.506880,25.936557,True,OK
1777553597.446138,True,True,0.38462262,838,77,0.000000,3.484421,25.936557,True,OK
1777553597.494226,True,True,0.38462817,838,77,0.000000,3.462055,25.936557,True,OK
1777553597.541282,True,True,0.38454097,838,78,8.172117,3.491454,26.321098,True,OK
1777553597.576159,True,True,0.38471640,838,78,0.000000,3.475375,26.321098,True,OK
1777553597.621011,True,True,0.38529694,838,77,8.590449,3.505489,26.706395,True,OK
1777553597.652790,True,True,0.38529694,838,77,0.000000,3.490928,26.706395,True,OK
1777553597.700176,True,True,0.38434974,838,77,0.000000,3.469437,26.706395,True,OK
1777553597.748791,True,True,0.38438704,838,78,7.906800,3.497286,27.090782,True,OK
1777553597.794540,True,True,0.38440019,838,78,0.000000,3.476752,27.090782,True,OK
1777553597.841880,True,True,0.38437211,838,78,0.000000,3.455757,27.090782,True,OK
1777553597.877145,True,True,0.38440569,838,78,0.000000,3.440281,27.090782,True,OK
1777553597.921243,True,True,0.38453393,838,78,0.000000,3.421122,27.090782,True,OK
1777553597.952695,True,True,0.38523956,838,78,0.000000,3.407588,27.090782,True,OK
1777553598.000739,True,True,0.38528292,838,78,0.000000,3.387119,27.090782,True,OK
1777553598.048453,True,True,0.38431760,838,78,0.000000,3.367032,27.090782,True,OK
1777553598.096252,True,True,0.38439097,838,78,0.000000,3.347148,27.090782,True,OK
1777553598.144178,True,True,0.38444406,838,78,0.000000,3.327445,27.090782,True,OK
1777553598.176480,True,True,0.38434830,838,78,0.000000,3.314295,27.090782,True,OK
1777553598.224295,True,True,0.38412362,838,78,0.000000,3.295020,27.090782,True,OK
1777553598.256473,True,True,0.38497699,838,78,0.000000,3.282175,27.090782,True,OK
1777553598.304300,True,True,0.38420241,838,78,0.000000,3.263266,27.090782,True,OK
1777553598.335902,True,True,0.38404496,838,78,0.000000,3.250891,27.090782,True,OK
1777553598.383865,True,True,0.38477069,838,77,8.022336,3.278195,27.475553,True,OK
1777553598.433303,True,True,0.38478335,838,78,7.783150,3.304613,27.860336,True,OK
1777553598.475759,True,True,0.38460029,838,78,0.000000,3.288054,27.860336,True,OK
1777553598.527714,True,True,0.38413806,838,77,7.393637,3.313075,28.244474,True,OK
1777553598.559457,True,True,0.38420740,838,77,0.000000,3.300785,28.244474,True,OK
1777553598.598096,True,True,0.38386346,838,78,9.934655,3.330606,28.628337,True,OK
1777553598.639345,True,True,0.38393078,838,78,0.000000,3.314698,28.628337,True,OK
1777553598.686636,True,True,0.38413186,838,77,8.122761,3.340882,29.012469,True,OK
1777553598.722477,True,True,0.38413186,838,77,0.000000,3.327150,29.012469,True,OK
1777553598.766935,True,True,0.38413186,838,77,0.000000,3.310273,29.012469,True,OK
1777553598.814489,True,True,0.38349039,838,78,8.064271,3.335928,29.395960,True,OK
1777553598.848199,True,True,0.38349039,838,78,0.000000,3.323215,29.395960,True,OK
1777553598.894030,True,True,0.38360621,839,78,8.369979,3.349229,29.779566,True,OK
1777553598.941924,True,True,0.38362747,839,78,0.000000,3.331285,29.779566,True,OK
1777553598.989743,True,True,0.38381575,839,78,0.000000,3.313560,29.779566,True,OK
1777553599.038796,True,True,0.38394613,839,78,0.000000,3.295572,29.779566,True,OK
