timestamp_s,tag_detected,object_detected,cm_per_px,object_x_px,object_y_px,instant_cm_s,average_cm_s,distance_total_cm,valid,reason
1778775396.805718,False,False,0.00000000,-1,-1,0.000000,0.000000,0.000000,False,Sin AprilTag: medicion congelada
1778775397.116286,False,False,0.00000000,-1,-1,0.000000,0.000000,0.000000,False,Sin AprilTag: medicion congelada
1778775397.505147,False,False,0.00000000,-1,-1,0.000000,0.000000,0.000000,False,Sin AprilTag: medicion congelada
1778775397.823017,False,False,0.00000000,-1,-1,0.000000,0.000000,0.000000,False,Sin AprilTag: medicion congelada
1778775398.125282,False,False,0.00000000,-1,-1,0.000000,0.000000,0.000000,False,Sin AprilTag: medicion congelada
1778775398.443720,False,False,0.00000000,-1,-1,0.000000,0.000000,0.000000,False,Sin AprilTag: medicion congelada
1778775398.806937,False,False,0.00000000,-1,-1,0.000000,0.000000,0.000000,False,Sin AprilTag: medicion congelada
1778775399.201918,False,False,0.00000000,-1,-1,0.000000,0.000000,0.000000,False,Sin AprilTag: medicion congelada
1778775399.487006,False,False,0.00000000,-1,-1,0.000000,0.000000,0.000000,False,Sin AprilTag: medicion congelada
1778775399.820012,False,False,0.00000000,-1,-1,0.000000,0.000000,0.000000,False,Sin AprilTag: medicion congelada
1778775400.138349,False,False,0.00000000,-1,-1,0.000000,0.000000,0.000000,False,Sin AprilTag: medicion congelada
1778775400.488223,False,False,0.00000000,-1,-1,0.000000,0.000000,0.000000,False,Sin AprilTag: medicion congelada
1778775400.836186,False,False,0.00000000,-1,-1,0.000000,0.000000,0.000000,False,Sin AprilTag: medicion congelada
1778775401.297997,False,False,0.00000000,-1,-1,0.000000,0.000000,0.000000,False,Sin AprilTag: medicion congelada
1778775401.677250,False,False,0.00000000,-1,-1,0.000000,0.000000,0.000000,False,Sin AprilTag: medicion congelada
1778775402.011778,False,False,0.00000000,-1,-1,0.000000,0.000000,0.000000,False,Sin AprilTag: medicion congelada
1778775402.624785,False,False,0.00000000,-1,-1,0.000000,0.000000,0.000000,False,Sin AprilTag: medicion congelada
1778775403.060069,False,False,0.00000000,-1,-1,0.000000,0.000000,0.000000,False,Sin AprilTag: medicion congelada
1778775403.632780,False,False,0.00000000,-1,-1,0.000000,0.000000,0.000000,False,Sin AprilTag: medicion congelada
1778775404.102621,False,False,0.00000000,-1,-1,0.000000,0.000000,0.000000,False,Sin AprilTag: medicion congelada
1778775404.491412,False,False,0.00000000,-1,-1,0.000000,0.000000,0.000000,False,Sin AprilTag: medicion congelada
1778775405.020048,False,False,0.00000000,-1,-1,0.000000,0.000000,0.000000,False,Sin AprilTag: medicion congelada
1778775405.552557,False,False,0.00000000,-1,-1,0.000000,0.000000,0.000000,False,Sin AprilTag: medicion congelada
1778775406.109611,False,False,0.00000000,-1,-1,0.000000,0.000000,0.000000,False,Sin AprilTag: medicion congelada
1778775406.496137,False,False,0.00000000,-1,-1,0.000000,0.000000,0.000000,False,Sin AprilTag: medicion congelada
1778775406.906465,False,False,0.00000000,-1,-1,0.000000,0.000000,0.000000,False,Sin AprilTag: medicion congelada
1778775407.333949,False,False,0.00000000,-1,-1,0.000000,0.000000,0.000000,False,Sin AprilTag: medicion congelada
1778775407.826514,False,False,0.00000000,-1,-1,0.000000,0.000000,0.000000,False,Sin AprilTag: medicion congelada
1778775408.205454,False,False,0.00000000,-1,-1,0.000000,0.000000,0.000000,False,Sin AprilTag: medicion congelada
1778775408.668877,False,False,0.00000000,-1,-1,0.000000,0.000000,0.000000,False,Sin AprilTag: medicion congelada
1778775409.050447,False,False,0.00000000,-1,-1,0.000000,0.000000,0.000000,False,Sin AprilTag: medicion congelada
1778775409.464276,False,False,0.00000000,-1,-1,0.000000,0.000000,0.000000,False,Sin AprilTag: medicion congelada
1778775409.879637,False,False,0.00000000,-1,-1,0.000000,0.000000,0.000000,False,Sin AprilTag: medicion congelada
1778775410.440383,False,False,0.00000000,-1,-1,0.000000,0.000000,0.000000,False,Sin AprilTag: medicion congelada
1778775410.859324,False,False,0.00000000,-1,-1,0.000000,0.000000,0.000000,False,Sin AprilTag: medicion congelada
1778775411.144578,False,False,0.00000000,-1,-1,0.000000,0.000000,0.000000,False,Sin AprilTag: medicion congelada
1778775411.446687,False,False,0.00000000,-1,-1,0.000000,0.000000,0.000000,False,Sin AprilTag: medicion congelada
1778775411.732266,False,False,0.00000000,-1,-1,0.000000,0.000000,0.000000,False,Sin AprilTag: medicion congelada
1778775412.049885,False,False,0.00000000,-1,-1,0.000000,0.000000,0.000000,False,Sin AprilTag: medicion congelada
1778775412.369171,False,False,0.00000000,-1,-1,0.000000,0.000000,0.000000,False,Sin AprilTag: medicion congelada
1778775412.771744,False,False,0.00000000,-1,-1,0.000000,0.000000,0.000000,False,Sin AprilTag: medicion congelada
1778775413.078770,False,False,0.00000000,-1,-1,0.000000,0.000000,0.000000,False,Sin AprilTag: medicion congelada
1778775413.420297,False,False,0.00000000,-1,-1,0.000000,0.000000,0.000000,False,Sin AprilTag: medicion congelada
1778775413.681859,False,False,0.00000000,-1,-1,0.000000,0.000000,0.000000,False,Sin AprilTag: medicion congelada
1778775413.903447,False,False,0.00000000,-1,-1,0.000000,0.000000,0.000000,False,Sin AprilTag: medicion congelada
1778775414.188552,False,False,0.00000000,-1,-1,0.000000,0.000000,0.000000,False,Sin AprilTag: medicion congelada
1778775414.362064,False,False,0.00000000,-1,-1,0.000000,0.000000,0.000000,False,Sin AprilTag: medicion congelada
1778775414.520941,False,False,0.00000000,-1,-1,0.000000,0.000000,0.000000,False,Sin AprilTag: medicion congelada
1778775414.670264,False,False,0.00000000,-1,-1,0.000000,0.000000,0.000000,False,Sin AprilTag: medicion congelada
1778775414.805680,False,False,0.00000000,-1,-1,0.000000,0.000000,0.000000,False,Sin AprilTag: medicion congelada
1778775414.948288,False,False,0.00000000,-1,-1,0.000000,0.000000,0.000000,False,Sin AprilTag: medicion congelada
1778775415.110125,False,False,0.00000000,-1,-1,0.000000,0.000000,0.000000,False,Sin AprilTag: medicion congelada
1778775415.264982,False,False,0.00000000,-1,-1,0.000000,0.000000,0.000000,False,Sin AprilTag: medicion congelada
1778775415.390543,False,False,0.00000000,-1,-1,0.000000,0.000000,0.000000,False,Sin AprilTag: medicion congelada
1778775415.552402,False,False,0.00000000,-1,-1,0.000000,0.000000,0.000000,False,Sin AprilTag: medicion congelada
1778775415.721853,False,False,0.00000000,-1,-1,0.000000,0.000000,0.000000,False,Sin AprilTag: medicion congelada
1778775415.905309,False,False,0.00000000,-1,-1,0.000000,0.000000,0.000000,False,Sin AprilTag: medicion congelada
1778775416.069697,False,False,0.00000000,-1,-1,0.000000,0.000000,0.000000,False,Sin AprilTag: medicion congelada
1778775416.228580,False,False,0.00000000,-1,-1,0.000000,0.000000,0.000000,False,Sin AprilTag: medicion congelada
1778775416.386879,False,False,0.00000000,-1,-1,0.000000,0.000000,0.000000,False,Sin AprilTag: medicion congelada
1778775416.585172,False,False,0.00000000,-1,-1,0.000000,0.000000,0.000000,False,Sin AprilTag: medicion congelada
1778775416.751378,False,False,0.00000000,-1,-1,0.000000,0.000000,0.000000,False,Sin AprilTag: medicion congelada
1778775416.909522,False,False,0.00000000,-1,-1,0.000000,0.000000,0.000000,False,Sin AprilTag: medicion congelada
1778775417.066934,False,False,0.00000000,-1,-1,0.000000,0.000000,0.000000,False,Sin AprilTag: medicion congelada
1778775417.227386,False,False,0.00000000,-1,-1,0.000000,0.000000,0.000000,False,Sin AprilTag: medicion congelada
1778775417.383822,False,False,0.00000000,-1,-1,0.000000,0.000000,0.000000,False,Sin AprilTag: medicion congelada
1778775417.588488,False,False,0.00000000,-1,-1,0.000000,0.000000,0.000000,False,Sin AprilTag: medicion congelada
1778775417.746064,False,False,0.00000000,-1,-1,0.000000,0.000000,0.000000,False,Sin AprilTag: medicion congelada
1778775417.889073,False,False,0.00000000,-1,-1,0.000000,0.000000,0.000000,False,Sin AprilTag: medicion congelada
1778775418.048167,False,False,0.00000000,-1,-1,0.000000,0.000000,0.000000,False,Sin AprilTag: medicion congelada
1778775418.206552,False,False,0.00000000,-1,-1,0.000000,0.000000,0.000000,False,Sin AprilTag: medicion congelada
1778775418.364804,False,False,0.00000000,-1,-1,0.000000,0.000000,0.000000,False,Sin AprilTag: medicion congelada
1778775418.491377,False,False,0.00000000,-1,-1,0.000000,0.000000,0.000000,False,Sin AprilTag: medicion congelada
1778775418.647951,False,False,0.00000000,-1,-1,0.000000,0.000000,0.000000,False,Sin AprilTag: medicion congelada
1778775418.777148,False,False,0.00000000,-1,-1,0.000000,0.000000,0.000000,False,Sin AprilTag: medicion congelada
1778775418.904532,False,False,0.00000000,-1,-1,0.000000,0.000000,0.000000,False,Sin AprilTag: medicion congelada
1778775419.048077,False,False,0.00000000,-1,-1,0.000000,0.000000,0.000000,False,Sin AprilTag: medicion congelada
1778775419.191296,False,False,0.00000000,-1,-1,0.000000,0.000000,0.000000,False,Sin AprilTag: medicion congelada
1778775419.318561,False,False,0.00000000,-1,-1,0.000000,0.000000,0.000000,False,Sin AprilTag: medicion congelada
1778775419.437704,False,False,0.00000000,-1,-1,0.000000,0.000000,0.000000,False,Sin AprilTag: medicion congelada
1778775419.573162,False,False,0.00000000,-1,-1,0.000000,0.000000,0.000000,False,Sin AprilTag: medicion congelada
1778775419.705790,False,False,0.00000000,-1,-1,0.000000,0.000000,0.000000,False,Sin AprilTag: medicion congelada
1778775419.845733,False,False,0.00000000,-1,-1,0.000000,0.000000,0.000000,False,Sin AprilTag: medicion congelada
1778775419.983262,False,False,0.00000000,-1,-1,0.000000,0.000000,0.000000,False,Sin AprilTag: medicion congelada
1778775420.125797,False,False,0.00000000,-1,-1,0.000000,0.000000,0.000000,False,Sin AprilTag: medicion congelada
1778775420.269418,False,False,0.00000000,-1,-1,0.000000,0.000000,0.000000,False,Sin AprilTag: medicion congelada
1778775420.398449,False,False,0.00000000,-1,-1,0.000000,0.000000,0.000000,False,Sin AprilTag: medicion congelada
1778775420.551796,False,False,0.00000000,-1,-1,0.000000,0.000000,0.000000,False,Sin AprilTag: medicion congelada
1778775420.684811,False,False,0.00000000,-1,-1,0.000000,0.000000,0.000000,False,Sin AprilTag: medicion congelada
1778775420.812261,False,False,0.00000000,-1,-1,0.000000,0.000000,0.000000,False,Sin AprilTag: medicion congelada
1778775420.953970,False,False,0.00000000,-1,-1,0.000000,0.000000,0.000000,False,Sin AprilTag: medicion congelada
1778775421.096552,False,False,0.00000000,-1,-1,0.000000,0.000000,0.000000,False,Sin AprilTag: medicion congelada
1778775421.223920,False,False,0.00000000,-1,-1,0.000000,0.000000,0.000000,False,Sin AprilTag: medicion congelada
1778775421.354340,False,False,0.00000000,-1,-1,0.000000,0.000000,0.000000,False,Sin AprilTag: medicion congelada
1778775421.511064,False,False,0.00000000,-1,-1,0.000000,0.000000,0.000000,False,Sin AprilTag: medicion congelada
1778775421.654090,False,False,0.00000000,-1,-1,0.000000,0.000000,0.000000,False,Sin AprilTag: medicion congelada
1778775421.780836,False,False,0.00000000,-1,-1,0.000000,0.000000,0.000000,False,Sin AprilTag: medicion congelada
1778775421.908206,False,False,0.00000000,-1,-1,0.000000,0.000000,0.000000,False,Sin AprilTag: medicion congelada
1778775422.035983,False,False,0.00000000,-1,-1,0.000000,0.000000,0.000000,False,Sin AprilTag: medicion congelada
1778775422.185967,False,False,0.00000000,-1,-1,0.000000,0.000000,0.000000,False,Sin AprilTag: medicion congelada
1778775422.321328,False,False,0.00000000,-1,-1,0.000000,0.000000,0.000000,False,Sin AprilTag: medicion congelada
1778775422.473452,False,False,0.00000000,-1,-1,0.000000,0.000000,0.000000,False,Sin AprilTag: medicion congelada
1778775422.608976,False,False,0.00000000,-1,-1,0.000000,0.000000,0.000000,False,Sin AprilTag: medicion congelada
1778775422.780515,False,False,0.00000000,-1,-1,0.000000,0.000000,0.000000,False,Sin AprilTag: medicion congelada
1778775422.923454,False,False,0.00000000,-1,-1,0.000000,0.000000,0.000000,False,Sin AprilTag: medicion congelada
1778775423.078447,False,False,0.00000000,-1,-1,0.000000,0.000000,0.000000,False,Sin AprilTag: medicion congelada
1778775423.224504,False,False,0.00000000,-1,-1,0.000000,0.000000,0.000000,False,Sin AprilTag: medicion congelada
1778775423.368232,False,False,0.00000000,-1,-1,0.000000,0.000000,0.000000,False,Sin AprilTag: medicion congelada
1778775423.509685,False,False,0.00000000,-1,-1,0.000000,0.000000,0.000000,False,Sin AprilTag: medicion congelada
1778775423.667502,False,False,0.00000000,-1,-1,0.000000,0.000000,0.000000,False,Sin AprilTag: medicion congelada
1778775423.810188,False,False,0.00000000,-1,-1,0.000000,0.000000,0.000000,False,Sin AprilTag: medicion congelada
1778775423.937735,False,False,0.00000000,-1,-1,0.000000,0.000000,0.000000,False,Sin AprilTag: medicion congelada
1778775424.079639,False,False,0.00000000,-1,-1,0.000000,0.000000,0.000000,False,Sin AprilTag: medicion congelada
1778775424.221909,False,False,0.00000000,-1,-1,0.000000,0.000000,0.000000,False,Sin AprilTag: medicion congelada
1778775424.365048,False,False,0.00000000,-1,-1,0.000000,0.000000,0.000000,False,Sin AprilTag: medicion congelada
1778775424.523139,False,False,0.00000000,-1,-1,0.000000,0.000000,0.000000,False,Sin AprilTag: medicion congelada
1778775424.681965,False,False,0.00000000,-1,-1,0.000000,0.000000,0.000000,False,Sin AprilTag: medicion congelada
1778775424.838312,False,False,0.00000000,-1,-1,0.000000,0.000000,0.000000,False,Sin AprilTag: medicion congelada
1778775424.966947,False,False,0.00000000,-1,-1,0.000000,0.000000,0.000000,False,Sin AprilTag: medicion congelada
1778775425.092014,False,False,0.00000000,-1,-1,0.000000,0.000000,0.000000,False,Sin AprilTag: medicion congelada
1778775425.202589,False,False,0.00000000,-1,-1,0.000000,0.000000,0.000000,False,Sin AprilTag: medicion congelada
1778775425.329320,False,False,0.00000000,-1,-1,0.000000,0.000000,0.000000,False,Sin AprilTag: medicion congelada
1778775425.461864,False,False,0.00000000,-1,-1,0.000000,0.000000,0.000000,False,Sin AprilTag: medicion congelada
1778775425.582205,True,False,0.27093446,-1,-1,0.000000,0.000000,0.000000,False,Sin objeto: medicion congelada
1778775425.708604,True,False,0.26954978,-1,-1,0.000000,0.000000,0.000000,False,Sin objeto: medicion congelada
1778775425.835618,True,False,0.26843348,-1,-1,0.000000,0.000000,0.000000,False,Sin objeto: medicion congelada
1778775425.962169,True,False,0.26770712,-1,-1,0.000000,0.000000,0.000000,False,Sin objeto: medicion congelada
1778775426.073576,True,False,0.26921883,-1,-1,0.000000,0.000000,0.000000,False,Sin objeto: medicion congelada
1778775426.218889,True,False,0.27059937,-1,-1,0.000000,0.000000,0.000000,False,Sin objeto: medicion congelada
1778775426.357064,True,False,0.27130087,-1,-1,0.000000,0.000000,0.000000,False,Sin objeto: medicion congelada
1778775426.485731,True,False,0.27104334,-1,-1,0.000000,0.000000,0.000000,False,Sin objeto: medicion congelada
1778775426.613756,True,False,0.27026764,-1,-1,0.000000,0.000000,0.000000,False,Sin objeto: medicion congelada
1778775426.755962,True,False,0.27056496,-1,-1,0.000000,0.000000,0.000000,False,Sin objeto: medicion congelada
1778775426.909801,True,False,0.27008779,-1,-1,0.000000,0.000000,0.000000,False,Sin objeto: medicion congelada
1778775427.051906,True,False,0.27079031,-1,-1,0.000000,0.000000,0.000000,False,Sin objeto: medicion congelada
1778775427.181102,True,False,0.27189169,-1,-1,0.000000,0.000000,0.000000,False,Sin objeto: medicion congelada
1778775427.308084,True,True,0.27185692,116,7,0.000000,0.000000,0.000000,True,Primera muestra
1778775427.451200,True,False,0.27287574,-1,-1,0.000000,0.000000,0.000000,False,Sin objeto: medicion congelada
1778775427.579002,True,True,0.27264046,115,10,3.182387,3.182387,0.862165,True,OK
1778775427.728490,True,True,0.27289440,114,19,16.530801,7.928830,3.333329,True,OK
1778775427.863849,True,True,0.27365342,117,24,11.788413,8.868845,4.928989,True,OK
1778775428.005537,True,False,0.27417041,-1,-1,11.788413,8.868845,4.928989,False,Sin objeto: medicion congelada
1778775428.132506,True,True,0.27452871,116,40,16.381582,11.317047,9.330019,True,OK
1778775428.258579,True,True,0.27409426,117,41,3.074621,10.223774,9.717646,True,OK
1778775428.400679,True,True,0.27630222,116,44,6.148816,9.693797,10.591391,True,OK
1778775428.529812,True,True,0.27343236,119,44,6.352320,9.340612,11.411688,True,OK
1778775428.682824,True,True,0.27397545,118,46,4.003806,8.746614,12.024316,True,OK
1778775428.798721,True,True,0.27418924,118,49,7.097363,8.618384,12.846883,True,OK
1778775428.925722,True,True,0.27599379,119,51,4.859355,8.323263,13.464024,True,OK
1778775429.067904,True,True,0.27562865,121,55,8.669478,8.351235,14.696673,True,OK
1778775429.213212,True,True,0.27716160,120,58,6.031752,8.174324,15.573135,True,OK
1778775429.342730,True,True,0.27686397,122,60,6.046226,8.038858,16.356224,True,OK
1778775429.470730,True,True,0.27608915,122,60,0.000000,7.563064,16.356224,True,OK
1778775429.605466,True,True,0.27797904,124,62,5.835435,7.461742,17.142468,True,OK
1778775429.723253,True,True,0.27645271,125,61,3.319215,7.259711,17.533431,True,OK
1778775429.851584,True,True,0.27895569,124,62,3.074123,7.048531,17.927934,True,OK
1778775429.982758,True,True,0.27778308,124,60,4.235327,6.910562,18.483500,True,OK
1778775430.097014,True,True,0.27823169,126,61,5.445166,6.850528,19.105645,True,OK
1778775430.228109,True,True,0.27741575,125,60,2.992680,6.677330,19.497970,True,OK
1778775430.350103,True,True,0.27812842,123,61,5.097926,6.613991,20.119884,True,OK
1778775430.477275,True,True,0.27597904,123,60,2.170124,6.435669,20.395863,True,OK
1778775430.620136,True,True,0.27733799,121,59,4.340891,6.345314,21.016010,True,OK
1778775430.746941,True,True,0.27660404,123,59,4.362698,6.272207,21.569218,True,OK
1778775430.874837,True,True,0.27588521,122,60,3.050601,6.156687,21.959379,True,OK
1778775431.028666,True,True,0.27621566,122,60,0.000000,5.902136,21.959379,True,OK
1778775431.173193,True,True,0.27611043,122,61,1.910436,5.752875,22.235489,True,OK
1778775431.312046,True,True,0.27631962,121,63,4.449815,5.707687,22.853358,True,OK
1778775431.445920,True,True,0.27504864,121,63,0.000000,5.523022,22.853358,True,OK
1778775431.597868,True,True,0.27516409,121,63,0.000000,5.327392,22.853358,True,OK
1778775431.713411,True,True,0.27491163,118,64,7.524019,5.385005,23.722705,True,OK
1778775431.840626,True,True,0.27339444,120,63,4.805461,5.368739,24.334034,True,OK
1778775431.967409,True,True,0.27304568,117,64,6.810432,5.407968,25.197480,True,OK
1778775432.093640,True,True,0.27224484,118,62,4.822573,5.392527,25.806238,True,OK
1778775432.236655,True,True,0.27349276,119,61,2.704458,5.314526,26.193015,True,OK
1778775432.363669,True,True,0.27296585,115,30,67.173969,6.868663,34.725109,True,OK
1778775432.475557,True,True,0.27275257,118,64,83.205369,8.521521,44.034726,True,OK
1778775432.618071,True,True,0.27202445,118,66,3.817512,8.395271,44.578775,True,OK
1778775432.744874,True,True,0.27303441,120,68,6.090199,8.341509,45.351033,True,OK
1778775432.887973,True,True,0.27287520,119,69,2.696755,8.196747,45.736936,True,OK
1778775432.998874,True,True,0.27351162,119,71,4.932563,8.133135,46.283960,True,OK
1778775433.142238,True,True,0.27313894,123,72,7.855383,8.126310,47.410140,True,OK
1778775433.269381,True,True,0.27380640,118,71,10.980926,8.187193,48.806285,True,OK
1778775433.411711,True,True,0.27315739,123,72,9.785893,8.224473,50.199119,True,OK
1778775433.540905,True,True,0.27462890,121,70,6.012435,8.178622,50.975887,True,OK
1778775433.681664,True,False,0.27391306,-1,-1,6.012435,8.178622,50.975887,False,Sin objeto: medicion congelada
1778775433.792737,True,True,0.27478019,119,72,3.086165,7.980856,51.753083,True,OK
1778775433.925183,True,True,0.27327058,120,70,4.613589,7.913458,52.364135,True,OK
1778775434.063267,True,True,0.27495019,121,70,1.991185,7.792400,52.639085,True,OK
1778775434.188221,True,True,0.27534171,122,69,3.116271,7.707474,53.028477,True,OK
1778775434.347532,True,True,0.27449027,122,68,1.722994,7.572039,53.302967,True,OK
1778775434.481972,True,True,0.27354265,124,67,4.549657,7.515398,53.914627,True,OK
1778775434.601341,True,True,0.27450686,120,33,78.727297,8.680926,63.312228,True,OK
1778775434.727878,True,True,0.27554037,123,62,63.486320,9.615570,71.345541,True,OK
1778775434.854890,True,True,0.27448978,122,61,3.056297,9.505178,71.733729,True,OK
1778775434.998508,True,True,0.27464727,125,64,8.113390,9.479186,72.898958,True,OK
1778775435.131155,True,True,0.27617973,124,65,2.944495,9.368385,73.289535,True,OK
1778775435.247030,True,True,0.27530342,123,65,2.375861,9.266324,73.564839,True,OK
1778775435.364536,True,True,0.27545755,125,65,4.688399,9.199553,74.115754,True,OK
1778775435.491098,True,True,0.27585925,123,65,4.359262,9.124691,74.667472,True,OK
1778775435.617919,True,True,0.27495984,124,64,3.066158,9.032229,75.056324,True,OK
1778775435.743850,True,True,0.27397649,123,62,4.864806,8.970016,75.668954,True,OK
1778775435.871250,True,True,0.27431349,122,62,2.153168,8.868598,75.943268,True,OK
1778775436.000353,True,True,0.27318984,122,61,2.116062,8.768305,76.216458,True,OK
1778775436.149707,True,True,0.27386005,121,58,5.798450,8.718137,77.082479,True,OK
1778775436.263822,True,True,0.27235329,121,55,7.159954,8.698283,77.899539,True,OK
1778775436.391583,True,True,0.27245190,121,55,0.000000,8.575940,77.899539,True,OK
1778775436.517826,True,True,0.27303074,121,56,2.162742,8.488031,78.172570,True,OK
1778775436.644643,True,True,0.27327283,119,58,6.094852,8.455525,78.945502,True,OK
1778775436.771654,True,True,0.27442201,127,59,17.419435,8.575830,81.157963,True,OK
1778775436.897817,True,True,0.27274125,135,62,18.470532,8.706005,83.488265,True,OK
1778775437.047393,True,True,0.27272774,134,62,1.823348,8.600302,83.760993,True,OK
1778775437.168999,True,True,0.27390281,136,65,8.121013,8.594391,84.748564,True,OK
1778775437.287643,True,True,0.27349400,136,65,0.000000,8.492215,84.748564,True,OK
1778775437.422246,True,True,0.27437831,136,67,4.076867,8.433454,85.297320,True,OK
1778775437.565857,True,True,0.27477488,136,67,0.000000,8.315384,85.297320,True,OK
1778775437.677463,True,True,0.27471339,135,65,5.504003,8.285125,85.911598,True,OK
1778775437.820777,True,True,0.27649525,136,64,2.728440,8.209374,86.302622,True,OK
1778775437.931458,True,True,0.27758409,135,64,2.507969,8.149973,86.580206,True,OK
1778775438.042699,True,True,0.27670363,135,65,2.487412,8.091293,86.856909,True,OK
1778775438.183968,True,True,0.27744340,136,66,2.777432,8.022270,87.249273,True,OK
1778775438.312869,True,True,0.28018926,154,66,39.126129,8.386596,92.292680,True,OK
1778775438.462659,True,True,0.27770018,180,65,48.237882,8.921741,99.518223,True,OK
1778775438.597740,True,True,0.27728628,184,65,8.210946,8.913236,100.627368,True,OK
1778775438.709100,True,True,0.27626917,186,66,5.547404,8.880360,101.245125,True,OK
1778775438.851186,True,True,0.27660619,187,66,1.946745,8.795013,101.521731,True,OK
1778775438.971159,True,True,0.27686225,188,66,2.307701,8.728281,101.798593,True,OK
1778775439.106270,True,True,0.27679600,189,68,4.580940,8.680786,102.417528,True,OK
1778775439.240039,True,True,0.27797247,190,69,2.938751,8.616412,102.810641,True,OK
1778775439.375696,True,True,0.27792926,189,70,2.897384,8.552122,103.203692,True,OK
1778775439.490322,True,True,0.27741038,190,69,3.422604,8.503857,103.596009,True,OK
1778775439.614694,True,True,0.27743399,190,68,2.230666,8.440459,103.873443,True,OK
1778775439.757096,True,True,0.27794016,190,70,3.903621,8.388564,104.429324,True,OK
1778775439.883349,True,True,0.27679566,192,74,9.804595,8.402780,105.667192,True,OK
1778775440.010243,True,True,0.27937646,193,77,6.962249,8.388390,106.550657,True,OK
1778775440.153315,True,True,0.28026918,190,79,7.063069,8.373628,107.561182,True,OK
1778775440.290145,True,True,0.27814946,190,79,0.000000,8.285370,107.561182,True,OK
1778775440.417252,True,True,0.27922274,192,79,4.393518,8.247635,108.119628,True,OK
1778775440.534519,True,True,0.27962765,191,79,2.384545,8.195652,108.399255,True,OK
1778775440.661816,True,True,0.27881793,191,81,4.380584,8.159284,108.956891,True,OK
1778775440.801269,True,True,0.27975457,193,83,5.674048,8.133599,109.748157,True,OK
1778775440.899270,True,True,0.27937927,192,86,9.014957,8.139954,110.631632,True,OK
1778775441.025745,True,True,0.28072202,193,87,3.138977,8.093846,111.028632,True,OK
1778775441.157119,True,True,0.28080417,194,90,6.759188,8.081185,111.916613,True,OK
1778775441.280563,True,True,0.27944447,194,93,6.791213,8.069789,112.754947,True,OK
1778775441.407551,True,True,0.28027356,195,100,15.606411,8.137668,114.736780,True,OK
1778775441.536209,True,True,0.27971817,195,107,15.218903,8.201700,116.694807,True,OK
1778775441.679043,True,True,0.28094467,196,113,11.964341,8.239097,118.403727,True,OK
1778775441.790219,True,True,0.28205445,197,116,8.022707,8.237436,119.295661,True,OK
1778775441.917577,True,True,0.28237748,197,117,2.217204,8.184955,119.578039,True,OK
1778775442.044256,True,True,0.28269009,197,118,2.231539,8.133776,119.860729,True,OK
1778775442.171234,True,True,0.28251857,196,120,4.975132,8.106792,120.492460,True,OK
1778775442.311505,True,True,0.28384489,195,92,56.695253,8.561060,128.445184,True,OK
1778775442.441049,True,True,0.28517259,196,120,61.677625,9.015756,136.435107,True,OK
1778775442.568545,True,True,0.28389011,196,120,0.000000,8.940431,136.435107,True,OK
1778775442.726238,True,True,0.28624002,196,119,1.815174,8.867556,136.721347,True,OK
1778775442.853091,True,True,0.28528994,196,120,2.248985,8.813546,137.006637,True,OK
1778775442.986735,True,True,0.28559296,196,119,2.136970,8.756636,137.292230,True,OK
1778775443.130373,True,True,0.28581471,196,117,3.979663,8.713269,137.863859,True,OK
1778775443.259532,True,True,0.28526746,195,116,3.123497,8.668009,138.267288,True,OK
1778775443.393023,True,True,0.28603169,196,114,4.791213,8.635835,138.906875,True,OK
1778775443.520180,True,True,0.28758402,196,113,2.261646,8.585840,139.194459,True,OK
1778775443.645050,True,True,0.28685909,195,112,3.248830,8.545047,139.600139,True,OK
1778775443.786755,True,True,0.28660731,195,111,2.022559,8.488958,139.886746,True,OK
1778775443.927477,True,True,0.28693270,195,106,10.195017,8.503404,141.321410,True,OK
1778775444.088886,True,True,0.28615389,194,100,10.783846,8.525339,143.062016,True,OK
1778775444.228220,True,True,0.28566035,195,92,16.529117,8.591248,145.365083,True,OK
1778775444.357662,True,True,0.28531367,194,89,6.970223,8.578941,146.267324,True,OK
1778775444.499601,True,True,0.28498166,194,86,6.023330,8.557841,147.122269,True,OK
1778775444.626143,True,True,0.28607250,194,84,4.521406,8.528347,147.694414,True,OK
1778775444.754818,True,True,0.28507265,194,80,8.861773,8.530806,148.834705,True,OK
1778775444.880672,True,False,0.28581753,-1,-1,8.861773,8.530806,148.834705,False,Sin objeto: medicion congelada
1778775445.008088,True,True,0.28371970,192,73,8.155350,8.525434,150.900215,True,OK
1778775445.161812,True,True,0.28349550,192,69,7.376754,8.515544,152.034197,True,OK
1778775445.295045,True,True,0.28443507,191,63,12.985874,8.548656,153.764348,True,OK
1778775445.443226,True,True,0.28380015,191,62,1.915233,8.494455,154.048148,True,OK
1778775445.563000,True,True,0.28301403,190,61,3.341636,8.460646,154.448391,True,OK
1778775445.715975,True,True,0.28468124,192,59,5.263620,8.434078,155.253591,True,OK
1778775445.848747,True,True,0.28345312,190,59,4.269766,8.404257,155.820497,True,OK
1778775445.988681,True,True,0.28460516,192,59,4.067718,8.371773,156.389707,True,OK
1778775446.102995,True,True,0.28512836,191,62,7.887491,8.368827,157.291362,True,OK
1778775446.233708,True,True,0.28469768,191,63,2.178033,8.326069,157.576060,True,OK
1778775446.356541,True,True,0.28569431,191,65,4.651778,8.302376,158.147449,True,OK
1778775446.499437,True,True,0.28728082,191,68,6.031229,8.285465,159.009291,True,OK
1778775446.636542,True,True,0.28736414,191,70,4.191885,8.256428,159.584019,True,OK
1778775446.769837,True,True,0.28656831,191,71,2.149883,8.214604,159.870588,True,OK
1778775446.896242,True,True,0.28613502,190,70,3.201278,8.182252,160.275244,True,OK
1778775447.024235,True,True,0.28606189,189,71,3.160720,8.149653,160.679796,True,OK
1778775447.154309,True,True,0.28500884,189,74,6.573420,8.139323,161.534823,True,OK
1778775447.296890,True,True,0.28469347,187,80,12.628287,8.171343,163.335383,True,OK
1778775447.437612,True,True,0.28397405,188,83,6.381441,8.158830,164.233387,True,OK
1778775447.561664,True,True,0.28454225,188,84,2.293733,8.122906,164.517930,True,OK
1778775447.704429,True,True,0.28285632,188,84,0.000000,8.066050,164.517930,True,OK
1778775447.835687,True,True,0.28159430,188,82,4.290707,8.041909,165.081118,True,OK
1778775447.989935,True,True,0.28191952,187,79,5.779713,8.025038,165.972626,True,OK
1778775448.134126,True,True,0.28200852,187,78,1.955798,7.983017,166.254635,True,OK
1778775448.259405,True,True,0.28227785,186,78,2.253182,7.948755,166.536912,True,OK
1778775448.401759,True,True,0.27868872,186,79,1.957719,7.908323,166.815601,True,OK
1778775448.528833,True,True,0.27963070,186,82,6.601615,7.900499,167.654493,True,OK
1778775448.671127,True,True,0.28088300,186,87,9.869784,7.913615,169.058908,True,OK
1778775448.814174,True,True,0.28193427,186,92,9.854596,7.926526,170.468580,True,OK
1778775448.941312,True,True,0.28124152,188,94,6.256782,7.916713,171.264051,True,OK
1778775449.068530,True,True,0.28013461,189,99,11.228042,7.936072,172.692463,True,OK
1778775449.195778,True,True,0.28076176,189,99,0.000000,7.889934,172.692463,True,OK
1778775449.343669,True,True,0.28199404,190,102,6.029762,7.877450,173.584206,True,OK
1778775449.481633,True,True,0.28135044,191,105,6.448821,7.868561,174.473914,True,OK
1778775449.625686,True,True,0.28259300,191,107,3.923472,7.843096,175.039100,True,OK
1778775449.752831,True,True,0.28410100,193,109,6.320018,7.834468,175.842659,True,OK
1778775449.870020,True,True,0.28250100,193,111,4.821272,7.818818,176.407661,True,OK
1778775449.990880,True,True,0.28248638,193,111,0.000000,7.777157,176.407661,True,OK
1778775450.149009,True,True,0.28271435,194,113,3.997785,7.750992,177.039830,True,OK
1778775450.291700,True,True,0.28390950,194,114,1.989689,7.715224,177.323739,True,OK
1778775450.403067,True,True,0.28256490,194,114,0.000000,7.678020,177.323739,True,OK
1778775450.531345,True,True,0.28256490,194,114,0.000000,7.635609,177.323739,True,OK
1778775450.665230,True,True,0.28312158,194,114,0.000000,7.591841,177.323739,True,OK
1778775450.798597,True,True,0.28320436,196,115,4.748289,7.575697,177.957003,True,OK
1778775450.941654,True,True,0.28202622,196,117,3.942861,7.553707,178.521056,True,OK
1778775451.068419,True,True,0.28250485,197,117,2.228571,7.525296,178.803561,True,OK
1778775451.197341,True,True,0.28147114,196,118,3.087589,7.501348,179.201621,True,OK
1778775451.321548,True,True,0.28366631,195,119,3.229820,7.479254,179.602786,True,OK
1778775451.448998,True,True,0.28299295,193,122,8.005821,7.482034,180.623131,True,OK
1778775451.592775,True,True,0.28397736,192,124,4.416536,7.463884,181.258124,True,OK
1778775451.720025,True,True,0.28403701,190,128,9.982301,7.477012,182.528376,True,OK
1778775451.831636,True,True,0.28433980,189,125,8.056198,7.479648,183.427537,True,OK
1778775451.973669,True,True,0.28477939,188,126,2.835543,7.452906,183.830276,True,OK
1778775452.100480,True,True,0.28491871,186,99,60.829737,7.725924,191.544158,True,OK
1778775452.231266,True,True,0.28600698,188,127,61.386985,8.007515,199.572756,True,OK
1778775452.374331,True,True,0.28578346,187,126,2.825016,7.977936,199.976915,True,OK
1778775452.496080,True,True,0.28549046,184,99,63.701983,8.247286,207.732594,True,OK
1778775452.623144,True,True,0.28635803,186,125,58.768167,8.500865,215.199897,True,OK
1778775452.750165,True,True,0.28635344,185,122,7.128981,8.494016,216.105426,True,OK
1778775452.877565,True,True,0.28643133,183,120,6.359075,8.483378,216.915577,True,OK
1778775453.007537,True,True,0.28549312,184,119,3.106420,8.456185,217.319325,True,OK
1778775453.132900,True,True,0.28562205,185,116,7.204828,8.450110,218.222541,True,OK
1778775453.243598,True,True,0.28483943,185,115,2.573122,8.425026,218.507380,True,OK
1778775453.370486,True,True,0.28588618,186,115,2.253054,8.394977,218.793267,True,OK
1778775453.519503,True,True,0.28634986,187,115,1.921600,8.358175,219.079616,True,OK
1778775453.640590,True,True,0.28594969,188,115,2.361521,8.330600,219.365566,True,OK
1778775453.767908,True,True,0.28805221,189,116,3.199590,8.305911,219.772934,True,OK
1778775453.879078,True,True,0.28713920,187,118,7.305527,8.301725,220.585086,True,OK
1778775454.014093,True,True,0.28738485,187,90,59.599016,8.561064,228.631862,True,OK
1778775454.164643,True,True,0.28740803,189,121,59.303745,8.845513,237.560034,True,OK
1778775454.284086,True,True,0.28641104,191,121,4.795780,8.827582,238.132856,True,OK
1778775454.402258,True,True,0.28554961,195,123,10.806408,8.836212,239.409873,True,OK
1778775454.529548,True,True,0.28686852,198,123,6.761008,8.826508,240.270478,True,OK
1778775454.692383,True,True,0.28756059,202,125,7.897609,8.820985,241.556488,True,OK
1778775454.817233,True,True,0.28654064,211,127,21.159620,8.876984,244.198263,True,OK
1778775454.957422,True,True,0.28831709,223,131,26.014437,8.963875,247.845217,True,OK
1778775455.084207,True,True,0.28904892,239,131,36.477559,9.089462,252.470000,True,OK
1778775455.215199,True,True,0.28890612,255,131,35.288288,9.212436,257.092498,True,OK
1778775455.337814,True,True,0.29015216,268,105,68.788010,9.473045,265.526897,True,OK
1778775455.479516,True,True,0.29109860,281,134,65.286416,9.753787,274.778156,True,OK
1778775455.606138,True,True,0.29223382,294,111,60.974971,9.982979,282.498882,True,OK
1778775455.732698,True,True,0.29242288,308,138,70.272307,10.251417,291.392577,True,OK
1778775455.843977,True,True,0.29565338,318,143,29.704724,10.327278,294.698082,True,OK
1778775455.971162,True,True,0.29582551,331,142,30.326551,10.416019,298.555175,True,OK
1778775456.098106,True,True,0.29555259,339,143,18.770709,10.452858,300.937996,True,OK
1778775456.224999,True,True,0.29789556,349,144,23.593159,10.510520,303.931810,True,OK
1778775456.367377,True,True,0.29912497,365,143,33.680365,10.624042,308.727148,True,OK
1778775456.477589,True,True,0.30114805,382,140,47.169146,10.762122,313.925769,True,OK
1778775456.614613,True,True,0.30285795,403,139,46.468133,10.929066,320.292993,True,OK
1778775456.761841,True,True,0.30203893,425,137,45.319072,11.100969,326.965251,True,OK
1778775456.884347,True,True,0.30402421,451,134,64.952331,11.324024,334.922326,True,OK
1778775457.013978,True,True,0.30568042,472,133,49.575984,11.490948,341.348889,True,OK
1778775457.143003,True,True,0.30617364,500,102,99.127308,11.869942,354.138741,True,OK
1778775457.264553,True,False,0.30516551,-1,-1,99.127308,11.869942,354.138741,False,Sin objeto: medicion congelada
1778775457.381318,True,False,0.30693195,-1,-1,99.127308,11.869942,354.138741,False,Sin objeto: medicion congelada
1778775457.492312,True,False,0.30915364,-1,-1,99.127308,11.869942,354.138741,False,Sin objeto: medicion congelada
1778775457.619660,True,False,0.30970429,-1,-1,99.127308,11.869942,354.138741,False,Sin objeto: medicion congelada
1778775457.752367,True,False,0.30902876,-1,-1,99.127308,11.869942,354.138741,False,Sin objeto: medicion congelada
1778775457.873395,True,False,0.31237874,-1,-1,99.127308,11.869942,354.138741,False,Sin objeto: medicion congelada
1778775458.000573,True,False,0.31318836,-1,-1,99.127308,11.869942,354.138741,False,Sin objeto: medicion congelada
1778775458.111957,True,False,0.31458042,-1,-1,99.127308,11.869942,354.138741,False,Sin objeto: medicion congelada
1778775458.239086,True,False,0.31610291,-1,-1,99.127308,11.869942,354.138741,False,Sin objeto: medicion congelada
1778775458.381259,True,False,0.31917502,-1,-1,99.127308,11.869942,354.138741,False,Sin objeto: medicion congelada
1778775458.507784,True,False,0.31920103,-1,-1,99.127308,11.869942,354.138741,False,Sin objeto: medicion congelada
1778775458.650311,True,False,0.31900190,-1,-1,99.127308,11.869942,354.138741,False,Sin objeto: medicion congelada
1778775458.777780,True,False,0.32573342,-1,-1,99.127308,11.869942,354.138741,False,Sin objeto: medicion congelada
1778775458.889039,True,False,0.32076712,-1,-1,99.127308,11.869942,354.138741,False,Sin objeto: medicion congelada
1778775459.015944,True,False,0.32215992,-1,-1,99.127308,11.869942,354.138741,False,Sin objeto: medicion congelada
1778775459.127899,True,False,0.32191317,-1,-1,99.127308,11.869942,354.138741,False,Sin objeto: medicion congelada
1778775459.271052,True,False,0.32277906,-1,-1,99.127308,11.869942,354.138741,False,Sin objeto: medicion congelada
1778775459.413804,True,False,0.32419640,-1,-1,99.127308,11.869942,354.138741,False,Sin objeto: medicion congelada
1778775459.537828,True,False,0.32252393,-1,-1,99.127308,11.869942,354.138741,False,Sin objeto: medicion congelada
1778775459.664104,True,False,0.32272756,-1,-1,99.127308,11.869942,354.138741,False,Sin objeto: medicion congelada
1778775459.802740,True,False,0.32475242,-1,-1,99.127308,11.869942,354.138741,False,Sin objeto: medicion congelada
1778775459.919240,True,False,0.32246055,-1,-1,99.127308,11.869942,354.138741,False,Sin objeto: medicion congelada
1778775460.046102,True,False,0.32232678,-1,-1,99.127308,11.869942,354.138741,False,Sin objeto: medicion congelada
1778775460.180870,True,False,0.31987557,-1,-1,99.127308,11.869942,354.138741,False,Sin objeto: medicion congelada
1778775460.310141,True,False,0.31896317,-1,-1,99.127308,11.869942,354.138741,False,Sin objeto: medicion congelada
1778775460.426760,True,False,0.31784938,-1,-1,99.127308,11.869942,354.138741,False,Sin objeto: medicion congelada
1778775460.569387,True,False,0.31661844,-1,-1,99.127308,11.869942,354.138741,False,Sin objeto: medicion congelada
1778775460.696755,True,False,0.31534967,-1,-1,99.127308,11.869942,354.138741,False,Sin objeto: medicion congelada
1778775460.833170,True,False,0.31104838,-1,-1,99.127308,11.869942,354.138741,False,Sin objeto: medicion congelada
1778775460.951091,True,False,0.30972174,-1,-1,99.127308,11.869942,354.138741,False,Sin objeto: medicion congelada
1778775461.096944,True,False,0.31012826,-1,-1,99.127308,11.869942,354.138741,False,Sin objeto: medicion congelada
1778775461.236716,True,False,0.31056565,-1,-1,99.127308,11.869942,354.138741,False,Sin objeto: medicion congelada
1778775461.386539,True,False,0.32659088,-1,-1,99.127308,11.869942,354.138741,False,Sin objeto: medicion congelada
1778775461.514688,True,False,0.32254340,-1,-1,99.127308,11.869942,354.138741,False,Sin objeto: medicion congelada
1778775461.656241,True,False,0.32063073,-1,-1,99.127308,11.869942,354.138741,False,Sin objeto: medicion congelada
1778775461.807209,True,False,0.31775223,-1,-1,99.127308,11.869942,354.138741,False,Sin objeto: medicion congelada
1778775461.933885,True,True,0.31302604,646,134,0.000000,11.869942,354.138741,False,Salto temporal
1778775462.044570,True,False,0.30861864,-1,-1,0.000000,11.869942,354.138741,False,Sin objeto: medicion congelada
1778775462.187484,True,True,0.30274974,647,125,10.810438,10.231835,356.880256,True,OK
1778775462.314960,True,True,0.29979837,648,91,79.996175,10.485878,367.077809,True,OK
1778775462.457698,True,True,0.29310897,650,103,24.981505,10.544743,370.643633,True,OK
1778775462.583764,True,True,0.28977856,652,98,12.378552,10.551296,372.204138,True,OK
1778775462.710287,True,True,0.28928254,652,110,27.436778,10.611643,375.675529,True,OK
1778775462.837109,True,True,0.28213674,655,105,12.971928,10.620068,377.320655,True,OK
1778775462.964736,True,True,0.28027729,656,101,9.054618,10.614465,378.476268,True,OK
1778775463.107852,True,True,0.27580902,657,81,38.591636,10.726308,383.999339,True,OK
1778775463.245811,False,True,0.00000000,658,76,38.591636,10.726308,383.999339,False,Sin AprilTag: medicion congelada
1778775463.379231,True,True,0.26939092,658,89,8.003181,10.705821,386.171238,True,OK
1778775463.521818,True,True,0.26874665,658,87,3.769583,10.678510,386.708731,True,OK
1778775463.680040,True,True,0.26968825,657,85,3.811368,10.648638,387.311772,True,OK
1778775463.806358,True,True,0.26919450,660,51,72.738166,10.863526,396.499945,True,OK
1778775463.951500,True,True,0.26709921,658,84,60.840020,11.061479,405.330392,True,OK
1778775464.106969,True,True,0.26880881,660,68,27.879599,11.132533,409.664804,True,OK
1778775464.250988,True,True,0.26899902,660,67,1.867810,11.096415,409.933803,True,OK
1778775464.391780,True,True,0.27056219,659,83,30.807313,11.171250,414.271245,True,OK
1778775464.549735,True,True,0.26938339,661,84,3.813496,11.140043,414.873604,True,OK
1778775464.676629,True,True,0.26938368,664,86,7.654237,11.128207,415.844881,True,OK
1778775464.818628,True,True,0.27441796,667,86,5.797603,11.108027,416.668135,True,OK
1778775464.961637,True,True,0.27065987,670,88,6.823872,11.091756,417.644013,True,OK
1778775465.103755,True,True,0.27189068,672,90,5.411177,11.070396,418.413036,True,OK
1778775465.246629,True,True,0.27034419,672,90,0.000000,11.028706,418.413036,True,OK
1778775465.373713,True,True,0.27123669,669,73,36.843765,11.114891,423.095307,True,OK
1778775465.500125,True,True,0.26927826,665,86,28.973324,11.174001,426.757887,True,OK
1778775465.627789,True,True,0.26955239,662,84,7.612844,11.162136,427.729772,True,OK
1778775465.774753,True,True,0.26864769,659,84,5.483964,11.140443,428.535715,True,OK
1778775465.881821,True,True,0.27089554,654,83,12.901097,11.145330,429.917017,True,OK
1778775466.008454,True,True,0.27105918,643,82,23.642806,11.186223,432.910963,True,OK
1778775466.151729,True,True,0.27000944,627,64,45.386057,11.312369,439.413652,True,OK
1778775466.278051,True,True,0.27001247,609,64,38.474804,11.400417,444.273876,True,OK
1778775466.422255,True,True,0.27170761,586,65,43.377320,11.518308,450.529055,True,OK
1778775466.531790,True,True,0.24659273,562,51,62.551537,11.660821,457.380607,True,OK
1778775466.674148,True,True,0.24636063,533,68,58.173937,11.829025,465.662136,True,OK
1778775466.801853,True,True,0.24811445,511,87,56.476756,11.973396,472.874546,True,OK
1778775466.928398,True,True,0.24775007,495,70,45.705541,12.081134,478.658329,True,OK
1778775467.055075,True,True,0.24914504,473,91,59.817081,12.233273,486.235780,True,OK
1778775467.181716,True,True,0.24917974,454,85,39.204211,12.318934,491.200651,True,OK
1778775467.308967,True,True,0.24931507,437,88,33.821726,12.387339,495.504496,True,OK
1778775467.451837,True,True,0.24890887,424,99,29.668747,12.448843,499.743262,True,OK
1778775467.584733,True,True,0.24897365,407,100,31.903670,12.513035,503.983130,True,OK
1778775467.705376,True,True,0.24768725,390,100,34.901971,12.579898,508.193814,True,OK
1778775467.848303,True,True,0.25067334,368,100,38.584910,12.671580,513.708627,True,OK
1778775467.959438,True,True,0.25050440,344,102,54.284713,12.785345,519.741572,True,OK
1778775468.086488,True,True,0.25025266,324,103,39.443372,12.868401,524.752878,True,OK
1778775468.224174,True,True,0.25094500,297,104,49.243982,12.990807,531.533038,True,OK
1778775468.341599,True,True,0.25174839,269,106,60.182259,13.125855,538.599952,True,OK
1778775468.483840,True,True,0.25275500,237,108,56.973317,13.277325,546.703894,True,OK
1778775468.610452,True,True,0.25318501,204,108,65.989616,13.438915,555.058999,True,OK
1778775468.739362,True,True,0.25321801,170,112,67.247041,13.606334,563.727787,True,OK
1778775468.866087,True,True,0.25422948,144,111,52.198410,13.724015,570.342641,True,OK
1778775468.981490,True,True,0.25597843,110,111,75.416180,13.894854,579.045908,True,OK
1778775469.117957,True,True,0.25676588,79,110,58.357783,14.039980,587.009790,True,OK
1778775469.247450,True,True,0.25648269,51,108,55.599806,14.168302,594.209603,True,OK
1778775469.372390,True,True,0.25556574,24,77,84.090080,14.375985,604.715810,True,OK
1778775469.498847,True,False,0.25530272,-1,-1,84.090080,14.375985,604.715810,False,Sin objeto: medicion congelada
1778775469.627908,True,False,0.25540834,-1,-1,84.090080,14.375985,604.715810,False,Sin objeto: medicion congelada
1778775469.736564,True,False,0.25496426,-1,-1,84.090080,14.375985,604.715810,False,Sin objeto: medicion congelada
1778775469.861119,True,False,0.25426615,-1,-1,84.090080,14.375985,604.715810,False,Sin objeto: medicion congelada
1778775469.960153,True,False,0.25403987,-1,-1,84.090080,14.375985,604.715810,False,Sin objeto: medicion congelada
1778775470.086780,True,False,0.25329635,-1,-1,84.090080,14.375985,604.715810,False,Sin objeto: medicion congelada
1778775470.197520,True,False,0.25329018,-1,-1,84.090080,14.375985,604.715810,False,Sin objeto: medicion congelada
1778775470.324258,True,False,0.25216050,-1,-1,84.090080,14.375985,604.715810,False,Sin objeto: medicion congelada
1778775470.445479,True,False,0.25284973,-1,-1,84.090080,14.375985,604.715810,False,Sin objeto: medicion congelada
1778775470.562727,True,False,0.25056208,-1,-1,84.090080,14.375985,604.715810,False,Sin objeto: medicion congelada
1778775470.689577,True,False,0.25161216,-1,-1,84.090080,14.375985,604.715810,False,Sin objeto: medicion congelada
1778775470.810232,True,False,0.25116508,-1,-1,84.090080,14.375985,604.715810,False,Sin objeto: medicion congelada
1778775470.912421,True,False,0.24982603,-1,-1,84.090080,14.375985,604.715810,False,Sin objeto: medicion congelada
1778775471.032831,True,False,0.24977937,-1,-1,84.090080,14.375985,604.715810,False,Sin objeto: medicion congelada
1778775471.149812,True,False,0.24803078,-1,-1,84.090080,14.375985,604.715810,False,Sin objeto: medicion congelada
1778775471.278256,True,False,0.24760927,-1,-1,84.090080,14.375985,604.715810,False,Sin objeto: medicion congelada
1778775471.403483,True,False,0.24699801,-1,-1,84.090080,14.375985,604.715810,False,Sin objeto: medicion congelada
1778775471.530283,True,False,0.24597802,-1,-1,84.090080,14.375985,604.715810,False,Sin objeto: medicion congelada
1778775471.641899,True,False,0.24451228,-1,-1,84.090080,14.375985,604.715810,False,Sin objeto: medicion congelada
1778775471.767991,True,False,0.24459890,-1,-1,84.090080,14.375985,604.715810,False,Sin objeto: medicion congelada
1778775471.895046,True,False,0.24426463,-1,-1,84.090080,14.375985,604.715810,False,Sin objeto: medicion congelada
1778775472.021734,True,False,0.24353327,-1,-1,84.090080,14.375985,604.715810,False,Sin objeto: medicion congelada
1778775472.144043,True,False,0.24179844,-1,-1,84.090080,14.375985,604.715810,False,Sin objeto: medicion congelada
1778775472.276489,True,True,0.24137953,159,7,0.000000,14.375985,604.715810,False,Salto temporal
1778775472.406060,True,True,0.24035077,194,7,64.923974,13.595468,613.128087,True,OK
1778775472.533314,True,True,0.23849971,219,8,46.892605,13.689159,619.095348,True,OK
1778775472.686708,True,False,0.23834902,-1,-1,46.892605,13.689159,619.095348,False,Sin objeto: medicion congelada
1778775472.832939,True,False,0.23852096,-1,-1,46.892605,13.689159,619.095348,False,Sin objeto: medicion congelada
1778775472.974891,True,False,0.23676393,-1,-1,46.892605,13.689159,619.095348,False,Sin objeto: medicion congelada
1778775473.086643,True,False,0.23619519,-1,-1,46.892605,13.689159,619.095348,False,Sin objeto: medicion congelada
1778775473.213404,True,False,0.23611749,-1,-1,46.892605,13.689159,619.095348,False,Sin objeto: medicion congelada
1778775473.360485,True,False,0.23548187,-1,-1,46.892605,13.689159,619.095348,False,Sin objeto: medicion congelada
1778775473.498266,True,False,0.23424789,-1,-1,46.892605,13.689159,619.095348,False,Sin objeto: medicion congelada
1778775473.626562,True,False,0.23424303,-1,-1,46.892605,13.689159,619.095348,False,Sin objeto: medicion congelada
1778775473.751463,True,False,0.23266954,-1,-1,46.892605,13.689159,619.095348,False,Sin objeto: medicion congelada
1778775473.894072,True,True,0.23251465,408,62,0.000000,13.689159,619.095348,False,Salto temporal
1778775474.020879,True,False,0.23300723,-1,-1,0.000000,13.689159,619.095348,False,Sin objeto: medicion congelada
1778775474.163386,True,True,0.23143990,408,63,0.859368,13.217859,619.326788,True,OK
1778775474.321778,True,True,0.23050260,407,61,3.254086,13.184291,619.842207,True,OK
1778775474.464010,True,True,0.22935939,412,63,8.683986,13.170717,621.077346,True,OK
1778775474.632838,True,False,0.22759656,-1,-1,8.683986,13.170717,621.077346,False,Sin objeto: medicion congelada
1778775474.764339,True,True,0.22660470,414,66,2.720464,13.104582,621.894380,True,OK
1778775474.906538,True,False,0.22494550,-1,-1,2.720464,13.104582,621.894380,False,Sin objeto: medicion congelada
1778775475.055041,True,False,0.22318835,-1,-1,2.720464,13.104582,621.894380,False,Sin objeto: medicion congelada
1778775475.191819,True,True,0.22319440,412,67,1.167486,12.998014,622.393458,True,OK
1778775475.335387,True,False,0.22196249,-1,-1,1.167486,12.998014,622.393458,False,Sin objeto: medicion congelada
1778775475.477115,True,True,0.22154273,411,66,1.098188,12.927534,622.706767,True,OK
1778775475.621732,True,False,0.22053125,-1,-1,1.098188,12.927534,622.706767,False,Sin objeto: medicion congelada
1778775475.792970,True,False,0.22063535,-1,-1,1.098188,12.927534,622.706767,False,Sin objeto: medicion congelada
1778775475.934737,True,True,0.21939525,403,63,4.096207,12.844423,624.581281,True,OK
1778775476.078346,True,False,0.21916193,-1,-1,4.096207,12.844423,624.581281,False,Sin objeto: medicion congelada
1778775476.220964,True,True,0.21908187,387,61,12.341914,12.841482,628.113870,True,OK
1778775476.350760,True,False,0.21875429,-1,-1,12.341914,12.841482,628.113870,False,Sin objeto: medicion congelada
1778775476.502725,True,False,0.21908721,-1,-1,12.341914,12.841482,628.113870,False,Sin objeto: medicion congelada
1778775476.633232,True,False,0.21861295,-1,-1,12.341914,12.841482,628.113870,False,Sin objeto: medicion congelada
1778775476.775791,True,True,0.21881195,331,50,22.507255,12.949893,640.601497,True,OK
1778775476.918100,True,False,0.21792933,-1,-1,22.507255,12.949893,640.601497,False,Sin objeto: medicion congelada
1778775477.067053,True,True,0.21841498,282,50,36.744739,13.089175,651.303831,True,OK
1778775477.203801,True,True,0.21828406,246,48,57.553297,13.211037,659.174175,True,OK
1778775477.346287,True,True,0.21849287,222,52,37.310158,13.279660,664.490336,True,OK
1778775477.489394,True,True,0.21921622,189,52,50.550388,13.385949,671.724471,True,OK
1778775477.618750,True,True,0.21948861,153,55,61.295949,13.509132,679.653450,True,OK
1778775477.758922,True,True,0.22097001,117,59,57.100571,13.630246,687.657324,True,OK
1778775477.898051,True,True,0.22212885,79,62,60.858167,13.760129,696.124484,True,OK
1778775478.028086,True,True,0.22462378,41,66,66.004167,13.894072,704.707347,True,OK
1778775478.185514,True,False,0.22730463,-1,-1,66.004167,13.894072,704.707347,False,Sin objeto: medicion congelada
1778775478.322269,True,False,0.22993878,-1,-1,66.004167,13.894072,704.707347,False,Sin objeto: medicion congelada
1778775478.445970,True,False,0.23076324,-1,-1,66.004167,13.894072,704.707347,False,Sin objeto: medicion congelada
1778775478.582433,True,False,0.23168229,-1,-1,66.004167,13.894072,704.707347,False,Sin objeto: medicion congelada
1778775478.725024,True,False,0.23253755,-1,-1,66.004167,13.894072,704.707347,False,Sin objeto: medicion congelada
1778775478.852246,True,False,0.23270441,-1,-1,66.004167,13.894072,704.707347,False,Sin objeto: medicion congelada
1778775478.986547,True,False,0.23423918,-1,-1,66.004167,13.894072,704.707347,False,Sin objeto: medicion congelada
1778775479.137223,True,False,0.23411811,-1,-1,66.004167,13.894072,704.707347,False,Sin objeto: medicion congelada
1778775479.284667,True,False,0.23545656,-1,-1,66.004167,13.894072,704.707347,False,Sin objeto: medicion congelada
1778775479.415708,True,False,0.23700412,-1,-1,66.004167,13.894072,704.707347,False,Sin objeto: medicion congelada
1778775479.533216,True,False,0.23795992,-1,-1,66.004167,13.894072,704.707347,False,Sin objeto: medicion congelada
1778775479.659640,True,False,0.23838267,-1,-1,66.004167,13.894072,704.707347,False,Sin objeto: medicion congelada
1778775479.771241,True,False,0.23692610,-1,-1,66.004167,13.894072,704.707347,False,Sin objeto: medicion congelada
1778775479.897973,True,False,0.23887129,-1,-1,66.004167,13.894072,704.707347,False,Sin objeto: medicion congelada
1778775480.025009,True,False,0.23942749,-1,-1,66.004167,13.894072,704.707347,False,Sin objeto: medicion congelada
1778775480.153893,True,False,0.24072787,-1,-1,66.004167,13.894072,704.707347,False,Sin objeto: medicion congelada
1778775480.293889,True,False,0.24069998,-1,-1,66.004167,13.894072,704.707347,False,Sin objeto: medicion congelada
1778775480.452521,True,False,0.23986483,-1,-1,66.004167,13.894072,704.707347,False,Sin objeto: medicion congelada
1778775480.608499,True,False,0.24024692,-1,-1,66.004167,13.894072,704.707347,False,Sin objeto: medicion congelada
1778775480.769019,True,False,0.24070526,-1,-1,66.004167,13.894072,704.707347,False,Sin objeto: medicion congelada
1778775480.909914,True,False,0.23992424,-1,-1,66.004167,13.894072,704.707347,False,Sin objeto: medicion congelada
1778775481.069051,True,False,0.24019788,-1,-1,66.004167,13.894072,704.707347,False,Sin objeto: medicion congelada
1778775481.214105,True,False,0.24156619,-1,-1,66.004167,13.894072,704.707347,False,Sin objeto: medicion congelada
1778775481.354159,True,False,0.24162440,-1,-1,66.004167,13.894072,704.707347,False,Sin objeto: medicion congelada
1778775481.481320,True,False,0.24167357,-1,-1,66.004167,13.894072,704.707347,False,Sin objeto: medicion congelada
1778775481.607824,True,False,0.24125738,-1,-1,66.004167,13.894072,704.707347,False,Sin objeto: medicion congelada
1778775481.749966,True,False,0.24145622,-1,-1,66.004167,13.894072,704.707347,False,Sin objeto: medicion congelada
1778775481.892413,True,False,0.24186200,-1,-1,66.004167,13.894072,704.707347,False,Sin objeto: medicion congelada
1778775482.019460,True,False,0.24103219,-1,-1,66.004167,13.894072,704.707347,False,Sin objeto: medicion congelada
1778775482.145512,True,False,0.24131233,-1,-1,66.004167,13.894072,704.707347,False,Sin objeto: medicion congelada
1778775482.288536,True,False,0.24142860,-1,-1,66.004167,13.894072,704.707347,False,Sin objeto: medicion congelada
1778775482.427791,True,False,0.24236222,-1,-1,66.004167,13.894072,704.707347,False,Sin objeto: medicion congelada
1778775482.542171,True,False,0.24058591,-1,-1,66.004167,13.894072,704.707347,False,Sin objeto: medicion congelada
1778775482.669637,True,False,0.24191901,-1,-1,66.004167,13.894072,704.707347,False,Sin objeto: medicion congelada
1778775482.805039,True,False,0.24148389,-1,-1,66.004167,13.894072,704.707347,False,Sin objeto: medicion congelada
1778775482.921455,True,False,0.24178447,-1,-1,66.004167,13.894072,704.707347,False,Sin objeto: medicion congelada
1778775483.033192,True,False,0.24121669,-1,-1,66.004167,13.894072,704.707347,False,Sin objeto: medicion congelada
1778775483.160647,True,False,0.24027322,-1,-1,66.004167,13.894072,704.707347,False,Sin objeto: medicion congelada
1778775483.296243,True,False,0.24124321,-1,-1,66.004167,13.894072,704.707347,False,Sin objeto: medicion congelada
1778775483.434213,True,False,0.24112860,-1,-1,66.004167,13.894072,704.707347,False,Sin objeto: medicion congelada
1778775483.569419,True,False,0.24123447,-1,-1,66.004167,13.894072,704.707347,False,Sin objeto: medicion congelada
1778775483.698626,True,False,0.24046267,-1,-1,66.004167,13.894072,704.707347,False,Sin objeto: medicion congelada
1778775483.825148,True,False,0.24219380,-1,-1,66.004167,13.894072,704.707347,False,Sin objeto: medicion congelada
1778775483.956247,True,False,0.24117995,-1,-1,66.004167,13.894072,704.707347,False,Sin objeto: medicion congelada
1778775484.063400,True,False,0.24069697,-1,-1,66.004167,13.894072,704.707347,False,Sin objeto: medicion congelada
1778775484.190797,True,False,0.24001957,-1,-1,66.004167,13.894072,704.707347,False,Sin objeto: medicion congelada
1778775484.333063,True,False,0.24086398,-1,-1,66.004167,13.894072,704.707347,False,Sin objeto: medicion congelada
1778775484.459607,True,False,0.24020623,-1,-1,66.004167,13.894072,704.707347,False,Sin objeto: medicion congelada
1778775484.588721,True,False,0.24115894,-1,-1,66.004167,13.894072,704.707347,False,Sin objeto: medicion congelada
1778775484.712872,True,False,0.24059149,-1,-1,66.004167,13.894072,704.707347,False,Sin objeto: medicion congelada
1778775484.824193,True,False,0.24005534,-1,-1,66.004167,13.894072,704.707347,False,Sin objeto: medicion congelada
1778775484.951242,True,False,0.23992227,-1,-1,66.004167,13.894072,704.707347,False,Sin objeto: medicion congelada
1778775485.078019,True,False,0.24231091,-1,-1,66.004167,13.894072,704.707347,False,Sin objeto: medicion congelada
1778775485.211282,True,False,0.24251290,-1,-1,66.004167,13.894072,704.707347,False,Sin objeto: medicion congelada
1778775485.330723,True,False,0.24246520,-1,-1,66.004167,13.894072,704.707347,False,Sin objeto: medicion congelada
1778775485.457773,True,False,0.24299185,-1,-1,66.004167,13.894072,704.707347,False,Sin objeto: medicion congelada
1778775485.568706,True,False,0.24387457,-1,-1,66.004167,13.894072,704.707347,False,Sin objeto: medicion congelada
1778775485.695485,True,False,0.24569558,-1,-1,66.004167,13.894072,704.707347,False,Sin objeto: medicion congelada
1778775485.806548,True,False,0.24797589,-1,-1,66.004167,13.894072,704.707347,False,Sin objeto: medicion congelada
1778775485.933906,True,False,0.24938739,-1,-1,66.004167,13.894072,704.707347,False,Sin objeto: medicion congelada
1778775486.061279,True,False,0.25171866,-1,-1,66.004167,13.894072,704.707347,False,Sin objeto: medicion congelada
1778775486.184362,True,False,0.25200324,-1,-1,66.004167,13.894072,704.707347,False,Sin objeto: medicion congelada
1778775486.316117,True,False,0.25344474,-1,-1,66.004167,13.894072,704.707347,False,Sin objeto: medicion congelada
1778775486.444971,True,True,0.25510076,14,47,0.000000,13.894072,704.707347,False,Salto temporal
1778775486.563328,True,True,0.25689858,18,81,74.307498,12.041165,713.502137,True,OK
1778775486.681307,True,True,0.25771992,19,81,2.184455,12.021579,713.759857,True,OK
1778775486.808291,True,True,0.25648274,22,80,6.387150,12.009554,714.570927,True,OK
1778775486.935666,True,True,0.25779613,22,45,70.837208,12.135219,723.593791,True,OK
1778775487.063497,True,True,0.25942447,31,80,73.340928,12.266153,732.969034,True,OK
1778775487.208200,True,True,0.25969423,37,80,10.768031,12.262534,734.527200,True,OK
1778775487.336779,True,True,0.26076055,50,79,26.442191,12.292906,737.927101,True,OK
1778775487.476163,True,True,0.26089724,61,78,20.674459,12.312323,740.808805,True,OK
1778775487.601854,True,True,0.26168677,80,75,40.047952,12.370141,745.842451,True,OK
1778775487.731703,True,True,0.26080499,93,76,26.187877,12.399835,749.242932,True,OK
1778775487.841029,True,True,0.26075433,103,73,24.901340,12.422414,751.965287,True,OK
1778775487.968014,True,True,0.25825824,117,72,28.545193,12.456165,755.590114,True,OK
1778775488.096946,True,True,0.25847015,124,68,16.162479,12.464026,757.673967,True,OK
1778775488.221028,True,False,0.25847673,-1,-1,16.162479,12.464026,757.673967,False,Sin objeto: medicion congelada
1778775488.351529,True,True,0.25652173,144,66,20.252846,12.496510,762.829990,True,OK
1778775488.475033,True,True,0.25484236,158,64,29.181269,12.530198,766.434005,True,OK
1778775488.602284,True,True,0.25558664,170,63,24.185890,12.554396,769.511676,True,OK
1778775488.724278,True,True,0.25557852,195,61,52.542344,12.633827,775.921553,True,OK
1778775488.841115,True,True,0.25518118,214,60,41.555172,12.688741,780.776706,True,OK
1778775488.967604,True,True,0.25509710,235,58,42.543402,12.749986,786.157985,True,OK
1778775489.111482,True,True,0.25504759,255,59,35.497607,12.802942,791.265309,True,OK
1778775489.245028,True,True,0.25590609,283,61,53.791258,12.891320,798.448935,True,OK
1778775489.366416,True,False,0.25546883,-1,-1,53.791258,12.891320,798.448935,False,Sin objeto: medicion congelada
1778775489.493048,True,True,0.25693681,315,65,33.408456,12.973151,806.734898,True,OK
1778775489.636791,True,True,0.25751932,333,69,33.034098,13.019415,811.483320,True,OK
1778775489.779807,True,False,0.25631796,-1,-1,33.034098,13.019415,811.483320,False,Sin objeto: medicion congelada
1778775489.921390,True,False,0.25940326,-1,-1,33.034098,13.019415,811.483320,False,Sin objeto: medicion congelada
1778775490.063787,True,True,0.25835449,380,80,29.205904,13.129550,823.954110,True,OK
1778775490.207145,True,True,0.25878731,387,82,13.141860,13.129578,825.838110,True,OK
1778775490.353662,True,True,0.25829550,399,81,21.228246,13.148399,828.948400,True,OK
1778775490.493484,True,True,0.25891786,403,81,7.407058,13.135694,829.984071,True,OK
1778775490.637776,True,True,0.25803341,409,78,11.996087,13.133097,831.715012,True,OK
1778775490.778361,True,False,0.25853771,-1,-1,11.996087,13.133097,831.715012,False,Sin objeto: medicion congelada
1778775490.905859,True,True,0.25656702,407,80,2.706924,13.089148,832.440693,True,OK
1778775491.048527,True,True,0.25573739,403,79,7.390848,13.076394,833.495126,True,OK
1778775491.207660,True,True,0.25522564,394,76,15.215403,13.081721,835.916409,True,OK
1778775491.362499,True,True,0.25519214,383,79,18.791373,13.095523,838.826047,True,OK
1778775491.503524,True,False,0.25494724,-1,-1,18.791373,13.095523,838.826047,False,Sin objeto: medicion congelada
1778775491.633665,True,True,0.25494140,357,85,25.086873,13.146072,845.628732,True,OK
1778775491.771774,True,True,0.25474140,345,89,23.331109,13.167893,848.850984,True,OK
1778775491.912148,True,False,0.25456977,-1,-1,23.331109,13.167893,848.850984,False,Sin objeto: medicion congelada
1778775492.062864,True,True,0.25534173,317,100,26.388791,13.227325,856.532485,True,OK
1778775492.235252,True,True,0.25443973,292,74,53.237194,13.333555,865.709968,True,OK
1778775492.381186,True,True,0.25188659,291,111,63.886627,13.446926,875.033175,True,OK
1778775492.525942,True,True,0.25136472,279,116,22.574085,13.467184,878.300916,True,OK
1778775492.675344,True,True,0.25022635,266,120,22.780475,13.488471,881.704363,True,OK
1778775492.805268,True,True,0.24791707,250,129,35.029392,13.531200,886.255515,True,OK
1778775492.931184,True,True,0.24792024,242,117,28.396417,13.559723,889.831072,True,OK
1778775493.077555,True,True,0.24780822,236,134,30.521176,13.597471,894.298498,True,OK
1778775493.218623,True,True,0.24639806,233,121,23.303415,13.618245,897.585858,True,OK
1778775493.354901,True,True,0.24624164,232,141,36.183240,13.664805,902.516843,True,OK
1778775493.488305,True,True,0.24625196,229,112,53.817192,13.745742,909.696260,True,OK
1778775493.628684,True,True,0.24550798,231,147,61.311060,13.846423,918.303057,True,OK
1778775493.759822,True,True,0.24396666,230,150,5.883038,13.830707,919.074547,True,OK
1778775493.892569,True,True,0.24425220,230,150,0.000000,13.803134,919.074547,True,OK
1778775494.024562,True,True,0.24043270,231,149,2.576073,13.780922,919.414570,True,OK
1778775494.135571,True,True,0.24018771,231,146,6.491068,13.768813,920.135133,True,OK
1778775494.277521,True,True,0.23909553,232,144,3.766350,13.747611,920.669767,True,OK
1778775494.404882,True,True,0.23695250,231,125,35.398016,13.788707,925.178096,True,OK
1778775494.561974,True,True,0.23699038,229,110,22.829381,13.809824,928.764411,True,OK
1778775494.688396,True,True,0.23641514,230,123,24.382358,13.829661,931.846888,True,OK
1778775494.831708,True,True,0.23586792,229,123,1.645838,13.803802,932.082756,True,OK
1778775494.958171,True,True,0.23601512,229,121,3.732558,13.784975,932.554786,True,OK
1778775495.069961,True,True,0.23591137,229,120,2.110314,13.765715,932.790697,True,OK
1778775495.197226,True,True,0.23533746,228,119,2.615153,13.744812,933.123515,True,OK
1778775495.340421,True,True,0.23564718,227,134,24.739260,13.767954,936.666068,True,OK
1778775495.498970,True,True,0.23493730,225,132,4.191157,13.745687,937.330572,True,OK
1778775495.625890,True,True,0.23487097,227,131,4.137949,13.727838,937.855759,True,OK
1778775495.769538,True,True,0.23540559,226,128,5.182239,13.709907,938.600177,True,OK
1778775495.911361,True,True,0.23515735,225,112,26.581293,13.736516,942.370036,True,OK
1778775496.054128,True,True,0.23634096,226,128,26.538724,13.763103,946.158870,True,OK
1778775496.197371,True,True,0.23638639,225,109,31.398082,13.799772,950.656428,True,OK
1778775496.325033,True,True,0.23663874,225,125,29.658172,13.829105,954.442647,True,OK
1778775496.468981,True,True,0.23635316,224,124,2.322048,13.805155,954.776901,True,OK
1778775496.616440,True,True,0.23712142,223,121,5.085083,13.786602,955.526745,True,OK
1778775496.757380,True,True,0.23735763,223,119,3.368221,13.765459,956.001460,True,OK
1778775496.894889,True,True,0.23736574,222,115,7.117193,13.752322,956.980144,True,OK
1778775497.023606,True,True,0.23655690,221,110,9.371013,13.744233,958.186353,True,OK
1778775497.167260,True,True,0.23758980,221,107,4.961706,13.726173,958.899122,True,OK
1778775497.293744,True,True,0.23613639,217,67,75.049866,13.837002,968.391687,True,OK
1778775497.420576,True,True,0.23610600,219,92,46.687808,13.896428,974.313196,True,OK
1778775497.547449,True,True,0.23531768,219,88,7.418971,13.884728,975.254466,True,OK
1778775497.690437,True,True,0.23429531,216,81,12.478952,13.881872,977.038806,True,OK
1778775497.801567,True,True,0.23418534,207,32,104.985716,14.025493,988.705844,True,OK
1778775497.944077,True,True,0.23188941,213,61,48.187468,14.094416,995.573060,True,OK
1778775498.071232,True,True,0.23139706,211,56,9.799953,14.086699,996.819171,True,OK
1778775498.214647,True,True,0.23081399,211,50,9.656497,14.077739,998.204055,True,OK
1778775498.341192,True,True,0.22972236,211,46,7.261395,14.065595,999.122944,True,OK
1778775498.483889,True,True,0.22912815,210,45,2.270793,14.041948,999.446981,True,OK
1778775498.611290,True,True,0.22915735,209,41,7.416275,14.030110,1000.391820,True,OK
1778775498.738888,True,True,0.22880884,209,38,5.379591,14.014657,1001.078247,True,OK
1778775498.865978,True,True,0.22829509,206,34,8.981632,14.005719,1002.219722,True,OK
1778775498.993373,True,True,0.22831639,206,32,3.584381,13.987198,1002.676355,True,OK
1778775499.134866,True,True,0.22830241,206,29,4.840587,13.969180,1003.361262,True,OK
1778775499.276171,True,True,0.22797391,206,27,3.226688,13.948088,1003.817210,True,OK
1778775499.421876,True,True,0.22753823,208,25,4.416961,13.928830,1004.460786,True,OK
1778775499.548569,True,True,0.22762180,207,24,2.540838,13.908859,1004.782691,True,OK
1778775499.691372,True,True,0.22738081,211,26,7.120870,13.895467,1005.799569,True,OK
1778775499.818433,True,True,0.22675813,215,27,7.358224,13.884011,1006.734517,True,OK
1778775499.957722,True,True,0.22720759,218,28,5.158288,13.867282,1007.453011,True,OK
1778775500.078052,True,True,0.22792659,214,29,7.809926,13.857266,1008.392776,True,OK
1778775500.222696,True,True,0.22816153,233,32,30.341851,13.889967,1012.781551,True,OK
1778775500.468080,True,True,0.22719148,236,32,2.777591,13.852695,1013.463125,True,OK
1778775500.667397,True,True,0.22809859,240,32,4.577588,13.827495,1014.375519,True,OK
1778775500.896019,True,True,0.22843843,249,38,10.807971,13.818114,1016.846459,True,OK
1778775501.222302,True,True,0.22788650,258,45,7.963357,13.792269,1019.444765,True,OK
1778775501.438471,True,True,0.22808167,277,54,22.182415,13.816735,1024.239907,True,OK
1778775501.667750,True,True,0.22707909,298,60,21.630769,13.840829,1029.199389,True,OK
1778775501.857732,True,True,0.22555861,311,71,20.218317,13.857081,1033.040514,True,OK
1778775502.064125,True,True,0.22576307,321,74,11.420120,13.850353,1035.397550,True,OK
1778775502.223110,True,True,0.22507949,327,76,8.953868,13.839962,1036.821077,True,OK
1778775502.381606,True,False,0.22366590,-1,-1,8.953868,13.839962,1036.821077,False,Sin objeto: medicion congelada
1778775502.536440,True,False,0.22283415,-1,-1,8.953868,13.839962,1036.821077,False,Sin objeto: medicion congelada
1778775502.696501,True,True,0.22295830,336,73,4.468118,13.781112,1038.936246,True,OK
1778775502.846802,True,True,0.22239311,328,72,11.929372,13.777428,1040.729236,True,OK
1778775502.986387,True,True,0.22361260,327,74,3.582133,13.758623,1041.229249,True,OK
1778775503.139904,True,True,0.22305803,326,73,2.054832,13.734930,1041.544701,True,OK
1778775503.283692,True,True,0.22288175,325,73,1.550068,13.711869,1041.767582,True,OK
1778775503.426277,True,True,0.22378016,319,74,9.546643,13.704067,1043.128784,True,OK
1778775503.576669,True,True,0.22523322,314,75,7.636510,13.692102,1044.277253,True,OK
1778775503.716570,True,True,0.22472927,317,75,4.819005,13.675856,1044.951440,True,OK
1778775503.845321,True,True,0.22460006,318,75,1.744462,13.655785,1045.176040,True,OK
1778775503.983920,True,True,0.22493800,317,75,1.622934,13.634034,1045.400978,True,OK
1778775504.127343,True,True,0.22561001,317,74,1.573041,13.611516,1045.626589,True,OK
1778775504.287042,True,True,0.22604859,314,73,4.476106,13.592564,1046.341417,True,OK
1778775504.428351,True,True,0.22668758,312,72,3.587095,13.574231,1046.848306,True,OK
1778775504.560556,True,True,0.22628486,308,71,7.057181,13.563078,1047.781302,True,OK
1778775504.699208,True,True,0.22803000,309,67,6.780942,13.550927,1048.721494,True,OK
1778775504.842141,True,True,0.22690827,304,67,7.937581,13.540579,1049.856035,True,OK
1778775504.969369,True,False,0.22652613,-1,-1,7.937581,13.540579,1049.856035,False,Sin objeto: medicion congelada
1778775505.096611,True,True,0.22672753,305,62,4.543124,13.511146,1051.012123,True,OK
1778775505.251088,True,True,0.22619108,304,59,4.630330,13.493545,1051.727402,True,OK
1778775505.382075,True,True,0.22599178,306,61,4.879877,13.479093,1052.366604,True,OK
1778775505.511439,True,True,0.22579949,306,56,8.727291,13.471233,1053.495601,True,OK
1778775505.642039,True,True,0.22557955,304,54,4.885417,13.456918,1054.133636,True,OK
1778775505.763255,True,True,0.22621966,303,54,1.866248,13.439010,1054.359856,True,OK
1778775505.922565,True,False,0.22482880,-1,-1,1.866248,13.439010,1054.359856,False,Sin objeto: medicion congelada
1778775506.033853,True,True,0.22434145,297,52,5.243434,13.410840,1055.778716,True,OK
1778775506.169194,True,False,0.22528556,-1,-1,5.243434,13.410840,1055.778716,False,Sin objeto: medicion congelada
1778775506.334117,True,True,0.22498849,298,52,0.749301,13.362732,1056.003704,True,OK
1778775506.460202,True,True,0.22519269,294,54,7.987436,13.354170,1057.010797,True,OK
1778775506.608310,True,True,0.22602227,306,55,18.376272,13.363549,1059.732465,True,OK
1778775506.758755,True,True,0.22600854,299,57,10.936634,13.358954,1061.377832,True,OK
1778775506.892895,True,True,0.22621688,295,60,8.432133,13.350650,1062.508917,True,OK
1778775507.022153,True,True,0.22640135,297,60,3.503094,13.334682,1062.961719,True,OK
1778775507.159630,True,True,0.22773475,298,61,2.342676,13.315757,1063.283785,True,OK
1778775507.299349,True,True,0.22805377,288,61,16.322399,13.321009,1065.564323,True,OK
1778775507.429938,True,True,0.22867491,301,62,22.831601,13.336510,1068.545879,True,OK
1778775507.568617,True,True,0.22885093,303,64,4.667519,13.321531,1069.193167,True,OK
1778775507.721527,True,True,0.22854997,300,62,5.389092,13.306447,1070.017216,True,OK
1778775507.854108,True,True,0.22836202,297,63,5.446834,13.293510,1070.739360,True,OK
1778775507.986347,True,True,0.22817240,295,63,3.450907,13.277377,1071.195705,True,OK
1778775508.123679,True,True,0.22818070,296,58,8.472142,13.269211,1072.359202,True,OK
1778775508.266413,True,True,0.22743865,296,56,3.186887,13.251436,1072.814080,True,OK
1778775508.401436,True,True,0.22810209,300,53,8.446809,13.243436,1073.954590,True,OK
1778775508.557123,True,True,0.22662974,293,50,11.086104,13.239302,1075.680551,True,OK
1778775508.692673,True,True,0.22693997,296,48,6.036449,13.227305,1076.498794,True,OK
1778775508.835372,True,True,0.22608435,288,44,14.170806,13.228957,1078.520954,True,OK
1778775508.962521,True,True,0.22535121,283,44,8.861691,13.222156,1079.647710,True,OK
1778775509.090940,True,True,0.22466112,294,43,19.323154,13.231736,1082.129174,True,OK
1778775509.215721,True,True,0.22445064,295,43,1.798768,13.214319,1082.353624,True,OK
1778775509.343615,True,False,0.22346798,-1,-1,1.798768,13.214319,1082.353624,False,Sin objeto: medicion congelada
1778775509.486479,True,True,0.22291196,293,43,1.646573,13.176206,1082.799448,True,OK
1778775509.629315,True,True,0.22267544,292,43,1.558963,13.156049,1083.022124,True,OK
1778775509.763533,True,False,0.22329985,-1,-1,1.558963,13.156049,1083.022124,False,Sin objeto: medicion congelada
1778775509.883155,True,True,0.22234046,295,47,4.379544,13.129069,1084.133826,True,OK
1778775510.010352,True,False,0.22290763,-1,-1,4.379544,13.129069,1084.133826,False,Sin objeto: medicion congelada
1778775510.142514,True,True,0.22254121,289,51,6.187440,13.107335,1085.738593,True,OK
1778775510.280622,True,True,0.22337143,288,54,5.114530,13.094031,1086.444956,True,OK
1778775510.413491,True,False,0.22333382,-1,-1,5.114530,13.094031,1086.444956,False,Sin objeto: medicion congelada
1778775510.549915,True,True,0.22351131,289,55,1.173791,13.055468,1086.761049,True,OK
1778775510.692067,True,True,0.22374365,291,54,3.519501,13.039211,1087.261355,True,OK
1778775510.835305,True,True,0.22336361,285,56,9.862414,13.033763,1088.674030,True,OK
1778775510.989619,True,True,0.22338151,283,58,4.094386,13.017279,1089.305848,True,OK
1778775511.126749,True,True,0.22376714,283,59,1.631791,12.998652,1089.529616,True,OK
1778775511.266524,True,True,0.22413428,290,63,12.928097,12.998534,1091.336644,True,OK
1778775511.407179,True,True,0.22431876,287,67,7.974061,12.990131,1092.458238,True,OK
1778775511.546532,True,True,0.22458033,285,69,4.558272,12.976182,1093.093447,True,OK
1778775511.695453,True,True,0.22431376,278,71,10.965721,12.972634,1094.726476,True,OK
1778775511.831386,True,True,0.22396428,280,73,4.660141,12.959266,1095.359942,True,OK
1778775511.993961,True,True,0.22506029,287,71,10.078201,12.953735,1096.998406,True,OK
1778775512.163500,True,True,0.22467907,289,70,2.963317,12.933774,1097.500804,True,OK
1778775512.327320,True,True,0.22437867,285,69,5.647276,12.919734,1098.425941,True,OK
1778775512.480579,True,True,0.22367115,284,65,6.017411,12.907314,1099.348160,True,OK
1778775512.623113,True,True,0.22394753,284,64,1.571181,12.888375,1099.572108,True,OK
1778775512.770187,True,True,0.22396035,296,67,18.835758,12.898610,1102.342344,True,OK
1778775512.893530,True,True,0.22353916,291,67,9.061689,12.893081,1103.460040,True,OK
1778775513.021722,True,True,0.22335026,291,65,3.484609,12.879009,1103.906741,True,OK
1778775513.171224,True,True,0.22232563,292,63,3.325279,12.862375,1104.403876,True,OK
1778775513.322005,True,True,0.22247505,290,65,4.173296,12.847143,1105.033130,True,OK
1778775513.517812,True,True,0.22228994,293,62,4.816453,12.828903,1105.976227,True,OK
1778775513.699738,True,True,0.22225792,289,60,5.463596,12.813393,1106.970194,True,OK
1778775513.891440,True,True,0.22143056,292,61,3.652663,12.793110,1107.670419,True,OK
1778775514.057794,True,True,0.22145022,291,60,1.882608,12.772188,1107.983597,True,OK
1778775514.208000,True,True,0.22119923,293,63,5.309664,12.759289,1108.781142,True,OK
1778775514.397269,True,True,0.22161504,291,65,3.311812,12.738757,1109.407964,True,OK
1778775514.571924,True,True,0.22232884,294,70,7.422550,12.728117,1110.704353,True,OK
1778775514.736139,True,True,0.22360259,290,70,5.446586,12.714440,1111.598764,True,OK
1778775514.891496,True,True,0.22308606,297,73,10.935902,12.711285,1113.297736,True,OK
1778775515.052385,True,True,0.22378265,306,72,12.595281,12.711073,1115.324174,True,OK
1778775515.227873,True,True,0.22316701,306,70,2.543391,12.690778,1115.770508,True,OK
1778775515.381587,True,True,0.22389668,308,67,5.251750,12.677795,1116.577779,True,OK
1778775515.553609,True,True,0.22305256,311,66,4.100386,12.661074,1117.283134,True,OK
1778775515.746002,True,True,0.22366952,310,62,4.793362,12.643958,1118.205347,True,OK
1778775515.933556,True,True,0.22138625,322,57,15.345056,12.649674,1121.083368,True,OK
1778775516.079507,True,True,0.22108922,322,56,1.514823,12.631367,1121.304457,True,OK
1778775516.206567,True,True,0.22210182,318,55,7.207196,12.623615,1122.220206,True,OK
1778775516.333400,True,True,0.22223902,311,55,12.265504,12.623105,1123.775879,True,OK
1778775516.460377,True,True,0.22179238,315,56,7.201925,12.615383,1124.690353,True,OK
1778775516.594152,True,False,0.22236027,-1,-1,7.201925,12.615383,1124.690353,False,Sin objeto: medicion congelada
1778775516.731364,True,True,0.22288201,316,57,1.163165,12.580679,1125.005556,True,OK
1778775516.865268,True,True,0.22231997,315,56,2.347998,12.565379,1125.319964,True,OK
1778775516.990824,True,True,0.22264483,320,57,9.041979,12.560446,1126.455234,True,OK
1778775517.112778,True,True,0.22304978,319,55,4.089695,12.548943,1126.953988,True,OK
1778775517.240053,True,True,0.22268166,319,60,8.748053,12.543564,1128.067397,True,OK
1778775517.367059,True,True,0.22327733,321,60,3.516017,12.530833,1128.513951,True,OK
1778775517.494446,True,True,0.22204288,322,60,1.743057,12.515595,1128.735994,True,OK
1778775517.637560,True,True,0.22212351,323,62,3.470535,12.501265,1129.232677,True,OK
1778775517.764710,True,True,0.22178054,323,62,0.000000,12.483692,1129.232677,True,OK
1778775517.906715,True,True,0.22158386,315,60,12.867283,12.484294,1131.059905,True,OK
1778775518.048680,True,True,0.22094891,320,59,7.935964,12.477178,1132.186528,True,OK
1778775518.160388,True,True,0.22156554,323,61,7.151381,12.470629,1132.985393,True,OK
1778775518.303061,True,True,0.22146424,320,61,4.656736,12.458378,1133.649786,True,OK
1778775518.430179,True,True,0.22056700,320,64,5.205393,12.448260,1134.311487,True,OK
1778775518.557755,True,True,0.22096466,323,66,6.244918,12.439587,1135.108187,True,OK
1778775518.684877,True,True,0.22134773,323,68,3.482448,12.427126,1135.550882,True,OK
1778775518.812904,True,True,0.22084110,322,69,2.439454,12.413152,1135.863199,True,OK
1778775518.940020,True,True,0.22134208,321,71,3.893571,12.401333,1136.358135,True,OK
1778775519.067309,True,True,0.22112219,319,67,7.768856,12.394907,1137.347023,True,OK
1778775519.205924,True,True,0.22158097,318,72,8.150997,12.388505,1138.476869,True,OK
1778775519.337703,True,True,0.22148355,316,74,4.753777,12.377573,1139.103319,True,OK
1778775519.468318,True,True,0.22232314,314,76,4.814321,12.366854,1139.732144,True,OK
1778775519.592022,True,True,0.22128290,313,78,3.999909,12.355638,1140.226947,True,OK
1778775519.719616,True,True,0.22134312,310,77,5.485757,12.346153,1140.926896,True,OK
1778775519.846779,True,True,0.22183986,310,78,1.744526,12.331584,1141.148735,True,OK
1778775519.973850,True,True,0.22158087,310,82,6.975070,12.324239,1142.035059,True,OK
1778775520.101016,True,True,0.22157372,306,80,7.792193,12.318028,1143.025967,True,OK
1778775520.252556,True,True,0.22103530,300,82,9.224984,12.312985,1144.423917,True,OK
1778775520.369369,True,True,0.22077457,304,80,8.452282,12.308139,1145.411251,True,OK
1778775520.496717,True,False,0.22147724,-1,-1,8.452282,12.308139,1145.411251,False,Sin objeto: medicion congelada
1778775520.656088,True,True,0.22133919,299,79,3.936299,12.282425,1146.539864,True,OK
1778775520.781723,True,True,0.22131964,297,67,21.430945,12.294721,1149.232333,True,OK
1778775520.892697,True,True,0.22121464,293,75,17.829348,12.301284,1151.210937,True,OK
1778775521.020080,True,True,0.22140352,292,73,3.886495,12.289846,1151.706010,True,OK
1778775521.147004,True,True,0.22125073,289,70,7.395663,12.283226,1152.644698,True,OK
1778775521.273922,True,True,0.21958507,289,68,3.460258,12.271309,1153.083868,True,OK
1778775521.404933,True,True,0.21990859,289,67,1.678550,12.256561,1153.303776,True,OK
1778775521.527695,True,True,0.21972012,288,65,4.002144,12.245806,1153.795086,True,OK
1778775521.669918,True,True,0.22062795,290,66,3.468780,12.232577,1154.288425,True,OK
1778775521.796782,True,False,0.22006251,-1,-1,3.468780,12.232577,1154.288425,False,Sin objeto: medicion congelada
1778775521.911544,True,True,0.22105053,281,62,9.010158,12.224347,1156.465520,True,OK
1778775522.034912,True,True,0.22012422,292,60,19.949074,12.234407,1158.926583,True,OK
1778775522.173224,True,True,0.22052216,292,56,6.377523,12.225868,1159.808672,True,OK
1778775522.319638,True,True,0.22073305,293,53,4.767433,12.214374,1160.506691,True,OK
1778775522.459380,True,True,0.22096559,286,52,11.181061,12.212857,1162.069154,True,OK
1778775522.603676,True,True,0.22039095,294,52,12.218831,12.212866,1163.832282,True,OK
1778775522.746152,True,True,0.21950859,295,51,2.178836,12.197886,1164.142714,True,OK
1778775522.884044,True,True,0.21934095,294,50,2.249542,12.183533,1164.452909,True,OK
1778775523.032611,True,True,0.21942270,296,50,2.953861,12.169209,1164.891754,True,OK
1778775523.175062,True,True,0.21876938,293,52,5.537211,12.159354,1165.680538,True,OK
1778775523.318877,True,True,0.21821118,300,53,10.728961,12.157212,1167.223524,True,OK
1778775523.465058,True,True,0.21838134,297,56,6.338152,12.148365,1168.150038,True,OK
1778775523.603739,True,True,0.21761914,294,59,6.657594,12.140458,1169.073318,True,OK
1778775523.755849,True,True,0.21825941,292,59,2.869756,12.125837,1169.509836,True,OK
1778775523.895904,True,True,0.21780545,294,60,3.477399,12.113296,1169.996864,True,OK
1778775524.031231,True,True,0.21872372,292,60,3.232525,12.100871,1170.434312,True,OK
1778775524.170389,True,True,0.21823941,291,61,2.217890,12.086672,1170.742949,True,OK
1778775524.299850,True,True,0.21871149,289,61,3.378787,12.075049,1171.180372,True,OK
1778775524.441595,True,True,0.21908317,286,58,6.557506,12.066998,1172.109863,True,OK
1778775524.598472,True,True,0.21897557,289,62,6.979200,12.058794,1173.204741,True,OK
1778775524.742957,True,True,0.21830664,286,63,4.777979,12.047997,1173.895087,True,OK
1778775524.888395,True,True,0.21883233,276,63,15.046463,12.052466,1176.083410,True,OK
1778775525.026134,True,True,0.21922771,281,62,8.115675,12.046917,1177.201257,True,OK
1778775525.170355,True,True,0.21981898,287,61,9.271230,12.042827,1178.538363,True,OK
1778775525.311129,True,True,0.21871238,284,60,4.913063,12.032585,1179.229993,True,OK
1778775525.457144,True,True,0.21878140,286,56,6.700779,12.024653,1180.208413,True,OK
1778775525.579118,True,True,0.21976185,281,55,9.187012,12.021131,1181.328983,True,OK
1778775525.721476,True,True,0.21877709,278,52,6.520137,12.013174,1182.257175,True,OK
1778775525.849082,True,True,0.21920516,280,50,4.858745,12.003909,1182.877181,True,OK
1778775525.991547,True,True,0.21811270,284,50,6.123941,11.995420,1183.749632,True,OK
1778775526.118520,True,True,0.21657630,285,50,1.705686,11.982198,1183.966208,True,OK
1778775526.229293,True,True,0.21648185,282,48,7.046325,11.976671,1184.746745,True,OK
1778775526.362411,True,True,0.21594987,278,46,7.254887,11.970325,1185.712502,True,OK
1778775526.500365,True,True,0.21517250,283,47,7.953150,11.964738,1186.809671,True,OK
1778775526.635342,True,True,0.21564656,283,47,0.000000,11.948479,1186.809671,True,OK
1778775526.771608,True,True,0.21425509,278,49,8.467285,11.943710,1187.963470,True,OK
1778775526.896970,True,True,0.21446640,287,30,35.967045,11.973950,1192.472367,True,OK
1778775527.023838,True,True,0.21303112,288,48,30.271293,11.997230,1196.312841,True,OK
1778775527.150168,True,True,0.21353514,281,47,11.952187,11.997173,1197.822762,True,OK
1778775527.306868,True,False,0.21300563,-1,-1,11.952187,11.997173,1197.822762,False,Sin objeto: medicion congelada
1778775527.441577,True,True,0.21168271,305,51,17.674342,12.013695,1202.973225,True,OK
1778775527.568374,True,True,0.21191187,318,51,21.726624,12.025978,1205.728079,True,OK
1778775527.695262,True,True,0.21057333,320,50,3.710801,12.015468,1206.198935,True,OK
1778775527.831705,True,True,0.21002038,345,51,38.512141,12.051433,1211.453643,True,OK
1778775527.964503,True,True,0.20835393,362,52,26.718282,12.070783,1215.001783,True,OK
1778775528.092161,True,True,0.20702342,372,50,16.538179,12.076442,1217.113016,True,OK
1778775528.228905,True,True,0.20573841,388,54,24.813610,12.093700,1220.506141,True,OK
1778775528.346768,True,True,0.20228263,402,54,24.027688,12.107621,1223.338098,True,OK
1778775528.490684,True,True,0.20112916,417,51,21.378317,12.120807,1226.414782,True,OK
1778775528.602826,True,True,0.19733224,439,51,38.712413,12.150247,1230.756091,True,OK
1778775528.743516,True,False,0.19550449,-1,-1,38.712413,12.150247,1230.756091,False,Sin objeto: medicion congelada
1778775528.855387,True,True,0.19644254,470,35,27.134111,12.187513,1237.609093,True,OK
1778775528.983011,True,True,0.21923120,489,44,36.114519,12.217547,1242.218165,True,OK
1778775529.125701,True,True,0.21621632,515,49,40.119102,12.256649,1247.942796,True,OK
1778775529.249360,True,True,0.21316380,527,50,20.757359,12.266961,1250.509628,True,OK
1778775529.379986,True,True,0.21019818,551,51,38.653369,12.300729,1255.558761,True,OK
1778775529.507049,True,True,0.20686241,576,31,52.122678,12.350239,1262.181590,True,OK
1778775529.650688,True,True,0.20409585,600,30,34.130977,12.380808,1267.084140,True,OK
1778775529.775775,True,True,0.20058523,626,40,44.669996,12.420225,1272.671798,True,OK
1778775529.887163,True,True,0.19804351,643,26,39.155706,12.449256,1277.033254,True,OK
1778775529.997419,True,True,0.19489276,659,22,29.152717,12.467191,1280.247508,True,OK
1778775530.123811,True,True,0.19278588,669,19,15.924507,12.471441,1282.260252,True,OK
1778775530.250669,True,True,0.18897862,682,16,19.875006,12.480564,1284.781541,True,OK
1778775530.361553,True,True,0.18572839,692,12,18.040085,12.486546,1286.781897,True,OK
1778775530.504725,True,True,0.18201770,697,9,7.413003,12.479507,1287.843233,True,OK
1778775530.632154,True,True,0.17963345,691,7,8.915549,12.475112,1288.979335,True,OK
1778775530.758351,True,True,0.17575022,680,4,15.878818,12.479264,1290.983196,True,OK
1778775530.870744,True,False,0.17416570,-1,-1,15.878818,12.479264,1290.983196,False,Sin objeto: medicion congelada
1778775530.995542,True,False,0.17260218,-1,-1,15.878818,12.479264,1290.983196,False,Sin objeto: medicion congelada
1778775531.122329,True,False,0.17214424,-1,-1,15.878818,12.479264,1290.983196,False,Sin objeto: medicion congelada
1778775531.233213,True,False,0.17036937,-1,-1,15.878818,12.479264,1290.983196,False,Sin objeto: medicion congelada
1778775531.360036,True,False,0.16954943,-1,-1,15.878818,12.479264,1290.983196,False,Sin objeto: medicion congelada
1778775531.470757,True,False,0.16856131,-1,-1,15.878818,12.479264,1290.983196,False,Sin objeto: medicion congelada
1778775531.581967,True,False,0.16831055,-1,-1,15.878818,12.479264,1290.983196,False,Sin objeto: medicion congelada
1778775531.728703,True,False,0.16832698,-1,-1,15.878818,12.479264,1290.983196,False,Sin objeto: medicion congelada
1778775531.836621,True,False,0.16737774,-1,-1,15.878818,12.479264,1290.983196,False,Sin objeto: medicion congelada
1778775531.961486,True,False,0.16699698,-1,-1,15.878818,12.479264,1290.983196,False,Sin objeto: medicion congelada
1778775532.092621,True,True,0.16614706,316,11,0.000000,12.479264,1290.983196,False,Salto temporal
1778775532.230433,True,True,0.16542091,313,12,3.795816,12.309163,1291.506302,True,OK
1778775532.372633,True,True,0.16497665,291,14,25.629068,12.327191,1295.150756,True,OK
1778775532.507538,True,True,0.16410091,280,15,13.435745,12.328613,1296.963310,True,OK
1778775532.626147,True,True,0.16266017,279,17,3.066547,12.318182,1297.327029,True,OK
1778775532.800267,True,True,0.16204166,270,20,8.828754,12.312422,1298.864291,True,OK
1778775532.910889,True,True,0.16141273,279,24,14.370756,12.314578,1300.454022,True,OK
1778775533.053607,True,True,0.16029550,277,31,8.176755,12.308994,1301.620991,True,OK
1778775533.180767,True,True,0.15970024,277,37,7.535424,12.303261,1302.579192,True,OK
1778775533.308110,True,True,0.15874171,284,32,10.723308,12.301362,1303.944740,True,OK
1778775533.430735,True,True,0.15754574,279,50,24.001727,12.314882,1306.887937,True,OK
1778775533.546526,True,True,0.15671527,278,53,4.279934,12.306125,1307.383514,True,OK
1778775533.689358,True,True,0.15575126,272,60,10.053473,12.303100,1308.819470,True,OK
1778775533.803059,True,True,0.15497328,269,67,10.380144,12.301047,1309.999711,True,OK
1778775533.912580,False,True,0.00000000,265,67,10.380144,12.301047,1309.999711,False,Sin AprilTag: medicion congelada
1778775534.023888,False,True,0.00000000,261,75,10.380144,12.301047,1309.999711,False,Sin AprilTag: medicion congelada
1778775534.150912,False,True,0.00000000,261,50,10.380144,12.301047,1309.999711,False,Sin AprilTag: medicion congelada
1778775534.291995,False,True,0.00000000,261,73,10.380144,12.301047,1309.999711,False,Sin AprilTag: medicion congelada
1778775534.419253,False,True,0.00000000,259,75,10.380144,12.301047,1309.999711,False,Sin AprilTag: medicion congelada
1778775534.546430,False,True,0.00000000,256,74,10.380144,12.301047,1309.999711,False,Sin AprilTag: medicion congelada
1778775534.679874,False,True,0.00000000,257,70,10.380144,12.301047,1309.999711,False,Sin AprilTag: medicion congelada
1778775534.800232,False,True,0.00000000,255,65,10.380144,12.301047,1309.999711,False,Sin AprilTag: medicion congelada
1778775534.895909,False,True,0.00000000,255,60,10.380144,12.301047,1309.999711,False,Sin AprilTag: medicion congelada
1778775535.036942,False,True,0.00000000,259,41,10.380144,12.301047,1309.999711,False,Sin AprilTag: medicion congelada
1778775535.166261,False,True,0.00000000,266,52,10.380144,12.301047,1309.999711,False,Sin AprilTag: medicion congelada
1778775535.293960,False,True,0.00000000,267,49,10.380144,12.301047,1309.999711,False,Sin AprilTag: medicion congelada
1778775535.420623,True,True,0.15019003,270,42,0.000000,12.301047,1309.999711,False,Salto temporal
1778775535.532253,True,True,0.14874969,280,44,13.589139,12.118519,1311.516667,True,OK
1778775535.665453,True,True,0.14814209,280,42,2.224357,12.106357,1311.812951,True,OK
1778775535.779896,True,True,0.14743084,300,44,25.893535,12.120903,1314.776274,True,OK
1778775535.866900,True,True,0.14733779,305,43,8.634943,12.118109,1315.527552,True,OK
1778775535.995130,True,True,0.14655444,327,44,25.169901,12.133507,1318.755079,True,OK
1778775536.122648,True,True,0.14573648,351,41,27.642349,12.151682,1322.279974,True,OK
1778775536.233714,True,True,0.14510166,395,56,60.731962,12.201217,1329.025251,True,OK
1778775536.361446,True,True,0.14429194,426,47,36.465056,12.229637,1333.682998,True,OK
1778775536.488473,True,True,0.14313267,436,34,18.480679,12.236910,1336.030549,True,OK
1778775536.630051,True,True,0.14275893,459,30,23.540049,12.251548,1339.363289,True,OK
1778775536.757082,True,True,0.14098281,488,28,32.261555,12.274772,1343.461502,True,OK
1778775536.868553,True,True,0.13980658,503,26,18.979412,12.281594,1345.577160,True,OK
1778775536.980163,True,True,0.13829734,511,24,10.217989,12.279494,1346.717589,True,OK
1778775537.107182,True,True,0.13642764,520,20,10.578395,12.277526,1348.061245,True,OK
1778775537.228224,True,True,0.13458521,530,19,11.174318,12.276311,1349.413810,True,OK
1778775537.345136,True,True,0.13277089,545,17,17.185490,12.281527,1351.422998,True,OK
1778775537.474166,True,True,0.13090066,553,16,8.179129,12.276722,1352.478353,True,OK
1778775537.599923,True,True,0.12900214,560,16,7.180635,12.270911,1353.381368,True,OK
1778775537.726096,True,True,0.12758757,567,17,7.150330,12.265060,1354.283548,True,OK
1778775537.837002,True,True,0.12652812,571,18,4.703887,12.257473,1354.805237,True,OK
1778775537.964693,True,True,0.12510066,576,18,4.898587,12.248981,1355.430740,True,OK
1778775538.092088,True,True,0.12395565,577,18,0.972996,12.236015,1355.554696,True,OK
1778775538.227224,True,True,0.12236290,582,19,4.617062,12.226732,1356.178627,True,OK
1778775538.377791,True,True,0.12063825,586,20,3.303555,12.214636,1356.676031,True,OK
1778775538.514762,True,True,0.12005853,589,21,2.771816,12.203005,1357.055689,True,OK
1778775538.663959,True,True,0.11908944,590,21,0.798201,12.187725,1357.174779,True,OK
1778775538.788129,True,True,0.11886619,591,22,1.353806,12.175658,1357.342881,True,OK
1778775538.905138,True,True,0.11958402,587,23,4.213854,12.167310,1357.835938,True,OK
1778775539.038488,True,True,0.12019896,585,25,2.549475,12.155831,1358.175912,True,OK
1778775539.171466,True,True,0.12111589,585,26,0.910800,12.142463,1358.297028,True,OK
1778775539.294654,True,True,0.12176915,585,27,0.988482,12.130194,1358.418797,True,OK
1778775539.437387,True,True,0.12257834,584,29,1.920316,12.117197,1358.692891,True,OK
1778775539.579557,True,True,0.12308757,585,29,0.865781,12.102950,1358.815979,True,OK
1778775539.706047,True,True,0.12372601,586,29,0.978146,12.090430,1358.939705,True,OK
1778775539.831146,True,True,0.12420975,588,28,2.220183,12.079457,1359.217446,True,OK
1778775539.968352,True,True,0.12441750,590,28,1.813586,12.066954,1359.466281,True,OK
1778775540.095809,True,True,0.12454398,593,30,3.523143,12.057299,1359.915331,True,OK
1778775540.227400,True,True,0.12488858,594,37,6.710920,12.051069,1360.798426,True,OK
1778775540.362891,True,True,0.12547841,598,46,9.121000,12.047557,1362.034245,True,OK
1778775540.496876,True,True,0.12591808,599,55,8.510194,12.043370,1363.174482,True,OK
1778775540.639181,True,True,0.12676360,602,71,14.501014,12.046456,1365.238044,True,OK
1778775540.767627,True,True,0.12735431,604,94,22.890598,12.058732,1368.178246,True,OK
1778775540.883758,True,True,0.12783330,605,107,14.352193,12.061077,1369.844989,True,OK
1778775541.013890,True,True,0.12839613,607,123,15.909518,12.065482,1371.915314,True,OK
1778775541.152137,True,True,0.12903925,608,141,16.826983,12.071264,1374.241602,True,OK
1778775541.301634,True,True,0.12965871,610,153,10.551138,12.069270,1375.818969,True,OK
1778775541.443735,True,True,0.13024885,611,161,7.389848,12.063444,1376.869068,True,OK
1778775541.570841,True,True,0.13081082,611,164,3.087432,12.053459,1377.261501,True,OK
1778775541.714100,True,True,0.13111285,611,166,1.830436,12.040658,1377.523727,True,OK
1778775541.828159,True,True,0.13143147,612,165,1.629615,12.030289,1377.709599,True,OK
1778775541.936035,True,True,0.13142317,612,166,1.218274,12.020114,1377.841022,True,OK
1778775542.062656,True,True,0.13124648,612,167,1.036534,12.007995,1377.972268,True,OK
1778775542.198585,True,True,0.13163175,611,170,3.062303,11.997411,1378.388525,True,OK
1778775542.333145,True,True,0.13137958,611,171,0.976365,11.984518,1378.519904,True,OK
1778775542.459771,True,True,0.13135629,610,172,1.467041,11.972952,1378.705670,True,OK
1778775542.588983,True,True,0.13139007,609,172,1.016854,11.960672,1378.837060,True,OK
1778775542.713636,True,True,0.13131605,609,172,0.000000,11.947753,1378.837060,True,OK
1778775542.824890,True,True,0.13099784,609,171,1.177464,11.937380,1378.968058,True,OK
1778775542.936438,True,True,0.13109935,609,170,1.175274,11.926998,1379.099157,True,OK
1778775543.063009,True,True,0.13112218,611,167,3.735200,11.918041,1379.571925,True,OK
1778775543.204705,True,True,0.13115165,611,164,2.776759,11.906865,1379.965380,True,OK
1778775543.340101,True,True,0.13111623,612,161,3.062331,11.896544,1380.380006,True,OK
1778775543.473397,True,True,0.13061361,612,158,2.939618,11.886266,1380.771847,True,OK
1778775543.620593,True,True,0.13050065,614,157,1.982453,11.873733,1381.063655,True,OK
1778775543.755222,True,True,0.13135539,621,154,7.430549,11.868596,1382.064028,True,OK
1778775543.850123,True,True,0.13097908,634,150,18.772262,11.874218,1383.845536,True,OK
1778775543.977722,True,True,0.13109271,634,149,1.027386,11.862355,1383.976629,True,OK
1778775544.089511,True,True,0.13098692,632,146,4.224737,11.855044,1384.448909,True,OK
1778775544.232878,True,True,0.13139647,633,144,2.049368,11.843020,1384.742720,True,OK
1778775544.359692,True,True,0.13275497,679,139,48.438681,11.882668,1390.885418,True,OK
1778775544.486771,True,True,0.13333718,708,136,30.590409,11.902957,1394.772831,True,OK
1778775544.598089,True,True,0.13333322,749,157,55.175722,11.944026,1400.914849,True,OK
1778775544.725322,True,True,0.13346132,798,126,60.821004,11.996989,1408.653304,True,OK
1778775544.836742,True,True,0.13327854,830,121,38.742028,12.022344,1412.969965,True,OK
1778775544.963621,True,True,0.13291703,867,115,39.267200,12.051725,1417.952138,True,OK
1778775545.105869,True,True,0.13207136,898,107,29.725292,12.073067,1422.180484,True,OK
1778775545.221314,True,True,0.13107984,921,101,26.988801,12.087670,1425.296217,True,OK
1778775545.344671,True,True,0.12991958,946,133,42.768279,12.119734,1430.571976,True,OK
1778775545.483005,True,False,0.12872186,-1,-1,42.768279,12.119734,1430.571976,False,Sin objeto: medicion congelada
1778775545.598516,True,False,0.12687528,-1,-1,42.768279,12.119734,1430.571976,False,Sin objeto: medicion congelada
1778775545.726213,True,False,0.12501003,-1,-1,42.768279,12.119734,1430.571976,False,Sin objeto: medicion congelada
1778775545.873425,True,False,0.12256517,-1,-1,42.768279,12.119734,1430.571976,False,Sin objeto: medicion congelada
1778775545.995241,True,False,0.12072067,-1,-1,42.768279,12.119734,1430.571976,False,Sin objeto: medicion congelada
1778775546.124266,True,False,0.11853528,-1,-1,42.768279,12.119734,1430.571976,False,Sin objeto: medicion congelada
1778775546.233427,False,False,0.00000000,-1,-1,42.768279,12.119734,1430.571976,False,Sin AprilTag: medicion congelada
1778775546.377090,False,False,0.00000000,-1,-1,42.768279,12.119734,1430.571976,False,Sin AprilTag: medicion congelada
1778775546.488354,False,False,0.00000000,-1,-1,42.768279,12.119734,1430.571976,False,Sin AprilTag: medicion congelada
1778775546.615677,False,False,0.00000000,-1,-1,42.768279,12.119734,1430.571976,False,Sin AprilTag: medicion congelada
1778775546.743021,False,False,0.00000000,-1,-1,42.768279,12.119734,1430.571976,False,Sin AprilTag: medicion congelada
1778775546.866617,False,False,0.00000000,-1,-1,42.768279,12.119734,1430.571976,False,Sin AprilTag: medicion congelada
1778775546.980302,False,False,0.00000000,-1,-1,42.768279,12.119734,1430.571976,False,Sin AprilTag: medicion congelada
1778775547.092226,False,False,0.00000000,-1,-1,42.768279,12.119734,1430.571976,False,Sin AprilTag: medicion congelada
1778775547.219443,False,False,0.00000000,-1,-1,42.768279,12.119734,1430.571976,False,Sin AprilTag: medicion congelada
1778775547.330050,False,False,0.00000000,-1,-1,42.768279,12.119734,1430.571976,False,Sin AprilTag: medicion congelada
1778775547.441935,False,False,0.00000000,-1,-1,42.768279,12.119734,1430.571976,False,Sin AprilTag: medicion congelada
1778775547.584967,False,False,0.00000000,-1,-1,42.768279,12.119734,1430.571976,False,Sin AprilTag: medicion congelada
1778775547.703815,False,False,0.00000000,-1,-1,42.768279,12.119734,1430.571976,False,Sin AprilTag: medicion congelada
1778775547.807268,False,False,0.00000000,-1,-1,42.768279,12.119734,1430.571976,False,Sin AprilTag: medicion congelada
1778775547.919469,False,False,0.00000000,-1,-1,42.768279,12.119734,1430.571976,False,Sin AprilTag: medicion congelada
1778775548.031353,False,False,0.00000000,-1,-1,42.768279,12.119734,1430.571976,False,Sin AprilTag: medicion congelada
1778775548.158914,False,False,0.00000000,-1,-1,42.768279,12.119734,1430.571976,False,Sin AprilTag: medicion congelada
1778775548.274114,False,True,0.00000000,142,189,42.768279,12.119734,1430.571976,False,Sin AprilTag: medicion congelada
1778775548.379890,False,False,0.00000000,-1,-1,42.768279,12.119734,1430.571976,False,Sin AprilTag: medicion congelada
1778775548.487915,False,True,0.00000000,30,397,42.768279,12.119734,1430.571976,False,Sin AprilTag: medicion congelada
1778775548.589231,False,True,0.00000000,72,377,42.768279,12.119734,1430.571976,False,Sin AprilTag: medicion congelada
1778775548.698155,False,True,0.00000000,116,146,42.768279,12.119734,1430.571976,False,Sin AprilTag: medicion congelada
1778775548.796979,False,True,0.00000000,78,371,42.768279,12.119734,1430.571976,False,Sin AprilTag: medicion congelada
1778775548.897520,False,False,0.00000000,-1,-1,42.768279,12.119734,1430.571976,False,Sin AprilTag: medicion congelada
1778775548.999544,False,True,0.00000000,72,378,42.768279,12.119734,1430.571976,False,Sin AprilTag: medicion congelada
1778775549.111127,False,False,0.00000000,-1,-1,42.768279,12.119734,1430.571976,False,Sin AprilTag: medicion congelada
1778775549.222069,False,False,0.00000000,-1,-1,42.768279,12.119734,1430.571976,False,Sin AprilTag: medicion congelada
1778775549.333059,False,False,0.00000000,-1,-1,42.768279,12.119734,1430.571976,False,Sin AprilTag: medicion congelada
1778775549.444272,False,True,0.00000000,303,193,42.768279,12.119734,1430.571976,False,Sin AprilTag: medicion congelada
1778775549.557676,False,False,0.00000000,-1,-1,42.768279,12.119734,1430.571976,False,Sin AprilTag: medicion congelada
1778775549.682561,False,False,0.00000000,-1,-1,42.768279,12.119734,1430.571976,False,Sin AprilTag: medicion congelada
1778775549.794541,False,True,0.00000000,350,170,42.768279,12.119734,1430.571976,False,Sin AprilTag: medicion congelada
1778775549.890501,False,False,0.00000000,-1,-1,42.768279,12.119734,1430.571976,False,Sin AprilTag: medicion congelada
1778775550.001927,False,True,0.00000000,85,414,42.768279,12.119734,1430.571976,False,Sin AprilTag: medicion congelada
1778775550.119692,False,False,0.00000000,-1,-1,42.768279,12.119734,1430.571976,False,Sin AprilTag: medicion congelada
1778775550.224299,False,True,0.00000000,328,217,42.768279,12.119734,1430.571976,False,Sin AprilTag: medicion congelada
1778775550.335476,False,False,0.00000000,-1,-1,42.768279,12.119734,1430.571976,False,Sin AprilTag: medicion congelada
1778775550.462205,False,False,0.00000000,-1,-1,42.768279,12.119734,1430.571976,False,Sin AprilTag: medicion congelada
1778775550.597255,False,False,0.00000000,-1,-1,42.768279,12.119734,1430.571976,False,Sin AprilTag: medicion congelada
1778775550.699745,False,False,0.00000000,-1,-1,42.768279,12.119734,1430.571976,False,Sin AprilTag: medicion congelada
1778775550.810661,False,True,0.00000000,267,403,42.768279,12.119734,1430.571976,False,Sin AprilTag: medicion congelada
1778775550.890409,False,False,0.00000000,-1,-1,42.768279,12.119734,1430.571976,False,Sin AprilTag: medicion congelada
1778775551.001288,False,False,0.00000000,-1,-1,42.768279,12.119734,1430.571976,False,Sin AprilTag: medicion congelada
1778775551.120282,False,False,0.00000000,-1,-1,42.768279,12.119734,1430.571976,False,Sin AprilTag: medicion congelada
1778775551.231014,False,True,0.00000000,578,190,42.768279,12.119734,1430.571976,False,Sin AprilTag: medicion congelada
1778775551.320647,False,True,0.00000000,435,363,42.768279,12.119734,1430.571976,False,Sin AprilTag: medicion congelada
1778775551.435849,False,False,0.00000000,-1,-1,42.768279,12.119734,1430.571976,False,Sin AprilTag: medicion congelada
1778775551.542194,False,False,0.00000000,-1,-1,42.768279,12.119734,1430.571976,False,Sin AprilTag: medicion congelada
1778775551.650546,False,False,0.00000000,-1,-1,42.768279,12.119734,1430.571976,False,Sin AprilTag: medicion congelada
1778775551.748446,False,False,0.00000000,-1,-1,42.768279,12.119734,1430.571976,False,Sin AprilTag: medicion congelada
1778775551.859478,False,False,0.00000000,-1,-1,42.768279,12.119734,1430.571976,False,Sin AprilTag: medicion congelada
1778775551.959413,False,False,0.00000000,-1,-1,42.768279,12.119734,1430.571976,False,Sin AprilTag: medicion congelada
1778775552.055281,False,False,0.00000000,-1,-1,42.768279,12.119734,1430.571976,False,Sin AprilTag: medicion congelada
1778775552.160426,False,False,0.00000000,-1,-1,42.768279,12.119734,1430.571976,False,Sin AprilTag: medicion congelada
1778775552.257961,False,False,0.00000000,-1,-1,42.768279,12.119734,1430.571976,False,Sin AprilTag: medicion congelada
1778775552.364150,False,False,0.00000000,-1,-1,42.768279,12.119734,1430.571976,False,Sin AprilTag: medicion congelada
1778775552.462906,False,False,0.00000000,-1,-1,42.768279,12.119734,1430.571976,False,Sin AprilTag: medicion congelada
1778775552.558111,False,False,0.00000000,-1,-1,42.768279,12.119734,1430.571976,False,Sin AprilTag: medicion congelada
1778775552.685657,False,False,0.00000000,-1,-1,42.768279,12.119734,1430.571976,False,Sin AprilTag: medicion congelada
1778775552.790316,False,False,0.00000000,-1,-1,42.768279,12.119734,1430.571976,False,Sin AprilTag: medicion congelada
1778775552.892545,False,False,0.00000000,-1,-1,42.768279,12.119734,1430.571976,False,Sin AprilTag: medicion congelada
1778775552.994014,False,False,0.00000000,-1,-1,42.768279,12.119734,1430.571976,False,Sin AprilTag: medicion congelada
1778775553.094384,False,False,0.00000000,-1,-1,42.768279,12.119734,1430.571976,False,Sin AprilTag: medicion congelada
1778775553.193796,False,False,0.00000000,-1,-1,42.768279,12.119734,1430.571976,False,Sin AprilTag: medicion congelada
1778775553.289985,False,True,0.00000000,54,175,42.768279,12.119734,1430.571976,False,Sin AprilTag: medicion congelada
1778775553.396038,False,False,0.00000000,-1,-1,42.768279,12.119734,1430.571976,False,Sin AprilTag: medicion congelada
1778775553.496027,False,False,0.00000000,-1,-1,42.768279,12.119734,1430.571976,False,Sin AprilTag: medicion congelada
1778775553.607261,False,False,0.00000000,-1,-1,42.768279,12.119734,1430.571976,False,Sin AprilTag: medicion congelada
1778775553.702562,False,False,0.00000000,-1,-1,42.768279,12.119734,1430.571976,False,Sin AprilTag: medicion congelada
1778775553.805279,False,False,0.00000000,-1,-1,42.768279,12.119734,1430.571976,False,Sin AprilTag: medicion congelada
1778775553.895877,False,False,0.00000000,-1,-1,42.768279,12.119734,1430.571976,False,Sin AprilTag: medicion congelada
1778775554.002917,False,False,0.00000000,-1,-1,42.768279,12.119734,1430.571976,False,Sin AprilTag: medicion congelada
1778775554.114002,False,False,0.00000000,-1,-1,42.768279,12.119734,1430.571976,False,Sin AprilTag: medicion congelada
1778775554.237955,False,False,0.00000000,-1,-1,42.768279,12.119734,1430.571976,False,Sin AprilTag: medicion congelada
1778775554.361533,False,False,0.00000000,-1,-1,42.768279,12.119734,1430.571976,False,Sin AprilTag: medicion congelada
1778775554.463588,False,False,0.00000000,-1,-1,42.768279,12.119734,1430.571976,False,Sin AprilTag: medicion congelada
1778775554.591077,False,False,0.00000000,-1,-1,42.768279,12.119734,1430.571976,False,Sin AprilTag: medicion congelada
1778775554.713368,False,False,0.00000000,-1,-1,42.768279,12.119734,1430.571976,False,Sin AprilTag: medicion congelada
1778775554.828027,False,False,0.00000000,-1,-1,42.768279,12.119734,1430.571976,False,Sin AprilTag: medicion congelada
1778775554.927282,False,False,0.00000000,-1,-1,42.768279,12.119734,1430.571976,False,Sin AprilTag: medicion congelada
1778775555.033883,False,False,0.00000000,-1,-1,42.768279,12.119734,1430.571976,False,Sin AprilTag: medicion congelada
1778775555.167486,False,False,0.00000000,-1,-1,42.768279,12.119734,1430.571976,False,Sin AprilTag: medicion congelada
1778775555.271238,False,False,0.00000000,-1,-1,42.768279,12.119734,1430.571976,False,Sin AprilTag: medicion congelada
1778775555.398227,False,False,0.00000000,-1,-1,42.768279,12.119734,1430.571976,False,Sin AprilTag: medicion congelada
1778775555.493564,False,False,0.00000000,-1,-1,42.768279,12.119734,1430.571976,False,Sin AprilTag: medicion congelada
1778775555.605487,False,False,0.00000000,-1,-1,42.768279,12.119734,1430.571976,False,Sin AprilTag: medicion congelada
1778775555.716410,False,False,0.00000000,-1,-1,42.768279,12.119734,1430.571976,False,Sin AprilTag: medicion congelada
1778775555.827560,False,False,0.00000000,-1,-1,42.768279,12.119734,1430.571976,False,Sin AprilTag: medicion congelada
1778775555.922697,False,False,0.00000000,-1,-1,42.768279,12.119734,1430.571976,False,Sin AprilTag: medicion congelada
1778775556.036649,False,False,0.00000000,-1,-1,42.768279,12.119734,1430.571976,False,Sin AprilTag: medicion congelada
1778775556.145236,False,False,0.00000000,-1,-1,42.768279,12.119734,1430.571976,False,Sin AprilTag: medicion congelada
1778775556.272363,False,False,0.00000000,-1,-1,42.768279,12.119734,1430.571976,False,Sin AprilTag: medicion congelada
1778775556.394598,False,False,0.00000000,-1,-1,42.768279,12.119734,1430.571976,False,Sin AprilTag: medicion congelada
1778775556.506403,False,False,0.00000000,-1,-1,42.768279,12.119734,1430.571976,False,Sin AprilTag: medicion congelada
1778775556.622331,False,False,0.00000000,-1,-1,42.768279,12.119734,1430.571976,False,Sin AprilTag: medicion congelada
1778775556.733980,False,False,0.00000000,-1,-1,42.768279,12.119734,1430.571976,False,Sin AprilTag: medicion congelada
1778775556.852362,False,False,0.00000000,-1,-1,42.768279,12.119734,1430.571976,False,Sin AprilTag: medicion congelada
1778775556.956296,False,False,0.00000000,-1,-1,42.768279,12.119734,1430.571976,False,Sin AprilTag: medicion congelada
1778775557.067740,False,False,0.00000000,-1,-1,42.768279,12.119734,1430.571976,False,Sin AprilTag: medicion congelada
1778775557.176605,False,False,0.00000000,-1,-1,42.768279,12.119734,1430.571976,False,Sin AprilTag: medicion congelada
1778775557.293480,False,False,0.00000000,-1,-1,42.768279,12.119734,1430.571976,False,Sin AprilTag: medicion congelada
1778775557.420279,False,False,0.00000000,-1,-1,42.768279,12.119734,1430.571976,False,Sin AprilTag: medicion congelada
1778775557.543441,False,False,0.00000000,-1,-1,42.768279,12.119734,1430.571976,False,Sin AprilTag: medicion congelada
1778775557.642020,False,False,0.00000000,-1,-1,42.768279,12.119734,1430.571976,False,Sin AprilTag: medicion congelada
1778775557.747537,False,False,0.00000000,-1,-1,42.768279,12.119734,1430.571976,False,Sin AprilTag: medicion congelada
1778775557.843175,False,False,0.00000000,-1,-1,42.768279,12.119734,1430.571976,False,Sin AprilTag: medicion congelada
1778775557.958095,False,False,0.00000000,-1,-1,42.768279,12.119734,1430.571976,False,Sin AprilTag: medicion congelada
1778775558.059126,False,True,0.00000000,722,163,42.768279,12.119734,1430.571976,False,Sin AprilTag: medicion congelada
1778775558.165715,False,False,0.00000000,-1,-1,42.768279,12.119734,1430.571976,False,Sin AprilTag: medicion congelada
1778775558.264759,False,False,0.00000000,-1,-1,42.768279,12.119734,1430.571976,False,Sin AprilTag: medicion congelada
1778775558.361502,False,True,0.00000000,845,155,42.768279,12.119734,1430.571976,False,Sin AprilTag: medicion congelada
1778775558.462053,False,True,0.00000000,881,155,42.768279,12.119734,1430.571976,False,Sin AprilTag: medicion congelada
1778775558.563538,False,True,0.00000000,919,152,42.768279,12.119734,1430.571976,False,Sin AprilTag: medicion congelada
1778775558.663819,False,False,0.00000000,-1,-1,42.768279,12.119734,1430.571976,False,Sin AprilTag: medicion congelada
1778775558.756553,False,True,0.00000000,704,172,42.768279,12.119734,1430.571976,False,Sin AprilTag: medicion congelada
1778775558.849118,False,False,0.00000000,-1,-1,42.768279,12.119734,1430.571976,False,Sin AprilTag: medicion congelada
1778775558.934831,False,False,0.00000000,-1,-1,42.768279,12.119734,1430.571976,False,Sin AprilTag: medicion congelada
1778775559.045325,False,False,0.00000000,-1,-1,42.768279,12.119734,1430.571976,False,Sin AprilTag: medicion congelada
1778775559.159324,False,False,0.00000000,-1,-1,42.768279,12.119734,1430.571976,False,Sin AprilTag: medicion congelada
1778775559.276337,False,False,0.00000000,-1,-1,42.768279,12.119734,1430.571976,False,Sin AprilTag: medicion congelada
1778775559.383031,False,False,0.00000000,-1,-1,42.768279,12.119734,1430.571976,False,Sin AprilTag: medicion congelada
1778775559.476910,False,False,0.00000000,-1,-1,42.768279,12.119734,1430.571976,False,Sin AprilTag: medicion congelada
1778775559.586040,False,False,0.00000000,-1,-1,42.768279,12.119734,1430.571976,False,Sin AprilTag: medicion congelada
1778775559.698804,False,False,0.00000000,-1,-1,42.768279,12.119734,1430.571976,False,Sin AprilTag: medicion congelada
1778775559.809661,False,False,0.00000000,-1,-1,42.768279,12.119734,1430.571976,False,Sin AprilTag: medicion congelada
1778775559.916058,False,False,0.00000000,-1,-1,42.768279,12.119734,1430.571976,False,Sin AprilTag: medicion congelada
1778775560.010636,False,True,0.00000000,31,285,42.768279,12.119734,1430.571976,False,Sin AprilTag: medicion congelada
1778775560.121990,False,True,0.00000000,80,283,42.768279,12.119734,1430.571976,False,Sin AprilTag: medicion congelada
1778775560.221497,False,True,0.00000000,143,279,42.768279,12.119734,1430.571976,False,Sin AprilTag: medicion congelada
