timestamp_s,tag_detected,object_detected,cm_per_px,object_x_px,object_y_px,instant_cm_s,average_cm_s,distance_total_cm,valid,reason
1777555061.119859,True,True,0.35304000,52,571,0.000000,0.000000,0.000000,True,Primera muestra
1777555061.280538,True,True,0.35361841,51,571,2.200781,2.200781,0.353618,True,OK
1777555061.390274,True,True,0.35390103,51,570,3.225016,2.616422,0.707519,True,OK
1777555061.504427,True,True,0.35411656,51,570,0.000000,1.839780,0.707519,True,OK
1777555061.608748,True,True,0.35439600,51,569,3.397176,2.172103,1.061915,True,OK
1777555061.718105,True,True,0.35428002,51,568,3.239668,2.367249,1.416195,True,OK
1777555061.827163,True,True,0.35430723,51,567,3.248785,2.503172,1.770503,True,OK
1777555061.936371,True,True,0.35513917,51,567,0.000000,2.168375,1.770503,True,OK
1777555062.031481,True,True,0.35480578,51,565,7.460924,2.720552,2.480114,True,OK
1777555062.124197,True,True,0.35487641,51,565,0.000000,2.469404,2.480114,True,OK
1777555062.214305,True,True,0.35547866,51,564,3.945022,2.590895,2.835593,True,OK
1777555062.281229,True,True,0.35541091,51,564,0.000000,2.441595,2.835593,True,OK
1777555062.375084,True,True,0.35567018,51,564,0.000000,2.259033,2.835593,True,OK
1777555062.500209,True,True,0.35569956,51,564,0.000000,2.054257,2.835593,True,OK
1777555062.594743,True,True,0.35632913,51,565,3.769316,2.164186,3.191922,True,OK
1777555062.671137,True,True,0.35661366,51,566,4.668065,2.287492,3.548536,True,OK
1777555062.796556,True,True,0.35663020,51,566,0.000000,2.116385,3.548536,True,OK
1777555062.884950,True,True,0.35750039,51,567,4.044411,2.212938,3.906036,True,OK
1777555062.995800,True,True,0.35775732,51,567,0.000000,2.082175,3.906036,True,OK
1777555063.085021,True,True,0.35809117,51,567,0.000000,1.987641,3.906036,True,OK
1777555063.189326,True,True,0.35770740,51,567,0.000000,1.887461,3.906036,True,OK
1777555063.359095,True,True,0.35803789,51,567,0.000000,1.744361,3.906036,True,OK
1777555063.452158,True,True,0.35832517,51,567,0.000000,1.674758,3.906036,True,OK
1777555063.676510,True,True,0.35832599,51,567,0.000000,1.527794,3.906036,True,OK
1777555063.771232,True,True,0.35843078,52,567,3.784037,1.608400,4.264467,True,OK
1777555063.882064,True,True,0.35901809,52,567,0.000000,1.543864,4.264467,True,OK
1777555064.047702,True,True,0.35879847,52,567,0.000000,1.456522,4.264467,True,OK
1777555064.124619,True,True,0.35939996,52,567,0.000000,1.419238,4.264467,True,OK
1777555064.218269,True,True,0.35962935,52,566,3.840119,1.492410,4.624096,True,OK
1777555064.381842,True,True,0.35948632,53,566,2.197718,1.527777,4.983583,True,OK
1777555064.487163,True,True,0.35950794,53,565,3.413429,1.586756,5.343090,True,OK
1777555064.566630,True,True,0.35949425,53,565,0.000000,1.550173,5.343090,True,OK
1777555064.655814,True,True,0.36011292,53,564,4.037884,1.612918,5.703203,True,OK
1777555064.761001,True,True,0.36012775,53,563,3.423685,1.665228,6.063331,True,OK
1777555064.842133,True,True,0.35970340,52,564,6.270039,1.765595,6.572029,True,OK
1777555064.946324,True,True,0.35987295,52,565,3.453956,1.811568,6.931902,True,OK
1777555065.015516,True,True,0.36008722,52,565,0.000000,1.779392,6.931902,True,OK
1777555065.109342,True,True,0.36013960,52,564,3.838385,1.827816,7.292041,True,OK
1777555065.217543,True,True,0.35998613,52,563,3.326998,1.867403,7.652027,True,OK
1777555065.343518,True,True,0.36006623,52,562,2.858243,1.896956,8.012093,True,OK
1777555065.436448,True,True,0.35977896,52,561,3.871492,1.939465,8.371872,True,OK
1777555065.547708,True,True,0.36044514,52,560,3.239674,1.972136,8.732318,True,OK
1777555065.686944,True,True,0.35993146,52,557,7.755126,2.148441,9.812112,True,OK
1777555065.799174,True,True,0.36053611,52,553,12.849867,2.405108,11.254256,True,OK
1777555065.905900,True,True,0.36091640,53,551,7.561722,2.520097,12.061290,True,OK
1777555066.026661,True,True,0.36095487,53,549,5.978043,2.605200,12.783200,True,OK
1777555066.128855,True,True,0.36057487,53,547,7.056669,2.696020,13.504349,True,OK
1777555066.202463,True,True,0.36130376,53,546,4.908490,2.728061,13.865653,True,OK
1777555066.295282,True,True,0.36115633,53,545,3.890955,2.748917,14.226810,True,OK
1777555066.385782,True,True,0.36151180,53,544,3.994600,2.770326,14.588321,True,OK
1777555066.451787,True,True,0.36163071,54,541,17.325547,2.950508,15.731898,True,OK
1777555066.559489,True,True,0.36182272,54,541,0.000000,2.892090,15.731898,True,OK
1777555066.642443,True,True,0.36229445,54,539,8.734785,2.979853,16.456487,True,OK
1777555066.732676,True,True,0.36209655,54,537,8.025847,3.060973,17.180680,True,OK
1777555066.830626,True,True,0.36258105,55,536,5.234976,3.098261,17.693447,True,OK
1777555066.916245,True,True,0.36317944,55,534,8.483644,3.177809,18.419806,True,OK
1777555067.021788,True,True,0.36277472,55,533,3.437202,3.182448,18.782581,True,OK
1777555067.138409,True,True,0.36312418,56,530,9.846460,3.311576,19.930880,True,OK
1777555067.217613,True,True,0.36291383,56,528,9.163963,3.387593,20.656708,True,OK
1777555067.295465,True,True,0.36378732,56,525,14.018417,3.521609,21.748070,True,OK
1777555067.388127,True,True,0.36380386,56,524,3.926145,3.527589,22.111874,True,OK
1777555067.481911,True,True,0.36363564,56,523,3.877380,3.532746,22.475509,True,OK
1777555067.594635,True,True,0.36476208,57,520,10.232787,3.649391,23.628988,True,OK
1777555067.693889,True,True,0.36384019,57,517,10.997204,3.760328,24.720509,True,OK
1777555067.794090,True,True,0.36450217,57,513,14.550925,3.922328,26.178517,True,OK
1777555067.891872,True,True,0.36477634,57,516,11.191475,4.027288,27.272847,True,OK
1777555067.983471,True,True,0.36499579,58,514,8.910092,4.092452,28.089002,True,OK
1777555068.075626,True,True,0.36498968,58,513,3.960597,4.090705,28.453992,True,OK
1777555068.158078,True,True,0.36556530,58,512,4.433671,4.094723,28.819557,True,OK
1777555068.232929,True,True,0.36562275,58,511,4.884719,4.103036,29.185180,True,OK
1777555068.320569,True,True,0.36541755,58,510,4.169516,4.103845,29.550597,True,OK
1777555068.388855,True,True,0.36607683,58,510,0.000000,4.065293,29.550597,True,OK
1777555068.497986,True,True,0.36587783,58,506,13.410609,4.203521,31.014109,True,OK
1777555068.575930,True,True,0.36601969,58,506,0.000000,4.159578,31.014109,True,OK
1777555068.660197,True,True,0.36653166,58,503,13.048955,4.258921,32.113703,True,OK
1777555068.750381,True,True,0.36627514,58,504,4.061443,4.256587,32.479979,True,OK
1777555068.827008,True,True,0.36621203,58,503,4.779106,4.261782,32.846191,True,OK
1777555068.927487,True,True,0.36696468,58,501,7.304349,4.300938,33.580120,True,OK
1777555069.017156,True,True,0.36689115,58,500,4.091595,4.298561,33.947011,True,OK
1777555069.100621,True,True,0.36732139,58,500,0.000000,4.253605,33.947011,True,OK
1777555069.187172,True,True,0.36754185,59,499,6.005511,4.272401,34.466794,True,OK
1777555069.282863,True,True,0.36843518,59,500,3.850251,4.267452,34.835229,True,OK
1777555069.369063,True,True,0.36739602,59,498,8.524317,4.311934,35.570021,True,OK
1777555069.499540,True,True,0.36839586,59,498,0.000000,4.244795,35.570021,True,OK
1777555069.592505,True,True,0.36822546,59,498,0.000000,4.198219,35.570021,True,OK
1777555069.687823,True,True,0.36781799,59,500,7.717715,4.237373,36.305657,True,OK
1777555069.786117,True,True,0.36783053,59,502,7.484291,4.274200,37.041318,True,OK
1777555069.872869,True,True,0.36853123,59,504,8.496231,4.316045,37.778381,True,OK
1777555069.977687,True,True,0.36834522,59,505,3.514129,4.306556,38.146726,True,OK
1777555070.052065,True,True,0.36840189,59,505,0.000000,4.270695,38.146726,True,OK
1777555070.123393,True,True,0.36812820,59,506,5.161102,4.277749,38.514854,True,OK
1777555070.238656,True,True,0.36844270,59,507,3.196526,4.264082,38.883297,True,OK
1777555070.319739,True,True,0.36846358,59,507,0.000000,4.226501,38.883297,True,OK
1777555070.420098,True,True,0.36877135,59,507,0.000000,4.180892,38.883297,True,OK
1777555070.520333,True,True,0.36868205,59,507,0.000000,4.136313,38.883297,True,OK
1777555070.621030,True,True,0.36838592,59,506,3.658333,4.131247,39.251683,True,OK
1777555070.730704,True,True,0.36897514,59,506,0.000000,4.084103,39.251683,True,OK
1777555070.823609,True,True,0.36998024,59,505,3.982348,4.083129,39.621663,True,OK
1777555070.904842,True,True,0.36955820,59,502,13.648037,4.162535,40.730337,True,OK
1777555070.983508,True,True,0.36970665,60,500,10.508886,4.213150,41.557027,True,OK
1777555071.059878,True,True,0.36992379,60,498,9.687673,4.255211,42.296874,True,OK
1777555071.147704,True,True,0.37038648,60,496,8.434528,4.291814,43.037647,True,OK
1777555071.232644,True,True,0.37053508,60,494,8.724635,4.329047,43.778717,True,OK
1777555071.310445,True,True,0.37045373,61,490,19.632336,4.445882,45.306137,True,OK
1777555071.435710,True,True,0.37067969,61,488,5.918322,4.463761,46.047497,True,OK
1777555071.545300,True,True,0.37103353,61,486,6.771299,4.488018,46.789564,True,OK
1777555071.637845,True,True,0.37174903,62,483,12.702851,4.560297,47.965137,True,OK
1777555071.763829,True,True,0.37181643,62,481,5.902566,4.576185,48.708770,True,OK
1777555071.876045,True,True,0.37256102,62,479,6.640056,4.597716,49.453892,True,OK
1777555071.966298,True,True,0.37282756,62,478,4.130922,4.593832,49.826720,True,OK
1777555072.054584,True,True,0.37312282,62,477,4.226323,4.590865,50.199843,True,OK
1777555072.157936,True,True,0.37293977,62,477,0.000000,4.547880,50.199843,True,OK
1777555072.233139,True,True,0.37271108,62,477,0.000000,4.517104,50.199843,True,OK
1777555072.325432,True,True,0.37345370,62,477,0.000000,4.479900,50.199843,True,OK
1777555072.408450,True,True,0.37388071,62,477,0.000000,4.446954,50.199843,True,OK
1777555072.492812,True,True,0.37412592,62,477,0.000000,4.413968,50.199843,True,OK
1777555072.563452,True,True,0.37400304,62,478,5.294469,4.419403,50.573846,True,OK
1777555072.658270,True,True,0.37559599,62,479,3.961246,4.415638,50.949442,True,OK
1777555072.742216,True,True,0.37507904,62,480,4.468061,4.416017,51.324521,True,OK
1777555072.827954,True,True,0.37423416,62,480,0.000000,4.383678,51.324521,True,OK
1777555072.950983,True,True,0.37396678,61,482,6.796908,4.408773,52.160736,True,OK
1777555073.060350,True,True,0.37483017,61,482,0.000000,4.368391,52.160736,True,OK
1777555073.158338,True,True,0.37498155,61,483,3.826834,4.363983,52.535717,True,OK
1777555073.247372,True,True,0.37435797,61,484,4.204659,4.362814,52.910075,True,OK
1777555073.335330,True,True,0.37475899,61,485,4.260619,4.362078,53.284834,True,OK
1777555073.435796,True,True,0.37375244,61,486,3.720205,4.356842,53.658587,True,OK
1777555073.546993,True,True,0.37458923,61,486,0.000000,4.317857,53.658587,True,OK
1777555073.638328,True,True,0.37479565,61,486,0.000000,4.286354,53.658587,True,OK
1777555073.792503,True,True,0.37467715,61,489,7.290607,4.322904,54.782618,True,OK
1777555073.903888,True,True,0.37546995,61,489,0.000000,4.285239,54.782618,True,OK
1777555074.010669,True,True,0.37493380,61,490,3.511241,4.278827,55.157552,True,OK
1777555074.116648,True,True,0.37506530,60,489,5.005001,4.284749,55.687974,True,OK
1777555074.210972,True,True,0.37530636,61,488,5.627017,4.294420,56.218738,True,OK
1777555074.279840,True,True,0.37438478,61,487,5.436235,4.300395,56.593123,True,OK
1777555074.404511,True,True,0.37461297,61,485,6.009649,4.316436,57.342348,True,OK
1777555074.482450,True,True,0.37453241,61,485,0.000000,4.291260,57.342348,True,OK
1777555074.577537,True,True,0.37531604,61,485,0.000000,4.260939,57.342348,True,OK
1777555074.661141,True,True,0.37435390,61,486,4.477711,4.262278,57.716702,True,OK
1777555074.797474,True,True,0.37417038,60,486,2.744523,4.247149,58.090873,True,OK
1777555074.888365,True,True,0.37448403,60,489,12.360481,4.300708,59.214325,True,OK
1777555074.975902,True,True,0.37472026,59,490,6.053864,4.311784,59.744259,True,OK
1777555075.060509,True,True,0.37484113,58,491,6.265494,4.323641,60.274365,True,OK
1777555075.162357,True,True,0.37432211,58,493,7.350577,4.345595,61.023009,True,OK
1777555075.257879,True,True,0.37454203,57,498,19.993335,4.451317,62.932806,True,OK
1777555075.356720,True,True,0.37443371,57,499,3.788226,4.446713,63.307240,True,OK
1777555075.468354,True,True,0.37473677,56,503,13.840548,4.519799,64.852319,True,OK
1777555075.559043,True,True,0.37382509,56,506,12.366174,4.569081,65.973794,True,OK
1777555075.676961,True,True,0.37460874,55,510,13.098599,4.638172,67.518346,True,OK
1777555075.794586,True,True,0.37464841,54,512,7.122091,4.658082,68.356085,True,OK
1777555075.872882,True,True,0.37485431,54,514,9.575319,4.684179,69.105794,True,OK
1777555075.977220,True,True,0.37538644,54,513,3.597811,4.676550,69.481180,True,OK
1777555076.062612,True,True,0.37588745,54,514,4.401893,4.674980,69.857068,True,OK
1777555076.154219,True,True,0.37548329,54,512,8.197690,4.696444,70.608034,True,OK
1777555076.248048,True,True,0.37654963,54,511,4.013151,4.692206,70.984584,True,OK
1777555076.349427,True,True,0.37603660,54,513,7.418455,4.710354,71.736657,True,OK
1777555076.433897,True,True,0.37684364,54,512,4.461258,4.708980,72.113501,True,OK
1777555076.532204,True,True,0.37648631,54,511,3.829704,4.703372,72.489987,True,OK
1777555076.632931,True,True,0.37726853,54,508,11.236279,4.745791,73.621793,True,OK
1777555076.732472,True,True,0.37765001,54,509,3.793925,4.739722,73.999443,True,OK
1777555076.811721,True,True,0.37811535,53,510,6.747569,4.749862,74.534178,True,OK
1777555076.891460,True,True,0.37820564,53,509,4.743039,4.749828,74.912384,True,OK
1777555077.014503,True,True,0.37839714,53,510,3.075311,4.736865,75.290781,True,OK
1777555077.106594,True,True,0.37862078,52,510,4.111394,4.733262,75.669402,True,OK
1777555077.183824,True,True,0.37829662,52,511,4.898298,4.734055,76.047699,True,OK
1777555077.290386,True,True,0.37902806,52,512,3.556874,4.726298,76.426727,True,OK
1777555077.377720,True,True,0.37882247,51,512,4.337668,4.724210,76.805549,True,OK
1777555077.486840,True,True,0.37893608,51,515,10.417929,4.762171,77.942357,True,OK
1777555077.594240,True,True,0.37804578,51,518,10.559944,4.799968,79.076495,True,OK
1777555077.693730,True,True,0.37843435,51,519,3.803745,4.793988,79.454929,True,OK
1777555077.800606,True,True,0.37866283,51,520,3.542998,4.785972,79.833592,True,OK
1777555077.882338,True,True,0.37817528,50,521,6.543643,4.794542,80.368412,True,OK
1777555077.965283,True,True,0.37834207,50,519,9.122657,4.815854,81.125097,True,OK
1777555078.048692,True,True,0.37865828,50,520,4.539773,4.814493,81.503755,True,OK
1777555078.131660,True,True,0.37873919,50,520,0.000000,4.791013,81.503755,True,OK
1777555078.200084,True,True,0.37922300,50,521,5.542272,4.794022,81.882978,True,OK
1777555078.294563,True,True,0.37915245,50,521,0.000000,4.767650,81.882978,True,OK
1777555078.388062,True,True,0.37946750,50,522,4.058532,4.763811,82.262445,True,OK
1777555078.472087,True,True,0.37972705,49,521,6.391088,4.771691,82.799461,True,OK
1777555078.561971,True,True,0.37848696,49,521,0.000000,4.747101,82.799461,True,OK
1777555078.684868,True,True,0.37953858,49,522,3.088268,4.735494,83.178999,True,OK
1777555078.794545,True,True,0.37908226,49,522,0.000000,4.706109,83.178999,True,OK
1777555078.907915,True,True,0.37983018,49,520,6.700707,4.718821,83.938659,True,OK
1777555078.997487,True,True,0.37944294,49,520,0.000000,4.695179,83.938659,True,OK
1777555079.119249,True,True,0.37847991,49,520,0.000000,4.663417,83.938659,True,OK
1777555079.199983,True,True,0.37840781,50,520,4.687093,4.663523,84.317067,True,OK
1777555079.278732,True,True,0.37929760,50,520,0.000000,4.643299,84.317067,True,OK
1777555079.368294,True,True,0.37873195,50,520,0.000000,4.620510,84.317067,True,OK
1777555079.464967,True,True,0.37791917,50,521,3.909233,4.616762,84.694986,True,OK
1777555079.605841,True,True,0.37867578,50,521,0.000000,4.581579,84.694986,True,OK
1777555079.743621,True,True,0.37755062,50,526,13.701265,4.649047,86.582740,True,OK
1777555079.834351,True,True,0.37801201,50,530,16.665324,4.707303,88.094788,True,OK
1777555079.913404,True,True,0.37686299,50,531,4.767253,4.707555,88.471651,True,OK
1777555080.034219,True,True,0.37693029,49,533,6.976298,4.722047,89.314492,True,OK
1777555080.130213,True,True,0.37574232,49,537,15.656870,4.777263,90.817462,True,OK
1777555080.242058,True,True,0.37590335,48,540,10.628174,4.811485,92.006172,True,OK
1777555080.337384,True,True,0.37485367,48,542,7.864692,4.826630,92.755880,True,OK
1777555080.427814,True,True,0.37432838,48,544,8.278874,4.842799,93.504537,True,OK
1777555080.512352,True,True,0.37469027,48,545,4.432187,4.841009,93.879227,True,OK
1777555080.615297,True,True,0.37448797,47,547,8.134226,4.858399,94.716607,True,OK
1777555080.746877,True,True,0.37420524,47,549,5.687900,4.863960,95.465018,True,OK
1777555080.843388,True,True,0.37371925,47,550,3.872292,4.859107,95.838737,True,OK
1777555080.951676,True,True,0.37412046,47,551,3.454864,4.851439,96.212858,True,OK
1777555081.040594,True,True,0.37360861,47,551,0.000000,4.829785,96.212858,True,OK
1777555081.135969,True,True,0.37428492,47,552,3.924358,4.825470,96.587142,True,OK
1777555081.235881,True,True,0.37380478,47,552,0.000000,4.801503,96.587142,True,OK
1777555081.355992,True,True,0.37419892,48,552,3.115449,4.791496,96.961341,True,OK
1777555081.448130,True,True,0.37449602,48,553,4.064520,4.788201,97.335837,True,OK
1777555081.595116,True,True,0.37561225,48,551,5.110849,4.790517,98.087062,True,OK
1777555081.668139,True,True,0.37539233,48,550,5.140769,4.791762,98.462454,True,OK
1777555081.747914,True,True,0.37649561,48,550,0.000000,4.773230,98.462454,True,OK
1777555081.901846,True,True,0.37715479,48,549,2.450137,4.756023,98.839609,True,OK
1777555081.980820,True,True,0.37640879,48,549,0.000000,4.738018,98.839609,True,OK
1777555082.169089,True,True,0.37787528,48,548,2.007099,4.713592,99.217484,True,OK
1777555082.246532,True,True,0.37717301,48,545,14.611058,4.749873,100.349003,True,OK
1777555082.340805,True,True,0.37740019,48,544,4.003265,4.746556,100.726403,True,OK
1777555082.438280,True,True,0.37796937,48,542,7.755183,4.760312,101.482342,True,OK
1777555082.531654,True,True,0.37798267,48,540,8.096121,4.774859,102.238308,True,OK
1777555082.606540,True,True,0.37795641,48,539,5.047069,4.775808,102.616264,True,OK
1777555082.715779,True,True,0.37789399,48,540,3.459344,4.769149,102.994158,True,OK
1777555082.871209,True,True,0.37711641,47,541,3.431279,4.759589,103.527481,True,OK
1777555083.039570,True,True,0.37819640,47,542,2.246343,4.740285,103.905678,True,OK
1777555083.105086,True,True,0.37789507,47,543,5.767919,4.743348,104.283573,True,OK
1777555083.198419,True,True,0.37743191,47,543,0.000000,4.723296,104.283573,True,OK
1777555083.308696,True,True,0.37806621,46,544,4.848376,4.723918,104.818239,True,OK
1777555083.435057,True,True,0.37748766,46,545,2.987383,4.714085,105.195727,True,OK
1777555083.522265,True,True,0.37685150,46,544,4.321270,4.712555,105.572578,True,OK
1777555083.600878,True,True,0.37671727,46,545,4.792074,4.712833,105.949295,True,OK
1777555083.683849,True,True,0.37676453,46,545,0.000000,4.695504,105.949295,True,OK
1777555083.820020,True,True,0.37726617,46,546,2.770540,4.683956,106.326562,True,OK
1777555083.915181,True,True,0.37686135,45,546,3.960232,4.680935,106.703423,True,OK
1777555084.002447,True,True,0.37679388,45,547,4.317800,4.679550,107.080217,True,OK
1777555084.082731,True,True,0.37698707,45,547,0.000000,4.663189,107.080217,True,OK
1777555084.176067,True,True,0.37777339,45,547,0.000000,4.644312,107.080217,True,OK
1777555084.247217,True,True,0.37726908,44,548,7.498785,4.653093,107.613756,True,OK
1777555084.397802,True,True,0.37742450,44,548,0.000000,4.622993,107.613756,True,OK
1777555084.511798,True,True,0.37732216,44,548,0.000000,4.600463,107.613756,True,OK
1777555084.618112,True,True,0.37755110,44,549,3.551285,4.595717,107.991307,True,OK
1777555084.699434,True,True,0.37748959,44,547,9.283857,4.611885,108.746286,True,OK
1777555084.778202,True,True,0.37738686,44,549,9.582178,4.628433,109.501060,True,OK
1777555084.878779,True,True,0.37752255,44,550,3.753554,4.624730,109.878582,True,OK
1777555084.957219,True,True,0.37731806,43,550,4.810279,4.625340,110.255900,True,OK
1777555085.038232,True,True,0.37711889,43,550,0.000000,4.609674,110.255900,True,OK
1777555085.127731,True,True,0.37676865,43,550,0.000000,4.592490,110.255900,True,OK
1777555085.220438,True,True,0.37652643,43,550,0.000000,4.574824,110.255900,True,OK
1777555085.316108,True,True,0.37617479,43,550,0.000000,4.556735,110.255900,True,OK
1777555085.450373,True,True,0.37649940,43,549,2.804153,4.547064,110.632400,True,OK
1777555085.550594,True,True,0.37609268,43,548,3.752628,4.543805,111.008493,True,OK
1777555085.641949,True,True,0.37687153,432,308,1885.613952,11.551563,283.268467,True,OK
1777555085.733035,True,True,0.37630075,432,307,4.131273,11.524103,283.644767,True,OK
1777555085.808670,True,True,0.37563698,43,546,2267.446363,18.435215,455.143515,True,OK
1777555085.909804,True,True,0.37665174,43,545,3.724282,18.375199,455.520166,True,OK
1777555085.991266,True,True,0.37652292,43,544,4.622087,18.330153,455.896689,True,OK
1777555086.074169,True,True,0.37705073,43,542,9.096096,18.299476,456.650791,True,OK
1777555086.228520,True,True,0.37755295,43,542,0.000000,18.186983,456.650791,True,OK
1777555086.309643,True,True,0.37767362,43,539,13.966807,18.173392,457.783812,True,OK
1777555086.412603,True,True,0.37794322,43,539,0.000000,18.099413,457.783812,True,OK
1777555086.511213,True,True,0.37835674,43,537,7.673862,18.058924,458.540525,True,OK
1777555086.616541,True,True,0.37861398,43,537,0.000000,17.984322,458.540525,True,OK
1777555086.699659,True,True,0.37763139,43,536,4.543306,17.940647,458.918156,True,OK
1777555086.810531,True,True,0.37838090,43,535,3.412771,17.877950,459.296537,True,OK
1777555086.932559,True,True,0.37869706,43,535,0.000000,17.793433,459.296537,True,OK
1777555087.010790,True,True,0.37961279,430,302,2191.988309,24.362901,630.778186,True,OK
1777555087.090348,True,True,0.37835533,429,302,4.755737,24.302837,631.156541,True,OK
1777555087.184048,True,True,0.37855664,429,302,0.000000,24.215468,631.156541,True,OK
1777555087.277270,True,True,0.37884885,429,301,4.063947,24.143651,631.535390,True,OK
1777555087.370409,True,True,0.37861961,429,301,0.000000,24.057987,631.535390,True,OK
1777555087.463941,True,True,0.37846483,427,301,8.092768,24.001304,632.292320,True,OK
1777555087.558142,True,True,0.37836286,428,302,5.680280,23.936026,632.827405,True,OK
1777555087.666510,True,True,0.37994294,42,532,1575.362648,30.269226,803.546554,True,OK
1777555087.760232,True,True,0.37930812,42,533,4.047168,30.176976,803.925862,True,OK
1777555087.855176,True,True,0.37994867,42,536,12.005456,30.112444,805.065708,True,OK
1777555087.957822,True,True,0.38010105,427,303,1666.422407,36.370760,976.117093,True,OK
1777555088.031660,True,True,0.38010105,427,303,0.000000,36.270969,976.117093,True,OK
1777555088.104394,True,True,0.38053367,428,303,5.231863,36.187306,976.497627,True,OK
1777555088.211743,True,True,0.38041334,42,533,1592.289091,42.353206,1147.428139,True,OK
1777555088.293000,True,True,0.37976761,427,303,2096.010390,48.494299,1317.742376,True,OK
1777555088.387248,True,True,0.37966999,428,302,5.696992,48.346372,1318.279311,True,OK
1777555088.486273,True,True,0.37993348,42,532,1723.957384,54.409548,1488.994209,True,OK
1777555088.572978,True,True,0.38074637,426,302,1965.600915,60.445616,1659.420639,True,OK
1777555088.676168,True,True,0.38039363,42,531,1648.150958,66.391114,1829.494032,True,OK
1777555088.761068,True,True,0.38021877,42,530,4.478461,66.200950,1829.874251,True,OK
1777555088.849860,True,True,0.38019196,43,531,6.055395,66.008362,1830.411924,True,OK
1777555088.928263,True,True,0.38127206,42,530,6.877311,65.841649,1830.951124,True,OK
1777555089.010317,True,True,0.38108666,426,303,2071.731320,71.743006,2000.945252,True,OK
1777555089.105158,True,True,0.38167487,42,531,1797.229604,77.590608,2171.396311,True,OK
1777555089.193455,True,True,0.38172477,42,531,0.000000,77.346571,2171.396311,True,OK
1777555089.278333,True,True,0.38155698,42,531,0.000000,77.113425,2171.396311,True,OK
1777555089.397997,True,True,0.38184234,425,303,1422.290904,82.805805,2341.593942,True,OK
1777555089.485647,True,True,0.38161582,42,531,1940.633748,88.546478,2511.690608,True,OK
1777555089.628493,True,True,0.38213986,42,531,0.000000,88.102805,2511.690608,True,OK
1777555089.730517,True,True,0.38176418,42,531,0.000000,87.788637,2511.690608,True,OK
1777555089.910280,True,True,0.38240583,423,303,944.531225,93.138016,2681.482674,True,OK
1777555090.006409,True,True,0.38265992,423,303,0.000000,92.828071,2681.482674,True,OK
1777555090.089572,True,True,0.38254786,422,303,4.599949,92.574794,2681.865222,True,OK
1777555090.340862,True,True,0.38291200,422,303,0.000000,91.778685,2681.865222,True,OK
1777555090.553740,True,True,0.38379270,422,328,45.072061,91.440885,2691.460039,True,OK
1777555090.721111,True,True,0.38363810,420,303,57.486617,91.248901,2701.081634,True,OK
1777555090.898129,True,True,0.38484691,421,328,54.394721,91.029820,2710.710501,True,OK
1777555090.996603,True,True,0.38413938,421,303,97.523495,91.051223,2720.313985,True,OK
1777555091.089405,True,True,0.38438697,41,534,1841.951021,96.473004,2891.252129,True,OK
1777555091.182587,True,True,0.38509890,41,534,0.000000,96.173980,2891.252129,True,OK
1777555091.274612,True,True,0.38506989,41,532,8.368742,95.906018,2892.022269,True,OK
1777555091.364819,True,True,0.38487957,41,533,4.266667,95.632702,2892.407149,True,OK
1777555091.432406,True,True,0.38443871,421,304,2523.592950,101.046284,3062.970173,True,OK
1777555091.554779,True,True,0.38502340,41,531,1392.682754,106.239692,3233.396421,True,OK
1777555091.652907,True,True,0.38603244,42,530,5.563467,105.916135,3233.942353,True,OK
1777555091.752951,True,True,0.38502707,42,530,0.000000,105.570224,3233.942353,True,OK
1777555091.874319,True,True,0.38509192,42,531,3.172930,105.166128,3234.327445,True,OK
1777555091.979286,True,True,0.38512926,42,531,0.000000,104.808410,3234.327445,True,OK
1777555092.090777,True,True,0.38509180,42,532,3.454018,104.443548,3234.712537,True,OK
1777555092.171362,True,True,0.38494548,420,304,2108.714717,109.645011,3404.642313,True,OK
1777555092.260604,True,True,0.38559029,42,534,1911.803123,114.809596,3575.256323,True,OK
1777555092.353562,True,True,0.38551303,42,534,0.000000,114.467901,3575.256323,True,OK
1777555092.446110,True,True,0.38492706,42,534,0.000000,114.129723,3575.256323,True,OK
1777555092.535464,True,True,0.38489560,42,534,0.000000,113.805111,3575.256323,True,OK
1777555092.604783,True,True,0.38489959,42,534,0.000000,113.554549,3575.256323,True,OK
1777555092.698436,True,True,0.38489434,42,534,0.000000,113.217779,3575.256323,True,OK
1777555092.776165,True,True,0.38465524,42,534,0.000000,112.939783,3575.256323,True,OK
1777555092.871948,True,True,0.38508902,43,534,4.020462,112.611220,3575.641413,True,OK
1777555092.971183,True,True,0.38490427,42,535,5.485341,112.277463,3576.185749,True,OK
1777555093.057581,True,True,0.38521745,42,537,8.917264,111.997852,3576.956184,True,OK
1777555093.167341,True,True,0.38476583,420,307,1551.100261,116.926673,3747.205390,True,OK
1777555093.244591,True,True,0.38432305,419,307,4.975025,116.657462,3747.589713,True,OK
1777555093.343695,True,True,0.38478773,419,308,3.882678,116.310626,3747.974501,True,OK
1777555093.417440,True,True,0.38541007,419,309,5.226287,116.056989,3748.359911,True,OK
1777555093.538246,True,True,0.38459588,419,309,0.000000,115.624506,3748.359911,True,OK
1777555093.669884,True,True,0.38463610,421,310,6.533616,115.183323,3749.219983,True,OK
1777555093.746103,True,True,0.38392662,41,552,2269.303915,120.215640,3922.184785,True,OK
1777555093.856012,True,True,0.38410904,41,553,3.494812,119.823762,3922.568894,True,OK
1777555093.962220,True,True,0.38446728,421,310,1632.779834,124.716494,4095.984094,True,OK
1777555094.043124,True,True,0.38384022,419,310,9.488809,124.433340,4096.751774,True,OK
1777555094.119955,True,True,0.38496400,417,311,11.203939,124.169720,4097.612580,True,OK
1777555094.199287,True,True,0.38475937,417,336,121.248473,124.162714,4107.231564,True,OK
1777555094.291961,True,True,0.38560837,417,336,0.000000,123.815837,4107.231564,True,OK
1777555094.369584,True,True,0.38547840,417,336,0.000000,123.526783,4107.231564,True,OK
1777555094.457424,True,True,0.38502489,416,335,6.198883,123.217642,4107.776072,True,OK
1777555094.542940,True,True,0.38538615,416,310,112.665270,123.190643,4117.410725,True,OK
1777555094.620024,True,True,0.38481611,417,309,7.059961,122.923424,4117.954938,True,OK
1777555094.719748,True,True,0.38534793,417,309,0.000000,122.558591,4117.954938,True,OK
1777555094.823031,True,True,0.38481994,416,307,8.331266,122.208540,4118.815421,True,OK
1777555094.916331,True,True,0.38497107,414,306,9.226396,121.896637,4119.676243,True,OK
1777555095.010155,True,True,0.38435060,416,305,9.160098,121.584532,4120.535677,True,OK
1777555095.138318,True,True,0.38450709,415,306,4.242837,121.142452,4121.079452,True,OK
1777555095.230252,True,True,0.38424999,415,330,100.311387,121.086308,4130.301452,True,OK
1777555095.344293,True,True,0.38363910,415,304,87.464562,120.974275,4140.276068,True,OK
1777555095.441597,True,True,0.38387680,414,330,102.649577,120.922323,4150.264245,True,OK
1777555095.540624,True,True,0.38392654,414,330,0.000000,120.574434,4150.264245,True,OK
1777555095.632297,True,True,0.38351073,414,305,104.586727,120.531967,4159.852013,True,OK
1777555095.707593,True,True,0.38327122,413,306,7.198674,120.285247,4160.394040,True,OK
1777555095.775799,True,True,0.38422650,412,332,146.574050,120.336986,4170.391315,True,OK
1777555095.901208,True,True,0.38357303,413,332,3.058568,119.914121,4170.774888,True,OK
1777555095.978324,True,True,0.38398829,412,307,124.584672,119.924453,4180.382272,True,OK
1777555096.088212,True,True,0.38459167,411,307,3.499834,119.558587,4180.766864,True,OK
1777555096.197029,True,True,0.38444925,413,307,7.065987,119.209611,4181.535763,True,OK
1777555096.276272,True,True,0.38422210,413,307,0.000000,118.940913,4181.535763,True,OK
1777555096.370622,True,True,0.38443915,413,307,0.000000,118.622561,4181.535763,True,OK
1777555096.450200,True,True,0.38425530,411,307,9.657305,118.377128,4182.304273,True,OK
1777555096.560742,True,True,0.38476679,413,306,7.783194,118.032181,4183.164638,True,OK
1777555096.658077,True,True,0.38496628,413,307,3.955032,117.719735,4183.549604,True,OK
1777555096.743605,True,True,0.38573050,410,307,13.530102,117.469591,4184.706796,True,OK
1777555096.850302,True,True,0.38475476,411,332,90.223484,117.388230,4194.333357,True,OK
1777555096.959333,True,True,0.38405594,412,306,91.650571,117.309930,4204.326194,True,OK
1777555097.053424,True,True,0.38490013,411,305,5.785158,117.017906,4204.870525,True,OK
1777555097.169323,True,True,0.38503693,412,330,83.120766,116.908927,4214.504146,True,OK
1777555097.244708,True,True,0.38503857,411,330,5.107654,116.675622,4214.889184,True,OK
1777555097.338871,True,True,0.38503471,410,305,102.306878,116.638266,4224.522750,True,OK
1777555097.460908,True,True,0.38522580,410,305,0.000000,116.246584,4224.522750,True,OK
1777555097.557112,True,True,0.38547270,409,305,4.006844,115.950243,4224.908222,True,OK
1777555097.649886,True,True,0.38496002,410,330,103.818751,115.919433,4234.539919,True,OK
1777555097.744305,True,True,0.38534648,410,305,102.030450,115.883626,4244.173581,True,OK
1777555097.829326,True,True,0.38488256,409,305,4.526911,115.625719,4244.558464,True,OK
1777555097.904787,True,True,0.38507804,409,305,0.000000,115.388522,4244.558464,True,OK
1777555097.989033,True,True,0.38494514,412,305,13.707948,115.156183,4245.713299,True,OK
1777555098.076016,True,True,0.38448851,412,305,0.000000,114.885142,4245.713299,True,OK
1777555098.157045,True,True,0.38441746,411,331,123.440027,114.903858,4255.715543,True,OK
1777555098.229267,True,True,0.38428374,411,331,0.000000,114.680234,4255.715543,True,OK
1777555098.319593,True,True,0.38415870,411,305,110.578262,114.670274,4265.703669,True,OK
1777555098.424050,True,True,0.38422117,411,305,0.000000,114.349182,4265.703669,True,OK
1777555098.509240,True,True,0.38331240,408,305,13.498491,114.119398,4266.853606,True,OK
1777555098.603349,True,True,0.38352213,409,330,101.963320,114.088878,4276.449327,True,OK
1777555098.690506,True,True,0.38267340,408,305,109.853602,114.079053,4286.023812,True,OK
1777555098.775846,True,True,0.38319367,408,305,0.000000,113.820517,4286.023812,True,OK
1777555098.900822,True,True,0.38318030,408,305,0.000000,113.444008,4286.023812,True,OK
1777555098.979500,True,True,0.38247754,407,305,4.861279,113.218356,4286.406290,True,OK
1777555099.074985,True,True,0.38221954,407,305,0.000000,112.933531,4286.406290,True,OK
1777555099.164011,True,True,0.38257777,407,305,0.000000,112.669257,4286.406290,True,OK
1777555099.242045,True,True,0.38257771,406,305,4.902695,112.448664,4286.788868,True,OK
1777555099.340923,True,True,0.38229210,406,330,96.658081,112.407814,4296.346170,True,OK
1777555099.416112,True,True,0.38280411,405,305,127.381004,112.437212,4305.923926,True,OK
1777555099.493031,True,True,0.38215610,408,330,125.099833,112.462594,4315.546371,True,OK
1777555099.595329,True,True,0.38236015,405,305,94.112428,112.413805,4325.173953,True,OK
1777555099.678470,True,True,0.38169980,403,305,9.182004,112.191214,4325.937353,True,OK
1777555099.760427,True,True,0.38262514,403,305,0.000000,111.953255,4325.937353,True,OK
1777555099.850580,True,True,0.38278565,403,306,4.245979,111.702548,4326.320138,True,OK
1777555099.931672,True,True,0.38266743,404,306,4.718895,111.479018,4326.702806,True,OK
1777555100.065856,True,True,0.38318969,402,332,74.467564,111.351500,4336.695170,True,OK
1777555100.150035,True,True,0.38250665,403,307,113.690457,111.356544,4346.265484,True,OK
1777555100.259498,True,True,0.38311394,402,333,91.065940,111.299797,4356.233811,True,OK
1777555100.368177,True,True,0.38273291,401,308,88.112031,111.235590,4365.809785,True,OK
1777555100.466744,True,True,0.38250485,401,308,0.000000,110.956937,4365.809785,True,OK
1777555100.568577,True,True,0.38252967,401,334,97.667826,110.922633,4375.755557,True,OK
1777555100.664451,True,True,0.38239709,401,334,0.000000,110.653704,4375.755557,True,OK
1777555100.777088,True,True,0.38311242,401,335,3.401293,110.349078,4376.138669,True,OK
1777555100.853733,True,True,0.38221885,401,309,129.658862,110.386326,4386.076359,True,OK
1777555100.943336,True,True,0.38308483,401,310,4.275382,110.147578,4386.459444,True,OK
1777555101.024330,True,True,0.38244076,401,310,0.000000,109.924010,4386.459444,True,OK
1777555101.114028,True,True,0.38326519,402,311,6.042751,109.691029,4387.001463,True,OK
1777555101.196804,True,True,0.38419943,402,311,0.000000,109.464470,4387.001463,True,OK
1777555101.274016,True,True,0.38413071,402,312,4.975007,109.263548,4387.385594,True,OK
1777555101.352889,True,True,0.38346600,402,312,0.000000,109.049346,4387.385594,True,OK
1777555101.446968,True,True,0.38455859,402,338,106.277931,109.042881,4397.384117,True,OK
1777555101.555995,True,True,0.38489411,403,339,4.992584,108.762334,4397.928439,True,OK
1777555101.669524,True,True,0.38541080,401,339,6.789618,108.476835,4398.699261,True,OK
1777555101.770212,True,True,0.38578276,402,340,5.418514,108.221567,4399.244840,True,OK
1777555101.854833,True,True,0.38622150,402,340,0.000000,107.996753,4399.244840,True,OK
1777555101.932019,True,True,0.38584947,403,315,125.074069,108.029050,4408.898791,True,OK
1777555102.008973,True,True,0.38704694,403,315,0.000000,107.825736,4408.898791,True,OK
1777555102.108009,True,True,0.38749996,402,315,3.912728,107.574661,4409.286291,True,OK
1777555102.211609,True,True,0.38767379,402,315,0.000000,107.303445,4409.286291,True,OK
1777555102.320821,True,True,0.38771695,403,314,5.020637,107.032322,4409.834606,True,OK
1777555102.400057,True,True,0.38862053,401,339,123.006953,107.062985,4419.581159,True,OK
1777555102.509918,True,True,0.38873026,403,338,7.912072,106.799811,4420.450386,True,OK
1777555102.587601,True,True,0.38905526,401,313,125.605728,106.835041,4430.207842,True,OK
1777555102.754053,True,True,0.38884851,400,313,2.336104,106.417258,4430.596691,True,OK
1777555102.873369,True,True,0.38887107,400,313,0.000000,106.113157,4430.596691,True,OK
1777555102.947428,True,True,0.38832204,400,312,5.243414,105.934559,4430.985013,True,OK
1777555103.025242,True,True,0.38945177,399,312,5.004884,105.747142,4431.374465,True,OK
1777555103.126419,True,True,0.38985826,397,311,8.616127,105.513193,4432.246214,True,OK
1777555103.243422,True,True,0.39048882,396,310,4.719815,105.233227,4432.798449,True,OK
1777555103.351629,True,True,0.38981419,396,310,0.000000,104.963597,4432.798449,True,OK
1777555103.431141,True,True,0.38989884,395,310,4.903640,104.775562,4433.188348,True,OK
1777555103.556322,True,True,0.39007837,394,309,4.406870,104.479491,4433.740002,True,OK
1777555103.712718,True,True,0.39102833,395,309,2.500247,104.105036,4434.131030,True,OK
1777555103.851878,True,True,0.39020748,394,307,6.269973,103.786428,4435.003561,True,OK
1777555103.943372,True,True,0.39083486,394,308,4.271695,103.573811,4435.394395,True,OK
1777555104.009227,True,True,0.39066062,393,308,5.932131,103.423886,4435.785056,True,OK
1777555104.116224,True,True,0.39125563,393,308,0.000000,103.166515,4435.785056,True,OK
1777555104.196080,True,True,0.39130323,392,310,10.956926,102.995573,4436.660037,True,OK
1777555104.326329,True,True,0.39132878,392,336,78.116263,102.920573,4446.834585,True,OK
1777555104.399763,True,True,0.39072771,393,336,5.320827,102.754974,4447.225313,True,OK
1777555104.515256,True,True,0.39018549,393,336,0.000000,102.481499,4447.225313,True,OK
1777555104.594935,True,True,0.38975292,392,336,4.891538,102.302641,4447.615066,True,OK
1777555104.699969,True,True,0.38995033,391,336,3.712632,102.065027,4448.005016,True,OK
1777555104.788064,True,True,0.38997088,392,336,4.426687,101.868053,4448.394987,True,OK
1777555104.915838,True,True,0.38972809,391,336,3.050147,101.579755,4448.784715,True,OK
1777555105.013027,True,True,0.38827848,390,310,103.948344,101.584999,4458.887420,True,OK
1777555105.088026,True,True,0.38890102,390,308,10.370852,101.429411,4459.665222,True,OK
1777555105.165535,True,True,0.38866301,390,332,120.345557,101.462698,4468.993134,True,OK
1777555105.276325,True,True,0.38851359,389,333,4.959345,101.220570,4469.542575,True,OK
1777555105.383507,True,True,0.38828897,389,333,0.000000,100.975468,4469.542575,True,OK
1777555105.461064,True,True,0.38801882,388,333,5.003025,100.807603,4469.930594,True,OK
1777555105.566109,True,True,0.38836112,389,307,96.196068,100.796704,4480.035449,True,OK
1777555105.726633,True,True,0.38801928,388,332,60.478289,100.651612,4489.743688,True,OK
1777555105.831818,True,True,0.38805807,388,331,3.689307,100.423509,4490.131746,True,OK
1777555105.963258,True,True,0.38627161,387,330,4.156040,100.141340,4490.678017,True,OK
1777555106.071298,True,True,0.38752608,387,330,0.000000,99.900652,4490.678017,True,OK
1777555106.153683,True,True,0.38693075,386,329,6.641975,99.730043,4491.225220,True,OK
1777555106.226855,True,True,0.38710396,386,304,132.259354,99.782812,4500.902819,True,OK
1777555106.308211,True,True,0.38671413,385,328,114.179825,99.808732,4510.192011,True,OK
1777555106.400096,True,True,0.38715747,385,303,105.337403,99.819951,4519.870948,True,OK
1777555106.477820,True,True,0.38631866,385,302,4.970362,99.657418,4520.257266,True,OK
1777555106.584109,True,True,0.38696376,384,328,94.727631,99.645893,4530.325763,True,OK
1777555106.683741,True,True,0.38718993,383,302,101.115895,99.649108,4540.400144,True,OK
1777555106.804740,True,True,0.38766457,384,327,80.160792,99.597492,4550.099509,True,OK
1777555106.899489,True,True,0.38733568,384,327,0.000000,99.391357,4550.099509,True,OK
1777555106.997968,True,True,0.38758996,382,302,98.708630,99.389892,4559.820216,True,OK
1777555107.098606,True,True,0.38752736,382,302,0.000000,99.172348,4559.820216,True,OK
1777555107.186353,True,True,0.38772395,381,302,4.418617,98.991860,4560.207939,True,OK
1777555107.278538,True,True,0.38774094,382,302,4.206149,98.802562,4560.595680,True,OK
1777555107.378773,True,True,0.38853094,381,302,3.876201,98.596873,4560.984211,True,OK
1777555107.491324,True,True,0.38874078,380,302,3.453887,98.365945,4561.372952,True,OK
1777555107.618153,True,True,0.38865759,380,302,0.000000,98.097641,4561.372952,True,OK
1777555107.728870,True,True,0.38880599,379,328,91.371919,98.081665,4571.489382,True,OK
1777555107.837926,True,True,0.38851056,379,328,0.000000,97.852710,4571.489382,True,OK
1777555107.946596,True,True,0.38870881,378,302,93.069452,97.841609,4581.603284,True,OK
1777555108.023841,True,True,0.38927811,379,302,5.039510,97.688776,4581.992562,True,OK
1777555108.118330,True,True,0.38914145,377,302,8.236748,97.508935,4582.770845,True,OK
1777555108.226157,True,True,0.38896376,378,326,86.650807,97.484081,4592.114075,True,OK
1777555108.316772,True,True,0.38886657,379,301,107.370846,97.503063,4601.843513,True,OK
1777555108.412272,True,True,0.38999528,377,301,8.167400,97.322662,4602.623504,True,OK
1777555108.499484,True,True,0.38839857,377,301,0.000000,97.143520,4602.623504,True,OK
1777555108.598757,True,True,0.38886685,376,326,98.006763,97.145325,4612.352949,True,OK
1777555108.680134,True,True,0.38927807,375,301,119.687581,97.183895,4622.092683,True,OK
1777555108.781920,True,True,0.38984650,376,301,3.830037,96.984529,4622.482530,True,OK
1777555108.883506,True,True,0.38992905,375,301,3.838418,96.786422,4622.872459,True,OK
1777555108.992594,True,True,0.38889836,373,301,7.129982,96.582121,4623.650256,True,OK
1777555109.089941,True,True,0.38942968,373,302,4.000457,96.394244,4624.039685,True,OK
1777555109.178897,True,True,0.38943534,372,302,4.377825,96.223923,4624.429121,True,OK
1777555109.283937,True,True,0.39027583,372,327,92.887367,96.216646,4634.186017,True,OK
1777555109.393709,True,True,0.39021774,372,327,0.000000,95.997854,4634.186017,True,OK
1777555109.481103,True,True,0.39021881,372,302,111.626317,96.026097,4643.941487,True,OK
1777555109.586412,True,True,0.39013394,372,302,0.000000,95.817450,4643.941487,True,OK
1777555109.744312,True,True,0.39041127,372,303,2.472528,95.514328,4644.331898,True,OK
1777555109.899546,True,True,0.38931749,373,303,2.507930,95.218348,4644.721216,True,OK
1777555109.992977,True,True,0.38894578,372,303,4.162931,95.044278,4645.110161,True,OK
1777555110.085324,True,True,0.38858269,373,303,4.207869,94.872964,4645.498744,True,OK
1777555110.172713,True,True,0.38948658,373,303,0.000000,94.703946,4645.498744,True,OK
1777555110.257632,True,True,0.38926884,373,304,4.583964,94.548201,4645.888013,True,OK
1777555110.381385,True,True,0.38888813,374,304,3.142452,94.318575,4646.276901,True,OK
1777555110.478589,True,True,0.38879168,372,329,100.313739,94.330381,4656.027747,True,OK
1777555110.600336,True,True,0.38800746,372,303,82.862102,94.302163,4666.115941,True,OK
1777555110.712778,True,True,0.38786792,373,328,86.305916,94.284033,4675.820393,True,OK
1777555110.800683,True,True,0.38800819,372,328,4.413929,94.125017,4676.208401,True,OK
1777555110.883758,True,True,0.38795729,373,328,4.670002,93.975683,4676.596359,True,OK
1777555111.016532,True,True,0.38825150,370,303,73.628230,93.921539,4686.372282,True,OK
1777555111.128217,True,True,0.38808935,370,302,3.474870,93.719543,4686.760371,True,OK
1777555111.205997,True,True,0.38822534,370,302,0.000000,93.574003,4686.760371,True,OK
1777555111.304593,True,True,0.38795453,370,302,0.000000,93.390162,4686.760371,True,OK
1777555111.398474,True,True,0.38838337,370,302,0.000000,93.215782,4686.760371,True,OK
1777555111.484400,True,True,0.38864329,368,302,9.046019,93.072182,4687.537658,True,OK
1777555111.589612,True,True,0.38911639,368,301,3.698387,92.885868,4687.926774,True,OK
1777555111.669087,True,True,0.38906950,368,301,0.000000,92.739831,4687.926774,True,OK
1777555111.743629,True,True,0.38924501,368,300,5.221785,92.610962,4688.316019,True,OK
1777555111.868348,True,True,0.38907987,367,299,4.411874,92.394206,4688.866261,True,OK
1777555111.961496,True,True,0.38932452,370,299,12.538902,92.247901,4690.034235,True,OK
1777555112.060668,True,True,0.39064914,368,299,7.878167,92.083649,4690.815533,True,OK
1777555112.169917,True,True,0.39026897,368,299,0.000000,91.886586,4690.815533,True,OK
1777555112.270098,True,True,0.39008846,367,299,3.893842,91.714247,4691.205621,True,OK
1777555112.352471,True,True,0.39046782,366,300,6.703681,91.577565,4691.757826,True,OK
1777555112.438200,True,True,0.39045604,367,301,6.441081,91.435341,4692.310014,True,OK
1777555112.523100,True,True,0.39064594,366,301,4.601266,91.291922,4692.700660,True,OK
1777555112.655088,True,True,0.39030580,366,302,2.957130,91.065686,4693.090966,True,OK
1777555112.742662,True,True,0.39058933,366,303,4.460130,90.918767,4693.481555,True,OK
1777555112.820602,True,True,0.39022894,366,304,5.006757,90.789252,4693.871784,True,OK
1777555112.944761,True,True,0.38971344,366,305,3.138841,90.579266,4694.261498,True,OK
1777555113.023120,True,True,0.38999923,365,306,7.038625,90.453143,4694.813040,True,OK
1777555113.112037,True,True,0.38964641,365,306,0.000000,90.298450,4694.813040,True,OK
1777555113.192900,True,True,0.38940398,365,306,0.000000,90.158227,4694.813040,True,OK
1777555113.315679,True,True,0.38989899,365,307,3.175631,89.953621,4695.202939,True,OK
1777555113.398232,True,True,0.38996414,365,332,118.094530,89.998058,4704.952042,True,OK
1777555113.487540,True,True,0.38957768,365,307,109.054503,90.030557,4714.691485,True,OK
1777555113.570709,True,True,0.38963324,365,307,0.000000,89.887799,4714.691485,True,OK
1777555113.663934,True,True,0.38893192,365,307,0.000000,89.728319,4714.691485,True,OK
1777555113.762591,True,True,0.38892041,365,307,0.000000,89.560161,4714.691485,True,OK
1777555113.835647,True,True,0.38863002,364,307,5.319637,89.443417,4715.080115,True,OK
1777555113.913718,True,True,0.38829979,364,307,0.000000,89.311148,4715.080115,True,OK
1777555113.990962,True,True,0.38827625,364,306,5.026617,89.188009,4715.468391,True,OK
1777555114.100895,True,True,0.38787827,362,305,7.889543,89.019318,4716.335713,True,OK
1777555114.205835,True,True,0.38702925,362,305,0.000000,88.843347,4716.335713,True,OK
1777555114.305013,True,True,0.38645207,362,305,0.000000,88.677674,4716.335713,True,OK
1777555114.389070,True,True,0.38655783,361,305,4.598753,88.545000,4716.722271,True,OK
1777555114.489006,True,True,0.38647557,359,306,8.647411,88.395389,4717.586456,True,OK
1777555114.615247,True,True,0.38660942,357,306,6.124955,88.201244,4718.359675,True,OK
1777555114.754154,True,True,0.38620149,356,308,6.216894,87.988913,4719.223248,True,OK
1777555114.837422,True,True,0.38696850,355,308,4.647243,87.859723,4719.610217,True,OK
1777555114.944989,True,True,0.38686320,356,309,5.086230,87.694305,4720.157324,True,OK
1777555115.023013,True,True,0.38684064,355,310,7.011593,87.577518,4720.704399,True,OK
1777555115.133866,True,True,0.38735327,355,311,3.494306,87.404954,4721.091752,True,OK
1777555115.232134,True,True,0.38724776,353,312,8.811740,87.262229,4721.957665,True,OK
1777555115.316611,True,True,0.38796043,353,313,4.592514,87.133371,4722.345625,True,OK
1777555115.397969,True,True,0.38823126,352,312,6.748393,87.012880,4722.894667,True,OK
1777555115.489411,True,True,0.38866910,353,338,110.593411,87.052539,4733.007535,True,OK
1777555115.585198,True,True,0.38897796,353,338,0.000000,86.899443,4733.007535,True,OK
1777555115.667444,True,True,0.38865875,353,312,122.863503,86.953669,4743.112663,True,OK
1777555115.761456,True,True,0.38855856,352,311,5.845092,86.814121,4743.662168,True,OK
1777555115.850214,True,True,0.38855110,353,311,4.377658,86.680432,4744.050719,True,OK
1777555115.929875,True,True,0.38760477,353,310,4.865655,86.561521,4744.438323,True,OK
1777555116.007763,True,True,0.38767547,350,310,14.931988,86.459876,4745.601350,True,OK
1777555116.090527,True,True,0.38812199,350,309,4.689494,86.336762,4745.989472,True,OK
1777555116.178724,True,True,0.38827124,351,308,6.225869,86.208436,4746.538570,True,OK
1777555116.257996,True,True,0.38766049,351,308,0.000000,86.084493,4746.538570,True,OK
1777555116.354389,True,True,0.38773154,352,307,5.688573,85.944191,4747.086906,True,OK
1777555116.461095,True,True,0.38762440,350,332,91.105803,85.954143,4756.808476,True,OK
1777555116.523248,True,True,0.38710501,352,306,162.412247,86.039916,4766.902940,True,OK
1777555116.612313,True,True,0.38719478,350,331,109.030926,86.076816,4776.613735,True,OK
1777555116.705570,True,True,0.38740588,350,305,108.008878,86.113612,4786.686288,True,OK
1777555116.782016,True,True,0.38631088,350,329,121.280714,86.161910,4795.957749,True,OK
1777555116.850171,True,True,0.38720662,349,304,142.145599,86.230375,4805.645656,True,OK
1777555116.953074,True,True,0.38615559,348,304,3.752613,86.078365,4806.031811,True,OK
1777555117.043994,True,True,0.38574526,348,305,4.242701,85.945319,4806.417557,True,OK
1777555117.101120,True,True,0.38641410,347,304,9.566115,85.867378,4806.964029,True,OK
1777555117.210652,True,True,0.38580642,347,304,0.000000,85.699699,4806.964029,True,OK
1777555117.314717,True,True,0.38584516,347,330,96.401315,85.719517,4816.996003,True,OK
1777555117.391726,True,True,0.38572289,348,330,5.008774,85.609062,4817.381726,True,OK
1777555117.487917,True,True,0.38560496,347,329,5.669222,85.472647,4817.927054,True,OK
1777555117.559322,True,True,0.38482330,347,328,5.389292,85.371328,4818.311877,True,OK
1777555117.650888,True,True,0.38488167,348,302,109.367724,85.410196,4828.326199,True,OK
1777555117.774710,True,True,0.38432025,346,303,6.940310,85.238695,4829.185565,True,OK
1777555117.882846,True,True,0.38489810,346,302,3.559407,85.083094,4829.570463,True,OK
1777555117.981704,True,True,0.38387190,346,303,3.883040,84.941921,4829.954335,True,OK
1777555118.052894,True,True,0.38411231,345,303,5.395639,84.842456,4830.338448,True,OK
1777555118.131716,True,True,0.38533654,345,303,0.000000,84.725156,4830.338448,True,OK
1777555118.241114,True,True,0.38448629,344,304,4.970371,84.572411,4830.882193,True,OK
1777555118.330132,True,True,0.38460371,344,303,4.320476,84.447540,4831.266797,True,OK
1777555118.412156,True,True,0.38430233,343,305,10.476539,84.341637,4832.126123,True,OK
1777555118.494703,True,True,0.38548916,344,305,4.669965,84.227012,4832.511612,True,OK
1777555118.570618,True,True,0.38452886,343,332,136.855918,84.296555,4842.901010,True,OK
1777555118.648110,True,True,0.38473589,343,332,0.000000,84.183005,4842.901010,True,OK
1777555118.725187,True,True,0.38401914,343,332,0.000000,84.070367,4842.901010,True,OK
1777555118.813479,True,True,0.38422437,344,307,108.881092,84.108336,4852.514301,True,OK
1777555118.908178,True,True,0.38431100,343,307,4.058211,83.977155,4852.898612,True,OK
1777555118.995019,True,True,0.38490441,342,309,9.910942,83.866020,4853.759284,True,OK
1777555119.069244,True,True,0.38471239,342,310,5.183044,83.765238,4854.143997,True,OK
1777555119.146628,True,True,0.38530923,341,310,4.979185,83.660170,4854.529306,True,OK
1777555119.225655,True,True,0.38550578,342,310,4.878157,83.553022,4854.914812,True,OK
1777555119.303267,True,True,0.38628286,341,311,7.038692,83.450958,4855.461098,True,OK
1777555119.368973,True,True,0.38628091,341,311,0.000000,83.356824,4855.461098,True,OK
1777555119.447755,True,True,0.38544959,341,312,4.892620,83.250844,4855.846548,True,OK
1777555119.522942,True,True,0.38567240,341,313,5.129495,83.150272,4856.232220,True,OK
1777555119.600020,True,True,0.38520850,340,315,11.175025,83.055407,4857.093573,True,OK
1777555119.685974,True,True,0.38575957,341,317,10.035511,82.948241,4857.956157,True,OK
1777555119.756525,True,True,0.38534027,341,321,21.847277,82.874724,4859.497518,True,OK
1777555119.841839,True,True,0.38718065,341,349,127.072742,82.938937,4870.338576,True,OK
1777555119.916966,True,True,0.38742832,341,327,113.454058,82.977927,4878.861999,True,OK
1777555119.979749,True,True,0.38759957,341,330,18.520916,82.909174,4880.024798,True,OK
1777555120.080396,True,True,0.38861133,342,337,27.302202,82.814251,4882.772695,True,OK
1777555120.147077,True,True,0.38858612,343,343,35.447584,82.760743,4885.136372,True,OK
1777555120.226527,True,True,0.38930901,342,348,24.985562,82.683083,4887.121467,True,OK
1777555120.303187,True,True,0.39039039,343,351,16.103789,82.596842,4888.355989,True,OK
1777555120.381716,True,True,0.39032740,344,380,144.229148,82.678513,4899.682212,True,OK
1777555120.474247,True,True,0.39180171,342,358,93.538710,82.695443,4908.337394,True,OK
1777555120.578156,True,True,0.39280935,342,360,7.560658,82.564139,4909.123013,True,OK
1777555120.653318,True,True,0.39274759,343,360,5.225336,82.466497,4909.515761,True,OK
1777555120.724649,True,True,0.39334055,341,387,149.294463,82.546472,4920.165052,True,OK
1777555120.812570,True,True,0.39329603,342,387,4.473294,82.431478,4920.558348,True,OK
1777555120.905997,True,True,0.39366065,342,386,4.213556,82.309248,4920.952009,True,OK
1777555121.002676,True,True,0.39335490,342,388,8.137281,82.189499,4921.738718,True,OK
1777555121.079597,True,True,0.39388286,340,388,10.241296,82.097199,4922.526484,True,OK
1777555121.147216,True,True,0.39515075,340,362,151.938161,82.175872,4932.800404,True,OK
1777555121.224680,True,True,0.39526952,340,388,132.668405,82.240948,4943.077411,True,OK
1777555121.303022,True,True,0.39498766,340,363,126.045624,82.297970,4952.952102,True,OK
1777555121.384192,True,True,0.39441720,341,388,121.575412,82.350873,4962.820418,True,OK
1777555121.473273,True,True,0.39441720,341,388,0.000000,82.229324,4962.820418,True,OK
1777555121.552836,True,True,0.39460550,341,388,0.000000,82.121065,4962.820418,True,OK
1777555121.630820,True,True,0.39663245,340,393,25.934042,82.048653,4964.842854,True,OK
1777555121.709891,True,True,0.39620541,340,397,20.043130,81.967736,4966.427676,True,OK
1777555121.788784,True,True,0.39638996,340,400,15.073118,81.880746,4967.616846,True,OK
1777555121.866624,True,True,0.39730071,340,404,20.416314,81.801987,4969.206049,True,OK
1777555121.956576,True,True,0.39781390,340,408,17.690054,81.707192,4970.797304,True,OK
1777555122.032003,True,True,0.39775919,340,412,21.093781,81.632135,4972.388341,True,OK
1777555122.115401,True,True,0.39966560,340,416,19.169050,81.546731,4973.987003,True,OK
1777555122.199650,True,True,0.40058069,341,418,10.631912,81.448916,4974.882729,True,OK
1777555122.280957,True,True,0.39986237,341,420,9.835845,81.353714,4975.682454,True,OK
1777555122.372736,True,True,0.40051096,342,420,4.363840,81.238355,4976.082965,True,OK
1777555122.449353,True,True,0.40128483,342,420,0.000000,81.136866,4976.082965,True,OK
1777555122.526703,True,True,0.40071658,343,420,5.180570,81.041190,4976.483681,True,OK
1777555122.608843,True,True,0.40064132,343,421,4.877587,80.939447,4976.884323,True,OK
1777555122.681239,True,True,0.40044638,343,420,5.531275,80.850767,4977.284769,True,OK
1777555122.771906,True,True,0.40035870,342,420,4.415728,80.738360,4977.685128,True,OK
1777555122.858424,True,True,0.40078945,343,420,4.632412,80.631708,4978.085917,True,OK
1777555122.953685,True,True,0.40024007,342,420,4.201527,80.513960,4978.486157,True,OK
1777555123.030067,True,True,0.40058136,343,420,5.244452,80.421096,4978.886739,True,OK
1777555123.100433,True,True,0.40060960,343,419,5.693234,80.336258,4979.287348,True,OK
1777555123.177032,True,True,0.39991464,344,419,5.220894,80.243541,4979.687263,True,OK
1777555123.264300,True,True,0.40017397,343,419,4.585582,80.137297,4980.087437,True,OK
1777555123.349730,True,True,0.39915636,342,419,4.672300,80.033697,4980.486593,True,OK
1777555123.427254,True,True,0.39852696,342,419,0.000000,79.934118,4980.486593,True,OK
1777555123.514742,True,True,0.39882876,342,419,0.000000,79.822036,4980.486593,True,OK
1777555123.604204,True,True,0.39882143,341,419,4.458008,79.714134,4980.885415,True,OK
1777555123.679791,True,True,0.39817527,341,420,5.267772,79.624185,4981.283590,True,OK
1777555123.758352,True,True,0.39868364,341,419,5.074871,79.530686,4981.682273,True,OK
1777555123.874931,True,True,0.39774436,339,419,6.823571,79.395619,4982.477762,True,OK
1777555123.959656,True,True,0.39737793,338,419,4.690188,79.294896,4982.875140,True,OK
1777555124.048573,True,True,0.39752268,339,420,6.322563,79.191787,4983.437322,True,OK
1777555124.129031,True,True,0.39777803,337,420,9.887881,79.103292,4984.232878,True,OK
1777555124.204049,True,True,0.39716128,336,420,5.294235,79.015520,4984.630039,True,OK
1777555124.283235,True,True,0.39708296,336,420,0.000000,78.916460,4984.630039,True,OK
1777555124.365597,True,True,0.39662301,336,420,0.000000,78.813692,4984.630039,True,OK
1777555124.452718,True,True,0.39715973,335,420,4.558701,78.711546,4985.027199,True,OK
1777555124.549355,True,True,0.39707361,335,420,0.000000,78.591626,4985.027199,True,OK
1777555124.626943,True,True,0.39656777,336,419,7.228343,78.504440,4985.588031,True,OK
1777555124.705590,True,True,0.39663122,334,419,10.086349,78.419816,4986.381293,True,OK
1777555124.796619,True,True,0.39692065,333,419,4.360379,78.313945,4986.778214,True,OK
1777555124.867956,True,True,0.39708394,333,419,0.000000,78.226307,4986.778214,True,OK
1777555124.965162,True,True,0.39612581,334,418,5.763135,78.115981,4987.338420,True,OK
1777555125.045800,True,True,0.39591355,333,418,4.909710,78.023636,4987.734334,True,OK
1777555125.121159,True,True,0.39545261,333,418,0.000000,77.931767,4987.734334,True,OK
1777555125.200464,True,True,0.39689540,332,418,5.004675,77.841514,4988.131229,True,OK
1777555125.282494,True,True,0.39575852,331,418,4.824555,77.748164,4988.526988,True,OK
1777555125.360754,True,True,0.39611666,332,418,5.061504,77.659614,4988.923104,True,OK
1777555125.435535,True,True,0.39649160,330,417,11.855724,77.583103,4989.809687,True,OK
1777555125.505411,True,True,0.39573837,330,417,0.000000,77.498905,4989.809687,True,OK
1777555125.584310,True,True,0.39632364,331,417,5.023183,77.410201,4990.206010,True,OK
1777555125.672586,True,True,0.39666723,329,417,8.986914,77.316631,4990.999345,True,OK
1777555125.771371,True,True,0.39608936,330,417,4.009613,77.204621,4991.395434,True,OK
1777555125.849200,True,True,0.39630871,328,416,11.386209,77.125483,4992.281607,True,OK
1777555125.958320,True,True,0.39635010,330,417,8.121909,77.009352,4993.167873,True,OK
1777555126.037215,True,True,0.39652451,330,417,0.000000,76.915762,4993.167873,True,OK
1777555126.124352,True,True,0.39662460,329,416,6.437198,76.821288,4993.728785,True,OK
1777555126.193976,True,True,0.39607513,328,416,5.688738,76.745181,4994.124860,True,OK
1777555126.276192,True,True,0.39637711,328,415,4.821138,76.654425,4994.521237,True,OK
1777555126.348249,True,True,0.39693472,328,415,0.000000,76.569746,4994.521237,True,OK
1777555126.429799,True,True,0.39703283,327,415,4.868589,76.480216,4994.918270,True,OK
1777555126.503580,True,True,0.39637971,327,416,5.372398,76.399976,4995.314650,True,OK
1777555126.596449,True,True,0.39668274,328,415,6.040685,76.300181,4995.875644,True,OK
1777555126.672064,True,True,0.39584377,327,414,7.403448,76.220709,4996.435451,True,OK
1777555126.743737,True,True,0.39452573,326,388,143.223124,76.293887,5006.700705,True,OK
1777555126.834712,True,True,0.39602424,327,412,104.565252,76.333026,5016.213533,True,OK
1777555126.927801,True,True,0.39489794,326,385,114.616874,76.387181,5026.883088,True,OK
1777555126.999226,True,True,0.39569442,326,411,144.039087,76.460528,5037.171143,True,OK
1777555127.068966,True,True,0.39438509,327,384,152.792693,76.541247,5047.826841,True,OK
1777555127.146445,True,True,0.39413427,326,384,5.086989,76.457399,5048.220975,True,OK
1777555127.224055,True,True,0.39466394,327,410,132.313454,76.522977,5058.489825,True,OK
1777555127.303365,True,True,0.39368252,327,411,4.963848,76.437226,5058.883507,True,OK
1777555127.380663,True,True,0.39384596,327,411,0.000000,76.348056,5058.883507,True,OK
1777555127.473490,True,True,0.39306939,326,411,4.234415,76.247170,5059.276576,True,OK
1777555127.578699,True,True,0.39340176,325,411,3.739237,76.132385,5059.669978,True,OK
1777555127.660650,True,True,0.39333170,325,411,0.000000,76.038621,5059.669978,True,OK
1777555127.748251,True,True,0.39373624,325,411,0.000000,75.938648,5059.669978,True,OK
1777555127.817866,True,True,0.39359217,327,410,12.642394,75.872583,5060.550077,True,OK
1777555127.911247,True,True,0.39324140,326,409,5.955470,75.774832,5061.106204,True,OK
1777555127.987318,True,True,0.39347195,324,410,11.565939,75.701786,5061.986034,True,OK
1777555128.052610,True,True,0.39274724,325,410,6.015276,75.633808,5062.378782,True,OK
1777555128.148254,True,True,0.39226160,325,409,4.101267,75.531737,5062.771043,True,OK
1777555128.239412,True,True,0.39281120,324,409,4.309106,75.435006,5063.163854,True,OK
1777555128.320470,True,True,0.39362719,324,408,4.856116,75.349873,5063.557482,True,OK
1777555128.405078,True,True,0.39356129,323,407,6.578328,75.263396,5064.114061,True,OK
1777555128.478790,True,True,0.39289590,324,407,5.330140,75.186867,5064.506957,True,OK
1777555128.551379,True,True,0.39265382,323,407,5.409280,75.111752,5064.899611,True,OK
1777555128.627475,True,True,0.39311568,322,408,7.305960,75.035321,5065.455561,True,OK
1777555128.692707,True,True,0.39148865,322,408,0.000000,74.962884,5065.455561,True,OK
1777555128.770499,True,True,0.39186401,321,408,5.037350,74.882476,5065.847425,True,OK
1777555128.834321,True,True,0.39183231,320,406,13.728284,74.824838,5066.723588,True,OK
1777555128.912471,True,True,0.39059020,316,379,136.417985,74.895841,5077.384626,True,OK
1777555128.973629,True,True,0.39075980,316,404,159.732628,74.972307,5087.153621,True,OK
1777555129.042917,True,True,0.38957356,316,376,157.431770,75.056423,5098.061681,True,OK
1777555129.114813,True,True,0.39000182,315,373,17.153730,74.995197,5099.294975,True,OK
1777555129.178087,True,True,0.38944241,315,369,24.619371,74.948363,5100.852744,True,OK
1777555129.257606,True,True,0.38846651,315,366,14.655649,74.877999,5102.018144,True,OK
1777555129.332801,True,True,0.38751574,314,390,123.791440,74.931919,5111.326591,True,OK
1777555129.407060,True,True,0.38764047,312,357,172.578646,75.038106,5124.142199,True,OK
1777555129.473974,True,True,0.38698593,311,380,133.142630,75.094986,5133.051284,True,OK
1777555129.552917,True,True,0.38567424,311,349,151.449316,75.183067,5145.007185,True,OK
1777555129.629915,True,True,0.38430368,310,345,20.578842,75.121698,5146.591710,True,OK
1777555129.706207,True,True,0.38606046,310,341,20.241193,75.060652,5148.135952,True,OK
1777555129.770352,True,True,0.38531557,308,361,120.738410,75.103332,5155.880699,True,OK
1777555129.848767,True,True,0.38380336,308,359,9.788980,75.028812,5156.648306,True,OK
1777555129.911659,True,True,0.38337508,307,327,195.159202,75.138640,5168.922297,True,OK
1777555129.989645,True,True,0.38257825,308,322,25.014412,75.081881,5170.873071,True,OK
1777555130.053123,True,True,0.38361281,307,318,24.916921,75.035686,5172.454747,True,OK
1777555130.131063,True,True,0.38134600,306,312,29.761836,74.984554,5174.774384,True,OK
1777555130.206910,True,True,0.38101130,305,332,100.594964,75.012670,5182.404130,True,OK
1777555130.264297,True,True,0.37998546,305,327,33.106799,74.977890,5184.304057,True,OK
1777555130.343871,True,True,0.38042916,304,325,10.690325,74.903991,5185.154722,True,OK
1777555130.407190,True,True,0.37824495,304,291,203.103885,75.021148,5198.015051,True,OK
1777555130.488629,True,True,0.37837602,304,286,23.230567,74.960345,5199.906931,True,OK
1777555130.577936,True,True,0.37707140,304,279,29.555486,74.901966,5202.546431,True,OK
1777555130.645849,True,True,0.37767114,304,277,11.122156,74.839665,5203.301773,True,OK
1777555130.724465,True,True,0.37671776,303,270,33.883792,74.793407,5205.965570,True,OK
1777555130.812203,True,True,0.37544127,302,264,26.028637,74.732015,5208.249290,True,OK
1777555130.881004,True,True,0.37521485,299,262,19.663345,74.677704,5209.602146,True,OK
1777555130.960517,True,True,0.37489873,301,260,13.335841,74.607867,5210.662520,True,OK
1777555131.032220,True,True,0.37419057,301,258,10.437312,74.542053,5211.410901,True,OK
1777555131.098723,True,True,0.37467076,300,256,12.597667,74.483185,5212.248690,True,OK
1777555131.177077,True,True,0.37515596,300,255,4.787969,74.405236,5212.623846,True,OK
1777555131.262869,True,True,0.37414467,300,253,8.722176,74.324900,5213.372136,True,OK
1777555131.341388,True,True,0.37508279,301,253,4.776991,74.247134,5213.747218,True,OK
1777555131.411499,True,True,0.37507559,302,252,7.565619,74.180624,5214.277655,True,OK
1777555131.489193,True,True,0.37496159,302,252,0.000000,74.098721,5214.277655,True,OK
1777555131.569506,True,True,0.37512276,300,251,10.444110,74.026155,5215.116455,True,OK
1777555131.645611,True,True,0.37532825,300,251,0.000000,73.946273,5215.116455,True,OK
1777555131.724880,True,True,0.37563122,300,251,0.000000,73.863253,5215.116455,True,OK
1777555131.809588,True,True,0.37608690,300,254,13.319265,73.790702,5216.244716,True,OK
1777555131.912281,True,True,0.37647150,300,254,0.000000,73.683660,5216.244716,True,OK
1777555132.008066,True,True,0.37614200,299,280,102.176302,73.722159,5226.031639,True,OK
1777555132.068454,True,True,0.37689912,298,256,149.921344,73.787016,5235.085067,True,OK
1777555132.176536,True,True,0.37679642,298,256,0.000000,73.674781,5235.085067,True,OK
1777555132.255350,True,True,0.37728305,299,256,4.787004,73.598457,5235.462350,True,OK
1777555132.343161,True,True,0.37886623,298,257,6.101716,73.515240,5235.998147,True,OK
1777555132.411569,True,True,0.37789622,298,257,0.000000,73.444699,5235.998147,True,OK
1777555132.512520,True,True,0.37899748,298,259,7.508582,73.351464,5236.756142,True,OK
1777555132.593359,True,True,0.37832602,298,259,0.000000,73.268500,5236.756142,True,OK
1777555132.670846,True,True,0.37969126,298,260,4.900064,73.194460,5237.135834,True,OK
1777555132.739683,True,True,0.37967062,297,260,5.515527,73.129411,5237.515504,True,OK
1777555132.817802,True,True,0.37979105,297,260,0.000000,73.049733,5237.515504,True,OK
1777555132.895371,True,True,0.38065754,297,261,4.907341,72.976090,5237.896162,True,OK
1777555132.976861,True,True,0.37997146,297,261,0.000000,72.893331,5237.896162,True,OK
1777555133.051810,True,True,0.38075325,297,262,5.080163,72.822673,5238.276915,True,OK
1777555133.141447,True,True,0.37951932,297,262,0.000000,72.732039,5238.276915,True,OK
1777555133.215455,True,True,0.37937733,296,262,5.126134,72.662640,5238.656292,True,OK
1777555133.286346,True,True,0.37918576,296,262,0.000000,72.591262,5238.656292,True,OK
1777555133.363357,True,True,0.37922086,296,263,4.924251,72.519129,5239.035513,True,OK
1777555133.442883,True,True,0.37996803,295,263,4.777870,72.444641,5239.415481,True,OK
1777555133.521666,True,True,0.37912555,294,263,4.812274,72.371048,5239.794607,True,OK
1777555133.598289,True,True,0.37946005,294,264,4.952348,72.299774,5240.174067,True,OK
1777555133.679745,True,True,0.37973911,294,265,4.661882,72.223844,5240.553806,True,OK
1777555133.763997,True,True,0.37894181,293,266,6.360726,72.147456,5241.089711,True,OK
1777555133.839487,True,True,0.37901865,293,293,135.560624,72.213285,5251.323214,True,OK
1777555133.903337,True,True,0.37986056,293,267,154.680486,72.285631,5261.199589,True,OK
1777555133.980328,True,True,0.37907093,292,268,6.963022,72.216605,5261.735676,True,OK
1777555134.047460,True,True,0.37872127,293,268,5.641462,72.155321,5262.114397,True,OK
1777555134.115875,True,True,0.37993943,293,268,0.000000,72.087694,5262.114397,True,OK
1777555134.184787,True,True,0.37928372,292,269,7.783639,72.027044,5262.650785,True,OK
1777555134.256904,True,True,0.38054948,292,269,0.000000,71.956022,5262.650785,True,OK
1777555134.364120,True,True,0.37980064,291,270,5.009665,71.858025,5263.187904,True,OK
1777555134.426123,True,True,0.37970565,291,271,6.124046,71.802427,5263.567610,True,OK
1777555134.532820,True,True,0.38023462,291,271,0.000000,71.698070,5263.567610,True,OK
1777555134.595787,True,True,0.37986855,291,272,6.032859,71.641797,5263.947479,True,OK
1777555134.678781,True,True,0.38076645,292,300,128.542544,71.705996,5274.615737,True,OK
1777555134.751864,True,True,0.38039480,292,274,135.328471,71.769144,5284.506001,True,OK
1777555134.817648,True,True,0.38147544,292,301,156.570599,71.844840,5294.805838,True,OK
1777555134.894983,True,True,0.38204866,291,301,4.940231,71.774708,5295.187887,True,OK
1777555134.972588,True,True,0.38131168,291,277,117.923474,71.823201,5304.339367,True,OK
1777555135.035657,True,True,0.38143817,290,279,13.523656,71.773457,5305.192289,True,OK
1777555135.119123,True,True,0.38233078,291,283,18.886495,71.713804,5306.768679,True,OK
1777555135.190374,True,True,0.38246750,291,285,10.735864,71.655147,5307.533614,True,OK
1777555135.277938,True,True,0.38347093,293,317,140.410985,71.736333,5319.828627,True,OK
1777555135.349216,True,True,0.38427837,292,294,124.116836,71.786631,5328.675380,True,OK
1777555135.441286,True,True,0.38565977,293,299,21.358470,71.724159,5330.641867,True,OK
1777555135.521279,True,True,0.38657917,293,303,19.330763,71.667829,5332.188183,True,OK
1777555135.601706,True,True,0.38731408,294,332,139.738238,71.741333,5343.426967,True,OK
1777555135.716824,True,True,0.38747294,295,308,80.851103,71.755391,5352.734387,True,OK
1777555135.801782,True,True,0.38821273,294,310,10.217657,71.685386,5353.602457,True,OK
1777555135.888757,True,True,0.38844453,294,313,13.398547,71.617584,5354.767791,True,OK
1777555135.957099,True,True,0.38920221,295,313,5.694883,71.557383,5355.156993,True,OK
1777555136.043376,True,True,0.38988524,293,314,10.104749,71.486618,5356.028803,True,OK
1777555136.115455,True,True,0.38869794,295,341,146.001479,71.558234,5366.552400,True,OK
1777555136.191408,True,True,0.38894919,296,315,133.243172,71.620643,5376.672556,True,OK
1777555136.280354,True,True,0.38903893,294,342,118.418424,71.676024,5387.205385,True,OK
1777555136.349607,True,True,0.38866192,294,317,140.304184,71.739200,5396.921934,True,OK
1777555136.442282,True,True,0.38851632,295,345,117.458043,71.795452,5407.807326,True,OK
1777555136.534621,True,True,0.38857064,296,320,105.286012,71.836458,5417.529360,True,OK
1777555136.622314,True,True,0.38978617,296,348,124.456414,71.897574,5428.443373,True,OK
1777555136.703436,True,True,0.38953982,296,348,0.000000,71.820409,5428.443373,True,OK
1777555136.773925,True,True,0.38975687,296,349,5.529316,71.758644,5428.833130,True,OK
1777555136.863594,True,True,0.38984867,295,349,4.347630,71.678839,5429.222979,True,OK
1777555136.973126,True,True,0.38943163,294,323,92.508818,71.708918,5439.355687,True,OK
1777555137.066082,True,True,0.38961334,294,350,113.167590,71.759662,5449.875247,True,OK
1777555137.158706,True,True,0.38962947,295,349,5.949009,71.679497,5450.426267,True,OK
1777555137.248914,True,True,0.38993193,294,349,4.322573,71.599683,5450.816199,True,OK
1777555137.317784,True,True,0.39153631,293,349,5.685145,71.540108,5451.207735,True,OK
1777555137.418051,True,True,0.39003387,293,349,0.000000,71.446094,5451.207735,True,OK
1777555137.487259,True,True,0.38990367,292,348,7.967345,71.388566,5451.759142,True,OK
1777555137.565969,True,True,0.38953853,292,348,0.000000,71.315063,5451.759142,True,OK
1777555137.646287,True,True,0.38943350,291,347,6.857043,71.247411,5452.309884,True,OK
1777555137.738018,True,True,0.39020137,291,347,0.000000,71.162111,5452.309884,True,OK
1777555137.818525,True,True,0.39010534,291,320,130.831344,71.224743,5462.842728,True,OK
1777555137.904378,True,True,0.38999063,290,346,118.193539,71.277259,5472.989982,True,OK
1777555137.973499,True,True,0.39095693,291,320,147.166672,71.345513,5483.162378,True,OK
1777555138.050606,True,True,0.39079676,292,320,5.068274,71.279085,5483.553174,True,OK
1777555138.137196,True,True,0.39092286,291,347,121.979176,71.336086,5494.115328,True,OK
1777555138.207619,True,True,0.39082240,290,321,144.397105,71.402831,5504.284224,True,OK
1777555138.270900,True,True,0.39098840,291,346,154.586794,71.471061,5514.066751,True,OK
1777555138.363237,True,True,0.39068584,291,345,4.231091,71.390682,5514.457437,True,OK
1777555138.442962,True,True,0.39088201,291,345,0.000000,71.317074,5514.457437,True,OK
1777555138.519822,True,True,0.39041702,291,344,5.079542,71.251298,5514.847854,True,OK
1777555138.620142,True,True,0.38957952,291,343,3.883383,71.164095,5515.237433,True,OK
1777555138.698380,True,True,0.38995143,291,343,0.000000,71.092325,5515.237433,True,OK
1777555138.775735,True,True,0.39048541,292,341,11.287608,71.032752,5516.110585,True,OK
1777555138.848884,True,True,0.39124502,291,341,5.348641,70.970939,5516.501830,True,OK
1777555138.925691,True,True,0.39053086,291,340,5.084557,70.905898,5516.892361,True,OK
1777555139.001437,True,True,0.39093604,291,311,149.674012,70.982506,5528.229506,True,OK
1777555139.081524,True,True,0.38922474,290,308,15.368618,70.925375,5529.460343,True,OK
1777555139.161130,True,True,0.39018706,290,308,0.000000,70.853028,5529.460343,True,OK
1777555139.237637,True,True,0.39051505,290,331,117.398506,70.898614,5538.442189,True,OK
1777555139.321059,True,True,0.38942329,290,329,9.336231,70.832942,5539.221036,True,OK
1777555139.394771,True,True,0.38875073,288,303,137.527083,70.895748,5549.358414,True,OK
1777555139.456414,True,True,0.38867036,288,328,157.630463,70.963999,5559.075173,True,OK
1777555139.559888,True,True,0.38885205,288,328,0.000000,70.870387,5559.075173,True,OK
1777555139.629646,True,True,0.38959406,285,303,140.624772,70.932366,5568.884901,True,OK
1777555139.710829,True,True,0.38914813,285,304,4.793471,70.864046,5569.274049,True,OK
1777555139.785452,True,True,0.39027558,285,305,5.229939,70.801784,5569.664325,True,OK
1777555139.863979,True,True,0.38958779,286,332,134.044163,70.864852,5580.190407,True,OK
1777555139.957255,True,True,0.38974235,286,332,0.000000,70.781009,5580.190407,True,OK
1777555140.037424,True,True,0.38825943,284,307,121.461097,70.832494,5589.927904,True,OK
1777555140.122397,True,True,0.38931716,284,309,9.163330,70.766164,5590.706539,True,OK
1777555140.191719,True,True,0.38957244,283,309,5.619782,70.709051,5591.096111,True,OK
1777555140.260913,True,True,0.38951236,283,310,5.629273,70.652151,5591.485623,True,OK
1777555140.347195,True,True,0.38916891,282,311,6.378710,70.582154,5592.035991,True,OK
1777555140.422924,True,True,0.38949986,283,311,5.143345,70.519664,5592.425491,True,OK
1777555140.508830,True,True,0.38929671,281,312,10.133038,70.454320,5593.295985,True,OK
1777555140.581711,True,True,0.38913583,281,313,5.339333,70.394598,5593.685121,True,OK
1777555140.658978,True,True,0.38792234,280,340,135.648157,70.457987,5604.166205,True,OK
1777555140.763361,True,True,0.38850670,281,341,5.263623,70.372542,5604.715637,True,OK
1777555140.839466,True,True,0.38891384,282,316,127.856843,70.427420,5614.446258,True,OK
1777555140.910281,True,True,0.38902731,283,317,7.769127,70.371811,5614.996426,True,OK
1777555140.979228,True,True,0.38919214,281,318,12.622146,70.321952,5615.866686,True,OK
1777555141.057931,True,True,0.38926642,280,318,4.946007,70.257586,5616.255952,True,OK
1777555141.132141,True,True,0.38954295,281,318,5.249236,70.197292,5616.645495,True,OK
1777555141.218831,True,True,0.38834923,281,319,4.479749,70.126167,5617.033844,True,OK
1777555141.296492,True,True,0.38952992,280,320,7.093327,70.065112,5617.584723,True,OK
1777555141.367751,True,True,0.38869607,279,321,7.714126,70.009745,5618.134422,True,OK
1777555141.449326,True,True,0.38952060,280,320,6.752837,69.945507,5618.685287,True,OK
1777555141.529656,True,True,0.38905962,281,321,6.849463,69.882474,5619.235501,True,OK
1777555141.601876,True,True,0.38874671,279,322,12.036360,69.830566,5620.104765,True,OK
1777555141.678828,True,True,0.38880201,279,323,5.052528,69.768689,5620.493567,True,OK
1777555141.753497,True,True,0.38945022,280,349,135.707934,69.829750,5630.626759,True,OK
1777555141.840199,True,True,0.38893480,280,350,4.485862,69.759564,5631.015694,True,OK
1777555141.911777,True,True,0.38869062,280,325,135.757211,69.818035,5640.732959,True,OK
1777555141.987017,True,True,0.38942689,278,326,11.573447,69.763844,5641.603744,True,OK
1777555142.050568,True,True,0.38824199,278,327,6.109191,69.713859,5641.991986,True,OK
1777555142.145036,True,True,0.38903823,280,330,14.848255,69.649890,5643.394684,True,OK
1777555142.237966,True,True,0.38919505,278,360,125.920792,69.714355,5655.096453,True,OK
1777555142.325192,True,True,0.38887676,278,363,13.374740,69.653838,5656.263083,True,OK
1777555142.408244,True,True,0.38953323,277,364,6.633036,69.589450,5656.813966,True,OK
1777555142.488989,True,True,0.38935812,277,341,110.907330,69.630451,5665.769203,True,OK
1777555142.581311,True,True,0.38944282,276,369,118.188148,69.685482,5676.680554,True,OK
1777555142.659710,True,True,0.38928922,276,370,4.965491,69.623256,5677.069843,True,OK
1777555142.740937,True,True,0.38913253,276,371,4.790662,69.558736,5677.458976,True,OK
1777555142.843429,True,True,0.38941860,275,344,102.657286,69.600245,5687.980487,True,OK
1777555142.925539,True,True,0.38920848,276,344,4.740049,69.535143,5688.369696,True,OK
1777555143.013328,True,True,0.38862289,276,370,115.097542,69.583985,5698.473891,True,OK
1777555143.105968,True,True,0.38879542,276,370,0.000000,69.505359,5698.473891,True,OK
1777555143.177159,True,True,0.38939978,275,370,5.469784,69.449803,5698.863291,True,OK
1777555143.265757,True,True,0.38849186,275,370,0.000000,69.374899,5698.863291,True,OK
1777555143.347163,True,True,0.38823466,275,369,4.769109,69.310938,5699.251525,True,OK
1777555143.444288,True,True,0.38949830,275,369,0.000000,69.229166,5699.251525,True,OK
1777555143.530534,True,True,0.38913092,275,369,0.000000,69.156715,5699.251525,True,OK
1777555143.626310,True,True,0.38867836,275,369,0.000000,69.076436,5699.251525,True,OK
1777555143.707408,True,True,0.38841458,274,342,129.403607,69.135675,5709.745909,True,OK
1777555143.784790,True,True,0.38869563,274,368,130.600622,69.193212,5719.851996,True,OK
1777555143.864154,True,True,0.38901752,273,368,4.901684,69.131546,5720.241013,True,OK
1777555143.939687,True,True,0.38884914,273,342,133.849540,69.190570,5730.351091,True,OK
1777555144.018836,True,True,0.38887164,273,341,4.913159,69.129201,5730.739963,True,OK
1777555144.096572,True,True,0.38867192,272,368,135.089923,69.190995,5741.241299,True,OK
1777555144.175468,True,True,0.38815690,271,342,128.010741,69.246869,5751.340841,True,OK
1777555144.259590,True,True,0.38865902,270,368,120.213652,69.298438,5761.453447,True,OK
1777555144.331591,True,True,0.38846709,270,367,5.395303,69.243144,5761.841914,True,OK
1777555144.435596,True,True,0.38781511,269,366,5.273332,69.163289,5762.390367,True,OK
1777555144.526799,True,True,0.38786493,267,367,9.509425,69.098059,5763.257659,True,OK
1777555144.595701,True,True,0.38752408,266,367,5.624336,69.045668,5763.645183,True,OK
1777555144.674740,True,True,0.38717379,267,367,4.898465,68.984987,5764.032357,True,OK
1777555144.765186,True,True,0.38675608,267,367,0.000000,68.910393,5764.032357,True,OK
1777555144.851382,True,True,0.38712712,266,368,6.351615,68.845993,5764.579838,True,OK
1777555144.962238,True,True,0.38658947,266,368,0.000000,68.754966,5764.579838,True,OK
1777555145.034503,True,True,0.38685057,265,368,5.353228,68.700366,5764.966688,True,OK
1777555145.114392,True,True,0.38704951,265,367,4.844794,68.639631,5765.353738,True,OK
1777555145.191071,True,True,0.38715174,264,369,11.289963,68.587324,5766.219435,True,OK
1777555145.268051,True,True,0.38761651,263,369,5.035265,68.529186,5766.607052,True,OK
1777555145.356100,True,True,0.38717506,263,369,0.000000,68.457555,5766.607052,True,OK
1777555145.429565,True,True,0.38707298,263,368,5.268834,68.402494,5766.994125,True,OK
1777555145.502609,True,True,0.38808741,263,368,0.000000,68.343283,5766.994125,True,OK
1777555145.645823,True,True,0.38667034,263,368,0.000000,68.227488,5766.994125,True,OK
1777555145.732334,True,True,0.38670372,263,368,0.000000,68.157729,5766.994125,True,OK
1777555145.798826,True,True,0.38602102,262,368,5.805519,68.108769,5767.380146,True,OK
1777555145.877617,True,True,0.38567450,261,369,6.922387,68.051889,5767.925572,True,OK
1777555145.971605,True,True,0.38566989,261,370,4.103408,67.981056,5768.311242,True,OK
1777555146.053250,True,True,0.38576093,260,371,6.681975,67.922130,5768.856790,True,OK
1777555146.127512,True,True,0.38519114,260,372,5.186928,67.867325,5769.241981,True,OK
1777555146.190573,True,True,0.38503200,260,372,0.000000,67.817017,5769.241981,True,OK
1777555146.279445,True,True,0.38467660,259,373,6.121317,67.752631,5769.785996,True,OK
1777555146.346411,True,True,0.38388082,259,374,5.732448,67.703899,5770.169877,True,OK
1777555146.431484,True,True,0.38388908,259,373,4.512454,67.640884,5770.553766,True,OK
1777555146.502815,True,True,0.38356535,258,373,5.377276,67.588868,5770.937331,True,OK
1777555146.596317,True,True,0.38295562,259,372,5.792228,67.521270,5771.478912,True,OK
1777555146.705636,True,True,0.38261441,257,373,7.826163,67.445021,5772.334464,True,OK
1777555146.798990,True,True,0.38155899,256,373,4.087207,67.375987,5772.716023,True,OK
1777555146.888341,True,True,0.38127416,256,374,4.267153,67.310242,5773.097297,True,OK
1777555146.978717,True,True,0.38092992,255,374,4.214961,67.243828,5773.478227,True,OK
1777555147.073402,True,True,0.38075588,255,373,4.021307,67.174183,5773.858983,True,OK
1777555147.147781,True,True,0.38061731,256,373,5.117238,67.120529,5774.239601,True,OK
1777555147.220344,True,True,0.38072340,255,374,7.420100,67.070215,5774.778025,True,OK
1777555147.328226,True,True,0.38043476,254,374,3.526404,66.990696,5775.158460,True,OK
1777555147.412187,True,True,0.38059697,254,374,0.000000,66.925515,5775.158460,True,OK
1777555147.505503,True,True,0.38044084,254,374,0.000000,66.853220,5775.158460,True,OK
1777555147.580807,True,True,0.38075898,254,374,0.000000,66.794994,5775.158460,True,OK
1777555147.689719,True,True,0.38039060,253,374,3.492642,66.715354,5775.538850,True,OK
1777555147.783187,True,True,0.38019242,253,374,0.000000,66.643401,5775.538850,True,OK
1777555147.877408,True,True,0.38002724,252,374,4.033345,66.575404,5775.918877,True,OK
1777555147.980091,True,True,0.38022165,252,376,7.405732,66.505456,5776.679321,True,OK
1777555148.049593,True,True,0.38068043,251,376,5.477268,66.456663,5777.060001,True,OK
1777555148.134138,True,True,0.38048215,252,377,6.364447,66.398276,5777.598084,True,OK
1777555148.205138,True,True,0.37956190,252,377,0.000000,66.344142,5777.598084,True,OK
1777555148.297301,True,True,0.38024663,251,377,4.125813,66.278365,5777.978331,True,OK
1777555148.377826,True,True,0.38007341,252,377,4.719962,66.221557,5778.358404,True,OK
1777555148.473222,True,True,0.38044399,251,378,5.639952,66.155398,5778.896433,True,OK
1777555148.565010,True,True,0.38052523,251,377,4.145684,66.090308,5779.276958,True,OK
1777555148.674449,True,True,0.38090402,252,378,4.922195,66.013851,5779.815638,True,OK
1777555148.767324,True,True,0.38065147,251,378,4.098546,65.948243,5780.196290,True,OK
1777555148.856397,True,True,0.38178925,251,378,0.000000,65.881290,5780.196290,True,OK
1777555148.942530,True,True,0.38156441,253,378,8.859913,65.825366,5780.959418,True,OK
1777555149.034694,True,True,0.38130234,253,378,0.000000,65.756359,5780.959418,True,OK
1777555149.119179,True,True,0.38136694,254,377,6.383766,65.699357,5781.498753,True,OK
1777555149.207534,True,True,0.38161319,254,375,8.638197,65.642123,5782.261979,True,OK
1777555149.285861,True,True,0.38200528,255,373,10.905440,65.593495,5783.116169,True,OK
1777555149.348686,True,True,0.38193109,256,373,6.079266,65.551116,5783.498100,True,OK
1777555149.439546,True,True,0.38210422,256,371,8.410889,65.492333,5784.262308,True,OK
1777555149.535712,True,True,0.38256254,257,370,5.625915,65.427219,5784.803334,True,OK
1777555149.621445,True,True,0.38228244,258,369,6.305949,65.369947,5785.343963,True,OK
1777555149.705905,True,True,0.38218300,258,368,4.525042,65.311936,5785.726146,True,OK
1777555149.793049,True,True,0.38200282,258,368,0.000000,65.247751,5785.726146,True,OK
1777555149.863981,True,True,0.38175526,258,367,5.381978,65.199901,5786.107901,True,OK
1777555149.954467,True,True,0.38242486,257,340,114.189132,65.249801,5796.440452,True,OK
1777555150.041372,True,True,0.38149240,258,340,4.389800,65.190321,5796.821944,True,OK
1777555150.111959,True,True,0.38206912,256,366,141.147166,65.250569,5806.785088,True,OK
1777555150.221380,True,True,0.38216889,255,366,3.492639,65.174727,5807.167256,True,OK
1777555150.298647,True,True,0.38268879,256,366,4.952815,65.122549,5807.549945,True,OK
1777555150.392579,True,True,0.38245596,256,366,0.000000,65.054027,5807.549945,True,OK
1777555150.474758,True,True,0.38321982,256,367,4.663216,64.998486,5807.933165,True,OK
1777555150.549297,True,True,0.38265449,255,366,7.260102,64.950362,5808.474320,True,OK
1777555150.644384,True,True,0.38278405,254,366,4.025597,64.885651,5808.857104,True,OK
1777555150.746874,True,True,0.38264231,253,367,5.279937,64.817492,5809.398242,True,OK
1777555150.836224,True,True,0.38271802,252,368,6.057551,64.758971,5809.939487,True,OK
1777555150.914663,True,True,0.38270553,250,342,127.229307,64.813541,5819.919227,True,OK
1777555150.986652,True,True,0.38255338,250,369,143.478843,64.876558,5830.248168,True,OK
1777555151.112476,True,True,0.38254893,249,344,76.069824,64.892208,5839.819539,True,OK
1777555151.189281,True,True,0.38229749,247,371,134.761128,64.951787,5850.169851,True,OK
1777555151.271185,True,True,0.38258662,247,372,4.671136,64.897021,5850.552437,True,OK
1777555151.345160,True,True,0.38225344,246,373,7.307680,64.849803,5851.093025,True,OK
1777555151.424092,True,True,0.38265182,246,373,0.000000,64.793121,5851.093025,True,OK
1777555151.537246,True,True,0.38228242,245,374,4.777829,64.718014,5851.633654,True,OK
1777555151.620737,True,True,0.38314628,245,375,4.589055,64.662542,5852.016801,True,OK
1777555151.719646,True,True,0.38337082,244,376,5.481517,64.597934,5852.558969,True,OK
1777555151.808418,True,True,0.38398565,244,377,4.325512,64.538935,5852.942955,True,OK
1777555151.877797,True,True,0.38384853,244,378,5.532645,64.493828,5853.326803,True,OK
1777555151.971426,True,True,0.38488239,244,379,4.110712,64.431599,5853.711685,True,OK
1777555152.063977,True,True,0.38489287,243,379,4.158711,64.370261,5854.096578,True,OK
1777555152.142053,True,True,0.38526498,242,379,4.934449,64.319279,5854.481843,True,OK
1777555152.221618,True,True,0.38547224,243,379,4.844743,64.267336,5854.867316,True,OK
1777555152.298694,True,True,0.38577005,243,379,0.000000,64.213009,5854.867316,True,OK
1777555152.391967,True,True,0.38600343,243,379,0.000000,64.147389,5854.867316,True,OK
1777555152.469459,True,True,0.38629112,244,380,7.049671,64.098952,5855.413614,True,OK
1777555152.548820,True,True,0.38702870,242,380,9.753629,64.051780,5856.187671,True,OK
1777555152.627189,True,True,0.38663962,243,379,6.977143,64.002900,5856.734462,True,OK
1777555152.720148,True,True,0.38709719,243,380,4.164196,63.942174,5857.121559,True,OK
1777555152.827445,True,True,0.38772010,243,380,0.000000,63.867362,5857.121559,True,OK
1777555152.912082,True,True,0.38781197,242,379,6.480020,63.814448,5857.670008,True,OK
1777555152.986226,True,True,0.38907310,242,379,0.000000,63.762944,5857.670008,True,OK
1777555153.072982,True,True,0.38908201,243,378,6.342462,63.708769,5858.220253,True,OK
1777555153.147682,True,True,0.38897183,243,379,5.207128,63.661283,5858.609225,True,OK
1777555153.228890,True,True,0.38962520,242,379,4.797854,63.609386,5858.998850,True,OK
1777555153.307812,True,True,0.38981378,242,379,0.000000,63.554930,5858.998850,True,OK
1777555153.392610,True,True,0.39018648,241,379,4.601359,63.500752,5859.389037,True,OK
1777555153.485748,True,True,0.39057699,241,380,4.193542,63.440949,5859.779614,True,OK
1777555153.579913,True,True,0.39215209,240,382,9.312166,63.385822,5860.656493,True,OK
1777555153.668209,True,True,0.39274181,241,382,4.448029,63.329592,5861.049234,True,OK
1777555153.740723,True,True,0.39298830,240,383,7.664248,63.286011,5861.605004,True,OK
1777555153.830076,True,True,0.39338046,239,385,9.844351,63.234504,5862.484629,True,OK
1777555153.923941,True,True,0.39375689,239,359,109.069046,63.280863,5872.722308,True,OK
1777555154.001020,True,True,0.39384869,240,358,7.226100,63.234344,5873.279294,True,OK
1777555154.080710,True,True,0.39425219,240,384,128.631208,63.290405,5883.529851,True,OK
1777555154.157441,True,True,0.39413324,239,383,7.264148,63.244198,5884.087240,True,OK
1777555154.241505,True,True,0.39458051,239,383,0.000000,63.187106,5884.087240,True,OK
1777555154.323133,True,True,0.39417592,239,383,0.000000,63.131766,5884.087240,True,OK
1777555154.391392,True,True,0.39435718,240,382,8.170457,63.091543,5884.644945,True,OK
1777555154.479414,True,True,0.39440905,240,382,0.000000,63.032059,5884.644945,True,OK
1777555154.547524,True,True,0.39387264,240,383,5.782830,62.990323,5885.038818,True,OK
1777555154.652357,True,True,0.39433917,241,383,3.761598,62.923939,5885.433157,True,OK
1777555154.730296,True,True,0.39382666,241,383,0.000000,62.871549,5885.433157,True,OK
1777555154.801057,True,True,0.39367426,241,383,0.000000,62.824060,5885.433157,True,OK
1777555154.876513,True,True,0.39363265,241,384,5.216708,62.777697,5885.826790,True,OK
1777555154.956000,True,True,0.39335461,239,385,11.065575,62.733892,5886.706357,True,OK
1777555155.017254,True,True,0.39321536,241,385,12.838892,62.701343,5887.492788,True,OK
1777555155.097600,True,True,0.39259771,240,385,4.886375,62.651915,5887.885386,True,OK
1777555155.181737,True,True,0.39246348,240,386,4.664565,62.600046,5888.277849,True,OK
1777555155.262156,True,True,0.39310077,241,385,6.912853,62.552476,5888.833778,True,OK
1777555155.336412,True,True,0.39233995,240,385,5.283651,62.507341,5889.226118,True,OK
1777555155.407179,True,True,0.39196133,239,385,5.538764,62.464583,5889.618079,True,OK
1777555155.494494,True,True,0.39164500,239,385,0.000000,62.406791,5889.618079,True,OK
1777555155.564470,True,True,0.39171863,239,385,0.000000,62.360552,5889.618079,True,OK
1777555155.657528,True,True,0.39186931,238,385,4.211007,62.303313,5890.009948,True,OK
1777555155.757334,True,True,0.39121584,237,385,3.919797,62.241741,5890.401164,True,OK
1777555155.843449,True,True,0.39092456,237,385,0.000000,62.185156,5890.401164,True,OK
1777555155.928947,True,True,0.39062612,237,385,0.000000,62.129078,5890.401164,True,OK
1777555155.996938,True,True,0.39028538,235,385,11.480377,62.092781,5891.181735,True,OK
1777555156.073525,True,True,0.39095177,234,383,11.414513,62.051906,5892.055930,True,OK
1777555156.144996,True,True,0.38991088,235,383,5.455459,62.009338,5892.445840,True,OK
1777555156.229599,True,True,0.39005422,234,383,4.610455,61.958281,5892.835895,True,OK
1777555156.299412,True,True,0.38962665,235,383,5.580984,61.916928,5893.225521,True,OK
1777555156.387913,True,True,0.38929363,234,383,4.398738,61.863496,5893.614815,True,OK
1777555156.462767,True,True,0.38917459,234,383,0.000000,61.814926,5893.614815,True,OK
1777555156.532679,True,True,0.38908218,233,383,5.565336,61.773711,5894.003897,True,OK
1777555156.609805,True,True,0.38800890,233,382,5.030811,61.727880,5894.391906,True,OK
1777555156.689384,True,True,0.38794816,232,382,4.874985,61.680539,5894.779854,True,OK
1777555156.766660,True,True,0.38775564,233,381,7.096310,61.636440,5895.328223,True,OK
1777555156.873979,True,True,0.38799007,231,381,7.230586,61.575463,5896.104204,True,OK
1777555156.954077,True,True,0.38704728,230,379,10.805076,61.533029,5896.969668,True,OK
1777555157.045930,True,True,0.38669753,229,379,4.209932,61.478139,5897.356365,True,OK
1777555157.137615,True,True,0.38681929,228,379,4.219000,61.423464,5897.743184,True,OK
1777555157.205153,True,True,0.38716681,228,379,0.000000,61.380290,5897.743184,True,OK
1777555157.297553,True,True,0.38659629,227,378,5.916984,61.327005,5898.289914,True,OK
1777555157.402759,True,True,0.38628630,227,378,0.000000,61.259995,5898.289914,True,OK
1777555157.484667,True,True,0.38650568,229,378,9.437530,61.215947,5899.062926,True,OK
1777555157.592485,True,True,0.38662530,228,377,5.071243,61.153199,5899.609696,True,OK
1777555157.684582,True,True,0.38591142,227,377,4.190291,61.098872,5899.995608,True,OK
1777555157.766844,True,True,0.38596576,228,376,6.635299,61.052515,5900.541446,True,OK
1777555157.860811,True,True,0.38549096,228,376,0.000000,60.993213,5900.541446,True,OK
1777555157.930231,True,True,0.38543577,226,376,11.104519,60.957439,5901.312317,True,OK
1777555158.017529,True,True,0.38511654,226,376,0.000000,60.902520,5901.312317,True,OK
1777555158.086066,True,True,0.38454817,226,376,0.000000,60.859474,5901.312317,True,OK
1777555158.157161,True,True,0.38438029,226,376,0.000000,60.814885,5901.312317,True,OK
1777555158.244918,True,True,0.38468059,225,376,4.383469,60.763896,5901.696998,True,OK
1777555158.321999,True,True,0.38450882,225,376,0.000000,60.715711,5901.696998,True,OK
1777555158.399144,True,True,0.38473484,224,376,4.987174,60.671517,5902.081733,True,OK
1777555158.469035,True,True,0.38494072,225,376,5.507731,60.631912,5902.466673,True,OK
1777555158.558821,True,True,0.38478276,225,376,0.000000,60.576043,5902.466673,True,OK
1777555158.648351,True,True,0.38539803,225,377,4.304658,60.524386,5902.852071,True,OK
1777555158.735965,True,True,0.38582069,225,378,4.403639,60.474015,5903.237892,True,OK
1777555158.828929,True,True,0.38553409,224,378,4.147125,60.420424,5903.623426,True,OK
1777555158.912066,True,True,0.38624901,224,379,4.645932,60.373008,5904.009675,True,OK
1777555158.985751,True,True,0.38698260,225,379,5.251906,60.331507,5904.396658,True,OK
1777555159.070077,True,True,0.38759326,225,379,0.000000,60.279567,5904.396658,True,OK
1777555159.157331,True,True,0.38790854,225,378,4.445737,60.229874,5904.784566,True,OK
1777555159.234950,True,True,0.38799564,225,378,0.000000,60.182226,5904.784566,True,OK
1777555159.314871,True,True,0.38879379,226,378,4.864726,60.137203,5905.173360,True,OK
1777555159.416458,True,True,0.38959584,226,377,3.835084,60.079016,5905.562956,True,OK
1777555159.485682,True,True,0.38971591,226,350,152.002758,60.143707,5916.085285,True,OK
1777555159.562236,True,True,0.38984744,228,374,122.642728,60.192310,5925.474055,True,OK
1777555159.650455,True,True,0.39057153,229,374,4.427299,60.142381,5925.864627,True,OK
1777555159.719589,True,True,0.38996387,229,373,5.640696,60.104167,5926.254590,True,OK
1777555159.799074,True,True,0.39075768,230,371,10.992751,60.064608,5927.128351,True,OK
1777555159.887874,True,True,0.39144432,232,371,8.816365,60.018532,5927.911240,True,OK
1777555159.969883,True,True,0.39194867,232,370,4.779319,59.972704,5928.303188,True,OK
1777555160.051915,True,True,0.39272044,231,369,6.770436,59.928590,5928.858579,True,OK
1777555160.157157,True,True,0.39213705,233,368,8.331721,59.873761,5929.735424,True,OK
1777555160.242775,True,True,0.39251116,233,368,0.000000,59.822044,5929.735424,True,OK
1777555160.321925,True,True,0.39308679,234,368,4.966355,59.778276,5930.128511,True,OK
1777555160.400902,True,True,0.39313448,235,367,7.039733,59.736324,5930.684487,True,OK
1777555160.487653,True,True,0.39374566,235,368,4.538828,59.688135,5931.078233,True,OK
1777555160.562286,True,True,0.39331928,236,366,11.784047,59.652182,5931.957721,True,OK
1777555160.650326,True,True,0.39358431,236,366,0.000000,59.599416,5931.957721,True,OK
1777555160.737978,True,True,0.39366442,237,366,4.491246,59.550928,5932.351386,True,OK
1777555160.829041,True,True,0.39374038,237,367,4.323800,59.500490,5932.745126,True,OK
1777555160.907853,True,True,0.39392484,237,342,124.957688,59.552187,5942.593247,True,OK
1777555160.979101,True,True,0.39368201,236,368,143.768099,59.612275,5952.836547,True,OK
1777555161.047424,True,True,0.39338043,236,369,5.757706,59.575453,5953.229928,True,OK
1777555161.109632,True,True,0.39293564,236,369,0.000000,59.538388,5953.229928,True,OK
1777555161.197721,True,True,0.39254390,237,370,6.302064,59.491530,5953.785069,True,OK
1777555161.270808,True,True,0.39339547,235,370,10.765062,59.455970,5954.571860,True,OK
1777555161.348933,True,True,0.39270720,235,371,5.026667,59.413545,5954.964567,True,OK
1777555161.423604,True,True,0.39257197,234,371,5.257387,59.373229,5955.357139,True,OK
1777555161.509704,True,True,0.39262311,234,372,4.560077,59.326218,5955.749762,True,OK
1777555161.586863,True,True,0.39232837,235,372,5.084695,59.284560,5956.142090,True,OK
1777555161.672283,True,True,0.39271966,235,373,4.597481,59.238103,5956.534810,True,OK
1777555161.765433,True,True,0.39200275,234,374,5.951451,59.188785,5957.089185,True,OK
1777555161.866382,True,True,0.39161830,233,374,3.879375,59.133364,5957.480804,True,OK
1777555161.955338,True,True,0.39206053,233,374,0.000000,59.081198,5957.480804,True,OK
1777555162.039477,True,True,0.39155760,232,375,6.581316,59.037427,5958.034550,True,OK
1777555162.109866,True,True,0.39135924,232,375,0.000000,58.996278,5958.034550,True,OK
1777555162.188203,True,True,0.39124087,231,376,7.063076,58.956026,5958.587848,True,OK
1777555162.275336,True,True,0.39100525,231,376,0.000000,58.905242,5958.587848,True,OK
1777555162.344949,True,True,0.39031634,231,376,0.000000,58.864733,5958.587848,True,OK
1777555162.431767,True,True,0.39070032,230,375,6.364312,58.819743,5959.140382,True,OK
1777555162.507943,True,True,0.39082224,230,375,0.000000,58.775550,5959.140382,True,OK
1777555162.578443,True,True,0.39047713,230,374,5.538747,58.738558,5959.530859,True,OK
1777555162.656554,True,True,0.39002074,229,374,4.993165,58.697212,5959.920880,True,OK
1777555162.742584,True,True,0.38965524,230,372,10.127754,58.656095,5960.792175,True,OK
1777555162.821975,True,True,0.38990679,229,372,4.911192,58.614140,5961.182082,True,OK
1777555162.891333,True,True,0.38964593,228,371,7.944917,58.579609,5961.733125,True,OK
1777555162.969144,True,True,0.38878868,226,371,9.993246,58.542490,5962.510702,True,OK
1777555163.046730,True,True,0.38879694,225,371,5.011147,58.501742,5962.899499,True,OK
1777555163.126037,True,True,0.38752892,226,370,6.910442,58.461631,5963.447547,True,OK
1777555163.203156,True,True,0.38726907,226,370,0.000000,58.417466,5963.447547,True,OK
1777555163.282238,True,True,0.40262238,224,369,11.384373,58.381059,5964.347838,True,OK
1777555163.366869,True,True,0.40233452,52,359,819.059654,59.010686,6033.666234,True,OK
1777555163.438713,True,True,0.40251524,46,235,695.546995,59.457630,6083.636519,True,OK
1777555163.515733,True,True,0.40120544,62,206,172.529880,59.542681,6096.924841,True,OK
1777555163.594233,True,True,0.40181190,77,202,79.462846,59.557941,6103.162639,True,OK
1777555163.673506,True,True,0.40255329,134,246,365.652566,59.794551,6132.149271,True,OK
1777555163.750056,True,True,0.40277439,134,242,21.046472,59.765650,6133.760369,True,OK
1777555163.843566,True,True,0.40309076,182,250,209.765923,59.902196,6153.375612,True,OK
1777555163.927653,True,True,0.40201406,187,252,25.745982,59.874259,6155.540524,True,OK
1777555164.000323,True,True,0.40263790,224,254,205.304145,59.976984,6170.459875,True,OK
1777555164.078298,True,True,0.40225120,244,255,103.303560,60.009797,6178.514949,True,OK
1777555164.171971,True,True,0.40215739,275,258,133.710441,60.076790,6191.040069,True,OK
1777555164.259305,True,True,0.40236632,295,260,92.603412,60.104332,6199.127532,True,OK
1777555164.328629,True,True,0.38678448,320,254,143.447183,60.160312,6209.071730,True,OK
1777555164.411415,True,True,0.38688246,366,240,224.706489,60.292192,6227.674300,True,OK
1777555164.500737,True,True,0.38698123,422,232,245.076991,60.451849,6249.565265,True,OK
1777555164.600975,True,True,0.38712233,476,236,209.122890,60.595860,6270.527143,True,OK
1777555164.687307,True,True,0.38664571,509,241,149.478929,60.669952,6283.432077,True,OK
1777555164.777072,True,True,0.38651800,557,241,206.684085,60.796396,6301.984941,True,OK
1777555164.844871,True,True,0.38597098,600,238,245.386454,60.917053,6318.622037,True,OK
1777555164.921924,True,True,0.38647500,605,238,25.078727,60.890450,6320.554412,True,OK
1777555164.998967,True,True,0.38621723,627,243,113.097498,60.929170,6329.267870,True,OK
1777555165.077640,True,True,0.38581696,636,252,62.418560,60.930298,6334.178518,True,OK
1777555165.164171,True,True,0.38548571,641,265,62.049260,60.931228,6339.547713,True,OK
1777555165.265054,True,True,0.38491336,639,275,38.910312,60.909897,6343.473074,True,OK
1777555165.346283,True,True,0.38457547,632,276,33.477406,60.888517,6346.192433,True,OK
1777555165.426329,True,True,0.38466375,642,271,53.727861,60.883022,6350.493105,True,OK
1777555165.500051,True,True,0.38476744,652,266,58.351964,60.881235,6354.794935,True,OK
1777555165.593513,True,True,0.38529929,653,246,82.553687,60.900623,6362.510548,True,OK
1777555165.688215,True,True,0.38441634,652,257,44.835671,60.886074,6366.756565,True,OK
1777555165.783196,True,True,0.38417653,650,282,101.441914,60.922878,6376.391663,True,OK
1777555165.874495,True,True,0.38397292,647,290,35.933186,60.901098,6379.672329,True,OK
1777555165.962202,True,True,0.38415213,650,297,33.356677,60.878055,6382.597945,True,OK
1777555166.015242,True,True,0.38479046,654,302,46.452863,60.870761,6385.061806,True,OK
1777555166.093250,True,True,0.38385626,667,301,64.158515,60.873205,6390.066679,True,OK
1777555166.175694,True,True,0.38332742,684,297,81.200695,60.889157,6396.761205,True,OK
1777555166.249128,True,True,0.38357581,698,292,77.651436,60.900866,6402.463469,True,OK
1777555166.327542,True,True,0.38377546,713,288,75.978780,60.912103,6408.421266,True,OK
1777555166.390360,True,True,0.38384030,723,287,61.408960,60.912400,6412.278814,True,OK
1777555166.467847,True,True,0.38368369,742,289,94.599964,60.937178,6419.609080,True,OK
1777555166.547254,True,True,0.38318077,751,290,43.696904,60.924193,6423.078930,True,OK
1777555166.635985,True,True,0.38252931,771,293,87.186568,60.946278,6430.815106,True,OK
1777555166.714880,True,True,0.38297479,784,294,63.291585,60.948030,6435.808487,True,OK
1777555166.797084,True,True,0.38281131,794,297,48.618690,60.938439,6439.805154,True,OK
1777555166.874732,True,True,0.38282147,816,300,109.468683,60.974071,6448.305170,True,OK
1777555166.968251,True,True,0.38225304,834,298,74.026470,60.985604,6455.228067,True,OK
1777555167.047906,True,True,0.38244089,845,297,53.031371,60.979622,6459.452265,True,OK
1777555167.124776,True,True,0.38249084,851,297,29.854806,60.957052,6461.747210,True,OK
1777555167.217957,True,True,0.38208061,851,298,4.100449,60.907118,6462.129290,True,OK
1777555167.311755,True,True,0.38131691,849,298,8.130543,60.860501,6462.891924,True,OK
1777555167.401084,True,True,0.38082001,846,293,24.858164,60.830241,6465.112467,True,OK
1777555167.494064,True,True,0.38068995,838,284,49.301822,60.820164,6469.696582,True,OK
1777555167.578316,True,True,0.38165260,827,280,53.021121,60.813992,6474.163711,True,OK
1777555167.673066,True,True,0.38059949,806,280,84.354993,60.834925,6482.156300,True,OK
1777555167.764580,True,True,0.38054070,777,281,120.661290,60.886263,6493.198539,True,OK
1777555167.842925,True,True,0.38060996,752,279,121.841112,60.931010,6502.744189,True,OK
1777555167.947818,True,True,0.38040049,708,273,161.045700,61.029311,6519.636712,True,OK
1777555168.016413,True,True,0.38047074,678,268,168.693592,61.098399,6531.208278,True,OK
1777555168.093749,True,True,0.38016310,644,265,167.785139,61.175527,6544.184041,True,OK
1777555168.184875,True,True,0.38033206,593,264,212.897733,61.304663,6563.584705,True,OK
1777555168.279982,True,True,0.37968670,537,265,223.598970,61.448703,6584.850550,True,OK
1777555168.370039,True,True,0.37862312,500,263,155.785747,61.527916,6598.880056,True,OK
1777555168.474492,True,True,0.37813355,451,255,179.735300,61.642929,6617.653920,True,OK
1777555168.555984,True,True,0.37914070,409,252,195.900256,61.744766,6633.618401,True,OK
1777555168.632256,True,True,0.37882559,377,249,159.635085,61.814211,6645.793975,True,OK
1777555168.711444,True,True,0.37811817,301,253,363.397436,62.036178,6674.570731,True,OK
1777555168.789282,True,True,0.37831335,280,253,102.065649,62.065117,6682.515311,True,OK
1777555168.867074,True,True,0.37823658,225,247,269.004359,62.214525,6703.441743,True,OK
1777555168.942979,True,True,0.37785116,186,248,194.203574,62.307442,6718.182782,True,OK
1777555169.014436,True,True,0.40076797,148,254,215.763605,62.409074,6733.600634,True,OK
1777555169.095814,True,True,0.40136903,131,260,88.915995,62.429051,6740.836417,True,OK
1777555169.177675,True,True,0.40149954,96,269,177.247763,62.516034,6755.346057,True,OK
1777555169.249624,True,True,0.40148999,78,257,120.717029,62.554761,6764.031614,True,OK
1777555169.334653,True,True,0.40194208,54,253,115.015887,62.595982,6773.811287,True,OK
1777555169.391565,True,True,0.40153264,39,265,135.530196,62.634319,6781.524477,True,OK
1777555169.481199,True,True,0.40135090,210,387,940.571467,63.360531,6865.832053,True,OK
1777555169.561377,True,True,0.40111793,200,377,70.751282,63.365996,6871.504717,True,OK
1777555169.648333,True,True,0.40198619,196,378,19.060415,63.330497,6873.162149,True,OK
1777555169.718693,True,True,0.40198862,194,379,12.775494,63.297743,6874.061023,True,OK
1777555169.827981,True,True,0.40155030,194,379,0.000000,63.234108,6874.061023,True,OK
1777555169.923269,True,True,0.40130410,194,379,0.000000,63.178728,6874.061023,True,OK
1777555169.998544,True,True,0.40118148,194,379,0.000000,63.135049,6874.061023,True,OK
1777555170.086368,True,True,0.40181376,194,379,0.000000,63.084163,6874.061023,True,OK
1777555170.171163,True,True,0.40188100,194,379,0.000000,63.035111,6874.061023,True,OK
1777555170.249179,True,True,0.40228985,195,378,7.292395,62.995261,6874.629947,True,OK
1777555170.327079,True,True,0.40190715,196,378,5.159306,62.954005,6875.031854,True,OK
1777555170.408809,True,True,0.40213808,196,378,0.000000,62.906926,6875.031854,True,OK
1777555170.482461,True,True,0.40235822,198,378,10.926030,62.871919,6875.836570,True,OK
1777555170.562571,True,True,0.40248702,200,379,11.234430,62.834121,6876.736558,True,OK
1777555170.652507,True,True,0.40289077,45,326,733.825703,63.385069,6942.734445,True,OK
1777555170.744756,True,True,0.40270651,78,276,261.525536,63.551803,6966.859892,True,OK
1777555170.827673,True,True,0.40302308,108,284,150.913290,63.617831,6979.373094,True,OK
1777555170.911762,True,True,0.40245916,129,287,101.528088,63.646866,6987.910542,True,OK
1777555170.993046,True,True,0.40241765,152,286,113.975345,63.684099,6997.174892,True,OK
1777555171.068798,True,True,0.38129069,208,286,281.872526,63.834424,7018.527171,True,OK
1777555171.140216,True,True,0.38051485,239,287,165.253144,63.900259,7030.329267,True,OK
1777555171.233886,True,True,0.38108724,281,289,171.065849,63.991421,7046.353068,True,OK
1777555171.312700,True,True,0.38062241,306,290,120.831990,64.032075,7055.876237,True,OK
1777555171.401897,True,True,0.38054543,331,287,107.423702,64.067171,7065.458126,True,OK
1777555171.491618,True,True,0.38012047,324,278,48.305512,64.054358,7069.792167,True,OK
1777555171.577170,True,True,0.38078280,411,273,387.865683,64.305159,7102.974935,True,OK
1777555171.670417,True,True,0.38105380,437,274,106.328427,64.340604,7112.889659,True,OK
1777555171.748790,True,True,0.38023696,476,276,189.461823,64.429244,7127.738387,True,OK
1777555171.826922,True,True,0.37966396,502,279,127.178454,64.473530,7137.675144,True,OK
1777555171.905404,True,True,0.38030914,540,283,185.159047,64.559025,7152.206736,True,OK
1777555171.983591,True,True,0.37975487,563,287,113.388351,64.593462,7161.072203,True,OK
1777555172.046769,True,True,0.38024270,588,289,150.944270,64.642643,7170.608641,True,OK
1777555172.134512,True,True,0.38021348,625,289,160.331517,64.718273,7184.676540,True,OK
1777555172.217357,True,True,0.38073494,648,287,106.101173,64.749132,7193.466489,True,OK
1777555172.295418,True,True,0.37972839,660,285,59.179039,64.745221,7198.086084,True,OK
1777555172.383924,True,True,0.37964501,670,286,43.108550,64.728010,7201.901469,True,OK
1777555172.470234,True,True,0.37852709,710,290,176.303355,64.814493,7217.118070,True,OK
1777555172.546120,True,True,0.37858747,721,287,56.881995,64.809091,7221.434631,True,OK
1777555172.624603,True,True,0.37904206,734,295,73.721103,64.815364,7227.220457,True,OK
1777555172.729236,True,True,0.37888343,758,285,94.147310,64.842862,7237.071426,True,OK
1777555172.799169,True,True,0.37912077,790,285,173.477958,64.910889,7249.203291,True,OK
1777555172.873931,True,True,0.38004368,800,289,54.750128,64.904092,7253.296486,True,OK
1777555172.960812,True,True,0.38050409,843,297,191.554514,65.002477,7269.938919,True,OK
1777555173.032607,True,True,0.37956290,853,302,59.107387,64.998695,7274.182561,True,OK
1777555173.115418,True,True,0.37939777,857,299,22.907352,64.967572,7276.079550,True,OK
1777555173.202257,True,True,0.37927795,861,296,21.838186,64.934157,7277.975940,True,OK
1777555173.311462,True,True,0.37888079,865,295,14.304795,64.884875,7279.538106,True,OK
1777555173.388819,True,True,0.37864480,866,295,4.894768,64.843540,7279.916750,True,OK
1777555173.471920,True,True,0.37810529,862,298,22.749995,64.812406,7281.807277,True,OK
1777555173.572224,True,True,0.37802709,858,306,33.709172,64.784662,7285.188454,True,OK
1777555173.658497,True,True,0.37730339,856,308,12.369753,64.744481,7286.255629,True,OK
1777555173.749227,True,True,0.37707597,849,305,31.651428,64.717822,7289.127354,True,OK
1777555173.825861,True,True,0.37712352,839,300,55.018928,64.711227,7293.343723,True,OK
1777555173.905868,True,True,0.37682952,832,297,35.870356,64.690769,7296.213571,True,OK
1777555173.983432,True,True,0.37635092,823,294,46.031101,64.677945,7299.783950,True,OK
1777555174.061330,True,True,0.37635581,802,293,101.574176,64.703393,7307.696377,True,OK
1777555174.154886,True,True,0.37587009,760,290,169.168587,64.789856,7323.523142,True,OK
1777555174.235463,True,True,0.37643495,725,282,167.728608,64.863184,7337.038152,True,OK
1777555174.327530,True,True,0.37606679,686,279,159.774215,64.940371,7351.748086,True,OK
1777555174.405365,True,True,0.37605774,659,281,130.806241,64.985625,7361.929463,True,OK
1777555174.509954,True,True,0.37697411,625,267,132.530218,65.047927,7375.790632,True,OK
1777555174.593749,True,True,0.37638787,586,266,175.237459,65.129296,7390.474584,True,OK
1777555174.674318,True,True,0.37653431,561,279,131.687753,65.176521,7401.084570,True,OK
1777555174.774462,True,True,0.37584010,526,280,131.408293,65.234880,7414.244341,True,OK
1777555174.858881,True,True,0.37557960,491,274,157.987136,65.303722,7427.581384,True,OK
1777555174.951035,True,True,0.37584554,469,268,93.002716,65.326146,7436.151981,True,OK
1777555175.029413,True,True,0.37620072,443,265,125.624280,65.367635,7445.998096,True,OK
1777555175.108668,True,True,0.37622852,405,266,180.449540,65.447651,7460.299729,True,OK
1777555175.209712,True,True,0.37594405,367,273,143.761245,65.517009,7474.825966,True,OK
1777555175.306693,True,True,0.37676743,333,278,133.509601,65.574757,7487.773835,True,OK
1777555175.404790,True,True,0.37725475,312,282,82.212484,65.589038,7495.838620,True,OK
1777555175.498484,True,True,0.37676874,284,287,114.376678,65.629002,7506.555026,True,OK
1777555175.575841,True,True,0.37655806,253,290,151.606526,65.687112,7518.282860,True,OK
1777555175.665006,True,True,0.37735072,230,290,97.337436,65.711749,7526.961926,True,OK
1777555175.743030,True,True,0.37825866,188,288,203.846049,65.805777,7542.866792,True,OK
1777555175.826953,True,True,0.40417309,141,295,228.847075,65.925064,7562.072458,True,OK
1777555175.900589,True,True,0.40279908,127,304,91.042056,65.941177,7568.776370,True,OK
1777555175.976249,True,True,0.40346113,114,313,84.314582,65.953280,7575.155651,True,OK
1777555176.044975,True,True,0.40288860,101,318,81.651540,65.962668,7580.767240,True,OK
1777555176.123449,True,True,0.40435727,88,317,67.183867,65.963501,7586.039414,True,OK
1777555176.203070,True,True,0.40385766,69,342,159.272221,66.028057,7598.720801,True,OK
1777555176.279198,True,True,0.40317236,56,406,345.862193,66.213048,7625.050765,True,OK
1777555176.357485,True,True,0.40369832,42,451,243.021585,66.333162,7644.076053,True,OK
1777555176.446253,True,True,0.40361504,180,378,709.842299,66.828482,7707.087845,True,OK
1777555176.514542,True,True,0.40309315,180,379,5.902771,66.792427,7707.490939,True,OK
1777555176.591458,True,True,0.40303234,175,379,26.199601,66.765388,7709.506100,True,OK
1777555176.676843,True,True,0.40337041,174,379,4.724119,66.719546,7709.909471,True,OK
1777555176.753467,True,True,0.40296426,175,379,5.259021,66.678820,7710.312435,True,OK
1777555176.826513,True,True,0.40292916,174,378,7.800873,66.641649,7710.882263,True,OK
1777555176.911817,True,True,0.40280826,174,378,0.000000,66.592555,7710.882263,True,OK
1777555176.991364,True,True,0.40233140,173,378,5.057741,66.550310,7711.284594,True,OK
1777555177.124783,True,True,0.40318241,173,379,3.021931,66.477245,7711.687777,True,OK
1777555177.212361,True,True,0.40297474,174,379,4.601321,66.430567,7712.090751,True,OK
1777555177.286716,True,True,0.40276240,173,380,7.660403,66.392950,7712.660344,True,OK
1777555177.358323,True,True,0.40241220,172,378,12.566168,66.359791,7713.560165,True,OK
1777555177.435159,True,True,0.40370394,176,352,138.213137,66.407256,7724.179957,True,OK
1777555177.514292,True,True,0.40355636,169,370,98.493150,66.429070,7731.973925,True,OK
1777555177.592555,True,True,0.40320398,34,329,726.868928,66.872853,7788.861420,True,OK
1777555177.693296,True,True,0.40313680,50,327,64.525625,66.870824,7795.361806,True,OK
1777555177.763845,True,True,0.40307207,81,287,289.133244,67.005253,7815.759801,True,OK
1777555177.849208,True,True,0.40337697,115,294,164.035495,67.076210,7829.762270,True,OK
1777555177.918861,True,True,0.40198170,124,292,53.207303,67.067939,7833.468359,True,OK
1777555178.006278,True,True,0.40272797,170,289,212.371928,67.176609,7852.033201,True,OK
1777555178.084585,True,True,0.40330250,202,289,164.808447,67.241973,7864.938881,True,OK
1777555178.163303,True,True,0.40287178,233,291,158.984737,67.303675,7877.453871,True,OK
1777555178.240682,True,True,0.40282050,278,293,234.493536,67.414133,7895.598688,True,OK
1777555178.310083,True,True,0.40344881,307,293,168.586205,67.474047,7907.298703,True,OK
1777555178.419171,False,True,0.00000000,355,288,168.586205,67.474047,7907.298703,False,Sin AprilTag: medicion congelada
1777555178.511220,False,True,0.00000000,396,284,168.586205,67.474047,7907.298703,False,Sin AprilTag: medicion congelada
1777555178.597740,False,True,0.00000000,441,279,168.586205,67.474047,7907.298703,False,Sin AprilTag: medicion congelada
1777555178.677375,False,True,0.00000000,470,276,168.586205,67.474047,7907.298703,False,Sin AprilTag: medicion congelada
1777555178.747181,False,True,0.00000000,492,276,168.586205,67.474047,7907.298703,False,Sin AprilTag: medicion congelada
1777555178.826239,False,True,0.00000000,521,281,168.586205,67.474047,7907.298703,False,Sin AprilTag: medicion congelada
1777555178.905001,False,True,0.00000000,542,288,168.586205,67.474047,7907.298703,False,Sin AprilTag: medicion congelada
1777555178.966245,False,True,0.00000000,567,298,168.586205,67.474047,7907.298703,False,Sin AprilTag: medicion congelada
1777555179.054497,False,True,0.00000000,592,309,168.586205,67.474047,7907.298703,False,Sin AprilTag: medicion congelada
1777555179.123115,False,True,0.00000000,620,326,168.586205,67.474047,7907.298703,False,Sin AprilTag: medicion congelada
1777555179.232180,False,True,0.00000000,630,340,168.586205,67.474047,7907.298703,False,Sin AprilTag: medicion congelada
1777555179.310520,False,True,0.00000000,645,365,168.586205,67.474047,7907.298703,False,Sin AprilTag: medicion congelada
1777555179.396946,False,True,0.00000000,655,336,168.586205,67.474047,7907.298703,False,Sin AprilTag: medicion congelada
1777555179.471401,False,True,0.00000000,669,406,168.586205,67.474047,7907.298703,False,Sin AprilTag: medicion congelada
1777555179.552490,False,True,0.00000000,682,407,168.586205,67.474047,7907.298703,False,Sin AprilTag: medicion congelada
1777555179.621994,False,True,0.00000000,701,407,168.586205,67.474047,7907.298703,False,Sin AprilTag: medicion congelada
1777555179.701296,False,True,0.00000000,700,366,168.586205,67.474047,7907.298703,False,Sin AprilTag: medicion congelada
1777555179.782018,False,True,0.00000000,695,425,168.586205,67.474047,7907.298703,False,Sin AprilTag: medicion congelada
1777555179.882194,False,True,0.00000000,686,444,168.586205,67.474047,7907.298703,False,Sin AprilTag: medicion congelada
1777555179.978665,False,True,0.00000000,685,408,168.586205,67.474047,7907.298703,False,Sin AprilTag: medicion congelada
1777555180.056185,False,True,0.00000000,687,408,168.586205,67.474047,7907.298703,False,Sin AprilTag: medicion congelada
1777555180.130864,False,True,0.00000000,689,409,168.586205,67.474047,7907.298703,False,Sin AprilTag: medicion congelada
1777555180.200436,False,True,0.00000000,689,409,168.586205,67.474047,7907.298703,False,Sin AprilTag: medicion congelada
1777555180.282568,False,True,0.00000000,691,409,168.586205,67.474047,7907.298703,False,Sin AprilTag: medicion congelada
1777555180.364324,False,True,0.00000000,690,409,168.586205,67.474047,7907.298703,False,Sin AprilTag: medicion congelada
1777555180.446535,False,True,0.00000000,690,407,168.586205,67.474047,7907.298703,False,Sin AprilTag: medicion congelada
1777555180.526739,False,True,0.00000000,690,405,168.586205,67.474047,7907.298703,False,Sin AprilTag: medicion congelada
1777555180.603198,False,True,0.00000000,691,403,168.586205,67.474047,7907.298703,False,Sin AprilTag: medicion congelada
1777555180.695640,False,True,0.00000000,691,402,168.586205,67.474047,7907.298703,False,Sin AprilTag: medicion congelada
1777555180.787130,False,True,0.00000000,691,401,168.586205,67.474047,7907.298703,False,Sin AprilTag: medicion congelada
1777555180.865067,False,True,0.00000000,693,400,168.586205,67.474047,7907.298703,False,Sin AprilTag: medicion congelada
1777555180.942151,False,True,0.00000000,692,399,168.586205,67.474047,7907.298703,False,Sin AprilTag: medicion congelada
1777555181.013305,False,True,0.00000000,694,400,168.586205,67.474047,7907.298703,False,Sin AprilTag: medicion congelada
1777555181.099578,False,True,0.00000000,694,401,168.586205,67.474047,7907.298703,False,Sin AprilTag: medicion congelada
1777555181.169360,False,True,0.00000000,693,401,168.586205,67.474047,7907.298703,False,Sin AprilTag: medicion congelada
1777555181.256988,False,True,0.00000000,692,401,168.586205,67.474047,7907.298703,False,Sin AprilTag: medicion congelada
1777555181.325716,False,True,0.00000000,690,402,168.586205,67.474047,7907.298703,False,Sin AprilTag: medicion congelada
1777555181.439444,False,True,0.00000000,689,401,168.586205,67.474047,7907.298703,False,Sin AprilTag: medicion congelada
1777555181.544928,False,True,0.00000000,687,399,168.586205,67.474047,7907.298703,False,Sin AprilTag: medicion congelada
1777555181.623203,False,True,0.00000000,687,397,168.586205,67.474047,7907.298703,False,Sin AprilTag: medicion congelada
1777555181.710779,False,True,0.00000000,687,465,168.586205,67.474047,7907.298703,False,Sin AprilTag: medicion congelada
1777555181.796473,False,True,0.00000000,686,465,168.586205,67.474047,7907.298703,False,Sin AprilTag: medicion congelada
1777555181.883310,False,True,0.00000000,687,465,168.586205,67.474047,7907.298703,False,Sin AprilTag: medicion congelada
1777555181.968884,False,True,0.00000000,688,465,168.586205,67.474047,7907.298703,False,Sin AprilTag: medicion congelada
1777555182.044020,False,True,0.00000000,687,464,168.586205,67.474047,7907.298703,False,Sin AprilTag: medicion congelada
1777555182.134881,False,True,0.00000000,686,464,168.586205,67.474047,7907.298703,False,Sin AprilTag: medicion congelada
1777555182.217011,False,True,0.00000000,683,457,168.586205,67.474047,7907.298703,False,Sin AprilTag: medicion congelada
1777555182.297254,False,True,0.00000000,680,457,168.586205,67.474047,7907.298703,False,Sin AprilTag: medicion congelada
1777555182.383653,False,True,0.00000000,678,457,168.586205,67.474047,7907.298703,False,Sin AprilTag: medicion congelada
1777555182.452185,False,True,0.00000000,677,457,168.586205,67.474047,7907.298703,False,Sin AprilTag: medicion congelada
1777555182.529796,False,True,0.00000000,675,457,168.586205,67.474047,7907.298703,False,Sin AprilTag: medicion congelada
1777555182.617980,False,True,0.00000000,673,456,168.586205,67.474047,7907.298703,False,Sin AprilTag: medicion congelada
1777555182.695892,False,True,0.00000000,672,456,168.586205,67.474047,7907.298703,False,Sin AprilTag: medicion congelada
1777555182.787900,False,True,0.00000000,669,456,168.586205,67.474047,7907.298703,False,Sin AprilTag: medicion congelada
1777555182.860803,False,True,0.00000000,668,455,168.586205,67.474047,7907.298703,False,Sin AprilTag: medicion congelada
1777555182.935072,False,True,0.00000000,668,454,168.586205,67.474047,7907.298703,False,Sin AprilTag: medicion congelada
1777555183.024728,False,True,0.00000000,670,454,168.586205,67.474047,7907.298703,False,Sin AprilTag: medicion congelada
1777555183.101150,False,True,0.00000000,672,454,168.586205,67.474047,7907.298703,False,Sin AprilTag: medicion congelada
1777555183.168577,False,True,0.00000000,673,454,168.586205,67.474047,7907.298703,False,Sin AprilTag: medicion congelada
1777555183.246722,False,True,0.00000000,674,455,168.586205,67.474047,7907.298703,False,Sin AprilTag: medicion congelada
1777555183.335917,False,True,0.00000000,674,392,168.586205,67.474047,7907.298703,False,Sin AprilTag: medicion congelada
1777555183.420066,False,True,0.00000000,674,456,168.586205,67.474047,7907.298703,False,Sin AprilTag: medicion congelada
1777555183.513413,False,True,0.00000000,675,456,168.586205,67.474047,7907.298703,False,Sin AprilTag: medicion congelada
1777555183.606491,False,True,0.00000000,676,457,168.586205,67.474047,7907.298703,False,Sin AprilTag: medicion congelada
1777555183.685662,False,True,0.00000000,678,465,168.586205,67.474047,7907.298703,False,Sin AprilTag: medicion congelada
1777555183.762739,False,True,0.00000000,679,465,168.586205,67.474047,7907.298703,False,Sin AprilTag: medicion congelada
1777555183.849934,False,True,0.00000000,679,463,168.586205,67.474047,7907.298703,False,Sin AprilTag: medicion congelada
1777555183.934911,False,True,0.00000000,677,462,168.586205,67.474047,7907.298703,False,Sin AprilTag: medicion congelada
1777555184.012721,False,True,0.00000000,673,460,168.586205,67.474047,7907.298703,False,Sin AprilTag: medicion congelada
1777555184.091987,False,True,0.00000000,659,453,168.586205,67.474047,7907.298703,False,Sin AprilTag: medicion congelada
1777555184.171993,False,True,0.00000000,650,447,168.586205,67.474047,7907.298703,False,Sin AprilTag: medicion congelada
1777555184.230745,False,True,0.00000000,640,441,168.586205,67.474047,7907.298703,False,Sin AprilTag: medicion congelada
1777555184.317661,False,True,0.00000000,635,432,168.586205,67.474047,7907.298703,False,Sin AprilTag: medicion congelada
1777555184.419622,False,True,0.00000000,624,418,168.586205,67.474047,7907.298703,False,Sin AprilTag: medicion congelada
1777555184.496805,False,True,0.00000000,617,414,168.586205,67.474047,7907.298703,False,Sin AprilTag: medicion congelada
1777555184.575336,False,True,0.00000000,606,414,168.586205,67.474047,7907.298703,False,Sin AprilTag: medicion congelada
1777555184.664215,False,True,0.00000000,599,416,168.586205,67.474047,7907.298703,False,Sin AprilTag: medicion congelada
1777555184.731133,False,True,0.00000000,592,419,168.586205,67.474047,7907.298703,False,Sin AprilTag: medicion congelada
1777555184.811494,False,True,0.00000000,592,424,168.586205,67.474047,7907.298703,False,Sin AprilTag: medicion congelada
1777555184.887736,False,True,0.00000000,594,429,168.586205,67.474047,7907.298703,False,Sin AprilTag: medicion congelada
1777555184.966837,False,True,0.00000000,588,436,168.586205,67.474047,7907.298703,False,Sin AprilTag: medicion congelada
1777555185.044671,False,True,0.00000000,584,428,168.586205,67.474047,7907.298703,False,Sin AprilTag: medicion congelada
1777555185.122872,False,True,0.00000000,580,423,168.586205,67.474047,7907.298703,False,Sin AprilTag: medicion congelada
1777555185.202077,False,True,0.00000000,575,418,168.586205,67.474047,7907.298703,False,Sin AprilTag: medicion congelada
1777555185.303505,False,True,0.00000000,567,375,168.586205,67.474047,7907.298703,False,Sin AprilTag: medicion congelada
1777555185.380091,False,True,0.00000000,561,345,168.586205,67.474047,7907.298703,False,Sin AprilTag: medicion congelada
1777555185.487519,False,True,0.00000000,550,239,168.586205,67.474047,7907.298703,False,Sin AprilTag: medicion congelada
1777555185.587672,False,True,0.00000000,539,221,168.586205,67.474047,7907.298703,False,Sin AprilTag: medicion congelada
1777555185.668955,False,True,0.00000000,530,206,168.586205,67.474047,7907.298703,False,Sin AprilTag: medicion congelada
1777555185.779798,False,True,0.00000000,525,190,168.586205,67.474047,7907.298703,False,Sin AprilTag: medicion congelada
1777555185.870737,False,True,0.00000000,522,176,168.586205,67.474047,7907.298703,False,Sin AprilTag: medicion congelada
1777555185.935911,False,True,0.00000000,518,168,168.586205,67.474047,7907.298703,False,Sin AprilTag: medicion congelada
1777555186.011729,False,True,0.00000000,515,165,168.586205,67.474047,7907.298703,False,Sin AprilTag: medicion congelada
1777555186.090759,False,True,0.00000000,510,166,168.586205,67.474047,7907.298703,False,Sin AprilTag: medicion congelada
1777555186.178504,False,True,0.00000000,506,169,168.586205,67.474047,7907.298703,False,Sin AprilTag: medicion congelada
1777555186.247672,False,True,0.00000000,506,170,168.586205,67.474047,7907.298703,False,Sin AprilTag: medicion congelada
1777555186.355165,False,True,0.00000000,506,169,168.586205,67.474047,7907.298703,False,Sin AprilTag: medicion congelada
1777555186.450337,False,True,0.00000000,506,169,168.586205,67.474047,7907.298703,False,Sin AprilTag: medicion congelada
1777555186.527505,False,True,0.00000000,504,169,168.586205,67.474047,7907.298703,False,Sin AprilTag: medicion congelada
1777555186.633294,False,True,0.00000000,502,170,168.586205,67.474047,7907.298703,False,Sin AprilTag: medicion congelada
1777555186.716201,False,True,0.00000000,502,171,168.586205,67.474047,7907.298703,False,Sin AprilTag: medicion congelada
1777555186.811591,False,True,0.00000000,501,171,168.586205,67.474047,7907.298703,False,Sin AprilTag: medicion congelada
1777555186.875881,False,True,0.00000000,499,172,168.586205,67.474047,7907.298703,False,Sin AprilTag: medicion congelada
1777555186.964842,False,True,0.00000000,497,174,168.586205,67.474047,7907.298703,False,Sin AprilTag: medicion congelada
1777555187.044104,False,True,0.00000000,498,176,168.586205,67.474047,7907.298703,False,Sin AprilTag: medicion congelada
1777555187.122210,False,True,0.00000000,501,178,168.586205,67.474047,7907.298703,False,Sin AprilTag: medicion congelada
1777555187.200431,False,True,0.00000000,514,180,168.586205,67.474047,7907.298703,False,Sin AprilTag: medicion congelada
1777555187.287327,False,True,0.00000000,521,181,168.586205,67.474047,7907.298703,False,Sin AprilTag: medicion congelada
1777555187.365155,False,True,0.00000000,529,180,168.586205,67.474047,7907.298703,False,Sin AprilTag: medicion congelada
1777555187.437414,False,True,0.00000000,531,179,168.586205,67.474047,7907.298703,False,Sin AprilTag: medicion congelada
1777555187.511964,False,True,0.00000000,532,179,168.586205,67.474047,7907.298703,False,Sin AprilTag: medicion congelada
1777555187.606137,False,True,0.00000000,533,178,168.586205,67.474047,7907.298703,False,Sin AprilTag: medicion congelada
1777555187.678775,False,True,0.00000000,535,178,168.586205,67.474047,7907.298703,False,Sin AprilTag: medicion congelada
1777555187.748883,False,True,0.00000000,538,178,168.586205,67.474047,7907.298703,False,Sin AprilTag: medicion congelada
1777555187.849209,False,True,0.00000000,541,182,168.586205,67.474047,7907.298703,False,Sin AprilTag: medicion congelada
1777555187.918577,False,True,0.00000000,543,184,168.586205,67.474047,7907.298703,False,Sin AprilTag: medicion congelada
1777555188.003070,False,True,0.00000000,548,189,168.586205,67.474047,7907.298703,False,Sin AprilTag: medicion congelada
1777555188.074614,False,True,0.00000000,552,190,168.586205,67.474047,7907.298703,False,Sin AprilTag: medicion congelada
1777555188.160867,False,True,0.00000000,556,191,168.586205,67.474047,7907.298703,False,Sin AprilTag: medicion congelada
1777555188.238092,False,True,0.00000000,556,191,168.586205,67.474047,7907.298703,False,Sin AprilTag: medicion congelada
1777555188.317331,False,True,0.00000000,555,190,168.586205,67.474047,7907.298703,False,Sin AprilTag: medicion congelada
1777555188.391701,False,True,0.00000000,554,191,168.586205,67.474047,7907.298703,False,Sin AprilTag: medicion congelada
1777555188.474991,False,True,0.00000000,548,192,168.586205,67.474047,7907.298703,False,Sin AprilTag: medicion congelada
1777555188.543919,False,True,0.00000000,541,191,168.586205,67.474047,7907.298703,False,Sin AprilTag: medicion congelada
1777555188.645346,False,True,0.00000000,527,190,168.586205,67.474047,7907.298703,False,Sin AprilTag: medicion congelada
1777555188.726108,False,True,0.00000000,514,191,168.586205,67.474047,7907.298703,False,Sin AprilTag: medicion congelada
1777555188.805171,False,True,0.00000000,491,192,168.586205,67.474047,7907.298703,False,Sin AprilTag: medicion congelada
1777555188.879673,False,True,0.00000000,471,194,168.586205,67.474047,7907.298703,False,Sin AprilTag: medicion congelada
1777555188.975478,False,True,0.00000000,435,196,168.586205,67.474047,7907.298703,False,Sin AprilTag: medicion congelada
1777555189.042488,False,True,0.00000000,404,196,168.586205,67.474047,7907.298703,False,Sin AprilTag: medicion congelada
1777555189.130383,False,True,0.00000000,374,188,168.586205,67.474047,7907.298703,False,Sin AprilTag: medicion congelada
1777555189.216766,False,True,0.00000000,337,181,168.586205,67.474047,7907.298703,False,Sin AprilTag: medicion congelada
1777555189.298237,False,True,0.00000000,304,178,168.586205,67.474047,7907.298703,False,Sin AprilTag: medicion congelada
1777555189.377825,False,True,0.00000000,283,179,168.586205,67.474047,7907.298703,False,Sin AprilTag: medicion congelada
1777555189.476123,False,True,0.00000000,234,226,168.586205,67.474047,7907.298703,False,Sin AprilTag: medicion congelada
1777555189.551458,False,True,0.00000000,222,226,168.586205,67.474047,7907.298703,False,Sin AprilTag: medicion congelada
1777555189.627237,True,True,0.40630861,193,226,0.000000,67.474047,7907.298703,False,Salto temporal
1777555189.710371,True,True,0.40581446,140,225,258.763838,61.659376,7928.810698,True,OK
1777555189.801628,True,True,0.40571872,120,225,88.917736,61.678707,7936.925072,True,OK
1777555189.891274,True,True,0.40621481,83,182,257.050539,61.814717,7959.968589,True,OK
1777555189.949399,True,True,0.40540449,75,181,56.232279,61.812199,7963.237065,True,OK
1777555190.013153,True,True,0.40517253,57,180,114.570728,61.838294,7970.541416,True,OK
1777555190.093306,True,True,0.40637498,40,183,87.520844,61.854256,7977.556536,True,OK
1777555190.176406,True,True,0.40631201,23,166,117.550539,61.890118,7987.324939,True,OK
1777555190.259946,True,True,0.40675236,629,281,3003.254341,63.792864,8238.215979,True,OK
1777555190.332522,True,True,0.40590962,629,282,5.592869,63.760174,8238.621889,True,OK
1777555190.404981,True,True,0.40687303,124,364,2872.815645,65.334539,8446.783872,True,OK
1777555190.479988,True,True,0.40705148,140,376,108.537675,65.359590,8454.924901,True,OK
1777555190.566203,True,True,0.40673100,137,378,17.009534,65.327387,8456.391391,True,OK
1777555190.638356,True,True,0.40719686,136,378,5.643568,65.294138,8456.798588,True,OK
1777555190.715266,True,True,0.40693424,136,378,0.000000,65.255389,8456.798588,True,OK
1777555190.802576,True,True,0.40711839,136,379,4.662865,65.214594,8457.205706,True,OK
1777555190.872311,True,True,0.40575363,137,378,8.228635,65.183967,8457.779528,True,OK
1777555190.949348,True,True,0.40713818,140,378,15.854986,65.154697,8459.000943,True,OK
1777555191.024065,True,True,0.40694990,139,378,5.446512,65.120354,8459.407893,True,OK
1777555191.094827,True,True,0.40791056,139,377,5.764530,65.088039,8459.815803,True,OK
1777555191.168525,True,True,0.40850000,140,377,5.542906,65.054295,8460.224303,True,OK
1777555191.245115,True,True,0.40917296,141,377,5.342377,65.019150,8460.633476,True,OK
1777555191.323709,True,True,0.40947647,41,626,1398.005844,65.823770,8570.508305,True,OK
1777555191.402015,True,True,0.41058083,42,610,84.056839,65.834729,8577.090416,True,OK
1777555191.498295,True,True,0.41124307,46,599,49.994514,65.823032,8581.903893,True,OK
1777555191.573623,True,True,0.41061080,45,607,43.947214,65.810400,8585.214343,True,OK
1777555191.678436,True,True,0.41184859,45,613,23.576225,65.776494,8587.685435,True,OK
1777555191.763169,True,True,0.41236982,44,618,24.815170,65.749927,8589.788116,True,OK
1777555191.839897,True,True,0.41229818,44,617,5.373546,65.714489,8590.200415,True,OK
1777555191.933691,True,True,0.41178224,44,616,4.390267,65.670519,8590.612197,True,OK
1777555192.028203,True,True,0.41267203,45,615,6.174977,65.627565,8591.195803,True,OK
1777555192.095696,True,True,0.41330428,44,613,13.692834,65.600802,8592.119980,True,OK
1777555192.169368,True,True,0.41412617,45,611,12.569491,65.570990,8593.045994,True,OK
1777555192.264406,True,True,0.41390315,45,607,17.420413,65.536096,8594.701606,True,OK
1777555192.355509,True,True,0.41430263,45,608,4.547661,65.493758,8595.115909,True,OK
1777555192.445164,True,True,0.41449540,44,612,19.061968,65.462060,8596.824917,True,OK
1777555192.511530,True,True,0.41439595,45,610,13.962141,65.436047,8597.751535,True,OK
1777555192.604488,True,True,0.41510478,45,609,4.465522,65.392942,8598.166640,True,OK
1777555192.707958,True,True,0.41473616,44,609,4.008271,65.344674,8598.581376,True,OK
1777555192.777378,True,True,0.41467082,44,609,0.000000,65.310219,8598.581376,True,OK
1777555192.856782,True,True,0.41459561,45,610,7.384041,65.275304,8599.167703,True,OK
1777555192.933405,True,True,0.41445317,44,608,12.094954,65.244391,8600.094448,True,OK
1777555193.011446,True,True,0.41392379,44,609,5.303906,65.208923,8600.508372,True,OK
1777555193.099137,True,True,0.41426178,44,611,9.448261,65.171875,8601.336895,True,OK
1777555193.168570,True,True,0.41383468,44,612,5.960163,65.140740,8601.750730,True,OK
1777555193.260989,True,True,0.41384144,44,614,8.955751,65.101444,8602.578413,True,OK
1777555193.365545,True,True,0.41352349,44,615,3.955058,65.053101,8602.991937,True,OK
1777555193.432782,True,True,0.41315235,43,616,8.689924,65.024459,8603.576222,True,OK
1777555193.537187,True,True,0.41357569,43,620,15.844992,64.985683,8605.230525,True,OK
1777555193.605595,True,True,0.41307483,41,630,61.579822,64.983925,8609.443078,True,OK
1777555193.698262,True,True,0.41290349,132,379,1189.635788,65.770010,8719.682896,True,OK
1777555193.797410,True,True,0.41225328,133,379,4.157957,65.723968,8720.095150,True,OK
1777555193.870487,True,True,0.41214702,133,378,5.639885,65.690893,8720.507297,True,OK
1777555193.949775,True,True,0.41106066,132,353,129.714792,65.729109,8730.792031,True,OK
1777555194.026862,True,True,0.41108727,130,380,144.379418,65.774727,8741.921797,True,OK
1777555194.120444,True,True,0.41079213,130,380,0.000000,65.728447,8741.921797,True,OK
1777555194.208455,True,True,0.41093820,130,380,0.000000,65.684980,8741.921797,True,OK
1777555194.281190,True,True,0.41031957,129,380,5.641289,65.652183,8742.332116,True,OK
1777555194.356580,True,True,0.41090359,129,380,0.000000,65.615035,8742.332116,True,OK
1777555194.458852,True,True,0.41052551,129,380,0.000000,65.564708,8742.332116,True,OK
1777555194.542561,True,True,0.41011697,130,380,4.899304,65.526647,8742.742233,True,OK
1777555194.633492,True,True,0.40970639,130,380,0.000000,65.482019,8742.742233,True,OK
1777555194.732760,True,True,0.40977816,131,380,4.128000,65.436436,8743.152011,True,OK
1777555194.814816,True,True,0.41014770,130,379,7.068804,65.400612,8743.732048,True,OK
1777555194.901386,True,True,0.40906179,131,379,4.725200,65.361349,8744.141109,True,OK
1777555194.979989,True,True,0.40944907,131,379,0.000000,65.322969,8744.141109,True,OK
1777555195.057634,True,True,0.40869556,130,378,7.443955,65.289416,8744.719092,True,OK
1777555195.136760,True,True,0.40854278,131,377,7.301868,65.255179,8745.296859,True,OK
1777555195.222750,True,True,0.40828596,131,375,9.496132,65.219425,8746.113431,True,OK
1777555195.307694,True,True,0.40760447,130,374,6.786076,65.182435,8746.689871,True,OK
1777555195.385166,True,True,0.40890036,129,373,7.464256,65.149132,8747.268143,True,OK
1777555195.490371,True,True,0.40774287,129,373,0.000000,65.098123,8747.268143,True,OK
1777555195.559260,True,True,0.40770761,129,375,11.836629,65.070831,8748.083558,True,OK
1777555195.652774,True,True,0.40729022,128,374,6.159474,65.029882,8748.659554,True,OK
1777555195.729470,True,True,0.40690799,128,374,0.000000,64.992830,8748.659554,True,OK
1777555195.818146,True,True,0.40683187,126,373,10.258767,64.956797,8749.569257,True,OK
1777555195.886910,True,True,0.40690740,127,374,8.368568,64.927923,8750.144711,True,OK
1777555195.980868,True,True,0.40647013,86,359,188.866347,65.014272,8767.890287,True,OK
1777555196.090081,True,True,0.40684178,86,300,219.787388,65.139509,8791.893952,True,OK
1777555196.191395,True,True,0.40573171,92,242,233.512253,65.265801,8815.551973,True,OK
1777555196.268869,True,True,0.40625630,112,231,119.691232,65.297000,8824.824945,True,OK
1777555196.344738,True,True,0.40584562,118,232,32.538350,65.278621,8827.293608,True,OK
1777555196.456711,True,True,0.40570850,137,233,68.937986,65.281648,8835.012738,True,OK
1777555196.542061,True,True,0.40585776,158,234,99.972388,65.303512,8843.545409,True,OK
1777555196.626195,True,True,0.40562445,182,190,241.634763,65.412995,8863.875248,True,OK
1777555196.705986,True,True,0.40516288,219,193,188.495060,65.485427,8878.915470,True,OK
1777555196.783720,True,True,0.40548294,246,196,141.707809,65.529102,8889.930883,True,OK
1777555196.857248,False,True,0.00000000,287,200,141.707809,65.529102,8889.930883,False,Sin AprilTag: medicion congelada
1777555196.949709,False,True,0.00000000,315,201,141.707809,65.529102,8889.930883,False,Sin AprilTag: medicion congelada
1777555197.036205,False,True,0.00000000,360,197,141.707809,65.529102,8889.930883,False,Sin AprilTag: medicion congelada
1777555197.112921,False,True,0.00000000,390,192,141.707809,65.529102,8889.930883,False,Sin AprilTag: medicion congelada
1777555197.182940,False,True,0.00000000,425,184,141.707809,65.529102,8889.930883,False,Sin AprilTag: medicion congelada
1777555197.260655,False,True,0.00000000,462,175,141.707809,65.529102,8889.930883,False,Sin AprilTag: medicion congelada
1777555197.333612,False,True,0.00000000,505,171,141.707809,65.529102,8889.930883,False,Sin AprilTag: medicion congelada
1777555197.403112,False,True,0.00000000,542,174,141.707809,65.529102,8889.930883,False,Sin AprilTag: medicion congelada
1777555197.479232,False,True,0.00000000,570,178,141.707809,65.529102,8889.930883,False,Sin AprilTag: medicion congelada
1777555197.569558,False,True,0.00000000,604,186,141.707809,65.529102,8889.930883,False,Sin AprilTag: medicion congelada
1777555197.636263,False,True,0.00000000,624,192,141.707809,65.529102,8889.930883,False,Sin AprilTag: medicion congelada
1777555197.714278,False,True,0.00000000,643,195,141.707809,65.529102,8889.930883,False,Sin AprilTag: medicion congelada
1777555197.791263,True,True,0.40265223,659,195,0.000000,65.529102,8889.930883,False,Salto temporal
1777555197.872251,True,True,0.40274483,681,198,110.416287,65.072890,8898.873270,True,OK
1777555197.949902,True,True,0.40119430,693,198,61.999399,65.071146,8903.687601,True,OK
1777555198.069984,True,True,0.40168927,710,206,62.849115,65.069197,8911.234657,True,OK
1777555198.151353,True,True,0.40218970,728,214,97.361435,65.088372,8919.156876,True,OK
1777555198.236897,True,True,0.40081655,741,179,174.940089,65.156906,8934.121886,True,OK
1777555198.316014,True,True,0.40262762,762,180,106.990016,65.181030,8942.586647,True,OK
1777555198.387165,True,True,0.40223439,779,177,97.590855,65.197829,8949.530289,True,OK
1777555198.479275,True,True,0.40248216,799,210,168.609906,65.267175,8965.061095,True,OK
1777555198.557038,True,True,0.40298405,809,205,57.939321,65.263029,8969.566594,True,OK
1777555198.645865,True,True,0.40397018,817,202,38.856418,65.245973,8973.018116,True,OK
1777555198.713912,True,True,0.40360905,818,204,13.263029,65.220266,8973.920614,True,OK
1777555198.832339,True,True,0.40466306,811,208,27.548423,65.187869,8977.183111,True,OK
1777555198.929556,True,True,0.40432040,800,212,48.679192,65.176223,8981.915560,True,OK
1777555199.027574,True,True,0.40487402,763,225,161.992405,65.245035,8997.793644,True,OK
1777555199.105443,True,True,0.40573133,749,231,79.362795,65.253002,9003.973559,True,OK
1777555199.182718,True,True,0.40498784,731,236,97.907087,65.271279,9011.539356,True,OK
1777555199.276330,True,True,0.40616664,704,247,126.497633,65.312765,9023.381047,True,OK
1777555199.382081,True,True,0.40621009,680,253,95.026069,65.335491,9033.430130,True,OK
1777555199.464065,True,True,0.40705562,665,259,80.213219,65.344308,9040.006315,True,OK
1777555199.540926,True,True,0.40783999,661,263,30.016169,65.324691,9042.313406,True,OK
1777555199.631629,True,True,0.40812783,657,267,25.453751,65.298582,9044.622126,True,OK
1777555199.705296,True,True,0.40750681,658,272,28.206622,65.278865,9046.700011,True,OK
1777555199.775726,True,True,0.40708832,661,275,24.522459,65.258163,9048.427140,True,OK
1777555199.885132,True,True,0.40789164,669,280,35.172131,65.234442,9052.275182,True,OK
1777555199.974422,True,True,0.40793097,682,282,60.091036,65.231135,9057.640677,True,OK
1777555200.048691,True,True,0.40823360,693,284,61.454609,65.229116,9062.204867,True,OK
1777555200.144216,True,True,0.40841297,706,286,56.234553,65.222936,9067.576701,True,OK
1777555200.217304,True,True,0.40779435,714,289,47.671297,65.213713,9071.060897,True,OK
1777555200.295247,True,True,0.40727790,717,290,16.524078,65.186446,9072.348823,True,OK
1777555200.365422,True,True,0.40807406,719,296,36.777779,65.172129,9074.929710,True,OK
1777555200.445466,True,True,0.40744513,723,296,20.360929,65.146384,9076.559491,True,OK
1777555200.527667,True,True,0.40662762,743,297,99.058544,65.166380,9084.702203,True,OK
1777555200.599080,True,True,0.39010429,781,298,207.654563,65.239333,9099.531298,True,OK
1777555200.666052,True,True,0.39641032,806,299,148.092853,65.279097,9109.449481,True,OK
1777555200.745893,True,True,0.40307489,832,300,131.358219,65.316882,9119.937176,True,OK
1777555200.824947,True,True,0.40150822,855,301,116.924430,65.346085,9129.180590,True,OK
1777555200.885014,True,True,0.40039896,867,301,79.990551,65.352379,9133.985377,True,OK
1777555200.969167,True,True,0.39593634,886,301,89.395031,65.366846,9141.508168,True,OK
1777555201.025179,True,True,0.39418212,898,300,84.741987,65.374603,9146.254749,True,OK
1777555201.107214,True,True,0.39164777,910,298,58.079545,65.370328,9151.019350,True,OK
1777555201.179639,True,True,0.38853798,409,360,2708.227417,66.736945,9347.161773,True,OK
1777555201.245335,True,True,0.38428164,431,359,128.820425,66.766052,9355.624698,True,OK
1777555201.307425,True,True,0.38063327,452,358,128.882351,66.793563,9363.627055,True,OK
1777555201.370960,True,True,0.37534575,473,334,188.400639,66.848652,9375.596995,True,OK
1777555201.448106,True,True,0.44066129,475,333,12.772429,66.818923,9376.582343,True,OK
1777555201.526442,False,True,0.00000000,502,332,12.772429,66.818923,9376.582343,False,Sin AprilTag: medicion congelada
1777555201.598136,False,True,0.00000000,524,331,12.772429,66.818923,9376.582343,False,Sin AprilTag: medicion congelada
1777555201.667264,False,True,0.00000000,544,332,12.772429,66.818923,9376.582343,False,Sin AprilTag: medicion congelada
1777555201.729263,False,True,0.00000000,569,332,12.772429,66.818923,9376.582343,False,Sin AprilTag: medicion congelada
1777555201.808360,False,True,0.00000000,594,332,12.772429,66.818923,9376.582343,False,Sin AprilTag: medicion congelada
1777555201.870912,False,True,0.00000000,612,333,12.772429,66.818923,9376.582343,False,Sin AprilTag: medicion congelada
1777555201.947211,True,True,0.44421191,654,359,160.984785,67.152656,9456.930689,True,OK
1777555202.010613,True,True,0.44255641,39,607,4628.730827,69.205386,9750.398984,True,OK
1777555202.079626,True,True,0.44198349,50,569,253.356215,69.295545,9767.883887,True,OK
1777555202.152736,True,True,0.44020561,60,532,230.774413,69.379255,9784.755883,True,OK
1777555202.213465,True,True,0.43765711,71,501,237.057119,69.451426,9799.152075,True,OK
1777555202.289014,True,True,0.43656698,81,500,58.073868,69.445337,9803.539518,True,OK
1777555202.355204,True,True,0.43292076,91,499,65.732450,69.443597,9807.890318,True,OK
1777555202.416139,True,True,0.43104336,101,497,72.139374,69.444759,9812.286115,True,OK
1777555202.494644,True,True,0.42556691,125,491,134.104106,69.480665,9822.814059,True,OK
1777555202.573625,True,True,0.42413577,145,488,108.603959,69.502509,9831.391674,True,OK
1777555202.658670,True,True,0.41955872,162,485,85.163126,69.511919,9838.634381,True,OK
1777555202.729016,True,True,0.41961056,166,483,26.676125,69.490640,9840.510936,True,OK
1777555202.814857,True,True,0.42015353,166,482,4.894572,69.451507,9840.931090,True,OK
1777555202.893586,True,True,0.42002559,167,482,5.335038,69.415902,9841.351115,True,OK
1777555202.964207,True,True,0.41978517,167,480,11.888473,69.387260,9842.190686,True,OK
1777555203.033758,True,True,0.41992299,168,481,8.538436,69.357439,9842.784546,True,OK
1777555203.110373,True,True,0.41967029,167,482,7.746584,69.324195,9843.378050,True,OK
1777555203.181937,True,True,0.42069441,168,482,5.878618,69.292234,9843.798744,True,OK
1777555203.254998,True,True,0.41853163,178,480,58.419139,69.286645,9848.066946,True,OK
1777555203.322319,True,True,0.41836617,180,481,13.896075,69.260422,9849.002441,True,OK
1777555203.401295,True,True,0.41811115,180,480,5.294192,69.224917,9849.420553,True,OK
1777555203.475192,True,True,0.41716713,181,480,5.645224,69.191913,9849.837720,True,OK
1777555203.546568,True,True,0.41828399,181,480,0.000000,69.157238,9849.837720,True,OK
1777555203.611492,True,True,0.41828399,181,480,0.000000,69.125727,9849.837720,True,OK
1777555203.689984,True,True,0.41842683,181,481,5.330875,69.090605,9850.256146,True,OK
1777555203.761282,True,True,0.41865764,181,483,11.743822,69.061941,9851.093462,True,OK
1777555203.822394,True,True,0.41839844,183,483,13.692911,69.038229,9851.930259,True,OK
1777555203.903602,True,True,0.41738159,191,481,42.382487,69.023069,9855.372075,True,OK
1777555203.962760,True,True,0.40823696,211,482,138.188018,69.051713,9863.547014,True,OK
1777555204.062216,True,True,0.40823696,211,482,0.000000,69.003669,9863.547014,True,OK
1777555204.133883,False,True,0.00000000,205,481,0.000000,69.003669,9863.547014,False,Sin AprilTag: medicion congelada
1777555204.213893,False,True,0.00000000,235,479,0.000000,69.003669,9863.547014,False,Sin AprilTag: medicion congelada
1777555204.293323,False,True,0.00000000,235,479,0.000000,69.003669,9863.547014,False,Sin AprilTag: medicion congelada
1777555204.384174,False,True,0.00000000,262,474,0.000000,69.003669,9863.547014,False,Sin AprilTag: medicion congelada
1777555204.471604,False,True,0.00000000,262,474,0.000000,69.003669,9863.547014,False,Sin AprilTag: medicion congelada
1777555204.541276,False,True,0.00000000,263,475,0.000000,69.003669,9863.547014,False,Sin AprilTag: medicion congelada
1777555204.622281,False,True,0.00000000,263,475,0.000000,69.003669,9863.547014,False,Sin AprilTag: medicion congelada
1777555204.701048,True,True,0.37860661,42,537,105.329159,69.165291,9930.834686,True,OK
1777555204.759992,False,True,0.00000000,42,547,105.329159,69.165291,9930.834686,False,Sin AprilTag: medicion congelada
1777555204.863232,False,True,0.00000000,42,547,105.329159,69.165291,9930.834686,False,Sin AprilTag: medicion congelada
1777555204.954401,False,True,0.00000000,48,547,105.329159,69.165291,9930.834686,False,Sin AprilTag: medicion congelada
1777555205.033014,False,True,0.00000000,48,547,105.329159,69.165291,9930.834686,False,Sin AprilTag: medicion congelada
1777555205.107725,False,True,0.00000000,353,473,105.329159,69.165291,9930.834686,False,Sin AprilTag: medicion congelada
1777555205.171793,False,True,0.00000000,353,473,105.329159,69.165291,9930.834686,False,Sin AprilTag: medicion congelada
1777555205.265581,False,True,0.00000000,352,473,105.329159,69.165291,9930.834686,False,Sin AprilTag: medicion congelada
1777555205.343609,False,True,0.00000000,352,474,105.329159,69.165291,9930.834686,False,Sin AprilTag: medicion congelada
1777555205.423500,False,True,0.00000000,353,473,105.329159,69.165291,9930.834686,False,Sin AprilTag: medicion congelada
1777555205.504130,False,True,0.00000000,353,473,105.329159,69.165291,9930.834686,False,Sin AprilTag: medicion congelada
1777555205.573523,False,True,0.00000000,353,474,105.329159,69.165291,9930.834686,False,Sin AprilTag: medicion congelada
1777555205.660043,False,True,0.00000000,353,475,105.329159,69.165291,9930.834686,False,Sin AprilTag: medicion congelada
1777555205.728316,False,True,0.00000000,353,475,105.329159,69.165291,9930.834686,False,Sin AprilTag: medicion congelada
1777555205.801308,False,True,0.00000000,353,477,105.329159,69.165291,9930.834686,False,Sin AprilTag: medicion congelada
1777555205.872346,False,True,0.00000000,352,478,105.329159,69.165291,9930.834686,False,Sin AprilTag: medicion congelada
1777555205.948087,False,True,0.00000000,352,478,105.329159,69.165291,9930.834686,False,Sin AprilTag: medicion congelada
1777555206.025658,False,True,0.00000000,353,480,105.329159,69.165291,9930.834686,False,Sin AprilTag: medicion congelada
1777555206.095901,False,True,0.00000000,370,479,105.329159,69.165291,9930.834686,False,Sin AprilTag: medicion congelada
1777555206.150611,False,True,0.00000000,377,479,105.329159,69.165291,9930.834686,False,Sin AprilTag: medicion congelada
1777555206.214450,False,True,0.00000000,381,479,105.329159,69.165291,9930.834686,False,Sin AprilTag: medicion congelada
1777555206.296947,False,True,0.00000000,381,479,105.329159,69.165291,9930.834686,False,Sin AprilTag: medicion congelada
1777555206.369405,False,True,0.00000000,392,478,105.329159,69.165291,9930.834686,False,Sin AprilTag: medicion congelada
1777555206.462657,False,True,0.00000000,396,476,105.329159,69.165291,9930.834686,False,Sin AprilTag: medicion congelada
1777555206.587725,False,True,0.00000000,396,477,105.329159,69.165291,9930.834686,False,Sin AprilTag: medicion congelada
1777555206.665511,False,True,0.00000000,397,475,105.329159,69.165291,9930.834686,False,Sin AprilTag: medicion congelada
1777555206.754896,False,True,0.00000000,397,475,105.329159,69.165291,9930.834686,False,Sin AprilTag: medicion congelada
1777555206.830775,False,True,0.00000000,397,474,105.329159,69.165291,9930.834686,False,Sin AprilTag: medicion congelada
1777555206.900074,False,True,0.00000000,397,473,105.329159,69.165291,9930.834686,False,Sin AprilTag: medicion congelada
1777555206.977973,False,True,0.00000000,398,472,105.329159,69.165291,9930.834686,False,Sin AprilTag: medicion congelada
1777555207.063658,False,True,0.00000000,398,471,105.329159,69.165291,9930.834686,False,Sin AprilTag: medicion congelada
1777555207.135013,False,True,0.00000000,398,471,105.329159,69.165291,9930.834686,False,Sin AprilTag: medicion congelada
1777555207.250845,False,True,0.00000000,398,470,105.329159,69.165291,9930.834686,False,Sin AprilTag: medicion congelada
1777555207.321499,False,True,0.00000000,398,469,105.329159,69.165291,9930.834686,False,Sin AprilTag: medicion congelada
1777555207.407542,False,True,0.00000000,398,469,105.329159,69.165291,9930.834686,False,Sin AprilTag: medicion congelada
1777555207.462567,False,True,0.00000000,399,469,105.329159,69.165291,9930.834686,False,Sin AprilTag: medicion congelada
1777555207.556545,False,True,0.00000000,399,467,105.329159,69.165291,9930.834686,False,Sin AprilTag: medicion congelada
1777555207.633989,False,True,0.00000000,400,466,105.329159,69.165291,9930.834686,False,Sin AprilTag: medicion congelada
1777555207.717693,False,True,0.00000000,400,466,105.329159,69.165291,9930.834686,False,Sin AprilTag: medicion congelada
1777555207.790186,False,True,0.00000000,400,464,105.329159,69.165291,9930.834686,False,Sin AprilTag: medicion congelada
1777555207.887572,False,True,0.00000000,400,464,105.329159,69.165291,9930.834686,False,Sin AprilTag: medicion congelada
1777555207.962345,False,True,0.00000000,401,464,105.329159,69.165291,9930.834686,False,Sin AprilTag: medicion congelada
1777555208.041219,False,True,0.00000000,400,464,105.329159,69.165291,9930.834686,False,Sin AprilTag: medicion congelada
1777555208.103289,False,True,0.00000000,400,464,105.329159,69.165291,9930.834686,False,Sin AprilTag: medicion congelada
1777555208.181520,False,True,0.00000000,401,463,105.329159,69.165291,9930.834686,False,Sin AprilTag: medicion congelada
1777555208.245072,False,True,0.00000000,401,464,105.329159,69.165291,9930.834686,False,Sin AprilTag: medicion congelada
1777555208.326451,False,True,0.00000000,401,465,105.329159,69.165291,9930.834686,False,Sin AprilTag: medicion congelada
1777555208.400244,False,True,0.00000000,401,465,105.329159,69.165291,9930.834686,False,Sin AprilTag: medicion congelada
1777555208.463178,False,True,0.00000000,401,464,105.329159,69.165291,9930.834686,False,Sin AprilTag: medicion congelada
1777555208.556632,False,True,0.00000000,401,465,105.329159,69.165291,9930.834686,False,Sin AprilTag: medicion congelada
1777555208.633779,False,True,0.00000000,401,465,105.329159,69.165291,9930.834686,False,Sin AprilTag: medicion congelada
1777555208.720428,False,True,0.00000000,401,465,105.329159,69.165291,9930.834686,False,Sin AprilTag: medicion congelada
1777555208.800345,False,True,0.00000000,401,465,105.329159,69.165291,9930.834686,False,Sin AprilTag: medicion congelada
1777555208.869017,False,True,0.00000000,400,466,105.329159,69.165291,9930.834686,False,Sin AprilTag: medicion congelada
1777555208.952630,False,True,0.00000000,400,467,105.329159,69.165291,9930.834686,False,Sin AprilTag: medicion congelada
1777555209.026297,False,True,0.00000000,400,465,105.329159,69.165291,9930.834686,False,Sin AprilTag: medicion congelada
1777555209.102751,False,True,0.00000000,400,466,105.329159,69.165291,9930.834686,False,Sin AprilTag: medicion congelada
1777555209.164625,False,True,0.00000000,399,464,105.329159,69.165291,9930.834686,False,Sin AprilTag: medicion congelada
1777555209.249043,False,True,0.00000000,399,465,105.329159,69.165291,9930.834686,False,Sin AprilTag: medicion congelada
1777555209.322398,False,True,0.00000000,398,466,105.329159,69.165291,9930.834686,False,Sin AprilTag: medicion congelada
1777555209.420995,False,True,0.00000000,398,466,105.329159,69.165291,9930.834686,False,Sin AprilTag: medicion congelada
1777555209.494003,False,True,0.00000000,397,465,105.329159,69.165291,9930.834686,False,Sin AprilTag: medicion congelada
1777555209.573247,False,True,0.00000000,397,466,105.329159,69.165291,9930.834686,False,Sin AprilTag: medicion congelada
1777555209.654546,False,True,0.00000000,396,467,105.329159,69.165291,9930.834686,False,Sin AprilTag: medicion congelada
1777555209.744802,False,True,0.00000000,397,467,105.329159,69.165291,9930.834686,False,Sin AprilTag: medicion congelada
1777555209.831780,False,True,0.00000000,397,468,105.329159,69.165291,9930.834686,False,Sin AprilTag: medicion congelada
1777555209.903637,False,True,0.00000000,396,466,105.329159,69.165291,9930.834686,False,Sin AprilTag: medicion congelada
1777555209.978348,False,True,0.00000000,391,464,105.329159,69.165291,9930.834686,False,Sin AprilTag: medicion congelada
1777555210.070948,False,True,0.00000000,395,465,105.329159,69.165291,9930.834686,False,Sin AprilTag: medicion congelada
1777555210.149048,False,True,0.00000000,394,464,105.329159,69.165291,9930.834686,False,Sin AprilTag: medicion congelada
1777555210.227939,False,True,0.00000000,394,463,105.329159,69.165291,9930.834686,False,Sin AprilTag: medicion congelada
1777555210.306005,False,True,0.00000000,393,462,105.329159,69.165291,9930.834686,False,Sin AprilTag: medicion congelada
1777555210.367830,False,True,0.00000000,393,463,105.329159,69.165291,9930.834686,False,Sin AprilTag: medicion congelada
1777555210.454633,False,True,0.00000000,393,463,105.329159,69.165291,9930.834686,False,Sin AprilTag: medicion congelada
1777555210.523827,False,True,0.00000000,392,462,105.329159,69.165291,9930.834686,False,Sin AprilTag: medicion congelada
1777555210.603717,False,True,0.00000000,392,463,105.329159,69.165291,9930.834686,False,Sin AprilTag: medicion congelada
1777555210.666481,False,True,0.00000000,391,463,105.329159,69.165291,9930.834686,False,Sin AprilTag: medicion congelada
1777555210.743662,False,True,0.00000000,391,464,105.329159,69.165291,9930.834686,False,Sin AprilTag: medicion congelada
1777555210.829147,False,True,0.00000000,391,463,105.329159,69.165291,9930.834686,False,Sin AprilTag: medicion congelada
1777555210.906474,False,True,0.00000000,390,463,105.329159,69.165291,9930.834686,False,Sin AprilTag: medicion congelada
1777555210.977934,False,True,0.00000000,390,463,105.329159,69.165291,9930.834686,False,Sin AprilTag: medicion congelada
1777555211.056271,False,True,0.00000000,389,462,105.329159,69.165291,9930.834686,False,Sin AprilTag: medicion congelada
1777555211.128881,False,True,0.00000000,389,463,105.329159,69.165291,9930.834686,False,Sin AprilTag: medicion congelada
1777555211.197084,False,True,0.00000000,388,464,105.329159,69.165291,9930.834686,False,Sin AprilTag: medicion congelada
1777555211.275987,False,True,0.00000000,387,463,105.329159,69.165291,9930.834686,False,Sin AprilTag: medicion congelada
1777555211.360304,False,True,0.00000000,386,464,105.329159,69.165291,9930.834686,False,Sin AprilTag: medicion congelada
1777555211.431245,False,True,0.00000000,386,464,105.329159,69.165291,9930.834686,False,Sin AprilTag: medicion congelada
1777555211.509474,False,True,0.00000000,385,465,105.329159,69.165291,9930.834686,False,Sin AprilTag: medicion congelada
1777555211.571153,False,True,0.00000000,384,466,105.329159,69.165291,9930.834686,False,Sin AprilTag: medicion congelada
1777555211.656329,False,True,0.00000000,382,466,105.329159,69.165291,9930.834686,False,Sin AprilTag: medicion congelada
1777555211.724130,False,True,0.00000000,382,467,105.329159,69.165291,9930.834686,False,Sin AprilTag: medicion congelada
1777555211.793674,False,True,0.00000000,382,466,105.329159,69.165291,9930.834686,False,Sin AprilTag: medicion congelada
1777555211.881158,False,True,0.00000000,382,462,105.329159,69.165291,9930.834686,False,Sin AprilTag: medicion congelada
1777555211.945541,False,True,0.00000000,382,458,105.329159,69.165291,9930.834686,False,Sin AprilTag: medicion congelada
1777555212.040017,False,True,0.00000000,388,451,105.329159,69.165291,9930.834686,False,Sin AprilTag: medicion congelada
1777555212.124478,False,True,0.00000000,407,439,105.329159,69.165291,9930.834686,False,Sin AprilTag: medicion congelada
1777555212.181978,False,True,0.00000000,416,435,105.329159,69.165291,9930.834686,False,Sin AprilTag: medicion congelada
1777555212.273947,False,True,0.00000000,449,423,105.329159,69.165291,9930.834686,False,Sin AprilTag: medicion congelada
1777555212.358579,False,True,0.00000000,479,393,105.329159,69.165291,9930.834686,False,Sin AprilTag: medicion congelada
1777555212.436755,False,True,0.00000000,544,358,105.329159,69.165291,9930.834686,False,Sin AprilTag: medicion congelada
1777555212.508804,False,True,0.00000000,604,279,105.329159,69.165291,9930.834686,False,Sin AprilTag: medicion congelada
1777555212.587442,False,True,0.00000000,694,317,105.329159,69.165291,9930.834686,False,Sin AprilTag: medicion congelada
1777555212.663393,False,True,0.00000000,764,308,105.329159,69.165291,9930.834686,False,Sin AprilTag: medicion congelada
1777555212.727417,False,True,0.00000000,798,269,105.329159,69.165291,9930.834686,False,Sin AprilTag: medicion congelada
1777555212.805550,False,True,0.00000000,860,272,105.329159,69.165291,9930.834686,False,Sin AprilTag: medicion congelada
1777555212.882507,False,True,0.00000000,910,303,105.329159,69.165291,9930.834686,False,Sin AprilTag: medicion congelada
1777555212.966115,False,False,0.00000000,-1,-1,105.329159,69.165291,9930.834686,False,Sin AprilTag: medicion congelada
1777555213.025291,False,True,0.00000000,33,456,105.329159,69.165291,9930.834686,False,Sin AprilTag: medicion congelada
1777555213.093559,False,True,0.00000000,33,455,105.329159,69.165291,9930.834686,False,Sin AprilTag: medicion congelada
1777555213.166251,False,True,0.00000000,33,455,105.329159,69.165291,9930.834686,False,Sin AprilTag: medicion congelada
1777555213.242725,False,True,0.00000000,33,455,105.329159,69.165291,9930.834686,False,Sin AprilTag: medicion congelada
1777555213.325608,False,True,0.00000000,32,455,105.329159,69.165291,9930.834686,False,Sin AprilTag: medicion congelada
1777555213.405859,False,False,0.00000000,-1,-1,105.329159,69.165291,9930.834686,False,Sin AprilTag: medicion congelada
1777555213.483351,False,False,0.00000000,-1,-1,105.329159,69.165291,9930.834686,False,Sin AprilTag: medicion congelada
1777555213.570670,False,False,0.00000000,-1,-1,105.329159,69.165291,9930.834686,False,Sin AprilTag: medicion congelada
1777555213.648676,False,False,0.00000000,-1,-1,105.329159,69.165291,9930.834686,False,Sin AprilTag: medicion congelada
1777555213.736355,False,True,0.00000000,904,232,105.329159,69.165291,9930.834686,False,Sin AprilTag: medicion congelada
1777555213.805858,False,True,0.00000000,878,230,105.329159,69.165291,9930.834686,False,Sin AprilTag: medicion congelada
1777555213.884296,False,True,0.00000000,851,227,105.329159,69.165291,9930.834686,False,Sin AprilTag: medicion congelada
1777555213.969306,False,True,0.00000000,814,221,105.329159,69.165291,9930.834686,False,Sin AprilTag: medicion congelada
1777555214.039673,False,True,0.00000000,759,218,105.329159,69.165291,9930.834686,False,Sin AprilTag: medicion congelada
1777555214.117361,False,True,0.00000000,677,215,105.329159,69.165291,9930.834686,False,Sin AprilTag: medicion congelada
1777555214.195812,False,True,0.00000000,631,216,105.329159,69.165291,9930.834686,False,Sin AprilTag: medicion congelada
1777555214.271125,False,True,0.00000000,588,220,105.329159,69.165291,9930.834686,False,Sin AprilTag: medicion congelada
1777555214.336502,False,True,0.00000000,545,224,105.329159,69.165291,9930.834686,False,Sin AprilTag: medicion congelada
1777555214.413606,False,True,0.00000000,506,227,105.329159,69.165291,9930.834686,False,Sin AprilTag: medicion congelada
1777555214.492338,False,True,0.00000000,454,230,105.329159,69.165291,9930.834686,False,Sin AprilTag: medicion congelada
1777555214.571621,False,True,0.00000000,421,233,105.329159,69.165291,9930.834686,False,Sin AprilTag: medicion congelada
1777555214.676861,False,True,0.00000000,373,233,105.329159,69.165291,9930.834686,False,Sin AprilTag: medicion congelada
1777555214.746043,False,True,0.00000000,340,233,105.329159,69.165291,9930.834686,False,Sin AprilTag: medicion congelada
1777555214.806108,False,True,0.00000000,311,232,105.329159,69.165291,9930.834686,False,Sin AprilTag: medicion congelada
1777555214.892928,False,True,0.00000000,269,231,105.329159,69.165291,9930.834686,False,Sin AprilTag: medicion congelada
1777555214.961157,False,True,0.00000000,244,234,105.329159,69.165291,9930.834686,False,Sin AprilTag: medicion congelada
1777555215.028231,False,True,0.00000000,219,239,105.329159,69.165291,9930.834686,False,Sin AprilTag: medicion congelada
1777555215.092402,False,True,0.00000000,195,248,105.329159,69.165291,9930.834686,False,Sin AprilTag: medicion congelada
1777555215.174278,False,True,0.00000000,174,254,105.329159,69.165291,9930.834686,False,Sin AprilTag: medicion congelada
1777555215.248886,False,True,0.00000000,153,258,105.329159,69.165291,9930.834686,False,Sin AprilTag: medicion congelada
1777555215.330407,False,True,0.00000000,132,262,105.329159,69.165291,9930.834686,False,Sin AprilTag: medicion congelada
1777555215.405084,False,True,0.00000000,125,267,105.329159,69.165291,9930.834686,False,Sin AprilTag: medicion congelada
1777555215.481157,False,True,0.00000000,120,278,105.329159,69.165291,9930.834686,False,Sin AprilTag: medicion congelada
1777555215.553885,False,True,0.00000000,116,294,105.329159,69.165291,9930.834686,False,Sin AprilTag: medicion congelada
1777555215.617231,False,True,0.00000000,114,319,105.329159,69.165291,9930.834686,False,Sin AprilTag: medicion congelada
1777555215.702439,False,True,0.00000000,115,328,105.329159,69.165291,9930.834686,False,Sin AprilTag: medicion congelada
1777555215.773038,False,True,0.00000000,121,342,105.329159,69.165291,9930.834686,False,Sin AprilTag: medicion congelada
1777555215.857684,False,True,0.00000000,130,346,105.329159,69.165291,9930.834686,False,Sin AprilTag: medicion congelada
1777555215.943596,False,True,0.00000000,148,346,105.329159,69.165291,9930.834686,False,Sin AprilTag: medicion congelada
1777555216.029458,False,True,0.00000000,189,342,105.329159,69.165291,9930.834686,False,Sin AprilTag: medicion congelada
1777555216.107005,False,True,0.00000000,219,338,105.329159,69.165291,9930.834686,False,Sin AprilTag: medicion congelada
1777555216.179150,False,True,0.00000000,256,335,105.329159,69.165291,9930.834686,False,Sin AprilTag: medicion congelada
1777555216.268379,False,True,0.00000000,320,331,105.329159,69.165291,9930.834686,False,Sin AprilTag: medicion congelada
1777555216.339534,False,True,0.00000000,373,328,105.329159,69.165291,9930.834686,False,Sin AprilTag: medicion congelada
1777555216.414006,False,True,0.00000000,452,325,105.329159,69.165291,9930.834686,False,Sin AprilTag: medicion congelada
1777555216.491475,False,True,0.00000000,509,327,105.329159,69.165291,9930.834686,False,Sin AprilTag: medicion congelada
1777555216.571068,False,True,0.00000000,566,328,105.329159,69.165291,9930.834686,False,Sin AprilTag: medicion congelada
1777555216.646796,False,True,0.00000000,623,335,105.329159,69.165291,9930.834686,False,Sin AprilTag: medicion congelada
1777555216.737942,False,True,0.00000000,706,345,105.329159,69.165291,9930.834686,False,Sin AprilTag: medicion congelada
1777555216.812382,False,True,0.00000000,762,354,105.329159,69.165291,9930.834686,False,Sin AprilTag: medicion congelada
1777555216.883950,False,True,0.00000000,806,307,105.329159,69.165291,9930.834686,False,Sin AprilTag: medicion congelada
1777555216.944713,False,True,0.00000000,838,319,105.329159,69.165291,9930.834686,False,Sin AprilTag: medicion congelada
1777555217.019285,False,True,0.00000000,868,326,105.329159,69.165291,9930.834686,False,Sin AprilTag: medicion congelada
1777555217.086051,False,True,0.00000000,887,344,105.329159,69.165291,9930.834686,False,Sin AprilTag: medicion congelada
1777555217.180496,False,True,0.00000000,911,455,105.329159,69.165291,9930.834686,False,Sin AprilTag: medicion congelada
1777555217.262674,False,True,0.00000000,926,585,105.329159,69.165291,9930.834686,False,Sin AprilTag: medicion congelada
1777555217.344599,False,True,0.00000000,941,595,105.329159,69.165291,9930.834686,False,Sin AprilTag: medicion congelada
1777555217.420839,False,False,0.00000000,-1,-1,105.329159,69.165291,9930.834686,False,Sin AprilTag: medicion congelada
1777555217.523610,False,False,0.00000000,-1,-1,105.329159,69.165291,9930.834686,False,Sin AprilTag: medicion congelada
1777555217.585698,False,False,0.00000000,-1,-1,105.329159,69.165291,9930.834686,False,Sin AprilTag: medicion congelada
1777555217.671418,False,False,0.00000000,-1,-1,105.329159,69.165291,9930.834686,False,Sin AprilTag: medicion congelada
1777555217.748280,False,False,0.00000000,-1,-1,105.329159,69.165291,9930.834686,False,Sin AprilTag: medicion congelada
1777555217.817309,False,False,0.00000000,-1,-1,105.329159,69.165291,9930.834686,False,Sin AprilTag: medicion congelada
1777555217.888906,False,False,0.00000000,-1,-1,105.329159,69.165291,9930.834686,False,Sin AprilTag: medicion congelada
1777555217.960895,False,False,0.00000000,-1,-1,105.329159,69.165291,9930.834686,False,Sin AprilTag: medicion congelada
1777555218.022724,False,False,0.00000000,-1,-1,105.329159,69.165291,9930.834686,False,Sin AprilTag: medicion congelada
1777555218.102613,False,False,0.00000000,-1,-1,105.329159,69.165291,9930.834686,False,Sin AprilTag: medicion congelada
1777555218.179845,False,False,0.00000000,-1,-1,105.329159,69.165291,9930.834686,False,Sin AprilTag: medicion congelada
1777555218.273955,False,False,0.00000000,-1,-1,105.329159,69.165291,9930.834686,False,Sin AprilTag: medicion congelada
1777555218.351784,False,False,0.00000000,-1,-1,105.329159,69.165291,9930.834686,False,Sin AprilTag: medicion congelada
1777555218.428951,False,False,0.00000000,-1,-1,105.329159,69.165291,9930.834686,False,Sin AprilTag: medicion congelada
1777555218.511616,False,False,0.00000000,-1,-1,105.329159,69.165291,9930.834686,False,Sin AprilTag: medicion congelada
1777555218.585492,False,False,0.00000000,-1,-1,105.329159,69.165291,9930.834686,False,Sin AprilTag: medicion congelada
1777555218.677864,False,False,0.00000000,-1,-1,105.329159,69.165291,9930.834686,False,Sin AprilTag: medicion congelada
1777555218.780950,False,False,0.00000000,-1,-1,105.329159,69.165291,9930.834686,False,Sin AprilTag: medicion congelada
1777555218.852300,False,False,0.00000000,-1,-1,105.329159,69.165291,9930.834686,False,Sin AprilTag: medicion congelada
1777555218.935679,False,False,0.00000000,-1,-1,105.329159,69.165291,9930.834686,False,Sin AprilTag: medicion congelada
1777555219.007835,False,False,0.00000000,-1,-1,105.329159,69.165291,9930.834686,False,Sin AprilTag: medicion congelada
1777555219.071292,False,False,0.00000000,-1,-1,105.329159,69.165291,9930.834686,False,Sin AprilTag: medicion congelada
1777555219.148120,False,False,0.00000000,-1,-1,105.329159,69.165291,9930.834686,False,Sin AprilTag: medicion congelada
1777555219.217170,False,False,0.00000000,-1,-1,105.329159,69.165291,9930.834686,False,Sin AprilTag: medicion congelada
1777555219.295360,False,False,0.00000000,-1,-1,105.329159,69.165291,9930.834686,False,Sin AprilTag: medicion congelada
1777555219.366811,False,False,0.00000000,-1,-1,105.329159,69.165291,9930.834686,False,Sin AprilTag: medicion congelada
1777555219.444938,False,False,0.00000000,-1,-1,105.329159,69.165291,9930.834686,False,Sin AprilTag: medicion congelada
1777555219.530302,False,False,0.00000000,-1,-1,105.329159,69.165291,9930.834686,False,Sin AprilTag: medicion congelada
1777555219.606640,False,False,0.00000000,-1,-1,105.329159,69.165291,9930.834686,False,Sin AprilTag: medicion congelada
1777555219.695237,False,False,0.00000000,-1,-1,105.329159,69.165291,9930.834686,False,Sin AprilTag: medicion congelada
1777555219.772924,False,False,0.00000000,-1,-1,105.329159,69.165291,9930.834686,False,Sin AprilTag: medicion congelada
1777555219.859007,False,False,0.00000000,-1,-1,105.329159,69.165291,9930.834686,False,Sin AprilTag: medicion congelada
1777555219.930499,False,False,0.00000000,-1,-1,105.329159,69.165291,9930.834686,False,Sin AprilTag: medicion congelada
1777555220.015591,False,False,0.00000000,-1,-1,105.329159,69.165291,9930.834686,False,Sin AprilTag: medicion congelada
1777555220.091887,False,False,0.00000000,-1,-1,105.329159,69.165291,9930.834686,False,Sin AprilTag: medicion congelada
1777555220.148742,False,False,0.00000000,-1,-1,105.329159,69.165291,9930.834686,False,Sin AprilTag: medicion congelada
1777555220.247806,False,False,0.00000000,-1,-1,105.329159,69.165291,9930.834686,False,Sin AprilTag: medicion congelada
1777555220.327680,False,False,0.00000000,-1,-1,105.329159,69.165291,9930.834686,False,Sin AprilTag: medicion congelada
1777555220.414206,False,False,0.00000000,-1,-1,105.329159,69.165291,9930.834686,False,Sin AprilTag: medicion congelada
1777555220.498940,False,False,0.00000000,-1,-1,105.329159,69.165291,9930.834686,False,Sin AprilTag: medicion congelada
1777555220.571998,False,False,0.00000000,-1,-1,105.329159,69.165291,9930.834686,False,Sin AprilTag: medicion congelada
1777555220.652726,False,False,0.00000000,-1,-1,105.329159,69.165291,9930.834686,False,Sin AprilTag: medicion congelada
1777555220.735566,False,False,0.00000000,-1,-1,105.329159,69.165291,9930.834686,False,Sin AprilTag: medicion congelada
1777555220.813245,False,False,0.00000000,-1,-1,105.329159,69.165291,9930.834686,False,Sin AprilTag: medicion congelada
1777555220.891426,False,False,0.00000000,-1,-1,105.329159,69.165291,9930.834686,False,Sin AprilTag: medicion congelada
1777555220.959955,False,False,0.00000000,-1,-1,105.329159,69.165291,9930.834686,False,Sin AprilTag: medicion congelada
1777555221.023642,False,False,0.00000000,-1,-1,105.329159,69.165291,9930.834686,False,Sin AprilTag: medicion congelada
1777555221.100841,False,False,0.00000000,-1,-1,105.329159,69.165291,9930.834686,False,Sin AprilTag: medicion congelada
1777555221.188680,False,False,0.00000000,-1,-1,105.329159,69.165291,9930.834686,False,Sin AprilTag: medicion congelada
1777555221.257759,False,False,0.00000000,-1,-1,105.329159,69.165291,9930.834686,False,Sin AprilTag: medicion congelada
1777555221.342691,False,False,0.00000000,-1,-1,105.329159,69.165291,9930.834686,False,Sin AprilTag: medicion congelada
1777555221.413179,False,False,0.00000000,-1,-1,105.329159,69.165291,9930.834686,False,Sin AprilTag: medicion congelada
1777555221.501934,False,False,0.00000000,-1,-1,105.329159,69.165291,9930.834686,False,Sin AprilTag: medicion congelada
1777555221.570378,False,False,0.00000000,-1,-1,105.329159,69.165291,9930.834686,False,Sin AprilTag: medicion congelada
1777555221.648014,False,False,0.00000000,-1,-1,105.329159,69.165291,9930.834686,False,Sin AprilTag: medicion congelada
1777555221.731186,False,False,0.00000000,-1,-1,105.329159,69.165291,9930.834686,False,Sin AprilTag: medicion congelada
1777555221.795321,False,False,0.00000000,-1,-1,105.329159,69.165291,9930.834686,False,Sin AprilTag: medicion congelada
1777555221.882833,False,False,0.00000000,-1,-1,105.329159,69.165291,9930.834686,False,Sin AprilTag: medicion congelada
1777555221.959532,False,False,0.00000000,-1,-1,105.329159,69.165291,9930.834686,False,Sin AprilTag: medicion congelada
1777555222.051650,False,False,0.00000000,-1,-1,105.329159,69.165291,9930.834686,False,Sin AprilTag: medicion congelada
1777555222.117066,False,False,0.00000000,-1,-1,105.329159,69.165291,9930.834686,False,Sin AprilTag: medicion congelada
1777555222.201862,False,False,0.00000000,-1,-1,105.329159,69.165291,9930.834686,False,Sin AprilTag: medicion congelada
1777555222.278245,False,False,0.00000000,-1,-1,105.329159,69.165291,9930.834686,False,Sin AprilTag: medicion congelada
1777555222.356893,False,False,0.00000000,-1,-1,105.329159,69.165291,9930.834686,False,Sin AprilTag: medicion congelada
1777555222.438503,False,False,0.00000000,-1,-1,105.329159,69.165291,9930.834686,False,Sin AprilTag: medicion congelada
1777555222.534931,False,False,0.00000000,-1,-1,105.329159,69.165291,9930.834686,False,Sin AprilTag: medicion congelada
1777555222.600376,False,False,0.00000000,-1,-1,105.329159,69.165291,9930.834686,False,Sin AprilTag: medicion congelada
1777555222.680323,False,False,0.00000000,-1,-1,105.329159,69.165291,9930.834686,False,Sin AprilTag: medicion congelada
1777555222.757414,False,False,0.00000000,-1,-1,105.329159,69.165291,9930.834686,False,Sin AprilTag: medicion congelada
1777555222.851325,False,False,0.00000000,-1,-1,105.329159,69.165291,9930.834686,False,Sin AprilTag: medicion congelada
1777555222.938542,False,False,0.00000000,-1,-1,105.329159,69.165291,9930.834686,False,Sin AprilTag: medicion congelada
1777555223.007250,False,False,0.00000000,-1,-1,105.329159,69.165291,9930.834686,False,Sin AprilTag: medicion congelada
1777555223.068977,False,False,0.00000000,-1,-1,105.329159,69.165291,9930.834686,False,Sin AprilTag: medicion congelada
1777555223.148224,False,False,0.00000000,-1,-1,105.329159,69.165291,9930.834686,False,Sin AprilTag: medicion congelada
1777555223.227572,False,False,0.00000000,-1,-1,105.329159,69.165291,9930.834686,False,Sin AprilTag: medicion congelada
1777555223.304708,False,False,0.00000000,-1,-1,105.329159,69.165291,9930.834686,False,Sin AprilTag: medicion congelada
1777555223.382421,False,False,0.00000000,-1,-1,105.329159,69.165291,9930.834686,False,Sin AprilTag: medicion congelada
1777555223.468016,False,False,0.00000000,-1,-1,105.329159,69.165291,9930.834686,False,Sin AprilTag: medicion congelada
1777555223.541158,False,False,0.00000000,-1,-1,105.329159,69.165291,9930.834686,False,Sin AprilTag: medicion congelada
1777555223.617801,False,False,0.00000000,-1,-1,105.329159,69.165291,9930.834686,False,Sin AprilTag: medicion congelada
1777555223.695369,False,False,0.00000000,-1,-1,105.329159,69.165291,9930.834686,False,Sin AprilTag: medicion congelada
1777555223.774721,False,False,0.00000000,-1,-1,105.329159,69.165291,9930.834686,False,Sin AprilTag: medicion congelada
1777555223.856627,False,False,0.00000000,-1,-1,105.329159,69.165291,9930.834686,False,Sin AprilTag: medicion congelada
1777555223.935788,False,False,0.00000000,-1,-1,105.329159,69.165291,9930.834686,False,Sin AprilTag: medicion congelada
1777555224.012272,False,True,0.00000000,947,29,105.329159,69.165291,9930.834686,False,Sin AprilTag: medicion congelada
1777555224.070664,False,True,0.00000000,941,38,105.329159,69.165291,9930.834686,False,Sin AprilTag: medicion congelada
1777555224.130764,False,True,0.00000000,943,40,105.329159,69.165291,9930.834686,False,Sin AprilTag: medicion congelada
1777555224.209908,False,True,0.00000000,940,43,105.329159,69.165291,9930.834686,False,Sin AprilTag: medicion congelada
1777555224.288344,False,True,0.00000000,941,33,105.329159,69.165291,9930.834686,False,Sin AprilTag: medicion congelada
1777555224.381858,False,True,0.00000000,942,48,105.329159,69.165291,9930.834686,False,Sin AprilTag: medicion congelada
1777555224.451362,False,False,0.00000000,-1,-1,105.329159,69.165291,9930.834686,False,Sin AprilTag: medicion congelada
1777555224.526941,False,False,0.00000000,-1,-1,105.329159,69.165291,9930.834686,False,Sin AprilTag: medicion congelada
1777555224.608713,False,False,0.00000000,-1,-1,105.329159,69.165291,9930.834686,False,Sin AprilTag: medicion congelada
1777555224.696261,False,False,0.00000000,-1,-1,105.329159,69.165291,9930.834686,False,Sin AprilTag: medicion congelada
1777555224.773567,False,False,0.00000000,-1,-1,105.329159,69.165291,9930.834686,False,Sin AprilTag: medicion congelada
1777555224.851931,False,False,0.00000000,-1,-1,105.329159,69.165291,9930.834686,False,Sin AprilTag: medicion congelada
1777555224.928629,False,False,0.00000000,-1,-1,105.329159,69.165291,9930.834686,False,Sin AprilTag: medicion congelada
1777555225.006433,False,False,0.00000000,-1,-1,105.329159,69.165291,9930.834686,False,Sin AprilTag: medicion congelada
1777555225.094183,False,False,0.00000000,-1,-1,105.329159,69.165291,9930.834686,False,Sin AprilTag: medicion congelada
1777555225.164847,False,False,0.00000000,-1,-1,105.329159,69.165291,9930.834686,False,Sin AprilTag: medicion congelada
1777555225.246401,False,False,0.00000000,-1,-1,105.329159,69.165291,9930.834686,False,Sin AprilTag: medicion congelada
1777555225.325540,False,False,0.00000000,-1,-1,105.329159,69.165291,9930.834686,False,Sin AprilTag: medicion congelada
1777555225.413452,False,False,0.00000000,-1,-1,105.329159,69.165291,9930.834686,False,Sin AprilTag: medicion congelada
1777555225.480319,False,False,0.00000000,-1,-1,105.329159,69.165291,9930.834686,False,Sin AprilTag: medicion congelada
1777555225.553190,False,False,0.00000000,-1,-1,105.329159,69.165291,9930.834686,False,Sin AprilTag: medicion congelada
1777555225.639857,False,False,0.00000000,-1,-1,105.329159,69.165291,9930.834686,False,Sin AprilTag: medicion congelada
1777555225.709950,False,True,0.00000000,951,35,105.329159,69.165291,9930.834686,False,Sin AprilTag: medicion congelada
1777555225.771308,False,True,0.00000000,921,64,105.329159,69.165291,9930.834686,False,Sin AprilTag: medicion congelada
1777555225.851017,False,True,0.00000000,900,62,105.329159,69.165291,9930.834686,False,Sin AprilTag: medicion congelada
1777555225.929381,False,True,0.00000000,852,67,105.329159,69.165291,9930.834686,False,Sin AprilTag: medicion congelada
1777555226.021703,False,True,0.00000000,808,119,105.329159,69.165291,9930.834686,False,Sin AprilTag: medicion congelada
1777555226.095606,False,True,0.00000000,790,185,105.329159,69.165291,9930.834686,False,Sin AprilTag: medicion congelada
1777555226.163812,False,True,0.00000000,775,264,105.329159,69.165291,9930.834686,False,Sin AprilTag: medicion congelada
1777555226.244095,False,True,0.00000000,757,345,105.329159,69.165291,9930.834686,False,Sin AprilTag: medicion congelada
1777555226.318371,False,True,0.00000000,732,374,105.329159,69.165291,9930.834686,False,Sin AprilTag: medicion congelada
1777555226.382533,False,True,0.00000000,704,360,105.329159,69.165291,9930.834686,False,Sin AprilTag: medicion congelada
1777555226.460168,False,True,0.00000000,668,342,105.329159,69.165291,9930.834686,False,Sin AprilTag: medicion congelada
1777555226.544863,False,True,0.00000000,639,333,105.329159,69.165291,9930.834686,False,Sin AprilTag: medicion congelada
1777555226.611457,False,True,0.00000000,606,325,105.329159,69.165291,9930.834686,False,Sin AprilTag: medicion congelada
1777555226.679070,False,True,0.00000000,569,326,105.329159,69.165291,9930.834686,False,Sin AprilTag: medicion congelada
1777555226.747244,False,True,0.00000000,526,326,105.329159,69.165291,9930.834686,False,Sin AprilTag: medicion congelada
1777555226.819386,False,True,0.00000000,444,316,105.329159,69.165291,9930.834686,False,Sin AprilTag: medicion congelada
1777555226.896784,False,False,0.00000000,-1,-1,105.329159,69.165291,9930.834686,False,Sin AprilTag: medicion congelada
1777555226.963389,False,False,0.00000000,-1,-1,105.329159,69.165291,9930.834686,False,Sin AprilTag: medicion congelada
1777555227.025283,False,False,0.00000000,-1,-1,105.329159,69.165291,9930.834686,False,Sin AprilTag: medicion congelada
1777555227.083433,False,False,0.00000000,-1,-1,105.329159,69.165291,9930.834686,False,Sin AprilTag: medicion congelada
1777555227.146603,False,False,0.00000000,-1,-1,105.329159,69.165291,9930.834686,False,Sin AprilTag: medicion congelada
1777555227.209820,False,False,0.00000000,-1,-1,105.329159,69.165291,9930.834686,False,Sin AprilTag: medicion congelada
1777555227.300665,False,False,0.00000000,-1,-1,105.329159,69.165291,9930.834686,False,Sin AprilTag: medicion congelada
1777555227.365598,False,False,0.00000000,-1,-1,105.329159,69.165291,9930.834686,False,Sin AprilTag: medicion congelada
1777555227.432173,False,False,0.00000000,-1,-1,105.329159,69.165291,9930.834686,False,Sin AprilTag: medicion congelada
1777555227.511998,False,False,0.00000000,-1,-1,105.329159,69.165291,9930.834686,False,Sin AprilTag: medicion congelada
1777555227.569062,False,False,0.00000000,-1,-1,105.329159,69.165291,9930.834686,False,Sin AprilTag: medicion congelada
1777555227.646967,False,True,0.00000000,239,315,105.329159,69.165291,9930.834686,False,Sin AprilTag: medicion congelada
1777555227.740195,False,True,0.00000000,226,317,105.329159,69.165291,9930.834686,False,Sin AprilTag: medicion congelada
1777555227.819721,False,True,0.00000000,195,319,105.329159,69.165291,9930.834686,False,Sin AprilTag: medicion congelada
1777555227.906475,False,True,0.00000000,163,322,105.329159,69.165291,9930.834686,False,Sin AprilTag: medicion congelada
1777555227.979650,False,True,0.00000000,153,322,105.329159,69.165291,9930.834686,False,Sin AprilTag: medicion congelada
1777555228.037900,False,True,0.00000000,132,324,105.329159,69.165291,9930.834686,False,Sin AprilTag: medicion congelada
1777555228.118030,False,True,0.00000000,107,326,105.329159,69.165291,9930.834686,False,Sin AprilTag: medicion congelada
1777555228.177297,False,True,0.00000000,93,327,105.329159,69.165291,9930.834686,False,Sin AprilTag: medicion congelada
1777555228.256737,False,True,0.00000000,81,327,105.329159,69.165291,9930.834686,False,Sin AprilTag: medicion congelada
1777555228.334625,False,True,0.00000000,72,327,105.329159,69.165291,9930.834686,False,Sin AprilTag: medicion congelada
1777555228.427969,False,True,0.00000000,65,324,105.329159,69.165291,9930.834686,False,Sin AprilTag: medicion congelada
1777555228.505409,False,True,0.00000000,62,321,105.329159,69.165291,9930.834686,False,Sin AprilTag: medicion congelada
1777555228.584055,False,True,0.00000000,62,319,105.329159,69.165291,9930.834686,False,Sin AprilTag: medicion congelada
1777555228.665495,False,True,0.00000000,62,317,105.329159,69.165291,9930.834686,False,Sin AprilTag: medicion congelada
1777555228.771887,False,True,0.00000000,65,315,105.329159,69.165291,9930.834686,False,Sin AprilTag: medicion congelada
1777555228.881624,True,True,0.37873343,70,313,0.000000,69.165291,9930.834686,False,Salto temporal
1777555228.966344,True,True,0.37588590,74,311,19.842008,59.176191,9932.515699,True,OK
1777555229.044004,True,True,0.37419226,79,309,25.947445,59.160824,9934.530786,True,OK
1777555229.099798,True,True,0.37458216,87,305,60.048833,59.161119,9937.881151,True,OK
1777555229.177958,True,True,0.37470240,95,303,39.533029,59.151990,9940.971026,True,OK
1777555229.252558,True,True,0.37425027,104,303,45.150993,59.145778,9944.339279,True,OK
1777555229.324103,True,True,0.37475054,124,306,105.930139,59.165678,9951.918139,True,OK
1777555229.396271,True,True,0.37492131,143,308,99.253756,59.182870,9959.081001,True,OK
1777555229.484344,True,False,0.37493471,-1,-1,99.253756,59.182870,9959.081001,False,Sin objeto: medicion congelada
1777555229.553274,True,False,0.37488445,-1,-1,99.253756,59.182870,9959.081001,False,Sin objeto: medicion congelada
1777555229.632260,True,False,0.37444820,-1,-1,99.253756,59.182870,9959.081001,False,Sin objeto: medicion congelada
1777555229.708169,True,False,0.37512455,-1,-1,99.253756,59.182870,9959.081001,False,Sin objeto: medicion congelada
1777555229.787554,True,False,0.37525411,-1,-1,99.253756,59.182870,9959.081001,False,Sin objeto: medicion congelada
1777555229.864595,True,True,0.37554176,16,132,174.038429,59.501634,10040.587406,True,OK
1777555229.948871,True,True,0.37566417,41,116,132.306990,59.537977,10051.737736,True,OK
1777555230.015000,True,True,0.37590097,64,114,131.233676,59.566048,10060.416084,True,OK
1777555230.083774,True,True,0.37548043,111,115,256.660626,59.646272,10078.067658,True,OK
1777555230.156313,True,True,0.37521592,148,120,193.125269,59.703553,10092.076836,True,OK
1777555230.226666,True,True,0.37590281,185,127,201.200662,59.762420,10106.231960,True,OK
1777555230.287709,True,True,0.37547215,219,131,210.576829,59.816839,10119.086056,True,OK
1777555230.364656,True,True,0.37571525,249,140,152.931780,59.859174,10130.853803,True,OK
1777555230.451143,True,True,0.37467006,276,150,124.732589,59.892308,10141.641438,True,OK
1777555230.519217,True,True,0.37577781,301,152,138.442904,59.923875,10151.065898,True,OK
1777555230.585131,True,True,0.37552288,335,151,193.786893,59.975941,10163.839197,True,OK
1777555230.651814,True,True,0.37540369,357,154,124.998992,60.001517,10172.174512,True,OK
1777555230.749066,True,True,0.37565220,378,156,81.483164,60.013833,10180.098903,True,OK
1777555230.833760,True,True,0.37627135,411,151,148.283488,60.057883,10192.657576,True,OK
1777555230.912356,True,True,0.37577260,451,145,193.381837,60.119598,10207.856637,True,OK
1777555230.992108,True,True,0.37598346,484,143,155.860516,60.164547,10220.286857,True,OK
1777555231.068257,True,True,0.37581342,524,141,197.656151,60.226153,10235.338173,True,OK
1777555231.153081,False,True,0.00000000,600,141,197.656151,60.226153,10235.338173,False,Sin AprilTag: medicion congelada
1777555231.233322,False,True,0.00000000,661,141,197.656151,60.226153,10235.338173,False,Sin AprilTag: medicion congelada
1777555231.287308,False,True,0.00000000,726,140,197.656151,60.226153,10235.338173,False,Sin AprilTag: medicion congelada
1777555231.364490,False,True,0.00000000,788,140,197.656151,60.226153,10235.338173,False,Sin AprilTag: medicion congelada
1777555231.450241,False,True,0.00000000,847,142,197.656151,60.226153,10235.338173,False,Sin AprilTag: medicion congelada
1777555231.529284,False,True,0.00000000,885,149,197.656151,60.226153,10235.338173,False,Sin AprilTag: medicion congelada
1777555231.598869,False,True,0.00000000,906,149,197.656151,60.226153,10235.338173,False,Sin AprilTag: medicion congelada
1777555231.677123,False,True,0.00000000,923,124,197.656151,60.226153,10235.338173,False,Sin AprilTag: medicion congelada
1777555231.756517,False,False,0.00000000,-1,-1,197.656151,60.226153,10235.338173,False,Sin AprilTag: medicion congelada
1777555231.835875,False,False,0.00000000,-1,-1,197.656151,60.226153,10235.338173,False,Sin AprilTag: medicion congelada
1777555231.940163,False,False,0.00000000,-1,-1,197.656151,60.226153,10235.338173,False,Sin AprilTag: medicion congelada
1777555232.021194,False,False,0.00000000,-1,-1,197.656151,60.226153,10235.338173,False,Sin AprilTag: medicion congelada
1777555232.109710,False,False,0.00000000,-1,-1,197.656151,60.226153,10235.338173,False,Sin AprilTag: medicion congelada
1777555232.178455,False,False,0.00000000,-1,-1,197.656151,60.226153,10235.338173,False,Sin AprilTag: medicion congelada
1777555232.256852,False,False,0.00000000,-1,-1,197.656151,60.226153,10235.338173,False,Sin AprilTag: medicion congelada
1777555232.333389,False,False,0.00000000,-1,-1,197.656151,60.226153,10235.338173,False,Sin AprilTag: medicion congelada
1777555232.410837,False,False,0.00000000,-1,-1,197.656151,60.226153,10235.338173,False,Sin AprilTag: medicion congelada
1777555232.475080,False,False,0.00000000,-1,-1,197.656151,60.226153,10235.338173,False,Sin AprilTag: medicion congelada
1777555232.561158,False,False,0.00000000,-1,-1,197.656151,60.226153,10235.338173,False,Sin AprilTag: medicion congelada
1777555232.631398,False,False,0.00000000,-1,-1,197.656151,60.226153,10235.338173,False,Sin AprilTag: medicion congelada
1777555232.707611,False,False,0.00000000,-1,-1,197.656151,60.226153,10235.338173,False,Sin AprilTag: medicion congelada
1777555232.771035,False,False,0.00000000,-1,-1,197.656151,60.226153,10235.338173,False,Sin AprilTag: medicion congelada
1777555232.859039,False,False,0.00000000,-1,-1,197.656151,60.226153,10235.338173,False,Sin AprilTag: medicion congelada
1777555232.929326,False,False,0.00000000,-1,-1,197.656151,60.226153,10235.338173,False,Sin AprilTag: medicion congelada
1777555233.011064,False,False,0.00000000,-1,-1,197.656151,60.226153,10235.338173,False,Sin AprilTag: medicion congelada
1777555233.093519,False,False,0.00000000,-1,-1,197.656151,60.226153,10235.338173,False,Sin AprilTag: medicion congelada
1777555233.178061,False,False,0.00000000,-1,-1,197.656151,60.226153,10235.338173,False,Sin AprilTag: medicion congelada
1777555233.270415,False,True,0.00000000,941,94,197.656151,60.226153,10235.338173,False,Sin AprilTag: medicion congelada
1777555233.334023,False,True,0.00000000,922,92,197.656151,60.226153,10235.338173,False,Sin AprilTag: medicion congelada
1777555233.411149,False,True,0.00000000,927,99,197.656151,60.226153,10235.338173,False,Sin AprilTag: medicion congelada
1777555233.492484,False,True,0.00000000,901,119,197.656151,60.226153,10235.338173,False,Sin AprilTag: medicion congelada
1777555233.567570,False,True,0.00000000,859,120,197.656151,60.226153,10235.338173,False,Sin AprilTag: medicion congelada
1777555233.650071,False,True,0.00000000,796,113,197.656151,60.226153,10235.338173,False,Sin AprilTag: medicion congelada
1777555233.730734,False,True,0.00000000,757,107,197.656151,60.226153,10235.338173,False,Sin AprilTag: medicion congelada
1777555233.817358,False,True,0.00000000,727,100,197.656151,60.226153,10235.338173,False,Sin AprilTag: medicion congelada
1777555233.896255,False,True,0.00000000,662,97,197.656151,60.226153,10235.338173,False,Sin AprilTag: medicion congelada
1777555233.974589,False,True,0.00000000,663,98,197.656151,60.226153,10235.338173,False,Sin AprilTag: medicion congelada
1777555234.067568,False,True,0.00000000,636,100,197.656151,60.226153,10235.338173,False,Sin AprilTag: medicion congelada
1777555234.178675,False,True,0.00000000,608,100,197.656151,60.226153,10235.338173,False,Sin AprilTag: medicion congelada
1777555234.260770,False,True,0.00000000,582,104,197.656151,60.226153,10235.338173,False,Sin AprilTag: medicion congelada
1777555234.356761,False,True,0.00000000,561,109,197.656151,60.226153,10235.338173,False,Sin AprilTag: medicion congelada
1777555234.426324,False,True,0.00000000,540,110,197.656151,60.226153,10235.338173,False,Sin AprilTag: medicion congelada
1777555234.512448,False,True,0.00000000,509,110,197.656151,60.226153,10235.338173,False,Sin AprilTag: medicion congelada
1777555234.589112,False,True,0.00000000,459,120,197.656151,60.226153,10235.338173,False,Sin AprilTag: medicion congelada
1777555234.662031,False,True,0.00000000,443,138,197.656151,60.226153,10235.338173,False,Sin AprilTag: medicion congelada
1777555234.739220,False,True,0.00000000,431,170,197.656151,60.226153,10235.338173,False,Sin AprilTag: medicion congelada
1777555234.810230,False,True,0.00000000,422,208,197.656151,60.226153,10235.338173,False,Sin AprilTag: medicion congelada
1777555234.885921,True,True,0.16374324,416,240,0.000000,60.226153,10235.338173,False,Salto temporal
1777555234.973790,True,True,0.16954155,414,297,110.047877,58.928826,10245.007988,True,OK
1777555235.058162,True,True,0.17798365,416,350,111.883912,58.954513,10254.447836,True,OK
1777555235.131417,True,True,0.18371033,421,378,71.329897,58.959722,10259.673095,True,OK
1777555235.214924,True,True,0.18870391,428,399,50.020959,58.955435,10263.850234,True,OK
1777555235.296920,True,True,0.19372524,445,420,63.835012,58.957732,10269.084402,True,OK
1777555235.379533,True,True,0.19538617,459,423,33.862471,58.945835,10271.881906,True,OK
1777555235.459161,True,True,0.19507957,488,418,72.095405,58.951840,10277.622684,True,OK
1777555235.542470,True,True,0.19507798,514,415,61.285570,58.952955,10282.728363,True,OK
1777555235.614366,True,True,0.19508235,544,413,81.583582,58.962279,10288.593825,True,OK
1777555235.699815,True,True,0.19625937,599,420,127.342756,58.995749,10299.475164,True,OK
1777555235.771156,True,True,0.19745330,638,425,108.825623,59.016103,10307.238871,True,OK
1777555235.835358,True,True,0.19903480,678,428,124.352573,59.040112,10315.222623,True,OK
1777555235.926165,True,True,0.20236616,737,429,131.502922,59.077754,10327.163941,True,OK
1777555236.005561,True,True,0.20410492,777,427,102.957259,59.097675,10335.338336,True,OK
1777555236.067804,True,True,0.20639337,818,425,136.114257,59.125076,10343.810527,True,OK
1777555236.143348,False,True,0.00000000,855,422,136.114257,59.125076,10343.810527,False,Sin AprilTag: medicion congelada
1777555236.209219,False,True,0.00000000,891,419,136.114257,59.125076,10343.810527,False,Sin AprilTag: medicion congelada
1777555236.270220,False,True,0.00000000,913,372,136.114257,59.125076,10343.810527,False,Sin AprilTag: medicion congelada
1777555236.356853,False,True,0.00000000,927,366,136.114257,59.125076,10343.810527,False,Sin AprilTag: medicion congelada
1777555236.428091,False,True,0.00000000,928,367,136.114257,59.125076,10343.810527,False,Sin AprilTag: medicion congelada
1777555236.505531,False,True,0.00000000,924,364,136.114257,59.125076,10343.810527,False,Sin AprilTag: medicion congelada
1777555236.582104,False,True,0.00000000,914,366,136.114257,59.125076,10343.810527,False,Sin AprilTag: medicion congelada
1777555236.661424,False,True,0.00000000,905,365,136.114257,59.125076,10343.810527,False,Sin AprilTag: medicion congelada
1777555236.740699,False,True,0.00000000,895,364,136.114257,59.125076,10343.810527,False,Sin AprilTag: medicion congelada
1777555236.825054,False,True,0.00000000,858,394,136.114257,59.125076,10343.810527,False,Sin AprilTag: medicion congelada
1777555236.899599,True,True,0.22112287,833,392,9.636403,58.890894,10351.826040,True,OK
1777555236.974839,True,True,0.22556449,812,394,63.241154,58.892755,10356.584328,True,OK
1777555237.060957,True,True,0.21787371,782,387,77.937720,58.902077,10363.296112,True,OK
1777555237.149107,True,True,0.22059815,751,383,78.221813,58.911752,10370.191348,True,OK
1777555237.222634,True,True,0.21736246,732,381,56.478369,58.910736,10374.344052,True,OK
1777555237.301784,True,True,0.21335035,713,378,51.849061,58.907564,10378.447928,True,OK
1777555237.380697,True,True,0.20919610,686,368,76.327746,58.915363,10384.471177,True,OK
1777555237.490290,True,True,0.20463585,667,363,36.685528,58.901550,10388.491634,True,OK
1777555237.577814,True,True,0.19590010,638,355,67.333090,58.905732,10394.384939,True,OK
1777555237.654109,True,True,0.19204470,619,351,48.873803,58.901396,10398.113772,True,OK
1777555237.727309,True,True,0.18963292,586,348,85.843644,58.912563,10404.397465,True,OK
1777555237.826417,True,True,0.18715576,551,345,66.336279,58.916727,10410.971935,True,OK
1777555237.927322,True,True,0.18488674,514,339,68.680352,58.922299,10417.902106,True,OK
1777555238.020990,True,True,0.18179907,476,334,74.388887,58.930488,10424.870016,True,OK
1777555238.098399,True,True,0.18020652,450,333,60.572553,58.931206,10429.558850,True,OK
1777555238.176418,True,True,0.17866176,426,332,55.007050,58.929477,10433.850452,True,OK
1777555238.259629,True,True,0.17673066,387,331,82.858349,58.940718,10440.745213,True,OK
1777555238.361521,True,True,0.17497275,344,331,73.841210,58.949284,10448.269042,True,OK
1777555238.442646,True,True,0.17399410,314,328,64.664621,58.951899,10453.514899,True,OK
1777555238.530738,True,True,0.17255074,271,322,85.042188,58.964854,10461.006463,True,OK
1777555238.603230,True,True,0.17163339,241,317,72.008180,58.970181,10466.226489,True,OK
1777555238.676606,True,True,0.17106090,211,312,70.903775,58.975113,10471.429103,True,OK
1777555238.763963,True,True,0.17118883,165,307,90.674885,58.990701,10479.350171,True,OK
1777555238.833812,True,True,0.17181155,134,305,76.410975,58.997548,10484.687403,True,OK
1777555238.917570,True,True,0.17337277,84,301,103.826763,59.018666,10493.383737,True,OK
1777555239.004923,True,True,0.17522990,52,301,64.191750,59.021207,10498.991093,True,OK
1777555239.098382,True,True,0.38365054,29,291,102.952570,59.044276,10508.613000,True,OK
1777555239.182484,True,True,0.38336501,658,286,2867.293721,60.370655,10749.757210,True,OK
1777555239.260895,True,True,0.38295192,655,284,17.609256,60.351833,10751.137963,True,OK
1777555239.332208,True,True,0.38354066,652,286,19.391594,60.335442,10752.520839,True,OK
1777555239.411557,True,True,0.38319647,651,286,4.829251,60.310739,10752.904035,True,OK
1777555239.494078,True,True,0.38314334,650,287,6.566168,60.285875,10753.445882,True,OK
1777555239.567641,True,True,0.38250388,649,288,7.353397,60.264054,10753.986824,True,OK
1777555239.661666,True,True,0.38203061,650,289,5.746076,60.235344,10754.527097,True,OK
1777555239.738721,True,True,0.38130845,653,288,15.648609,60.216109,10755.732900,True,OK
1777555239.817879,True,True,0.38185806,659,287,29.343388,60.202434,10758.055652,True,OK
1777555239.895217,True,True,0.38144271,36,308,3074.466659,61.506404,10995.829426,True,OK
1777555239.973011,True,True,0.17342254,49,308,28.980443,61.492257,10998.083919,True,OK
1777555240.060049,True,True,0.17145817,66,309,33.546567,61.478664,11001.003747,True,OK
1777555240.138211,True,True,0.17022339,96,308,65.370565,61.480363,11006.113285,True,OK
1777555240.208697,True,True,0.16952524,126,306,72.313308,61.484627,11011.210331,True,OK
1777555240.287557,True,True,0.16901034,156,303,64.615919,61.486005,11016.305930,True,OK
1777555240.377991,True,True,0.16849080,206,303,93.155965,61.501982,11024.730470,True,OK
1777555240.443890,True,True,0.16855814,240,302,87.003812,61.511354,11030.463925,True,OK
1777555240.535245,True,True,0.16830462,290,300,92.189292,61.526975,11038.885886,True,OK
1777555240.621893,True,True,0.16846909,344,301,105.010119,61.547964,11047.984776,True,OK
1777555240.719245,True,True,0.16822593,382,301,65.664957,61.550196,11054.377362,True,OK
1777555240.792164,True,True,0.16804402,435,302,122.161611,61.574795,11063.285280,True,OK
1777555240.860087,True,True,0.16798058,470,303,86.593235,61.584249,11069.167000,True,OK
1777555240.933758,True,True,0.16787094,504,305,77.608655,61.590815,11074.884478,True,OK
1777555241.010360,True,True,0.16797943,540,309,79.429223,61.598411,11080.968951,True,OK
1777555241.066577,True,True,0.16812806,572,311,95.889549,61.609123,11086.359547,True,OK
1777555241.142856,True,True,0.16817090,603,313,68.487499,61.612038,11091.583684,True,OK
1777555241.208856,True,True,0.16855095,632,314,74.104570,61.616616,11096.474566,True,OK
1777555241.295963,True,True,0.16985060,676,314,85.795518,61.628306,11103.947993,True,OK
1777555241.371285,True,True,0.17114362,702,317,59.468182,61.627403,11108.427250,True,OK
1777555241.441898,True,True,0.17276206,724,315,54.047507,61.624435,11112.243688,True,OK
1777555241.520697,True,True,0.17644258,759,317,78.497524,61.631805,11118.429253,True,OK
1777555241.598012,True,True,0.17977598,784,317,58.130767,61.630305,11122.923652,True,OK
1777555241.677719,True,True,0.18362008,807,315,53.185312,61.626577,11127.162851,True,OK
1777555241.757272,True,True,0.19233040,845,309,93.008262,61.640398,11134.561949,True,OK
1777555241.831711,True,True,0.19901068,874,307,77.714586,61.647019,11140.346968,True,OK
1777555241.920300,False,True,0.00000000,893,306,77.714586,61.647019,11140.346968,False,Sin AprilTag: medicion congelada
1777555241.989307,False,True,0.00000000,901,304,77.714586,61.647019,11140.346968,False,Sin AprilTag: medicion congelada
1777555242.097465,False,True,0.00000000,910,302,77.714586,61.647019,11140.346968,False,Sin AprilTag: medicion congelada
1777555242.181379,False,True,0.00000000,918,295,77.714586,61.647019,11140.346968,False,Sin AprilTag: medicion congelada
1777555242.260815,False,True,0.00000000,921,292,77.714586,61.647019,11140.346968,False,Sin AprilTag: medicion congelada
1777555242.332191,False,True,0.00000000,924,289,77.714586,61.647019,11140.346968,False,Sin AprilTag: medicion congelada
1777555242.410817,False,True,0.00000000,927,286,77.714586,61.647019,11140.346968,False,Sin AprilTag: medicion congelada
1777555242.519773,False,True,0.00000000,922,283,77.714586,61.647019,11140.346968,False,Sin AprilTag: medicion congelada
1777555242.597591,False,True,0.00000000,909,284,77.714586,61.647019,11140.346968,False,Sin AprilTag: medicion congelada
1777555242.685073,False,True,0.00000000,897,288,77.714586,61.647019,11140.346968,False,Sin AprilTag: medicion congelada
1777555242.770633,False,True,0.00000000,870,288,77.714586,61.647019,11140.346968,False,Sin AprilTag: medicion congelada
1777555242.847752,True,True,0.18163088,846,287,0.000000,61.647019,11140.346968,False,Salto temporal
1777555242.926179,True,True,0.17731487,829,287,38.435104,61.292486,11143.361320,True,OK
1777555243.010823,True,True,0.17394002,776,287,108.913385,61.314647,11152.580142,True,OK
1777555243.082125,True,True,0.17074273,735,281,99.225131,61.329502,11159.655157,True,OK
1777555243.167443,True,True,0.16932902,708,280,53.623523,61.325891,11164.230175,True,OK
1777555243.254259,True,True,0.16780500,669,280,75.381884,61.332591,11170.774570,True,OK
1777555243.343983,True,True,0.16681196,641,279,52.090261,61.328040,11175.448283,True,OK
1777555243.426778,True,True,0.16566085,598,280,86.059412,61.339272,11182.573625,True,OK
1777555243.520080,True,True,0.16468390,550,282,84.796953,61.351271,11190.485311,True,OK
1777555243.622258,True,True,0.16300035,496,281,86.158261,61.365160,11199.288839,True,OK
1777555243.691675,True,True,0.16168796,460,281,83.852755,61.373710,11205.109606,True,OK
1777555243.779340,True,True,0.16011150,424,282,65.775941,61.375823,11210.875843,True,OK
1777555243.848236,True,True,0.15924621,388,286,83.722400,61.384248,11216.643986,True,OK
1777555243.925855,True,True,0.15797249,332,293,114.860063,61.406954,11225.559291,True,OK
1777555244.003239,True,True,0.15736416,297,298,71.896819,61.411392,11231.122954,True,OK
1777555244.081934,True,True,0.15682731,239,300,115.653894,61.434723,11240.224344,True,OK
1777555244.159597,True,True,0.15656406,198,302,82.751939,61.443768,11246.651103,True,OK
1777555244.238550,True,True,0.15698640,158,301,79.558207,61.451578,11252.932522,True,OK
1777555244.324235,True,True,0.15677818,120,304,69.745660,61.455457,11258.908630,True,OK
1777555244.394652,True,True,0.15759627,64,302,125.409165,61.480029,11267.739647,True,OK
1777555244.473201,True,True,0.15830270,46,300,36.499457,61.469328,11270.606631,True,OK
1777555244.550682,True,True,0.38184596,23,301,113.457205,61.491287,11279.397385,True,OK
1777555244.638368,True,True,0.38125627,688,319,2892.442598,62.843937,11533.025665,True,OK
1777555244.707118,True,True,0.38164662,684,319,22.205079,62.828719,11534.552252,True,OK
1777555244.791598,True,True,0.38139167,680,320,18.613972,62.808382,11536.124770,True,OK
1777555244.871606,True,True,0.38099709,677,322,17.169584,62.788510,11537.498474,True,OK
1777555244.942525,True,True,0.38118907,676,324,12.018963,62.768924,11538.350839,True,OK
1777555245.034860,True,True,0.38267240,675,325,5.861056,62.740353,11538.892020,True,OK
1777555245.144825,True,True,0.38254220,677,323,9.839442,62.708742,11539.974012,True,OK
1777555245.223340,True,True,0.38275810,681,323,19.499740,62.690314,11541.505045,True,OK
1777555245.311379,True,True,0.38267536,684,325,15.672025,62.667841,11542.884800,True,OK
1777555245.378990,True,True,0.38166942,37,573,3911.514393,64.080104,11807.344253,True,OK
1777555245.457162,True,True,0.19857206,60,592,75.780846,64.085066,11813.268227,True,OK
1777555245.534288,True,True,0.19417699,85,596,63.742612,64.084923,11818.184396,True,OK
1777555245.646376,True,True,0.20435254,111,589,49.089559,64.075814,11823.686756,True,OK
1777555245.734735,True,True,0.21050571,132,585,50.929915,64.069522,11828.186854,True,OK
1777555245.800566,True,True,0.21292673,146,582,46.309904,64.063192,11831.235501,True,OK
1777555245.877728,True,True,0.21782449,169,574,68.743309,64.065146,11836.539874,True,OK
1777555245.961078,True,True,0.21936841,186,567,48.386688,64.058076,11840.572913,True,OK
1777555246.035987,True,True,0.21870371,203,562,51.735156,64.053084,11844.448353,True,OK
1777555246.097307,True,True,0.21890306,224,554,80.222886,64.058445,11849.367587,True,OK
1777555246.190589,True,True,0.21598064,262,542,92.265656,64.072662,11857.974355,True,OK
1777555246.273685,True,True,0.21467702,291,536,76.508568,64.078243,11864.331840,True,OK
1777555246.347311,True,True,0.21391282,340,533,142.629602,64.109467,11874.833195,True,OK
1777555246.425159,True,True,0.21376805,370,532,82.425318,64.117161,11881.249798,True,OK
1777555246.512286,True,True,0.21343233,400,532,73.489499,64.121566,11887.652768,True,OK
1777555246.581804,True,True,0.21287419,439,532,119.425137,64.142296,11895.954862,True,OK
1777555246.668807,True,True,0.21244848,463,531,58.654989,64.139723,11901.058049,True,OK
1777555246.737911,True,True,0.21395643,486,530,71.278552,64.142380,11905.983696,True,OK
1777555246.826465,True,True,0.21536670,521,529,85.156160,64.152401,11913.524607,True,OK
1777555246.893716,True,True,0.21738454,546,525,81.839358,64.158804,11919.028344,True,OK
1777555246.956582,True,True,0.21866726,571,525,86.956729,64.166516,11924.495025,True,OK
1777555247.035717,True,True,0.22026181,594,522,64.559977,64.166683,11929.603960,True,OK
1777555247.114240,True,True,0.22253186,634,516,114.627473,64.187987,11938.604817,True,OK
1777555247.227062,True,True,0.22445999,660,513,52.070427,64.180641,11944.479497,True,OK
1777555247.332212,True,True,0.22988790,713,509,116.201887,64.210016,11956.698206,True,OK
1777555247.440914,False,True,0.00000000,751,503,116.201887,64.210016,11956.698206,False,Sin AprilTag: medicion congelada
1777555247.518984,False,True,0.00000000,784,495,116.201887,64.210016,11956.698206,False,Sin AprilTag: medicion congelada
1777555247.605418,True,True,0.25092501,805,491,86.099128,64.242084,11980.221005,True,OK
1777555247.682310,True,True,0.26219014,834,478,108.367187,64.260271,11988.553538,True,OK
1777555247.753234,True,True,0.27291841,849,471,63.696147,64.260056,11993.071141,True,OK
1777555247.836684,False,True,0.00000000,860,463,63.696147,64.260056,11993.071141,False,Sin AprilTag: medicion congelada
1777555247.912056,False,True,0.00000000,870,456,63.696147,64.260056,11993.071141,False,Sin AprilTag: medicion congelada
1777555248.006089,False,True,0.00000000,871,452,63.696147,64.260056,11993.071141,False,Sin AprilTag: medicion congelada
1777555248.088355,False,True,0.00000000,864,448,63.696147,64.260056,11993.071141,False,Sin AprilTag: medicion congelada
1777555248.164951,True,True,0.27996177,852,445,17.796958,64.157783,12000.398442,True,OK
1777555248.237591,True,True,0.27449793,842,445,37.788469,64.147547,12003.143421,True,OK
1777555248.316824,True,True,0.26455475,826,448,54.354485,64.143402,12007.450060,True,OK
1777555248.394150,True,True,0.25629814,813,453,46.165382,64.135978,12011.019880,True,OK
1777555248.481151,True,True,0.24888365,788,458,72.934521,64.140064,12017.365193,True,OK
1777555248.550248,True,True,0.24280069,768,462,71.669461,64.142840,12022.317375,True,OK
1777555248.627743,True,True,0.23658257,745,465,70.811042,64.145596,12027.804867,True,OK
1777555248.706235,True,True,0.23178017,719,467,77.002196,64.150975,12033.848954,True,OK
1777555248.793101,True,True,0.22738132,678,473,108.465243,64.171486,12043.270885,True,OK
1777555248.864440,True,True,0.22422556,650,475,88.231723,64.180629,12049.565197,True,OK
1777555248.955648,True,True,0.22080383,609,476,99.285192,64.197675,12058.620846,True,OK
1777555249.033608,True,True,0.21884647,581,475,78.650917,64.203671,12064.752454,True,OK
1777555249.112412,True,True,0.21561232,539,476,114.946635,64.224942,12073.810738,True,OK
1777555249.198315,True,True,0.21342819,510,476,72.051497,64.228516,12080.000155,True,OK
1777555249.268641,True,True,0.21209770,480,476,90.478146,64.238328,12086.363086,True,OK
1777555249.346986,True,True,0.21048946,449,473,83.676711,64.246419,12092.918743,True,OK
1777555249.427804,True,True,0.20800947,401,472,123.567902,64.271879,12102.905364,True,OK
1777555249.502984,True,True,0.20489463,353,470,130.932431,64.298481,12112.748840,True,OK
1777555249.600994,True,True,0.20276234,322,469,64.166193,64.298413,12119.037742,True,OK
1777555249.683610,True,True,0.19915850,278,468,106.095693,64.316725,12127.802979,True,OK
1777555249.756663,True,True,0.19854380,254,467,65.284019,64.317100,12132.572165,True,OK
1777555249.833025,True,True,0.19790967,231,467,59.610241,64.315195,12137.124087,True,OK
1777555249.908263,True,True,0.19911264,200,467,82.038783,64.322259,12143.296579,True,OK
1777555249.988055,True,True,0.19962301,189,469,27.971131,64.306902,12145.528432,True,OK
1777555250.065885,True,True,0.20051603,180,469,23.186978,64.289964,12147.333076,True,OK
1777555250.143400,True,True,0.20095788,174,471,16.396302,64.270323,12148.604046,True,OK
1777555250.212431,True,True,0.20237009,171,475,14.657914,64.252211,12149.615896,True,OK
1777555250.284854,True,True,0.20309118,170,478,8.867833,64.231007,12150.258127,True,OK
1777555250.372187,True,True,0.20416693,170,480,4.675560,64.203524,12150.666461,True,OK
1777555250.456255,True,True,0.20498064,171,483,7.710553,64.178441,12151.314666,True,OK
1777555250.547902,True,True,0.20611429,176,482,11.467717,64.152939,12152.365647,True,OK
1777555250.641840,True,True,0.20554586,190,480,30.944153,64.136479,12155.272505,True,OK
1777555250.706166,True,True,0.20438210,216,478,82.854033,64.142829,12160.602138,True,OK
1777555250.799573,True,True,0.20348137,242,475,57.015232,64.139320,12165.927755,True,OK
1777555250.882726,True,True,0.20148136,287,472,109.277595,64.159099,12175.014541,True,OK
1777555250.961360,True,True,0.20139018,324,470,94.899599,64.171832,12182.476856,True,OK
1777555251.034717,True,True,0.20096140,365,469,112.353049,64.190442,12190.718724,True,OK
1777555251.128112,True,True,0.19964973,423,465,124.280641,64.219979,12202.325914,True,OK
1777555251.214914,True,True,0.19942454,464,462,94.447873,64.233781,12210.524178,True,OK
1777555251.284363,True,True,0.19927521,529,455,187.586626,64.278831,12223.551962,True,OK
1777555251.365546,True,True,0.20008604,575,452,113.614214,64.299883,12232.775472,True,OK
1777555251.458505,True,True,0.20113209,639,443,139.836413,64.336775,12245.774582,True,OK
1777555251.533125,True,True,0.20380062,682,438,118.231992,64.357895,12254.597054,True,OK
1777555251.612930,True,True,0.20904346,743,432,160.556408,64.398197,12267.410242,True,OK
1777555251.689616,True,True,0.21279004,777,432,94.343788,64.410247,12274.645103,True,OK
1777555251.753326,True,True,0.21564136,810,426,113.528301,64.426662,12281.877934,True,OK
1777555251.839054,True,True,0.21944161,829,427,48.702464,64.419594,12286.053096,True,OK
1777555251.911105,True,True,0.22415511,877,414,154.711228,64.453692,12297.200165,True,OK
1777555251.986974,True,True,0.22644401,888,392,73.413122,64.457253,12302.769951,True,OK
1777555252.053467,False,True,0.00000000,898,391,73.413122,64.457253,12302.769951,False,Sin AprilTag: medicion congelada
1777555252.127718,False,True,0.00000000,906,390,73.413122,64.457253,12302.769951,False,Sin AprilTag: medicion congelada
1777555252.190226,False,True,0.00000000,913,390,73.413122,64.457253,12302.769951,False,Sin AprilTag: medicion congelada
1777555252.272341,False,True,0.00000000,913,390,73.413122,64.457253,12302.769951,False,Sin AprilTag: medicion congelada
1777555252.346255,False,True,0.00000000,912,389,73.413122,64.457253,12302.769951,False,Sin AprilTag: medicion congelada
1777555252.439811,False,True,0.00000000,912,388,73.413122,64.457253,12302.769951,False,Sin AprilTag: medicion congelada
1777555252.518412,False,True,0.00000000,909,387,73.413122,64.457253,12302.769951,False,Sin AprilTag: medicion congelada
1777555252.603317,False,True,0.00000000,908,388,73.413122,64.457253,12302.769951,False,Sin AprilTag: medicion congelada
1777555252.674365,False,True,0.00000000,906,388,73.413122,64.457253,12302.769951,False,Sin AprilTag: medicion congelada
1777555252.761575,False,True,0.00000000,904,388,73.413122,64.457253,12302.769951,False,Sin AprilTag: medicion congelada
1777555252.837814,False,True,0.00000000,902,388,73.413122,64.457253,12302.769951,False,Sin AprilTag: medicion congelada
1777555252.914573,False,True,0.00000000,899,388,73.413122,64.457253,12302.769951,False,Sin AprilTag: medicion congelada
1777555252.991453,False,True,0.00000000,897,388,73.413122,64.457253,12302.769951,False,Sin AprilTag: medicion congelada
1777555253.054897,False,True,0.00000000,895,388,73.413122,64.457253,12302.769951,False,Sin AprilTag: medicion congelada
1777555253.133296,False,True,0.00000000,891,387,73.413122,64.457253,12302.769951,False,Sin AprilTag: medicion congelada
1777555253.210867,True,True,0.24282816,867,370,0.000000,64.457253,12302.769951,False,Salto temporal
1777555253.291290,True,True,0.23308250,834,371,95.685446,64.059810,12310.465205,True,OK
1777555253.369736,True,True,0.22674614,807,373,78.256471,64.065602,12316.604124,True,OK
1777555253.447145,True,True,0.21690086,771,400,126.090440,64.090566,12326.364662,True,OK
1777555253.559920,True,True,0.21229625,753,402,34.093139,64.072987,12330.209511,True,OK
1777555253.649397,True,True,0.20724707,680,404,169.145837,64.121819,12345.344224,True,OK
1777555253.731903,True,True,0.20533004,650,408,75.320378,64.126616,12351.558638,True,OK
1777555253.806047,True,True,0.20342412,617,411,90.913183,64.136924,12358.299317,True,OK
1777555253.883656,True,True,0.19977032,566,417,132.183610,64.164320,12368.557868,True,OK
1777555253.959512,True,True,0.19812058,530,422,94.926724,64.176421,12375.758672,True,OK
1777555254.031249,True,True,0.19675280,495,421,96.033791,64.188267,12382.647830,True,OK
1777555254.112391,True,True,0.19519464,446,420,117.899375,64.210849,12392.214359,True,OK
1777555254.190156,True,True,0.19469145,415,421,77.650868,64.216263,12398.252933,True,OK
1777555254.276825,True,True,0.19430064,383,423,71.880046,64.219702,12404.482686,True,OK
1777555254.348961,True,True,0.19365529,353,424,80.582390,64.225810,12410.295571,True,OK
1777555254.424056,True,True,0.19321020,312,429,106.268891,64.242143,12418.275877,True,OK
1777555254.502115,True,True,0.19346541,288,431,59.689037,64.240305,12422.935141,True,OK
1777555254.587778,True,True,0.19364539,252,434,81.661988,64.248019,12429.930539,True,OK
1777555254.666059,True,True,0.19483596,225,437,67.614527,64.249381,12435.223483,True,OK
1777555254.752579,True,True,0.19609345,182,441,97.878521,64.264407,12443.691905,True,OK
1777555254.831095,True,True,0.19747931,151,442,78.009879,64.269978,12449.816948,True,OK
1777555254.929640,True,True,0.20097048,93,444,118.354983,64.297478,12461.480164,True,OK
1777555255.002971,True,True,0.20358915,50,446,119.509552,64.318361,12470.243962,True,OK
1777555255.087433,True,True,0.39714384,624,354,2733.429474,65.480605,12701.114032,True,OK
1777555255.158020,True,True,0.39633583,619,354,28.074121,65.466997,12703.095711,True,OK
1777555255.236414,True,True,0.39724661,615,355,20.893003,65.448996,12704.733601,True,OK
1777555255.323194,True,True,0.39734705,610,355,22.894037,65.429980,12706.720336,True,OK
1777555255.393173,True,True,0.39724375,606,356,23.405214,65.414843,12708.358214,True,OK
1777555255.470901,True,True,0.39701895,601,355,26.044672,65.399097,12710.382621,True,OK
1777555255.549097,True,True,0.39693312,599,355,10.152286,65.376878,12711.176487,True,OK
1777555255.628515,True,True,0.39764322,599,354,5.006954,65.352229,12711.574131,True,OK
1777555255.707979,True,True,0.39769137,599,354,0.000000,65.325541,12711.574131,True,OK
1777555255.799374,True,True,0.39778423,600,355,6.155178,65.297762,12712.136682,True,OK
1777555255.893361,True,True,0.39768382,607,353,30.803993,65.281118,12715.031864,True,OK
1777555255.971076,True,True,0.39873061,612,352,26.161372,65.265515,12717.065000,True,OK
1777555256.057620,True,True,0.39795999,617,350,24.763091,65.247534,12719.208080,True,OK
1777555256.127666,True,True,0.39705331,622,349,28.903636,65.234479,12721.232662,True,OK
1777555256.237598,True,True,0.20882973,41,413,1110.354608,65.823316,12843.296634,True,OK
1777555256.328000,True,True,0.20537036,88,408,107.374106,65.842559,12853.003507,True,OK
1777555256.401954,True,True,0.20604389,124,408,100.299776,65.855608,12860.421087,True,OK
1777555256.471256,True,True,0.20559026,156,408,94.931582,65.865923,12866.999976,True,OK
1777555256.549939,True,True,0.20435968,205,410,127.370770,65.890686,12877.021938,True,OK
1777555256.626299,True,True,0.20352010,235,411,80.002305,65.896197,12883.130932,True,OK
1777555256.716120,True,True,0.20176573,270,413,78.749197,65.902100,12890.204253,True,OK
1777555256.788802,True,True,0.19874953,327,417,156.251009,65.935660,12901.560837,True,OK
1777555256.877155,True,True,0.19517538,384,419,125.992244,65.962766,12912.692679,True,OK
1777555256.961105,True,True,0.19261162,427,420,98.684434,65.976792,12920.977218,True,OK
1777555257.023610,True,True,0.18995260,466,422,118.677123,65.993607,12928.395104,True,OK
1777555257.089789,True,True,0.18812126,503,425,105.521387,66.006956,12935.378433,True,OK
1777555257.165310,True,True,0.18656720,539,427,89.071606,66.015841,12942.105209,True,OK
1777555257.237365,True,True,0.18581503,575,426,92.873197,66.025708,12948.797130,True,OK
1777555257.314358,True,True,0.18517831,623,427,115.471395,66.045112,12957.687618,True,OK
1777555257.392577,True,True,0.18537049,651,426,66.399099,66.045253,12962.881301,True,OK
1777555257.502156,True,True,0.18684860,692,426,69.910778,66.047410,12970.542093,True,OK
1777555257.592257,True,True,0.18885847,732,423,84.078706,66.055679,12978.117649,True,OK
1777555257.659920,True,True,0.19098048,756,419,68.675033,66.056581,12982.764405,True,OK
1777555257.767871,True,True,0.19458232,792,410,66.887347,66.057037,12989.984956,True,OK
1777555257.842679,True,True,0.19858229,801,407,25.183242,66.041494,12991.868873,True,OK
1777555257.908301,True,True,0.20360330,813,414,43.103899,66.033845,12994.697420,True,OK
1777555257.990247,True,True,0.20678923,817,414,10.093939,66.010560,12995.524577,True,OK
1777555258.065033,True,True,0.21186076,823,415,17.231775,65.992038,12996.813276,True,OK
1777555258.143363,True,True,0.21630653,861,389,127.147906,66.016351,13006.772776,True,OK
1777555258.205073,True,True,0.22103721,866,389,17.909455,66.001288,13007.877962,True,OK
1777555258.309183,False,True,0.00000000,874,390,17.909455,66.001288,13007.877962,False,Sin AprilTag: medicion congelada
1777555258.376681,False,True,0.00000000,883,389,17.909455,66.001288,13007.877962,False,Sin AprilTag: medicion congelada
1777555258.456024,False,True,0.00000000,881,389,17.909455,66.001288,13007.877962,False,Sin AprilTag: medicion congelada
1777555258.533581,False,True,0.00000000,879,390,17.909455,66.001288,13007.877962,False,Sin AprilTag: medicion congelada
1777555258.614433,False,True,0.00000000,901,400,17.909455,66.001288,13007.877962,False,Sin AprilTag: medicion congelada
1777555258.702158,False,True,0.00000000,903,397,17.909455,66.001288,13007.877962,False,Sin AprilTag: medicion congelada
1777555258.777622,False,True,0.00000000,905,396,17.909455,66.001288,13007.877962,False,Sin AprilTag: medicion congelada
1777555258.854973,False,True,0.00000000,903,395,17.909455,66.001288,13007.877962,False,Sin AprilTag: medicion congelada
1777555258.927352,False,True,0.00000000,896,393,17.909455,66.001288,13007.877962,False,Sin AprilTag: medicion congelada
1777555259.007871,True,True,0.25049347,886,392,6.310324,65.759132,13012.943879,True,OK
1777555259.080520,True,True,0.23178347,830,373,188.668417,65.804238,13026.650497,True,OK
1777555259.158410,True,True,0.22126742,792,376,108.285511,65.820946,13035.084821,True,OK
1777555259.242380,True,True,0.21279541,752,380,101.872551,65.836226,13043.639090,True,OK
1777555259.331003,True,True,0.20010643,704,391,111.191455,65.856505,13053.493189,True,OK
1777555259.412571,True,True,0.19461603,677,391,64.419893,65.855914,13058.747822,True,OK
1777555259.494709,True,True,0.18866828,582,395,218.407585,65.919078,13076.687189,True,OK
1777555259.563378,True,True,0.18546024,539,400,116.915305,65.936725,13084.715711,True,OK
1777555259.646966,True,True,0.18259282,477,403,135.593420,65.966053,13096.049711,True,OK
1777555259.729726,True,True,0.18133940,436,405,89.944302,65.976045,13103.493467,True,OK
1777555259.823825,True,True,0.17996925,375,402,116.806339,66.000116,13114.484860,True,OK
1777555259.900999,True,True,0.17876270,314,400,141.374365,66.029379,13125.395244,True,OK
1777555259.976214,True,True,0.17900625,295,398,45.468247,66.021602,13128.815154,True,OK
1777555260.045406,True,True,0.17835788,254,398,105.686789,66.035399,13136.127827,True,OK
1777555260.110290,True,True,0.17842857,195,397,162.271824,66.066778,13146.656625,True,OK
1777555260.197646,True,True,0.17981537,162,396,67.959169,66.067609,13152.593256,True,OK
1777555260.277070,True,True,0.18090855,120,398,95.774303,66.079456,13160.200025,True,OK
1777555260.353137,True,True,0.18328288,67,399,127.724292,66.102992,13169.915747,True,OK
1777555260.431617,True,True,0.18487698,43,399,56.537643,66.099225,13174.352794,True,OK
1777555260.513108,True,True,0.18732380,928,386,2034.585767,66.903731,13340.152240,True,OK
1777555260.612257,True,True,0.39933085,929,386,4.027584,66.872481,13340.551571,True,OK
1777555260.694261,True,True,0.39994688,929,386,0.000000,66.845004,13340.551571,True,OK
1777555260.767323,True,True,0.40022713,928,387,7.746841,66.823376,13341.117577,True,OK
1777555260.855522,True,True,0.39990417,927,387,4.534117,66.795871,13341.517481,True,OK
1777555260.946097,True,True,0.40023229,927,386,4.418830,66.767597,13341.917714,True,OK
1777555261.017076,True,True,0.40035256,930,387,17.836478,66.750223,13343.183740,True,OK
1777555261.094889,True,True,0.40000430,928,387,10.281181,66.728250,13343.983748,True,OK
1777555261.173849,True,True,0.40062803,928,386,5.073814,66.703915,13344.384376,True,OK
1777555261.252542,True,True,0.39969831,929,386,5.079216,66.679684,13344.784075,True,OK
1777555261.344728,True,True,0.40034904,928,386,4.342830,66.650983,13345.184424,True,OK
1777555261.423561,True,True,0.40042622,928,385,5.079417,66.626751,13345.584850,True,OK
1777555261.519425,True,True,0.40087159,928,384,4.181688,66.596880,13345.985721,True,OK
1777555261.616425,True,True,0.40025480,928,384,0.000000,66.564660,13345.985721,True,OK
1777555261.697060,True,True,0.40143140,926,384,9.956833,66.541903,13346.788584,True,OK
1777555261.795115,True,True,0.19366987,925,384,1.975098,66.510354,13346.982254,True,OK
1777555261.895452,True,True,0.19206453,922,383,6.053241,66.480141,13347.589615,True,OK
1777555261.969385,True,True,0.19144323,925,382,8.188409,66.458683,13348.195012,True,OK
1777555262.062357,True,True,0.18991066,926,382,2.042680,66.428879,13348.384923,True,OK
1777555262.125811,True,True,0.18868327,926,381,2.973548,66.408848,13348.573606,True,OK
1777555262.203795,True,True,0.18683027,925,382,3.388079,66.384407,13348.837824,True,OK
1777555262.290957,True,True,0.18455423,924,381,2.994421,66.356942,13349.098823,True,OK
1777555262.361706,True,True,0.18400010,305,385,1609.882873,66.899591,13462.997266,True,OK
1777555262.437816,True,True,0.18363861,337,385,77.210126,66.903489,13468.873701,True,OK
1777555262.516225,True,True,0.18357958,387,387,117.158697,66.923055,13478.060020,True,OK
1777555262.596840,True,True,0.18388500,420,390,75.584708,66.926520,13484.153249,True,OK
1777555262.677879,True,True,0.18465816,451,396,71.948374,66.928540,13489.983887,True,OK
1777555262.750795,True,True,0.18771240,500,408,129.871493,66.951302,13499.453600,True,OK
1777555262.837803,True,True,0.18990743,534,415,75.766338,66.955104,13506.045878,True,OK
1777555262.907115,True,True,0.19348932,586,421,146.124568,66.982298,13516.174078,True,OK
1777555262.985465,True,True,0.19542377,619,419,82.461155,66.988306,13522.634895,True,OK
1777555263.063370,True,True,0.19689428,655,410,93.785653,66.998643,13529.941239,True,OK
1777555263.144183,True,True,0.20058606,716,396,155.343409,67.033983,13542.495106,True,OK
1777555263.219892,True,True,0.20746566,753,379,111.582438,67.050671,13550.942806,True,OK
1777555263.313503,True,True,0.21793635,803,370,118.275437,67.074387,13562.014745,True,OK
1777555263.399399,True,True,0.22681431,857,380,145.015464,67.107484,13574.470960,True,OK
1777555263.485536,True,True,0.23567601,874,384,47.783204,67.099259,13578.586865,True,OK
1777555263.570960,False,True,0.00000000,891,383,47.783204,67.099259,13578.586865,False,Sin AprilTag: medicion congelada
1777555263.656041,False,True,0.00000000,905,386,47.783204,67.099259,13578.586865,False,Sin AprilTag: medicion congelada
1777555263.735559,False,True,0.00000000,915,385,47.783204,67.099259,13578.586865,False,Sin AprilTag: medicion congelada
1777555263.841185,False,True,0.00000000,922,353,47.783204,67.099259,13578.586865,False,Sin AprilTag: medicion congelada
1777555263.913031,False,True,0.00000000,922,375,47.783204,67.099259,13578.586865,False,Sin AprilTag: medicion congelada
1777555263.985564,False,True,0.00000000,918,420,47.783204,67.099259,13578.586865,False,Sin AprilTag: medicion congelada
1777555264.098805,False,True,0.00000000,919,420,47.783204,67.099259,13578.586865,False,Sin AprilTag: medicion congelada
1777555264.204807,False,True,0.00000000,923,423,47.783204,67.099259,13578.586865,False,Sin AprilTag: medicion congelada
1777555264.298810,False,True,0.00000000,921,382,47.783204,67.099259,13578.586865,False,Sin AprilTag: medicion congelada
1777555264.375093,False,True,0.00000000,920,384,47.783204,67.099259,13578.586865,False,Sin AprilTag: medicion congelada
1777555264.465507,False,True,0.00000000,915,382,47.783204,67.099259,13578.586865,False,Sin AprilTag: medicion congelada
1777555264.534670,False,True,0.00000000,903,395,47.783204,67.099259,13578.586865,False,Sin AprilTag: medicion congelada
1777555264.609416,True,True,0.27249068,879,402,0.000000,67.099259,13578.586865,False,Salto temporal
1777555264.695838,True,True,0.25809302,861,381,82.600529,66.735405,13585.725365,True,OK
1777555264.768187,True,True,0.24668634,793,395,236.721949,66.795795,13602.851865,True,OK
1777555264.844707,True,True,0.23090869,745,401,145.972846,66.825534,13614.021738,True,OK
1777555264.933110,True,True,0.22136517,715,405,75.785785,66.829421,13620.721463,True,OK
1777555264.999905,True,True,0.21468912,684,437,143.201367,66.854441,13630.286580,True,OK
1777555265.079906,True,True,0.20819484,637,438,122.340810,66.876205,13640.073953,True,OK
1777555265.172249,True,True,0.20462047,589,439,106.385211,66.894085,13649.897867,True,OK
1777555265.256931,True,True,0.20244481,556,440,78.927369,66.899077,13656.581612,True,OK
1777555265.359794,True,True,0.19919538,507,437,95.067334,66.913263,13666.360462,True,OK
1777555265.447405,True,True,0.19645379,459,431,108.469772,66.931082,13675.863629,True,OK
1777555265.516622,True,True,0.19486486,427,427,90.789922,66.939161,13682.147832,True,OK
1777555265.600608,True,True,0.19330782,395,424,73.976063,66.942051,13688.360806,True,OK
1777555265.672345,True,True,0.19188934,918,376,1404.856256,67.411260,13789.140716,True,OK
1777555265.751127,True,True,0.19053208,918,376,0.000000,67.385307,13789.140716,True,OK
1777555265.830029,True,True,0.19020443,919,375,3.409141,67.360648,13789.409706,True,OK
1777555265.922159,True,True,0.19014602,919,375,0.000000,67.330346,13789.409706,True,OK
1777555266.016201,True,True,0.19165457,921,374,4.557043,67.301535,13789.838258,True,OK
1777555266.090629,True,True,0.19221569,921,374,0.000000,67.277097,13789.838258,True,OK
1777555266.158473,True,True,0.19388600,917,374,11.431178,67.258618,13790.613802,True,OK
1777555266.250924,True,True,0.19985749,915,376,6.114393,67.231061,13791.179085,True,OK
1777555266.327892,True,True,0.20422788,915,376,0.000000,67.205844,13791.179085,True,OK
1777555266.415196,True,True,0.21040599,915,376,0.000000,67.177264,13791.179085,True,OK
1777555266.485571,True,True,0.40112885,914,374,12.745405,67.158612,13792.076036,True,OK
1777555266.578881,True,True,0.40124868,915,375,6.081333,67.130873,13792.643488,True,OK
1777555266.704500,True,True,0.40097694,916,374,4.514184,67.092612,13793.210555,True,OK
1777555266.802225,True,True,0.40103359,915,374,4.103699,67.062685,13793.611588,True,OK
1777555266.875331,True,True,0.40027732,914,374,5.475297,67.040802,13794.011865,True,OK
1777555266.962821,True,True,0.39996556,916,374,9.143156,67.016194,13794.811797,True,OK
1777555267.047160,True,True,0.40085786,915,375,6.721598,66.991500,13795.378695,True,OK
1777555267.132424,True,True,0.40135616,914,375,4.707232,66.965722,13795.780051,True,OK
1777555267.203266,True,True,0.40126563,909,376,28.881929,66.952630,13797.826113,True,OK
1777555267.287868,True,True,0.40163776,908,376,4.747372,66.927104,13798.227750,True,OK
1777555267.360330,True,True,0.40146370,909,376,5.540401,66.905536,13798.629214,True,OK
1777555267.446785,True,True,0.40073737,908,377,6.555119,66.880248,13799.195942,True,OK
1777555267.524121,True,True,0.40128366,909,378,7.338180,66.857939,13799.763443,True,OK
1777555267.602900,True,True,0.22458383,909,379,2.850818,66.833518,13799.988027,True,OK
1777555267.680780,True,True,0.21656541,908,378,3.932566,66.809802,13800.294297,True,OK
1777555267.754841,True,True,0.21236160,915,378,20.071737,66.793051,13801.780828,True,OK
1777555267.836747,True,True,0.20806963,914,379,3.592589,66.768009,13802.075083,True,OK
1777555267.907301,True,True,0.20584582,907,379,20.423013,66.752197,13803.516004,True,OK
1777555267.983800,True,True,0.20515975,910,379,8.045537,66.730487,13804.131483,True,OK
1777555268.069355,True,True,0.20347379,910,379,0.000000,66.702900,13804.131483,True,OK
1777555268.146924,True,True,0.20219635,911,380,3.686414,66.679289,13804.417432,True,OK
1777555268.219822,True,True,0.20142361,910,379,3.907589,66.657194,13804.702288,True,OK
1777555268.303552,True,True,0.19992406,910,379,0.000000,66.630255,13804.702288,True,OK
1777555268.399121,True,True,0.19898074,914,378,8.584599,66.603492,13805.522706,True,OK
1777555268.469906,True,True,0.19901793,913,378,2.811582,66.581715,13805.721724,True,OK
1777555268.549735,True,True,0.19886993,911,378,4.982385,66.558009,13806.119464,True,OK
1777555268.624994,True,True,0.20096987,912,379,3.776460,66.535239,13806.403678,True,OK
1777555268.704221,True,True,0.20252052,911,379,2.556222,66.510821,13806.606199,True,OK
1777555268.782077,True,True,0.20838181,589,388,862.169799,66.809126,13873.731346,True,OK
1777555268.874965,True,True,0.21320036,666,388,176.732889,66.858274,13890.147773,True,OK
1777555268.962072,True,True,0.21695289,682,388,39.850615,66.846955,13893.619019,True,OK
1777555269.039585,True,True,0.22058204,911,379,652.172297,67.065168,13944.171304,True,OK
1777555269.110422,True,True,0.22845137,911,380,3.225028,67.043425,13944.399755,True,OK
1777555269.189324,True,True,0.23434659,910,381,4.200364,67.019595,13944.731171,True,OK
1777555269.265776,True,True,0.23872031,909,381,3.122485,66.996125,13944.969892,True,OK
1777555269.344595,True,True,0.24875709,855,381,170.427913,67.035277,13958.402774,True,OK
1777555269.422523,True,True,0.25654943,865,381,32.921313,67.022514,13960.968269,True,OK
1777555269.509727,True,True,0.26808114,876,378,35.051098,67.009136,13964.024864,True,OK
1777555269.578173,True,True,0.28251464,889,373,57.490056,67.006010,13967.959837,True,OK
1777555269.657551,True,True,0.29120320,897,369,32.812672,66.992995,13970.564438,True,OK
1777555269.734682,False,True,0.00000000,904,361,32.812672,66.992995,13970.564438,False,Sin AprilTag: medicion congelada
1777555269.812827,False,True,0.00000000,903,348,32.812672,66.992995,13970.564438,False,Sin AprilTag: medicion congelada
1777555269.901132,False,True,0.00000000,902,336,32.812672,66.992995,13970.564438,False,Sin AprilTag: medicion congelada
1777555269.969364,False,True,0.00000000,909,335,32.812672,66.992995,13970.564438,False,Sin AprilTag: medicion congelada
1777555270.094218,False,True,0.00000000,908,378,32.812672,66.992995,13970.564438,False,Sin AprilTag: medicion congelada
1777555270.171972,True,True,0.40912364,904,377,8.454255,66.848947,13974.913482,True,OK
1777555270.249549,True,True,0.40940832,905,377,5.277388,66.826106,13975.322890,True,OK
